"traceabilityId","nativeEvidenceId","binary","nativeAddress","nativeLabel","nexusArea","nexusArtifactKind","nexusPath","nexusSymbol","implementationStatus","tests","findingPath","residualRisk","lastReviewed"
"TRACE-STS-LOGFINISH-MODEL","FUN-STS-1800043D0","StsConnLib64.MT.dll","1800043d0","StsConn_SendLoginFinish","STS network","Model","Source/NexusForever.Network.Sts/Model/ClientLoginFinishMessage.cs","ClientLoginFinishMessage","Implemented","","Decomp/Analysis/INITIAL_FINDINGS.md","Keep token and external-account routes as separate evidence targets","2026-06-10"
"TRACE-OPC-062A-HANDLER","OPC-CLIENT-062A","WildStar64.exe","14007d010","ClientTradeskillResetTalents_WritePayload","World server","Handler","Source/NexusForever.WorldServer/Network/Message/Handler/Misc/ClientUnresolvedDiagnosticHandlers.cs","Client0x062AHandler","Blocked","","Decomp/Analysis/INITIAL_FINDINGS.md","Handler logs raw value only and must not mutate gameplay state","2026-06-10"
"TRACE-OPC-062A-MODEL","OPC-CLIENT-062A","WildStar64.exe","14007d010","ClientTradeskillResetTalents_WritePayload","World network","Model","Source/NexusForever.Network.World/Message/Model/ClientUnresolvedDiagnosticPackets.cs","Client0x062A","Blocked","","Decomp/Analysis/INITIAL_FINDINGS.md","Numeric placeholder must remain until semantic owner is proven","2026-06-10"
"TRACE-OPCCLIENTCLIENT0X00C800C8","OPC-CLIENT-CLIENT0X00C8-00C8","WildStar64.exe","","Client0x00C8","Client opcode coverage","CoverageModelHandler","Source/NexusForever.Network.World/Message/Model/ClientUnresolvedDiagnosticPackets.cs; Source/NexusForever.WorldServer/Network/Message/Handler/Misc/ClientUnresolvedDiagnosticHandlers.cs","Client0x00C8; Client0x00C8Handler","Blocked","","Decomp/Analysis/coverage/opcode_coverage_inventory.csv","Placeholder packet has partial native evidence but lacks safe semantic owner; do not rename or mutate behavior without a direct witness.","2026-06-11"
"TRACE-OPCCLIENTCLIENT0X00ED00ED","OPC-CLIENT-CLIENT0X00ED-00ED","WildStar64.exe","","Client0x00ED","Client opcode coverage","CoverageModelHandler","Source/NexusForever.Network.World/Message/Model/ClientUnresolvedDiagnosticPackets.cs; Source/NexusForever.WorldServer/Network/Message/Handler/Misc/ClientUnresolvedDiagnosticHandlers.cs","Client0x00ED; Client0x00EDHandler","Blocked","","Decomp/Analysis/coverage/opcode_coverage_inventory.csv","Placeholder packet has partial native evidence but lacks safe semantic owner; do not rename or mutate behavior without a direct witness.","2026-06-11"
"TRACE-OPCCLIENTCLIENT0X011B011B","OPC-CLIENT-CLIENT0X011B-011B","WildStar64.exe","","Client0x011B","Client opcode coverage","CoverageModelHandler","Source/NexusForever.Network.World/Message/Model/ClientUnresolvedDiagnosticPackets.cs; Source/NexusForever.WorldServer/Network/Message/Handler/Misc/ClientUnresolvedDiagnosticHandlers.cs","Client0x011B; Client0x011BHandler","Blocked","","Decomp/Analysis/coverage/opcode_coverage_inventory.csv","Placeholder packet has partial native evidence but lacks safe semantic owner; do not rename or mutate behavior without a direct witness.","2026-06-11"
"TRACE-OPCCLIENTCLIENT0X011D011D","OPC-CLIENT-CLIENT0X011D-011D","WildStar64.exe","","Client0x011D","Client opcode coverage","CoverageModelHandler","Source/NexusForever.Network.World/Message/Model/ClientUnresolvedDiagnosticPackets.cs; Source/NexusForever.WorldServer/Network/Message/Handler/Misc/ClientUnresolvedDiagnosticHandlers.cs","Client0x011D; Client0x011DHandler","Blocked","","Decomp/Analysis/coverage/opcode_coverage_inventory.csv","Placeholder packet has partial native evidence but lacks safe semantic owner; do not rename or mutate behavior without a direct witness.","2026-06-11"
"TRACE-OPCCLIENTCLIENT0X012D012D","OPC-CLIENT-CLIENT0X012D-012D","WildStar64.exe","","Client0x012D","Client opcode coverage","CoverageModelHandler","Source/NexusForever.Network.World/Message/Model/ClientUnresolvedDiagnosticPackets.cs; Source/NexusForever.WorldServer/Network/Message/Handler/Misc/ClientUnresolvedDiagnosticHandlers.cs","Client0x012D; Client0x012DHandler","Blocked","","Decomp/Analysis/coverage/opcode_coverage_inventory.csv","Placeholder packet has partial native evidence but lacks safe semantic owner; do not rename or mutate behavior without a direct witness.","2026-06-11"
"TRACE-OPCCLIENTCLIENT0X05500550","OPC-CLIENT-CLIENT0X0550-0550","WildStar64.exe","","Client0x0550","Client opcode coverage","CoverageModelHandler","Source/NexusForever.Network.World/Message/Model/ClientUnresolvedDiagnosticPackets.cs; Source/NexusForever.WorldServer/Network/Message/Handler/Misc/ClientUnresolvedDiagnosticHandlers.cs","Client0x0550; Client0x0550Handler","Blocked","","Decomp/Analysis/coverage/opcode_coverage_inventory.csv","Placeholder packet has partial native evidence but lacks safe semantic owner; do not rename or mutate behavior without a direct witness.","2026-06-11"
"TRACE-OPCCLIENTCLIENT0X06340634","OPC-CLIENT-CLIENT0X0634-0634","WildStar64.exe","","Client0x0634","Client opcode coverage","CoverageModelHandler","Source/NexusForever.Network.World/Message/Model/ClientUnresolvedDiagnosticPackets.cs; Source/NexusForever.WorldServer/Network/Message/Handler/Misc/ClientUnresolvedDiagnosticHandlers.cs","Client0x0634; Client0x0634Handler","Blocked","","Decomp/Analysis/coverage/opcode_coverage_inventory.csv","Placeholder packet has partial native evidence but lacks safe semantic owner; do not rename or mutate behavior without a direct witness.","2026-06-11"
"TRACE-OPCCLIENTCLIENT0X063E063E","OPC-CLIENT-CLIENT0X063E-063E","WildStar64.exe","","Client0x063E","Client opcode coverage","CoverageModelHandler","Source/NexusForever.Network.World/Message/Model/ClientUnresolvedDiagnosticPackets.cs; Source/NexusForever.WorldServer/Network/Message/Handler/Misc/ClientUnresolvedDiagnosticHandlers.cs","Client0x063E; Client0x063EHandler","Blocked","","Decomp/Analysis/coverage/opcode_coverage_inventory.csv","Placeholder packet has partial native evidence but lacks safe semantic owner; do not rename or mutate behavior without a direct witness.","2026-06-11"
"TRACE-OPCCLIENTCLIENT0X07010701","OPC-CLIENT-CLIENT0X0701-0701","WildStar64.exe","","Client0x0701","Client opcode coverage","CoverageModelHandler","Source/NexusForever.Network.World/Message/Model/ClientUnresolvedDiagnosticPackets.cs; Source/NexusForever.WorldServer/Network/Message/Handler/Misc/ClientUnresolvedDiagnosticHandlers.cs","Client0x0701; Client0x0701Handler","Blocked","","Decomp/Analysis/coverage/opcode_coverage_inventory.csv","Placeholder packet has partial native evidence but lacks safe semantic owner; do not rename or mutate behavior without a direct witness.","2026-06-11"
"TRACE-OPCCLIENTCLIENT0X07E307E3","OPC-CLIENT-CLIENT0X07E3-07E3","WildStar64.exe","","Client0x07E3","Client opcode coverage","CoverageModelHandler","Source/NexusForever.Network.World/Message/Model/ClientUnresolvedDiagnosticPackets.cs; Source/NexusForever.WorldServer/Network/Message/Handler/Misc/ClientUnresolvedDiagnosticHandlers.cs","Client0x07E3; Client0x07E3Handler","Blocked","","Decomp/Analysis/coverage/opcode_coverage_inventory.csv","Placeholder packet has partial native evidence but lacks safe semantic owner; do not rename or mutate behavior without a direct witness.","2026-06-11"
"TRACE-OPCCLIENTCLIENT0X09280928","OPC-CLIENT-CLIENT0X0928-0928","WildStar64.exe","","Client0x0928","Client opcode coverage","CoverageModelHandler","Source/NexusForever.Network.World/Message/Model/ClientUnresolvedDiagnosticPackets.cs; Source/NexusForever.WorldServer/Network/Message/Handler/Misc/ClientUnresolvedDiagnosticHandlers.cs","Client0x0928; Client0x0928Handler","Blocked","","Decomp/Analysis/coverage/opcode_coverage_inventory.csv","Placeholder packet has partial native evidence but lacks safe semantic owner; do not rename or mutate behavior without a direct witness.","2026-06-11"
"TRACE-OPCCLIENTCLIENTABILITYBOOKACTIVATESPELL017A","OPC-CLIENT-CLIENTABILITYBOOKACTIVATESPELL-017A","WildStar64.exe","","ClientAbilityBookActivateSpell","Client opcode coverage","CoverageModelHandler","Source/NexusForever.Network.World/Message/Model/Abilities/ClientAbilityBookActivateSpell.cs; Source/NexusForever.WorldServer/Network/Message/Handler/Spell/ClientAbilityBookActivateSpellHandler.cs","ClientAbilityBookActivateSpell; ClientAbilityBookActivateSpellHandler","Observed","","Decomp/Analysis/coverage/opcode_coverage_inventory.csv","Native registration and payload evidence have not yet been recorded in coverage; run a focused decompile pass before semantic use.","2026-06-11"
"TRACE-OPCCLIENTCLIENTACCOUNTITEMCLAIMPENDINGITEMGROUP0233","OPC-CLIENT-CLIENTACCOUNTITEMCLAIMPENDINGITEMGROUP-0233","WildStar64.exe","","ClientAccountItemClaimPendingItemGroup","Client opcode coverage","CoverageModelHandler","Source/NexusForever.Network.World/Message/Model/ClientAccountItemClaimPendingItemGroup.cs; Source/NexusForever.WorldServer/Network/Message/Handler/Account/ClientAccountItemHandlers.cs","ClientAccountItemClaimPendingItemGroup; ClientAccountItemClaimPendingItemGroupHandler","Observed","","Decomp/Analysis/coverage/opcode_coverage_inventory.csv","Native registration and payload evidence have not yet been recorded in coverage; run a focused decompile pass before semantic use.","2026-06-11"
"TRACE-OPCCLIENTCLIENTACCOUNTITEMGIFTPENDINGITEMGROUPTOACCOUNT03F1","OPC-CLIENT-CLIENTACCOUNTITEMGIFTPENDINGITEMGROUPTOACCOUNT-03F1","WildStar64.exe","","ClientAccountItemGiftPendingItemGroupToAccount","Client opcode coverage","CoverageModelHandler","Source/NexusForever.Network.World/Message/Model/ClientAccountItemGiftPendingItemGroupToAccount.cs; Source/NexusForever.WorldServer/Network/Message/Handler/Account/ClientAccountItemHandlers.cs","ClientAccountItemGiftPendingItemGroupToAccount; ClientAccountItemGiftPendingItemGroupToAccountHandler","Observed","","Decomp/Analysis/coverage/opcode_coverage_inventory.csv","Native registration and payload evidence have not yet been recorded in coverage; run a focused decompile pass before semantic use.","2026-06-11"
"TRACE-OPCCLIENTCLIENTACCOUNTITEMGIFTPENDINGITEMGROUPTOCHARACTER03F2","OPC-CLIENT-CLIENTACCOUNTITEMGIFTPENDINGITEMGROUPTOCHARACTER-03F2","WildStar64.exe","","ClientAccountItemGiftPendingItemGroupToCharacter","Client opcode coverage","CoverageModelHandler","Source/NexusForever.Network.World/Message/Model/ClientAccountItemGiftPendingItemGroupToCharacter.cs; Source/NexusForever.WorldServer/Network/Message/Handler/Account/ClientAccountItemHandlers.cs","ClientAccountItemGiftPendingItemGroupToCharacter; ClientAccountItemGiftPendingItemGroupToCharacterHandler","Observed","","Decomp/Analysis/coverage/opcode_coverage_inventory.csv","Native registration and payload evidence have not yet been recorded in coverage; run a focused decompile pass before semantic use.","2026-06-11"
"TRACE-OPCCLIENTCLIENTACCOUNTITEMRETURNPENDINGITEMGROUP07C6","OPC-CLIENT-CLIENTACCOUNTITEMRETURNPENDINGITEMGROUP-07C6","WildStar64.exe","","ClientAccountItemReturnPendingItemGroup","Client opcode coverage","CoverageModelHandler","Source/NexusForever.Network.World/Message/Model/ClientAccountItemReturnPendingItemGroup.cs; Source/NexusForever.WorldServer/Network/Message/Handler/Account/ClientAccountItemHandlers.cs","ClientAccountItemReturnPendingItemGroup; ClientAccountItemReturnPendingItemGroupHandler","Observed","","Decomp/Analysis/coverage/opcode_coverage_inventory.csv","Native registration and payload evidence have not yet been recorded in coverage; run a focused decompile pass before semantic use.","2026-06-11"
"TRACE-OPCCLIENTCLIENTACCOUNTITEMTAKE0839","OPC-CLIENT-CLIENTACCOUNTITEMTAKE-0839","WildStar64.exe","","ClientAccountItemTake","Client opcode coverage","CoverageModelHandler","Source/NexusForever.Network.World/Message/Model/ClientAccountItemTake.cs; Source/NexusForever.WorldServer/Network/Message/Handler/Account/ClientAccountItemHandlers.cs","ClientAccountItemTake; ClientAccountItemTakeHandler","Observed","","Decomp/Analysis/coverage/opcode_coverage_inventory.csv","Native registration and payload evidence have not yet been recorded in coverage; run a focused decompile pass before semantic use.","2026-06-11"
"TRACE-OPCCLIENTCLIENTACCOUNTREALMDATA003D","OPC-CLIENT-CLIENTACCOUNTREALMDATA-003D","WildStar64.exe","","ClientAccountRealmData","Client opcode coverage","CoverageModelHandler","Source/NexusForever.Network.World/Message/Model/ClientUnresolvedDiagnosticPackets.cs; Source/NexusForever.WorldServer/Network/Message/Handler/Misc/ClientUnresolvedDiagnosticHandlers.cs","ClientAccountRealmData; ClientAccountRealmDataHandler","Correlated","","Decomp/Analysis/coverage/opcode_coverage_inventory.csv","Promote to Mapped only after native registration and payload functions are copied into this row from focused evidence.","2026-06-11"
"TRACE-OPCCLIENTCLIENTACCOUNTREDEEMCOUPON0790","OPC-CLIENT-CLIENTACCOUNTREDEEMCOUPON-0790","WildStar64.exe","","ClientAccountRedeemCoupon","Client opcode coverage","CoverageModelHandler","Source/NexusForever.Network.World/Message/Model/ClientAccountRedeemCoupon.cs; Source/NexusForever.WorldServer/Network/Message/Handler/Account/ClientAccountTerminalHandlers.cs","ClientAccountRedeemCoupon; ClientAccountRedeemCouponHandler","Correlated","","Decomp/Analysis/coverage/opcode_coverage_inventory.csv","Promote to Mapped only after native registration and payload functions are copied into this row from focused evidence.","2026-06-11"
"TRACE-OPCCLIENTCLIENTACTIVATEUNIT00B3","OPC-CLIENT-CLIENTACTIVATEUNIT-00B3","WildStar64.exe","","ClientActivateUnit","Client opcode coverage","CoverageModelHandler","Source/NexusForever.Network.World/Message/Model/ClientActivateUnit.cs; Source/NexusForever.WorldServer/Network/Message/Handler/Entity/ClientActivateUnitHandler.cs","ClientActivateUnit; ClientActivateUnitHandler","Correlated","","Decomp/Analysis/coverage/opcode_coverage_inventory.csv","Promote to Mapped only after native registration and payload functions are copied into this row from focused evidence.","2026-06-11"
"TRACE-OPCCLIENTCLIENTACTIVATEUNITCAST0097","OPC-CLIENT-CLIENTACTIVATEUNITCAST-0097","WildStar64.exe","","ClientActivateUnitCast","Client opcode coverage","CoverageModelHandler","Source/NexusForever.Network.World/Message/Model/ClientActivateUnitCast.cs; Source/NexusForever.WorldServer/Network/Message/Handler/Entity/ClientActivateUnitCastHandler.cs","ClientActivateUnitCast; ClientActivateUnitCastHandler","Correlated","","Decomp/Analysis/coverage/opcode_coverage_inventory.csv","Promote to Mapped only after native registration and payload functions are copied into this row from focused evidence.","2026-06-11"
"TRACE-OPCCLIENTCLIENTACTIVATEUNITCASTPOSITION0096","OPC-CLIENT-CLIENTACTIVATEUNITCASTPOSITION-0096","WildStar64.exe","","ClientActivateUnitCastPosition","Client opcode coverage","CoverageModelHandler","Source/NexusForever.Network.World/Message/Model/ClientActivateUnitCastPosition.cs; Source/NexusForever.WorldServer/Network/Message/Handler/Entity/ClientActivateUnitCastPositionHandler.cs","ClientActivateUnitCastPosition; ClientActivateUnitCastPositionHandler","Correlated","","Decomp/Analysis/coverage/opcode_coverage_inventory.csv","Promote to Mapped only after native registration and payload functions are copied into this row from focused evidence.","2026-06-11"
"TRACE-OPCCLIENTCLIENTACTIVATEUNITCASTTARGET0098","OPC-CLIENT-CLIENTACTIVATEUNITCASTTARGET-0098","WildStar64.exe","","ClientActivateUnitCastTarget","Client opcode coverage","CoverageModelHandler","Source/NexusForever.Network.World/Message/Model/ClientActivateUnitCastTarget.cs; Source/NexusForever.WorldServer/Network/Message/Handler/Entity/ClientActivateUnitCastTargetHandler.cs","ClientActivateUnitCastTarget; ClientActivateUnitCastTargetHandler","Correlated","","Decomp/Analysis/coverage/opcode_coverage_inventory.csv","Promote to Mapped only after native registration and payload functions are copied into this row from focused evidence.","2026-06-11"
"TRACE-OPCCLIENTCLIENTADDONMODULELIST07B6","OPC-CLIENT-CLIENTADDONMODULELIST-07B6","WildStar64.exe","","ClientAddonModuleList","Client opcode coverage","CoverageModelHandler","Source/NexusForever.Network.World/Message/Model/ClientUnresolvedDiagnosticPackets.cs; Source/NexusForever.WorldServer/Network/Message/Handler/Misc/ClientUnresolvedDiagnosticHandlers.cs","ClientAddonModuleList; ClientAddonModuleListHandler","Correlated","","Decomp/Analysis/coverage/opcode_coverage_inventory.csv","Promote to Mapped only after native registration and payload functions are copied into this row from focused evidence.","2026-06-11"
"TRACE-OPCCLIENTCLIENTAUCTIONBUYORDERSUBMIT055E","OPC-CLIENT-CLIENTAUCTIONBUYORDERSUBMIT-055E","WildStar64.exe","","ClientAuctionBuyOrderSubmit","Client opcode coverage","CoverageModelHandler","Source/NexusForever.Network.World/Message/Model/Marketplace/ClientAuctionBuyOrderSubmit.cs; Source/NexusForever.WorldServer/Network/Message/Handler/Marketplace/ClientMarketplaceHandlers.cs","ClientAuctionBuyOrderSubmit; ClientAuctionBuyOrderSubmitHandler","Observed","","Decomp/Analysis/coverage/opcode_coverage_inventory.csv","Native registration and payload evidence have not yet been recorded in coverage; run a focused decompile pass before semantic use.","2026-06-11"
"TRACE-OPCCLIENTCLIENTAUCTIONCANCEL0094","OPC-CLIENT-CLIENTAUCTIONCANCEL-0094","WildStar64.exe","","ClientAuctionCancel","Client opcode coverage","CoverageModelHandler","Source/NexusForever.Network.World/Message/Model/Marketplace/ClientAuctionCancel.cs; Source/NexusForever.WorldServer/Network/Message/Handler/Marketplace/ClientMarketplaceHandlers.cs","ClientAuctionCancel; ClientAuctionCancelHandler","Observed","","Decomp/Analysis/coverage/opcode_coverage_inventory.csv","Native registration and payload evidence have not yet been recorded in coverage; run a focused decompile pass before semantic use.","2026-06-11"
"TRACE-OPCCLIENTCLIENTAUCTIONSBYFILTERREQUEST07DC","OPC-CLIENT-CLIENTAUCTIONSBYFILTERREQUEST-07DC","WildStar64.exe","","ClientAuctionsByFilterRequest","Client opcode coverage","CoverageModelHandler","Source/NexusForever.Network.World/Message/Model/Marketplace/ClientAuctionsByFilterRequest.cs; Source/NexusForever.WorldServer/Network/Message/Handler/Marketplace/ClientMarketplaceHandlers.cs","ClientAuctionsByFilterRequest; ClientAuctionsByFilterRequestHandler","Observed","","Decomp/Analysis/coverage/opcode_coverage_inventory.csv","Native registration and payload evidence have not yet been recorded in coverage; run a focused decompile pass before semantic use.","2026-06-11"
"TRACE-OPCCLIENTCLIENTAUCTIONSELLORDERSUBMIT06DC","OPC-CLIENT-CLIENTAUCTIONSELLORDERSUBMIT-06DC","WildStar64.exe","","ClientAuctionSellOrderSubmit","Client opcode coverage","CoverageModelHandler","Source/NexusForever.Network.World/Message/Model/Marketplace/ClientAuctionSellOrderSubmit.cs; Source/NexusForever.WorldServer/Network/Message/Handler/Marketplace/ClientMarketplaceHandlers.cs","ClientAuctionSellOrderSubmit; ClientAuctionSellOrderSubmitHandler","Observed","","Decomp/Analysis/coverage/opcode_coverage_inventory.csv","Native registration and payload evidence have not yet been recorded in coverage; run a focused decompile pass before semantic use.","2026-06-11"
"TRACE-OPCCLIENTCLIENTBUYBACKITEMFROMVENDOR00BB","OPC-CLIENT-CLIENTBUYBACKITEMFROMVENDOR-00BB","WildStar64.exe","","ClientBuybackItemFromVendor","Client opcode coverage","CoverageModelHandler","Source/NexusForever.Network.World/Message/Model/ClientBuybackItemFromVendor.cs; Source/NexusForever.WorldServer/Network/Message/Handler/Vendor/ClientBuybackItemFromVendorHandler.cs","ClientBuybackItemFromVendor; ClientBuybackItemFromVendorHandler","Observed","","Decomp/Analysis/coverage/opcode_coverage_inventory.csv","Native registration and payload evidence have not yet been recorded in coverage; run a focused decompile pass before semantic use.","2026-06-11"
"TRACE-OPCCLIENTCLIENTCANCELEFFECT0802","OPC-CLIENT-CLIENTCANCELEFFECT-0802","WildStar64.exe","","ClientCancelEffect","Client opcode coverage","CoverageModelHandler","Source/NexusForever.Network.World/Message/Model/ClientCancelEffect.cs; Source/NexusForever.WorldServer/Network/Message/Handler/Spell/ClientCancelEffectHandler.cs","ClientCancelEffect; ClientCancelEffectHandler","Observed","","Decomp/Analysis/coverage/opcode_coverage_inventory.csv","Native registration and payload evidence have not yet been recorded in coverage; run a focused decompile pass before semantic use.","2026-06-11"
"TRACE-OPCCLIENTCLIENTCASTGUILDBOSSTOKEN094F","OPC-CLIENT-CLIENTCASTGUILDBOSSTOKEN-094F","WildStar64.exe","","ClientCastGuildBossToken","Client opcode coverage","CoverageModelHandler","Source/NexusForever.Network.World/Message/Model/Spell/ClientCastGuildBossToken.cs; Source/NexusForever.WorldServer/Network/Message/Handler/Spell/ClientCastGuildBossTokenHandler.cs","ClientCastGuildBossToken; ClientCastGuildBossTokenHandler","Observed","","Decomp/Analysis/coverage/opcode_coverage_inventory.csv","Native registration and payload evidence have not yet been recorded in coverage; run a focused decompile pass before semantic use.","2026-06-11"
"TRACE-OPCCLIENTCLIENTCASTPATHEXPLORERSEARCHING0099","OPC-CLIENT-CLIENTCASTPATHEXPLORERSEARCHING-0099","WildStar64.exe","","ClientCastPathExplorerSearching","Client opcode coverage","CoverageModelHandler","Source/NexusForever.Network.World/Message/Model/PlayerPath/ClientPathExplorerCastSearching.cs; Source/NexusForever.WorldServer/Network/Message/Handler/Path/ClientCastPathExplorerSearchingHandler.cs","ClientPathExplorerCastSearching; ClientCastPathExplorerSearchingHandler","Observed","","Decomp/Analysis/coverage/opcode_coverage_inventory.csv","Native registration and payload evidence have not yet been recorded in coverage; run a focused decompile pass before semantic use.","2026-06-11"
"TRACE-OPCCLIENTCLIENTCASTSPELL009A","OPC-CLIENT-CLIENTCASTSPELL-009A","WildStar64.exe","","ClientCastSpell","Client opcode coverage","CoverageModelHandler","Source/NexusForever.Network.World/Message/Model/ClientCastSpell.cs; Source/NexusForever.WorldServer/Network/Message/Handler/Spell/ClientCastSpellHandler.cs","ClientCastSpell; ClientCastSpellHandler","Observed","","Decomp/Analysis/coverage/opcode_coverage_inventory.csv","Native registration and payload evidence have not yet been recorded in coverage; run a focused decompile pass before semantic use.","2026-06-11"
"TRACE-OPCCLIENTCLIENTCASTSPELLCONTINUOUS04DB","OPC-CLIENT-CLIENTCASTSPELLCONTINUOUS-04DB","WildStar64.exe","","ClientCastSpellContinuous","Client opcode coverage","CoverageModelHandler","Source/NexusForever.Network.World/Message/Model/ClientCastSpellContinuous.cs; Source/NexusForever.WorldServer/Network/Message/Handler/Spell/ClientCastSpellContinuousHandler.cs","ClientCastSpellContinuous; ClientCastSpellContinuousHandler","Observed","","Decomp/Analysis/coverage/opcode_coverage_inventory.csv","Native registration and payload evidence have not yet been recorded in coverage; run a focused decompile pass before semantic use.","2026-06-11"
"TRACE-OPCCLIENTCLIENTCASTSPELLPOSITION009B","OPC-CLIENT-CLIENTCASTSPELLPOSITION-009B","WildStar64.exe","","ClientCastSpellPosition","Client opcode coverage","CoverageModelHandler","Source/NexusForever.Network.World/Message/Model/ClientCastSpellPosition.cs; Source/NexusForever.WorldServer/Network/Message/Handler/Spell/ClientCastSpellPositionHandler.cs","ClientCastSpellPosition; ClientCastSpellPositionHandler","Observed","","Decomp/Analysis/coverage/opcode_coverage_inventory.csv","Native registration and payload evidence have not yet been recorded in coverage; run a focused decompile pass before semantic use.","2026-06-11"
"TRACE-OPCCLIENTCLIENTCASTSPELLSELECTED009D","OPC-CLIENT-CLIENTCASTSPELLSELECTED-009D","WildStar64.exe","","ClientCastSpellSelected","Client opcode coverage","CoverageModelHandler","Source/NexusForever.Network.World/Message/Model/ClientCastSpellSelected.cs; Source/NexusForever.WorldServer/Network/Message/Handler/Spell/ClientCastSpellSelectedHandler.cs","ClientCastSpellSelected; ClientCastSpellSelectedHandler","Correlated","","Decomp/Analysis/coverage/opcode_coverage_inventory.csv","Promote to Mapped only after native registration and payload functions are copied into this row from focused evidence.","2026-06-11"
"TRACE-OPCCLIENTCLIENTCCSTATEKNOCKDOWNBREAK015C","OPC-CLIENT-CLIENTCCSTATEKNOCKDOWNBREAK-015C","WildStar64.exe","","ClientCCStateKnockdownBreak","Client opcode coverage","CoverageModelHandler","Source/NexusForever.Network.World/Message/Model/Entity/ClientCCStateKnockdownBreak.cs; Source/NexusForever.WorldServer/Network/Message/Handler/Entity/Player/ClientCCStateKnockdownBreakHandler.cs","ClientCCStateKnockdownBreak; ClientCCStateKnockdownBreakHandler","Observed","","Decomp/Analysis/coverage/opcode_coverage_inventory.csv","Native registration and payload evidence have not yet been recorded in coverage; run a focused decompile pass before semantic use.","2026-06-11"
"TRACE-OPCCLIENTCLIENTCCSTATESTUNUPDATE00C3","OPC-CLIENT-CLIENTCCSTATESTUNUPDATE-00C3","WildStar64.exe","","ClientCCStateStunUpdate","Client opcode coverage","CoverageModelHandler","Source/NexusForever.Network.World/Message/Model/Entity/ClientCCStateStunUpdate.cs; Source/NexusForever.WorldServer/Network/Message/Handler/Entity/ClientCCStateStunUpdateHandler.cs","ClientCCStateStunUpdate; ClientCCStateStunUpdateHandler","Observed","","Decomp/Analysis/coverage/opcode_coverage_inventory.csv","Native registration and payload evidence have not yet been recorded in coverage; run a focused decompile pass before semantic use.","2026-06-11"
"TRACE-OPCCLIENTCLIENTCHALLENGECHOICE00C5","OPC-CLIENT-CLIENTCHALLENGECHOICE-00C5","WildStar64.exe","","ClientChallengeChoice","Client opcode coverage","CoverageModelHandler","Source/NexusForever.Network.World/Message/Model/Challenges/ClientChallengeChoice.cs; Source/NexusForever.WorldServer/Network/Message/Handler/Misc/ClientChallengeChoiceHandler.cs","ClientChallengeChoice; ClientChallengeChoiceHandler","Correlated","","Decomp/Analysis/coverage/opcode_coverage_inventory.csv","Promote to Mapped only after native registration and payload functions are copied into this row from focused evidence.","2026-06-11"
"TRACE-OPCCLIENTCLIENTCHARACTERAPPEARANCECHANGE0144","OPC-CLIENT-CLIENTCHARACTERAPPEARANCECHANGE-0144","WildStar64.exe","","ClientCharacterAppearanceChange","Client opcode coverage","CoverageModelHandler","Source/NexusForever.Network.World/Message/Model/ClientCharacterAppearanceChange.cs; Source/NexusForever.WorldServer/Network/Message/Handler/Entity/Player/ClientAppearanceChangeHandler.cs","ClientCharacterAppearanceChange; ClientAppearanceChangeHandler","Observed","","Decomp/Analysis/coverage/opcode_coverage_inventory.csv","Native registration and payload evidence have not yet been recorded in coverage; run a focused decompile pass before semantic use.","2026-06-11"
"TRACE-OPCCLIENTCLIENTCHARACTERCREATE025B","OPC-CLIENT-CLIENTCHARACTERCREATE-025B","WildStar64.exe","","ClientCharacterCreate","Client opcode coverage","CoverageModelHandler","Source/NexusForever.Network.World/Message/Model/Pregame/ClientCharacterCreate.cs; Source/NexusForever.WorldServer/Network/Message/Handler/Character/ClientCharacterCreateHandler.cs","ClientCharacterCreate; ClientCharacterCreateHandler","Observed","","Decomp/Analysis/coverage/opcode_coverage_inventory.csv","Native registration and payload evidence have not yet been recorded in coverage; run a focused decompile pass before semantic use.","2026-06-11"
"TRACE-OPCCLIENTCLIENTCHARACTERDELETE0352","OPC-CLIENT-CLIENTCHARACTERDELETE-0352","WildStar64.exe","","ClientCharacterDelete","Client opcode coverage","CoverageModelHandler","Source/NexusForever.Network.World/Message/Model/Pregame/ClientCharacterDelete.cs; Source/NexusForever.WorldServer/Network/Message/Handler/Character/CharacterDeleteHandler.cs","ClientCharacterDelete; CharacterDeleteHandler","Observed","","Decomp/Analysis/coverage/opcode_coverage_inventory.csv","Native registration and payload evidence have not yet been recorded in coverage; run a focused decompile pass before semantic use.","2026-06-11"
"TRACE-OPCCLIENTCLIENTCHARACTERLIST07E0","OPC-CLIENT-CLIENTCHARACTERLIST-07E0","WildStar64.exe","","ClientCharacterList","Client opcode coverage","CoverageModelHandler","Source/NexusForever.Network.World/Message/Model/Pregame/ClientCharacterList.cs; Source/NexusForever.WorldServer/Network/Message/Handler/Character/CharacterListHandler.cs","ClientCharacterList; CharacterListHandler","Observed","","Decomp/Analysis/coverage/opcode_coverage_inventory.csv","Native registration and payload evidence have not yet been recorded in coverage; run a focused decompile pass before semantic use.","2026-06-11"
"TRACE-OPCCLIENTCLIENTCHARACTERRENAME0786","OPC-CLIENT-CLIENTCHARACTERRENAME-0786","WildStar64.exe","","ClientCharacterRename","Client opcode coverage","CoverageModelHandler","Source/NexusForever.Network.World/Message/Model/Pregame/ClientCharacterRename.cs; Source/NexusForever.WorldServer/Network/Message/Handler/Character/ClientCharacterRenameHandler.cs","ClientCharacterRename; ClientCharacterRenameHandler","Observed","","Decomp/Analysis/coverage/opcode_coverage_inventory.csv","Native registration and payload evidence have not yet been recorded in coverage; run a focused decompile pass before semantic use.","2026-06-11"
"TRACE-OPCCLIENTCLIENTCHARACTERSELECT07DD","OPC-CLIENT-CLIENTCHARACTERSELECT-07DD","WildStar64.exe","","ClientCharacterSelect","Client opcode coverage","CoverageModelHandler","Source/NexusForever.Network.World/Message/Model/Pregame/ClientCharacterSelect.cs; Source/NexusForever.WorldServer/Network/Message/Handler/Character/CharacterSelectHandler.cs","ClientCharacterSelect; CharacterSelectHandler","Observed","","Decomp/Analysis/coverage/opcode_coverage_inventory.csv","Native registration and payload evidence have not yet been recorded in coverage; run a focused decompile pass before semantic use.","2026-06-11"
"TRACE-OPCCLIENTCLIENTCHAT01C3","OPC-CLIENT-CLIENTCHAT-01C3","WildStar64.exe","","ClientChat","Client opcode coverage","CoverageModelHandler","Source/NexusForever.Network.World/Message/Model/Chat/ClientChat.cs; Source/NexusForever.WorldServer/Network/Message/Handler/Chat/ClientChatHandler.cs","ClientChat; ClientChatHandler","Observed","","Decomp/Analysis/coverage/opcode_coverage_inventory.csv","Native registration and payload evidence have not yet been recorded in coverage; run a focused decompile pass before semantic use.","2026-06-11"
"TRACE-OPCCLIENTCLIENTCHATJOIN01BA","OPC-CLIENT-CLIENTCHATJOIN-01BA","WildStar64.exe","","ClientChatJoin","Client opcode coverage","CoverageModelHandler","Source/NexusForever.Network.World/Message/Model/Chat/ClientChatJoin.cs; Source/NexusForever.WorldServer/Network/Message/Handler/Chat/ClientChatJoinHandler.cs","ClientChatJoin; ClientChatJoinHandler","Observed","","Decomp/Analysis/coverage/opcode_coverage_inventory.csv","Native registration and payload evidence have not yet been recorded in coverage; run a focused decompile pass before semantic use.","2026-06-11"
"TRACE-OPCCLIENTCLIENTCHATKICK01BD","OPC-CLIENT-CLIENTCHATKICK-01BD","WildStar64.exe","","ClientChatKick","Client opcode coverage","CoverageModelHandler","Source/NexusForever.Network.World/Message/Model/Chat/ClientChatKick.cs; Source/NexusForever.WorldServer/Network/Message/Handler/Chat/ClientChatKickHandler.cs","ClientChatKick; ClientChatKickHandler","Observed","","Decomp/Analysis/coverage/opcode_coverage_inventory.csv","Native registration and payload evidence have not yet been recorded in coverage; run a focused decompile pass before semantic use.","2026-06-11"
"TRACE-OPCCLIENTCLIENTCHATLEAVE01BE","OPC-CLIENT-CLIENTCHATLEAVE-01BE","WildStar64.exe","","ClientChatLeave","Client opcode coverage","CoverageModelHandler","Source/NexusForever.Network.World/Message/Model/Chat/ClientChatLeave.cs; Source/NexusForever.WorldServer/Network/Message/Handler/Chat/ClientChatLeaveHandler.cs","ClientChatLeave; ClientChatLeaveHandler","Observed","","Decomp/Analysis/coverage/opcode_coverage_inventory.csv","Native registration and payload evidence have not yet been recorded in coverage; run a focused decompile pass before semantic use.","2026-06-11"
"TRACE-OPCCLIENTCLIENTCHATLIST01D2","OPC-CLIENT-CLIENTCHATLIST-01D2","WildStar64.exe","","ClientChatList","Client opcode coverage","CoverageModelHandler","Source/NexusForever.Network.World/Message/Model/Chat/ClientChatList.cs; Source/NexusForever.WorldServer/Network/Message/Handler/Chat/ClientChatListHandler.cs","ClientChatList; ClientChatListHandler","Observed","","Decomp/Analysis/coverage/opcode_coverage_inventory.csv","Native registration and payload evidence have not yet been recorded in coverage; run a focused decompile pass before semantic use.","2026-06-11"
"TRACE-OPCCLIENTCLIENTCHATMODERATOR01CD","OPC-CLIENT-CLIENTCHATMODERATOR-01CD","WildStar64.exe","","ClientChatModerator","Client opcode coverage","CoverageModelHandler","Source/NexusForever.Network.World/Message/Model/Chat/ClientChatModerator.cs; Source/NexusForever.WorldServer/Network/Message/Handler/Chat/ClientChatModeratorHandler.cs","ClientChatModerator; ClientChatModeratorHandler","Observed","","Decomp/Analysis/coverage/opcode_coverage_inventory.csv","Native registration and payload evidence have not yet been recorded in coverage; run a focused decompile pass before semantic use.","2026-06-11"
"TRACE-OPCCLIENTCLIENTCHATMUTE01CE","OPC-CLIENT-CLIENTCHATMUTE-01CE","WildStar64.exe","","ClientChatMute","Client opcode coverage","CoverageModelHandler","Source/NexusForever.Network.World/Message/Model/Chat/ClientChatMute.cs; Source/NexusForever.WorldServer/Network/Message/Handler/Chat/ClientChatMuteHandler.cs","ClientChatMute; ClientChatMuteHandler","Observed","","Decomp/Analysis/coverage/opcode_coverage_inventory.csv","Native registration and payload evidence have not yet been recorded in coverage; run a focused decompile pass before semantic use.","2026-06-11"
"TRACE-OPCCLIENTCLIENTCHATOWNER01CF","OPC-CLIENT-CLIENTCHATOWNER-01CF","WildStar64.exe","","ClientChatOwner","Client opcode coverage","CoverageModelHandler","Source/NexusForever.Network.World/Message/Model/Chat/ClientChatOwner.cs; Source/NexusForever.WorldServer/Network/Message/Handler/Chat/ClientChatOwnerHandler.cs","ClientChatOwner; ClientChatOwnerHandler","Observed","","Decomp/Analysis/coverage/opcode_coverage_inventory.csv","Native registration and payload evidence have not yet been recorded in coverage; run a focused decompile pass before semantic use.","2026-06-11"
"TRACE-OPCCLIENTCLIENTCHATPASSWORD01D0","OPC-CLIENT-CLIENTCHATPASSWORD-01D0","WildStar64.exe","","ClientChatPassword","Client opcode coverage","CoverageModelHandler","Source/NexusForever.Network.World/Message/Model/Chat/ClientChatPassword.cs; Source/NexusForever.WorldServer/Network/Message/Handler/Chat/ClientChatPasswordHandler.cs","ClientChatPassword; ClientChatPasswordHandler","Observed","","Decomp/Analysis/coverage/opcode_coverage_inventory.csv","Native registration and payload evidence have not yet been recorded in coverage; run a focused decompile pass before semantic use.","2026-06-11"
"TRACE-OPCCLIENTCLIENTCHATWHISPER01D4","OPC-CLIENT-CLIENTCHATWHISPER-01D4","WildStar64.exe","","ClientChatWhisper","Client opcode coverage","CoverageModelHandler","Source/NexusForever.Network.World/Message/Model/Chat/ClientChatWhisper.cs; Source/NexusForever.WorldServer/Network/Message/Handler/Chat/ClientChatWhisperHandler.cs","ClientChatWhisper; ClientChatWhisperHandler","Observed","","Decomp/Analysis/coverage/opcode_coverage_inventory.csv","Native registration and payload evidence have not yet been recorded in coverage; run a focused decompile pass before semantic use.","2026-06-11"
"TRACE-OPCCLIENTCLIENTCHEAT03E0","OPC-CLIENT-CLIENTCHEAT-03E0","WildStar64.exe","","ClientCheat","Client opcode coverage","CoverageModelHandler","Source/NexusForever.Network.World/Message/Model/Utility/ClientCheat.cs; Source/NexusForever.WorldServer/Network/Message/Handler/Cheat/ClientCheatHandler.cs","ClientCheat; ClientCheatHandler","Observed","","Decomp/Analysis/coverage/opcode_coverage_inventory.csv","Native registration and payload evidence have not yet been recorded in coverage; run a focused decompile pass before semantic use.","2026-06-11"
"TRACE-OPCCLIENTCLIENTCINEMATICCAMERASUBJECTPOSVEL071D","OPC-CLIENT-CLIENTCINEMATICCAMERASUBJECTPOSVEL-071D","WildStar64.exe","","ClientCinematicCameraSubjectPosVel","Client opcode coverage","CoverageModelHandler","Source/NexusForever.Network.World/Message/Model/Cinematic/ClientCinematicCameraSubjectPosVel.cs; Source/NexusForever.WorldServer/Network/Message/Handler/Misc/ClientCinematicCameraSubjectPosVelHandler.cs","ClientCinematicCameraSubjectPosVel; ClientCinematicCameraSubjectPosVelHandler","Observed","","Decomp/Analysis/coverage/opcode_coverage_inventory.csv","Native registration and payload evidence have not yet been recorded in coverage; run a focused decompile pass before semantic use.","2026-06-11"
"TRACE-OPCCLIENTCLIENTCINEMATICCAMERASUBJECTSPLINE071E","OPC-CLIENT-CLIENTCINEMATICCAMERASUBJECTSPLINE-071E","WildStar64.exe","","ClientCinematicCameraSubjectSpline","Client opcode coverage","CoverageModelHandler","Source/NexusForever.Network.World/Message/Model/Cinematic/ClientCinematicCameraSplineSubject.cs; Source/NexusForever.WorldServer/Network/Message/Handler/Misc/ClientCinematicCameraSubjectSplineHandler.cs","ClientCinematicCameraSplineSubject; ClientCinematicCameraSubjectSplineHandler","Observed","","Decomp/Analysis/coverage/opcode_coverage_inventory.csv","Native registration and payload evidence have not yet been recorded in coverage; run a focused decompile pass before semantic use.","2026-06-11"
"TRACE-OPCCLIENTCLIENTCINEMATICCAMERASUBJECTUNIT071F","OPC-CLIENT-CLIENTCINEMATICCAMERASUBJECTUNIT-071F","WildStar64.exe","","ClientCinematicCameraSubjectUnit","Client opcode coverage","CoverageModelHandler","Source/NexusForever.Network.World/Message/Model/Cinematic/ClientCinematicCameraSubjectUnit.cs; Source/NexusForever.WorldServer/Network/Message/Handler/Misc/ClientCinematicCameraSubjectUnitHandler.cs","ClientCinematicCameraSubjectUnit; ClientCinematicCameraSubjectUnitHandler","Observed","","Decomp/Analysis/coverage/opcode_coverage_inventory.csv","Native registration and payload evidence have not yet been recorded in coverage; run a focused decompile pass before semantic use.","2026-06-11"
"TRACE-OPCCLIENTCLIENTCINEMATICSTATE0720","OPC-CLIENT-CLIENTCINEMATICSTATE-0720","WildStar64.exe","","ClientCinematicState","Client opcode coverage","CoverageModelHandler","Source/NexusForever.Network.World/Message/Model/Cinematic/ClientCinematicState.cs; Source/NexusForever.WorldServer/Network/Message/Handler/Misc/ClientCinematicStateHandler.cs","ClientCinematicState; ClientCinematicStateHandler","Observed","","Decomp/Analysis/coverage/opcode_coverage_inventory.csv","Native registration and payload evidence have not yet been recorded in coverage; run a focused decompile pass before semantic use.","2026-06-11"
"TRACE-OPCCLIENTCLIENTCINEMATICWHITEOUTFINISHED0721","OPC-CLIENT-CLIENTCINEMATICWHITEOUTFINISHED-0721","WildStar64.exe","","ClientCinematicWhiteOutFinished","Client opcode coverage","CoverageModelHandler","Source/NexusForever.Network.World/Message/Model/Cinematic/ClientCinematicWhiteOutFinished.cs; Source/NexusForever.WorldServer/Network/Message/Handler/Misc/ClientCinematicWhiteOutFinishedHandler.cs","ClientCinematicWhiteOutFinished; ClientCinematicWhiteOutFinishedHandler","Observed","","Decomp/Analysis/coverage/opcode_coverage_inventory.csv","Native registration and payload evidence have not yet been recorded in coverage; run a focused decompile pass before semantic use.","2026-06-11"
"TRACE-OPCCLIENTCLIENTCLOSEDINSTANCESETTINGS00D2","OPC-CLIENT-CLIENTCLOSEDINSTANCESETTINGS-00D2","WildStar64.exe","","ClientClosedInstanceSettings","Client opcode coverage","CoverageModelHandler","Source/NexusForever.Network.World/Message/Model/Instance/ClientClosedInstanceSettings.cs; Source/NexusForever.WorldServer/Network/Message/Handler/Instance/ClientInstanceSettingsHandlers.cs","ClientClosedInstanceSettings; ClientClosedInstanceSettingsHandler","Observed","","Decomp/Analysis/coverage/opcode_coverage_inventory.csv","Native registration and payload evidence have not yet been recorded in coverage; run a focused decompile pass before semantic use.","2026-06-11"
"TRACE-OPCCLIENTCLIENTCOMBATLOGDISABLEOTHERS0248","OPC-CLIENT-CLIENTCOMBATLOGDISABLEOTHERS-0248","WildStar64.exe","","ClientCombatLogDisableOthers","Client opcode coverage","CoverageModelHandler","Source/NexusForever.Network.World/Message/Model/Option/ClientCombatLogDisableOthers.cs; Source/NexusForever.WorldServer/Network/Message/Handler/Option/ClientOptionHandlers.cs","ClientCombatLogDisableOthers; ClientCombatLogDisableOthersHandler","Observed","","Decomp/Analysis/coverage/opcode_coverage_inventory.csv","Native registration and payload evidence have not yet been recorded in coverage; run a focused decompile pass before semantic use.","2026-06-11"
"TRACE-OPCCLIENTCLIENTCOMBATLOGDISABLES0249","OPC-CLIENT-CLIENTCOMBATLOGDISABLES-0249","WildStar64.exe","","ClientCombatLogDisables","Client opcode coverage","CoverageModelHandler","Source/NexusForever.Network.World/Message/Model/Option/ClientCombatLogDisables.cs; Source/NexusForever.WorldServer/Network/Message/Handler/Option/ClientOptionHandlers.cs","ClientCombatLogDisables; ClientCombatLogDisablesHandler","Observed","","Decomp/Analysis/coverage/opcode_coverage_inventory.csv","Native registration and payload evidence have not yet been recorded in coverage; run a focused decompile pass before semantic use.","2026-06-11"
"TRACE-OPCCLIENTCLIENTCOMBATOPTIONS00D5","OPC-CLIENT-CLIENTCOMBATOPTIONS-00D5","WildStar64.exe","","ClientCombatOptions","Client opcode coverage","CoverageModelHandler","Source/NexusForever.Network.World/Message/Model/Option/ClientCombatOptions.cs; Source/NexusForever.WorldServer/Network/Message/Handler/Option/ClientOptionHandlers.cs","ClientCombatOptions; ClientCombatOptionsHandler","Observed","","Decomp/Analysis/coverage/opcode_coverage_inventory.csv","Native registration and payload evidence have not yet been recorded in coverage; run a focused decompile pass before semantic use.","2026-06-11"
"TRACE-OPCCLIENTCLIENTCOMMITAMPSPEC01A2","OPC-CLIENT-CLIENTCOMMITAMPSPEC-01A2","WildStar64.exe","","ClientCommitAmpSpec","Client opcode coverage","CoverageModelHandler","Source/NexusForever.Network.World/Message/Model/Abilities/ClientCommitAmpSpec.cs; Source/NexusForever.WorldServer/Network/Message/Handler/Spell/ClientCommitAmpSpecHandler.cs","ClientCommitAmpSpec; ClientCommitAmpSpecHandler","Observed","","Decomp/Analysis/coverage/opcode_coverage_inventory.csv","Native registration and payload evidence have not yet been recorded in coverage; run a focused decompile pass before semantic use.","2026-06-11"
"TRACE-OPCCLIENTCLIENTCOMMODITYORDERCANCEL0093","OPC-CLIENT-CLIENTCOMMODITYORDERCANCEL-0093","WildStar64.exe","","ClientCommodityOrderCancel","Client opcode coverage","CoverageModelHandler","Source/NexusForever.Network.World/Message/Model/Marketplace/ClientCommodityOrderCancel.cs; Source/NexusForever.WorldServer/Network/Message/Handler/Marketplace/ClientMarketplaceHandlers.cs","ClientCommodityOrderCancel; ClientCommodityOrderCancelHandler","Observed","","Decomp/Analysis/coverage/opcode_coverage_inventory.csv","Native registration and payload evidence have not yet been recorded in coverage; run a focused decompile pass before semantic use.","2026-06-11"
"TRACE-OPCCLIENTCLIENTCOMMODITYSELLORDERSUBMIT06DA","OPC-CLIENT-CLIENTCOMMODITYSELLORDERSUBMIT-06DA","WildStar64.exe","","ClientCommoditySellOrderSubmit","Client opcode coverage","CoverageModelHandler","Source/NexusForever.Network.World/Message/Model/Marketplace/ClientCommoditySellOrderSubmit.cs; Source/NexusForever.WorldServer/Network/Message/Handler/Marketplace/ClientMarketplaceHandlers.cs","ClientCommoditySellOrderSubmit; ClientCommoditySellOrderSubmitHandler","Observed","","Decomp/Analysis/coverage/opcode_coverage_inventory.csv","Native registration and payload evidence have not yet been recorded in coverage; run a focused decompile pass before semantic use.","2026-06-11"
"TRACE-OPCCLIENTCLIENTCOMMUNICATORACTION0360","OPC-CLIENT-CLIENTCOMMUNICATORACTION-0360","WildStar64.exe","","ClientCommunicatorAction","Client opcode coverage","CoverageModelHandler","Source/NexusForever.Network.World/Message/Model/ClientCommunicatorAction.cs; Source/NexusForever.WorldServer/Network/Message/Handler/Quest/ClientCommunicatorActionHandler.cs","ClientCommunicatorAction; ClientCommunicatorActionHandler","Observed","","Decomp/Analysis/coverage/opcode_coverage_inventory.csv","Native registration and payload evidence have not yet been recorded in coverage; run a focused decompile pass before semantic use.","2026-06-11"
"TRACE-OPCCLIENTCLIENTCONVERTRESOURCE00D7","OPC-CLIENT-CLIENTCONVERTRESOURCE-00D7","WildStar64.exe","","ClientConvertResource","Client opcode coverage","CoverageModelHandler","Source/NexusForever.Network.World/Message/Model/ClientConvertResource.cs; Source/NexusForever.WorldServer/Network/Message/Handler/Misc/ClientMappedRequestHandlers.cs","ClientConvertResource; ClientConvertResourceHandler","Observed","","Decomp/Analysis/coverage/opcode_coverage_inventory.csv","Native registration and payload evidence have not yet been recorded in coverage; run a focused decompile pass before semantic use.","2026-06-11"
"TRACE-OPCCLIENTCLIENTCOSTUMEITEMFORGET038B","OPC-CLIENT-CLIENTCOSTUMEITEMFORGET-038B","WildStar64.exe","","ClientCostumeItemForget","Client opcode coverage","CoverageModelHandler","Source/NexusForever.Network.World/Message/Model/ClientCostumeItemForget.cs; Source/NexusForever.WorldServer/Network/Message/Handler/Costume/ClientCostumeItemForgetHandler.cs","ClientCostumeItemForget; ClientCostumeItemForgetHandler","Observed","","Decomp/Analysis/coverage/opcode_coverage_inventory.csv","Native registration and payload evidence have not yet been recorded in coverage; run a focused decompile pass before semantic use.","2026-06-11"
"TRACE-OPCCLIENTCLIENTCOSTUMEITEMUNLOCK090F","OPC-CLIENT-CLIENTCOSTUMEITEMUNLOCK-090F","WildStar64.exe","","ClientCostumeItemUnlock","Client opcode coverage","CoverageModelHandler","Source/NexusForever.Network.World/Message/Model/ClientCostumeItemUnlock.cs; Source/NexusForever.WorldServer/Network/Message/Handler/Costume/ClientCostumeItemUnlockHandler.cs","ClientCostumeItemUnlock; ClientCostumeItemUnlockHandler","Observed","","Decomp/Analysis/coverage/opcode_coverage_inventory.csv","Native registration and payload evidence have not yet been recorded in coverage; run a focused decompile pass before semantic use.","2026-06-11"
"TRACE-OPCCLIENTCLIENTCOSTUMESAVE0255","OPC-CLIENT-CLIENTCOSTUMESAVE-0255","WildStar64.exe","","ClientCostumeSave","Client opcode coverage","CoverageModelHandler","Source/NexusForever.Network.World/Message/Model/ClientCostumeSave.cs; Source/NexusForever.WorldServer/Network/Message/Handler/Costume/ClientCostumeSaveHandler.cs","ClientCostumeSave; ClientCostumeSaveHandler","Observed","","Decomp/Analysis/coverage/opcode_coverage_inventory.csv","Native registration and payload evidence have not yet been recorded in coverage; run a focused decompile pass before semantic use.","2026-06-11"
"TRACE-OPCCLIENTCLIENTCOSTUMESET0256","OPC-CLIENT-CLIENTCOSTUMESET-0256","WildStar64.exe","","ClientCostumeSet","Client opcode coverage","CoverageModelHandler","Source/NexusForever.Network.World/Message/Model/ClientCostumeSet.cs; Source/NexusForever.WorldServer/Network/Message/Handler/Costume/ClientCostumeSetHandler.cs","ClientCostumeSet; ClientCostumeSetHandler","Observed","","Decomp/Analysis/coverage/opcode_coverage_inventory.csv","Native registration and payload evidence have not yet been recorded in coverage; run a focused decompile pass before semantic use.","2026-06-11"
"TRACE-OPCCLIENTCLIENTCRAFTINGABANDON084D","OPC-CLIENT-CLIENTCRAFTINGABANDON-084D","WildStar64.exe","","ClientCraftingAbandon","Client opcode coverage","CoverageModelHandler","Source/NexusForever.Network.World/Message/Model/Crafting/ClientCraftingAbandon.cs; Source/NexusForever.WorldServer/Network/Message/Handler/Crafting/ClientCraftingRuneHandlers.cs","ClientCraftingAbandon; ClientCraftingAbandonHandler","Observed","","Decomp/Analysis/coverage/opcode_coverage_inventory.csv","Native registration and payload evidence have not yet been recorded in coverage; run a focused decompile pass before semantic use.","2026-06-11"
"TRACE-OPCCLIENTCLIENTCRAFTINGADDITIVE084A","OPC-CLIENT-CLIENTCRAFTINGADDITIVE-084A","WildStar64.exe","","ClientCraftingAdditive","Client opcode coverage","CoverageModelHandler","Source/NexusForever.Network.World/Message/Model/Crafting/ClientCraftingAdditive.cs; Source/NexusForever.WorldServer/Network/Message/Handler/Crafting/ClientCraftingRuneHandlers.cs","ClientCraftingAdditive; ClientCraftingAdditiveHandler","Observed","","Decomp/Analysis/coverage/opcode_coverage_inventory.csv","Native registration and payload evidence have not yet been recorded in coverage; run a focused decompile pass before semantic use.","2026-06-11"
"TRACE-OPCCLIENTCLIENTCRAFTINGCOMPLEXCRAFT084F","OPC-CLIENT-CLIENTCRAFTINGCOMPLEXCRAFT-084F","WildStar64.exe","","ClientCraftingComplexCraft","Client opcode coverage","CoverageModelHandler","Source/NexusForever.Network.World/Message/Model/Crafting/ClientCraftingComplexCraft.cs; Source/NexusForever.WorldServer/Network/Message/Handler/Crafting/ClientCraftingCraftHandlers.cs","ClientCraftingComplexCraft; ClientCraftingComplexCraftHandler","Observed","","Decomp/Analysis/coverage/opcode_coverage_inventory.csv","Native registration and payload evidence have not yet been recorded in coverage; run a focused decompile pass before semantic use.","2026-06-11"
"TRACE-OPCCLIENTCLIENTCRAFTINGCRAFTITEM0851","OPC-CLIENT-CLIENTCRAFTINGCRAFTITEM-0851","WildStar64.exe","","ClientCraftingCraftItem","Client opcode coverage","CoverageModelHandler","Source/NexusForever.Network.World/Message/Model/Crafting/ClientCraftingCraftItem.cs; Source/NexusForever.WorldServer/Network/Message/Handler/Crafting/ClientCraftingCraftHandlers.cs","ClientCraftingCraftItem; ClientCraftingCraftItemHandler","Observed","","Decomp/Analysis/coverage/opcode_coverage_inventory.csv","Native registration and payload evidence have not yet been recorded in coverage; run a focused decompile pass before semantic use.","2026-06-11"
"TRACE-OPCCLIENTCLIENTCRAFTINGCRAFTITEMAUTOCRAFT0852","OPC-CLIENT-CLIENTCRAFTINGCRAFTITEMAUTOCRAFT-0852","WildStar64.exe","","ClientCraftingCraftItemAutoCraft","Client opcode coverage","CoverageModelHandler","Source/NexusForever.Network.World/Message/Model/Crafting/ClientCraftingCraftItemAutoCraft.cs; Source/NexusForever.WorldServer/Network/Message/Handler/Crafting/ClientCraftingCraftHandlers.cs","ClientCraftingCraftItemAutoCraft; ClientCraftingCraftItemAutoCraftHandler","Observed","","Decomp/Analysis/coverage/opcode_coverage_inventory.csv","Native registration and payload evidence have not yet been recorded in coverage; run a focused decompile pass before semantic use.","2026-06-11"
"TRACE-OPCCLIENTCLIENTCRAFTINGRUNEINSTALL085B","OPC-CLIENT-CLIENTCRAFTINGRUNEINSTALL-085B","WildStar64.exe","","ClientCraftingRuneInstall","Client opcode coverage","CoverageModelHandler","Source/NexusForever.Network.World/Message/Model/Crafting/ClientCraftingRuneInstall.cs; Source/NexusForever.WorldServer/Network/Message/Handler/Crafting/ClientCraftingRuneHandlers.cs","ClientCraftingRuneInstall; ClientCraftingRuneInstallHandler","Observed","","Decomp/Analysis/coverage/opcode_coverage_inventory.csv","Native registration and payload evidence have not yet been recorded in coverage; run a focused decompile pass before semantic use.","2026-06-11"
"TRACE-OPCCLIENTCLIENTCRAFTINGRUNESLOTADD0859","OPC-CLIENT-CLIENTCRAFTINGRUNESLOTADD-0859","WildStar64.exe","","ClientCraftingRuneSlotAdd","Client opcode coverage","CoverageModelHandler","Source/NexusForever.Network.World/Message/Model/Crafting/ClientCraftingRuneSlotAdd.cs; Source/NexusForever.WorldServer/Network/Message/Handler/Crafting/ClientCraftingRuneHandlers.cs","ClientCraftingRuneSlotAdd; ClientCraftingRuneSlotAddHandler","Observed","","Decomp/Analysis/coverage/opcode_coverage_inventory.csv","Native registration and payload evidence have not yet been recorded in coverage; run a focused decompile pass before semantic use.","2026-06-11"
"TRACE-OPCCLIENTCLIENTCRAFTINGRUNESLOTCLEAR085A","OPC-CLIENT-CLIENTCRAFTINGRUNESLOTCLEAR-085A","WildStar64.exe","","ClientCraftingRuneSlotClear","Client opcode coverage","CoverageModelHandler","Source/NexusForever.Network.World/Message/Model/Crafting/ClientCraftingRuneSlotClear.cs; Source/NexusForever.WorldServer/Network/Message/Handler/Crafting/ClientCraftingRuneHandlers.cs","ClientCraftingRuneSlotClear; ClientCraftingRuneSlotClearHandler","Observed","","Decomp/Analysis/coverage/opcode_coverage_inventory.csv","Native registration and payload evidence have not yet been recorded in coverage; run a focused decompile pass before semantic use.","2026-06-11"
"TRACE-OPCCLIENTCLIENTCRAFTINGRUNESLOTREROLL085C","OPC-CLIENT-CLIENTCRAFTINGRUNESLOTREROLL-085C","WildStar64.exe","","ClientCraftingRuneSlotReroll","Client opcode coverage","CoverageModelHandler","Source/NexusForever.Network.World/Message/Model/Crafting/ClientCraftingRuneSlotReroll.cs; Source/NexusForever.WorldServer/Network/Message/Handler/Crafting/ClientCraftingRuneHandlers.cs","ClientCraftingRuneSlotReroll; ClientCraftingRuneSlotRerollHandler","Observed","","Decomp/Analysis/coverage/opcode_coverage_inventory.csv","Native registration and payload evidence have not yet been recorded in coverage; run a focused decompile pass before semantic use.","2026-06-11"
"TRACE-OPCCLIENTCLIENTCRAFTINGSIMPLECRAFT0850","OPC-CLIENT-CLIENTCRAFTINGSIMPLECRAFT-0850","WildStar64.exe","","ClientCraftingSimpleCraft","Client opcode coverage","CoverageModelHandler","Source/NexusForever.Network.World/Message/Model/Crafting/ClientCraftingSimpleCraft.cs; Source/NexusForever.WorldServer/Network/Message/Handler/Crafting/ClientCraftingCraftHandlers.cs","ClientCraftingSimpleCraft; ClientCraftingSimpleCraftHandler","Observed","","Decomp/Analysis/coverage/opcode_coverage_inventory.csv","Native registration and payload evidence have not yet been recorded in coverage; run a focused decompile pass before semantic use.","2026-06-11"
"TRACE-OPCCLIENTCLIENTCREDDEXCHANGEBUYORDERSUBMIT0265","OPC-CLIENT-CLIENTCREDDEXCHANGEBUYORDERSUBMIT-0265","WildStar64.exe","","ClientCREDDExchangeBuyOrderSubmit","Client opcode coverage","CoverageModelHandler","Source/NexusForever.Network.World/Message/Model/CREDDExchange/ClientCREDDExchangeBuyOrderSubmit.cs; Source/NexusForever.WorldServer/Network/Message/Handler/Account/ClientCREDDExchangeHandlers.cs","ClientCREDDExchangeBuyOrderSubmit; ClientCREDDExchangeBuyOrderSubmitHandler","Observed","","Decomp/Analysis/coverage/opcode_coverage_inventory.csv","Native registration and payload evidence have not yet been recorded in coverage; run a focused decompile pass before semantic use.","2026-06-11"
"TRACE-OPCCLIENTCLIENTCREDDEXCHANGECANCELORDER0267","OPC-CLIENT-CLIENTCREDDEXCHANGECANCELORDER-0267","WildStar64.exe","","ClientCREDDExchangeCancelOrder","Client opcode coverage","CoverageModelHandler","Source/NexusForever.Network.World/Message/Model/CREDDExchange/ClientCREDDExchangeCancelOrder.cs; Source/NexusForever.WorldServer/Network/Message/Handler/Account/ClientCREDDExchangeHandlers.cs","ClientCREDDExchangeCancelOrder; ClientCREDDExchangeCancelOrderHandler","Observed","","Decomp/Analysis/coverage/opcode_coverage_inventory.csv","Native registration and payload evidence have not yet been recorded in coverage; run a focused decompile pass before semantic use.","2026-06-11"
"TRACE-OPCCLIENTCLIENTCREDDEXCHANGEREQUESTHISTORY03E7","OPC-CLIENT-CLIENTCREDDEXCHANGEREQUESTHISTORY-03E7","WildStar64.exe","","ClientCREDDExchangeRequestHistory","Client opcode coverage","CoverageModelHandler","Source/NexusForever.Network.World/Message/Model/CREDDExchange/ClientCREDDExchangeRequestHistory.cs; Source/NexusForever.WorldServer/Network/Message/Handler/Account/ClientCREDDExchangeHandlers.cs","ClientCREDDExchangeRequestHistory; ClientCREDDExchangeRequestHistoryHandler","Observed","","Decomp/Analysis/coverage/opcode_coverage_inventory.csv","Native registration and payload evidence have not yet been recorded in coverage; run a focused decompile pass before semantic use.","2026-06-11"
"TRACE-OPCCLIENTCLIENTCREDDEXCHANGEREQUESTINFO0269","OPC-CLIENT-CLIENTCREDDEXCHANGEREQUESTINFO-0269","WildStar64.exe","","ClientCREDDExchangeRequestInfo","Client opcode coverage","CoverageModelHandler","Source/NexusForever.Network.World/Message/Model/CREDDExchange/ClientCREDDExchangeRequestInfo.cs; Source/NexusForever.WorldServer/Network/Message/Handler/Account/ClientCREDDExchangeHandlers.cs","ClientCREDDExchangeRequestInfo; ClientCREDDExchangeRequestInfoHandler","Observed","","Decomp/Analysis/coverage/opcode_coverage_inventory.csv","Native registration and payload evidence have not yet been recorded in coverage; run a focused decompile pass before semantic use.","2026-06-11"
"TRACE-OPCCLIENTCLIENTCREDDEXCHANGESELLORDERSUBMIT026B","OPC-CLIENT-CLIENTCREDDEXCHANGESELLORDERSUBMIT-026B","WildStar64.exe","","ClientCREDDExchangeSellOrderSubmit","Client opcode coverage","CoverageModelHandler","Source/NexusForever.Network.World/Message/Model/CREDDExchange/ClientCREDDExchangeSellOrderSubmit.cs; Source/NexusForever.WorldServer/Network/Message/Handler/Account/ClientCREDDExchangeHandlers.cs","ClientCREDDExchangeSellOrderSubmit; ClientCREDDExchangeSellOrderSubmitHandler","Observed","","Decomp/Analysis/coverage/opcode_coverage_inventory.csv","Native registration and payload evidence have not yet been recorded in coverage; run a focused decompile pass before semantic use.","2026-06-11"
"TRACE-OPCCLIENTCLIENTCREDDREDEEM0268","OPC-CLIENT-CLIENTCREDDREDEEM-0268","WildStar64.exe","","ClientCREDDRedeem","Client opcode coverage","CoverageModelHandler","Source/NexusForever.Network.World/Message/Model/CREDDExchange/ClientCREDDRedeem.cs; Source/NexusForever.WorldServer/Network/Message/Handler/Account/ClientAccountTerminalHandlers.cs","ClientCREDDRedeem; ClientCREDDRedeemHandler","Observed","","Decomp/Analysis/coverage/opcode_coverage_inventory.csv","Native registration and payload evidence have not yet been recorded in coverage; run a focused decompile pass before semantic use.","2026-06-11"
"TRACE-OPCCLIENTCLIENTCUSTOMERSURVEYSUBMIT033F","OPC-CLIENT-CLIENTCUSTOMERSURVEYSUBMIT-033F","WildStar64.exe","","ClientCustomerSurveySubmit","Client opcode coverage","CoverageModelHandler","Source/NexusForever.Network.World/Message/Model/Support/ClientCustomerSurvey.cs; Source/NexusForever.WorldServer/Network/Message/Handler/Misc/ClientCustomerSurveySubmitHandler.cs","ClientCustomerSurveySubmit; ClientCustomerSurveySubmitHandler","Observed","","Decomp/Analysis/coverage/opcode_coverage_inventory.csv","Native registration and payload evidence have not yet been recorded in coverage; run a focused decompile pass before semantic use.","2026-06-11"
"TRACE-OPCCLIENTCLIENTDAILYLOGINCLAIMREWARD078F","OPC-CLIENT-CLIENTDAILYLOGINCLAIMREWARD-078F","WildStar64.exe","","ClientDailyLoginClaimReward","Client opcode coverage","CoverageModelHandler","Source/NexusForever.Network.World/Message/Model/ClientDailyLoginClaimReward.cs; Source/NexusForever.WorldServer/Network/Message/Handler/Account/ClientAccountTerminalHandlers.cs","ClientDailyLoginClaimReward; ClientDailyLoginClaimRewardHandler","Correlated","","Decomp/Analysis/coverage/opcode_coverage_inventory.csv","Promote to Mapped only after native registration and payload functions are copied into this row from focused evidence.","2026-06-11"
"TRACE-OPCCLIENTCLIENTDASHCAST00DE","OPC-CLIENT-CLIENTDASHCAST-00DE","WildStar64.exe","","ClientDashCast","Client opcode coverage","CoverageModelHandler","Source/NexusForever.Network.World/Message/Model/ClientDashCast.cs; Source/NexusForever.WorldServer/Network/Message/Handler/Misc/ClientMappedRequestHandlers.cs","ClientDashCast; ClientDashCastHandler","Observed","","Decomp/Analysis/coverage/opcode_coverage_inventory.csv","Native registration and payload evidence have not yet been recorded in coverage; run a focused decompile pass before semantic use.","2026-06-11"
"TRACE-OPCCLIENTCLIENTDIALOGOPENED0356","OPC-CLIENT-CLIENTDIALOGOPENED-0356","WildStar64.exe","","ClientDialogOpened","Client opcode coverage","CoverageModelHandler","Source/NexusForever.Network.World/Message/Model/ClientDialogOpened.cs; Source/NexusForever.WorldServer/Network/Message/Handler/Misc/ClientDialogOpenedHandler.cs","ClientDialogOpened; ClientDialogOpenedHandler","Observed","","Decomp/Analysis/coverage/opcode_coverage_inventory.csv","Native registration and payload evidence have not yet been recorded in coverage; run a focused decompile pass before semantic use.","2026-06-11"
"TRACE-OPCCLIENTCLIENTDUELACCEPT00E8","OPC-CLIENT-CLIENTDUELACCEPT-00E8","WildStar64.exe","","ClientDuelAccept","Client opcode coverage","CoverageModelHandler","Source/NexusForever.Network.World/Message/Model/Pvp/ClientDuelAccept.cs; Source/NexusForever.WorldServer/Network/Message/Handler/Pvp/ClientPvpHandlers.cs","ClientDuelAccept; ClientDuelAcceptHandler","Observed","","Decomp/Analysis/coverage/opcode_coverage_inventory.csv","Native registration and payload evidence have not yet been recorded in coverage; run a focused decompile pass before semantic use.","2026-06-11"
"TRACE-OPCCLIENTCLIENTDUELDECLINE00E9","OPC-CLIENT-CLIENTDUELDECLINE-00E9","WildStar64.exe","","ClientDuelDecline","Client opcode coverage","CoverageModelHandler","Source/NexusForever.Network.World/Message/Model/Pvp/ClientDuelDecline.cs; Source/NexusForever.WorldServer/Network/Message/Handler/Pvp/ClientPvpHandlers.cs","ClientDuelDecline; ClientDuelDeclineHandler","Observed","","Decomp/Analysis/coverage/opcode_coverage_inventory.csv","Native registration and payload evidence have not yet been recorded in coverage; run a focused decompile pass before semantic use.","2026-06-11"
"TRACE-OPCCLIENTCLIENTDUELFORFEIT00EA","OPC-CLIENT-CLIENTDUELFORFEIT-00EA","WildStar64.exe","","ClientDuelForfeit","Client opcode coverage","CoverageModelHandler","Source/NexusForever.Network.World/Message/Model/Pvp/ClientDuelForfeit.cs; Source/NexusForever.WorldServer/Network/Message/Handler/Pvp/ClientPvpHandlers.cs","ClientDuelForfeit; ClientDuelForfeitHandler","Observed","","Decomp/Analysis/coverage/opcode_coverage_inventory.csv","Native registration and payload evidence have not yet been recorded in coverage; run a focused decompile pass before semantic use.","2026-06-11"
"TRACE-OPCCLIENTCLIENTDUELINITIATE00EC","OPC-CLIENT-CLIENTDUELINITIATE-00EC","WildStar64.exe","","ClientDuelInitiate","Client opcode coverage","CoverageModelHandler","Source/NexusForever.Network.World/Message/Model/Pvp/ClientDuelInitiate.cs; Source/NexusForever.WorldServer/Network/Message/Handler/Pvp/ClientPvpHandlers.cs","ClientDuelInitiate; ClientDuelInitiateHandler","Observed","","Decomp/Analysis/coverage/opcode_coverage_inventory.csv","Native registration and payload evidence have not yet been recorded in coverage; run a focused decompile pass before semantic use.","2026-06-11"
"TRACE-OPCCLIENTCLIENTEMOTE037E","OPC-CLIENT-CLIENTEMOTE-037E","WildStar64.exe","","ClientEmote","Client opcode coverage","CoverageModelHandler","Source/NexusForever.Network.World/Message/Model/ClientEmote.cs; Source/NexusForever.WorldServer/Network/Message/Handler/Chat/ClientEmoteHandler.cs","ClientEmote; ClientEmoteHandler","Observed","","Decomp/Analysis/coverage/opcode_coverage_inventory.csv","Native registration and payload evidence have not yet been recorded in coverage; run a focused decompile pass before semantic use.","2026-06-11"
"TRACE-OPCCLIENTCLIENTENCRYPTED0244","OPC-CLIENT-CLIENTENCRYPTED-0244","WildStar64.exe","","ClientEncrypted","Client opcode coverage","CoverageModelHandler","Source/NexusForever.Network/Message/Model/ClientEncrypted.cs; Source/NexusForever.Network/Message/Handler/ClientEncryptedHandler.cs","ClientEncrypted; ClientEncryptedHandler","Observed","","Decomp/Analysis/coverage/opcode_coverage_inventory.csv","Native registration and payload evidence have not yet been recorded in coverage; run a focused decompile pass before semantic use.","2026-06-11"
"TRACE-OPCCLIENTCLIENTENTEREDWORLD00F2","OPC-CLIENT-CLIENTENTEREDWORLD-00F2","WildStar64.exe","","ClientEnteredWorld","Client opcode coverage","CoverageModelHandler","Source/NexusForever.Network.World/Message/Model/ClientEnteredWorld.cs; Source/NexusForever.WorldServer/Network/Message/Handler/Misc/ClientEnteredWorldHandler.cs","ClientEnteredWorld; ClientEnteredWorldHandler","Observed","","Decomp/Analysis/coverage/opcode_coverage_inventory.csv","Native registration and payload evidence have not yet been recorded in coverage; run a focused decompile pass before semantic use.","2026-06-11"
"TRACE-OPCCLIENTCLIENTENTITYCOMMAND0637","OPC-CLIENT-CLIENTENTITYCOMMAND-0637","WildStar64.exe","","ClientEntityCommand","Client opcode coverage","CoverageModelHandler","Source/NexusForever.Network.World/Message/Model/ClientEntityCommand.cs; Source/NexusForever.WorldServer/Network/Message/Handler/Entity/ClientEntityCommandHandler.cs","ClientEntityCommand; ClientEntityCommandHandler","Correlated","","Decomp/Analysis/coverage/opcode_coverage_inventory.csv","Promote to Mapped only after native registration and payload functions are copied into this row from focused evidence.","2026-06-11"
"TRACE-OPCCLIENTCLIENTENTITYINTERACT07EA","OPC-CLIENT-CLIENTENTITYINTERACT-07EA","WildStar64.exe","","ClientEntityInteract","Client opcode coverage","CoverageModelHandler","Source/NexusForever.Network.World/Message/Model/ClientEntityInteract.cs; Source/NexusForever.WorldServer/Network/Message/Handler/Entity/ClientEntityInteractionHandler.cs","ClientEntityInteract; ClientEntityInteractionHandler","Observed","","Decomp/Analysis/coverage/opcode_coverage_inventory.csv","Native registration and payload evidence have not yet been recorded in coverage; run a focused decompile pass before semantic use.","2026-06-11"
"TRACE-OPCCLIENTCLIENTENTITYINTERACTCHAIR014E","OPC-CLIENT-CLIENTENTITYINTERACTCHAIR-014E","WildStar64.exe","","ClientEntityInteractChair","Client opcode coverage","CoverageModelHandler","Source/NexusForever.Network.World/Message/Model/ClientEntityInteractChair.cs; Source/NexusForever.WorldServer/Network/Message/Handler/Entity/ClientEntityInteractChairHandler.cs","ClientEntityInteractChair; ClientEntityInteractChairHandler","Observed","","Decomp/Analysis/coverage/opcode_coverage_inventory.csv","Native registration and payload evidence have not yet been recorded in coverage; run a focused decompile pass before semantic use.","2026-06-11"
"TRACE-OPCCLIENTCLIENTENTITYSELECT0185","OPC-CLIENT-CLIENTENTITYSELECT-0185","WildStar64.exe","","ClientEntitySelect","Client opcode coverage","CoverageModelHandler","Source/NexusForever.Network.World/Message/Model/ClientEntitySelect.cs; Source/NexusForever.WorldServer/Network/Message/Handler/Entity/ClientEntityTargetHandler.cs","ClientEntitySelect; ClientEntityTargetHandler","Observed","","Decomp/Analysis/coverage/opcode_coverage_inventory.csv","Native registration and payload evidence have not yet been recorded in coverage; run a focused decompile pass before semantic use.","2026-06-11"
"TRACE-OPCCLIENTCLIENTFLIGHTPATHPURCHASE00FF","OPC-CLIENT-CLIENTFLIGHTPATHPURCHASE-00FF","WildStar64.exe","","ClientFlightPathPurchase","Client opcode coverage","CoverageModelHandler","Source/NexusForever.Network.World/Message/Model/ClientFlightPathPurchase.cs; Source/NexusForever.WorldServer/Network/Message/Handler/Entity/Player/ClientFlightPathPurchaseHandler.cs","ClientFlightPathPurchase; ClientFlightPathPurchaseHandler","Observed","","Decomp/Analysis/coverage/opcode_coverage_inventory.csv","Native registration and payload evidence have not yet been recorded in coverage; run a focused decompile pass before semantic use.","2026-06-11"
"TRACE-OPCCLIENTCLIENTFORTUNEFLIPCARD03CD","OPC-CLIENT-CLIENTFORTUNEFLIPCARD-03CD","WildStar64.exe","","ClientFortuneFlipCard","Client opcode coverage","CoverageModelHandler","Source/NexusForever.Network.World/Message/Model/Fortune/ClientFortuneFlipCard.cs; Source/NexusForever.WorldServer/Network/Message/Handler/Fortune/ClientFortuneFlipCardHandler.cs","ClientFortuneFlipCard; ClientFortuneFlipCardHandler","Observed","","Decomp/Analysis/coverage/opcode_coverage_inventory.csv","Native registration and payload evidence have not yet been recorded in coverage; run a focused decompile pass before semantic use.","2026-06-11"
"TRACE-OPCCLIENTCLIENTFORTUNENOTIFYGAME0793","OPC-CLIENT-CLIENTFORTUNENOTIFYGAME-0793","WildStar64.exe","","ClientFortuneNotifyGame","Client opcode coverage","CoverageModelHandler","Source/NexusForever.Network.World/Message/Model/Fortune/ClientFortuneNotifyGame.cs; Source/NexusForever.WorldServer/Network/Message/Handler/Fortune/ClientFortuneNotifyGameHandler.cs","ClientFortuneNotifyGame; ClientFortuneNotifyGameHandler","Observed","","Decomp/Analysis/coverage/opcode_coverage_inventory.csv","Native registration and payload evidence have not yet been recorded in coverage; run a focused decompile pass before semantic use.","2026-06-11"
"TRACE-OPCCLIENTCLIENTFORTUNENOTIFYSTOREFRONT03D3","OPC-CLIENT-CLIENTFORTUNENOTIFYSTOREFRONT-03D3","WildStar64.exe","","ClientFortuneNotifyStorefront","Client opcode coverage","CoverageModelHandler","Source/NexusForever.Network.World/Message/Model/Fortune/ClientFortuneNotifyStorefront.cs; Source/NexusForever.WorldServer/Network/Message/Handler/Fortune/ClientFortuneNotifyStorefrontHandler.cs","ClientFortuneNotifyStorefront; ClientFortuneNotifyStorefrontHandler","Observed","","Decomp/Analysis/coverage/opcode_coverage_inventory.csv","Native registration and payload evidence have not yet been recorded in coverage; run a focused decompile pass before semantic use.","2026-06-11"
"TRACE-OPCCLIENTCLIENTFORTUNESTART03D4","OPC-CLIENT-CLIENTFORTUNESTART-03D4","WildStar64.exe","","ClientFortuneStart","Client opcode coverage","CoverageModelHandler","Source/NexusForever.Network.World/Message/Model/Fortune/ClientFortuneStart.cs; Source/NexusForever.WorldServer/Network/Message/Handler/Fortune/ClientFortuneStartHandler.cs","ClientFortuneStart; ClientFortuneStartHandler","Observed","","Decomp/Analysis/coverage/opcode_coverage_inventory.csv","Native registration and payload evidence have not yet been recorded in coverage; run a focused decompile pass before semantic use.","2026-06-11"
"TRACE-OPCCLIENTCLIENTFRIENDSHIPACCOUNTADDBYEMAIL0397","OPC-CLIENT-CLIENTFRIENDSHIPACCOUNTADDBYEMAIL-0397","WildStar64.exe","","ClientFriendshipAccountAddByEmail","Client opcode coverage","CoverageModelHandler","Source/NexusForever.Network.World/Message/Model/Friendship/ClientFriendshipAccountAddByEmail.cs; Source/NexusForever.WorldServer/Network/Message/Handler/Friendship/ClientFriendshipAccountAddByEmailHandler.cs","ClientFriendshipAccountAddByEmail; ClientFriendshipAccountAddByEmailHandler","Observed","","Decomp/Analysis/coverage/opcode_coverage_inventory.csv","Native registration and payload evidence have not yet been recorded in coverage; run a focused decompile pass before semantic use.","2026-06-11"
"TRACE-OPCCLIENTCLIENTFRIENDSHIPACCOUNTADDBYIDENTITY03B3","OPC-CLIENT-CLIENTFRIENDSHIPACCOUNTADDBYIDENTITY-03B3","WildStar64.exe","","ClientFriendshipAccountAddByIdentity","Client opcode coverage","CoverageModelHandler","Source/NexusForever.Network.World/Message/Model/Friendship/ClientFriendshipAddByIdentity.cs; Source/NexusForever.WorldServer/Network/Message/Handler/Friendship/ClientFriendshipAddByIdentityHandler.cs","ClientFriendshipAddByIdentity; ClientFriendshipAddByIdentityHandler","Observed","","Decomp/Analysis/coverage/opcode_coverage_inventory.csv","Native registration and payload evidence have not yet been recorded in coverage; run a focused decompile pass before semantic use.","2026-06-11"
"TRACE-OPCCLIENTCLIENTFRIENDSHIPACCOUNTINVITEMARKSEEN03A2","OPC-CLIENT-CLIENTFRIENDSHIPACCOUNTINVITEMARKSEEN-03A2","WildStar64.exe","","ClientFriendshipAccountInviteMarkSeen","Client opcode coverage","CoverageModelHandler","Source/NexusForever.Network.World/Message/Model/Friendship/ClientFriendshipAccountInviteMarkSeen.cs; Source/NexusForever.WorldServer/Network/Message/Handler/Friendship/ClientFriendshipAccountInviteMarkedSeenHandler.cs","ClientFriendshipAccountInviteMarkSeen; ClientFriendshipAccountInviteMarkedSeenHandler","Observed","","Decomp/Analysis/coverage/opcode_coverage_inventory.csv","Native registration and payload evidence have not yet been recorded in coverage; run a focused decompile pass before semantic use.","2026-06-11"
"TRACE-OPCCLIENTCLIENTFRIENDSHIPACCOUNTINVITERESPONSE03A1","OPC-CLIENT-CLIENTFRIENDSHIPACCOUNTINVITERESPONSE-03A1","WildStar64.exe","","ClientFriendshipAccountInviteResponse","Client opcode coverage","CoverageModelHandler","Source/NexusForever.Network.World/Message/Model/Friendship/ClientFriendshipAccountInviteResponse.cs; Source/NexusForever.WorldServer/Network/Message/Handler/Friendship/ClientFriendshipAccountInviteResponseHandler.cs","ClientFriendshipAccountInviteResponse; ClientFriendshipAccountInviteResponseHandler","Observed","","Decomp/Analysis/coverage/opcode_coverage_inventory.csv","Native registration and payload evidence have not yet been recorded in coverage; run a focused decompile pass before semantic use.","2026-06-11"
"TRACE-OPCCLIENTCLIENTFRIENDSHIPACCOUNTPERSONALPRESENCECHANGE03A7","OPC-CLIENT-CLIENTFRIENDSHIPACCOUNTPERSONALPRESENCECHANGE-03A7","WildStar64.exe","","ClientFriendshipAccountPersonalPresenceChange","Client opcode coverage","CoverageModelHandler","Source/NexusForever.Network.World/Message/Model/Friendship/ClientFriendshipAccountPersonalPresenceChange.cs; Source/NexusForever.WorldServer/Network/Message/Handler/Friendship/ClientFriendshipAccountPersonalPresenceChangeHandler.cs","ClientFriendshipAccountPersonalPresenceChange; ClientFriendshipAccountPersonalPresenceChangeHandler","Observed","","Decomp/Analysis/coverage/opcode_coverage_inventory.csv","Native registration and payload evidence have not yet been recorded in coverage; run a focused decompile pass before semantic use.","2026-06-11"
"TRACE-OPCCLIENTCLIENTFRIENDSHIPACCOUNTREMOVE03AF","OPC-CLIENT-CLIENTFRIENDSHIPACCOUNTREMOVE-03AF","WildStar64.exe","","ClientFriendshipAccountRemove","Client opcode coverage","CoverageModelHandler","Source/NexusForever.Network.World/Message/Model/Friendship/ClientFriendshipAccountRemove.cs; Source/NexusForever.WorldServer/Network/Message/Handler/Friendship/ClientFriendshipAccountRemoveHandler.cs","ClientFriendshipAccountRemove; ClientFriendshipAccountRemoveHandler","Observed","","Decomp/Analysis/coverage/opcode_coverage_inventory.csv","Native registration and payload evidence have not yet been recorded in coverage; run a focused decompile pass before semantic use.","2026-06-11"
"TRACE-OPCCLIENTCLIENTFRIENDSHIPACCOUNTSETPRIVATEDATA039D","OPC-CLIENT-CLIENTFRIENDSHIPACCOUNTSETPRIVATEDATA-039D","WildStar64.exe","","ClientFriendshipAccountSetPrivateData","Client opcode coverage","CoverageModelHandler","Source/NexusForever.Network.World/Message/Model/Friendship/ClientFriendshipAccountSetPrivateData.cs; Source/NexusForever.WorldServer/Network/Message/Handler/Friendship/ClientFriendshipAccountSetPrivateDataHandler.cs","ClientFriendshipAccountSetPrivateData; ClientFriendshipAccountSetPrivateDataHandler","Observed","","Decomp/Analysis/coverage/opcode_coverage_inventory.csv","Native registration and payload evidence have not yet been recorded in coverage; run a focused decompile pass before semantic use.","2026-06-11"
"TRACE-OPCCLIENTCLIENTFRIENDSHIPACCOUNTSETPUBLICDISPLAYNAME039B","OPC-CLIENT-CLIENTFRIENDSHIPACCOUNTSETPUBLICDISPLAYNAME-039B","WildStar64.exe","","ClientFriendshipAccountSetPublicDisplayName","Client opcode coverage","CoverageModelHandler","Source/NexusForever.Network.World/Message/Model/Friendship/ClientFriendshipAccountSetPublicDisplayName.cs; Source/NexusForever.WorldServer/Network/Message/Handler/Friendship/ClientFriendshipAccountSetPublicDisplayNameHandler.cs","ClientFriendshipAccountSetPublicDisplayName; ClientFriendshipAccountSetPublicDisplayNameHandler","Observed","","Decomp/Analysis/coverage/opcode_coverage_inventory.csv","Native registration and payload evidence have not yet been recorded in coverage; run a focused decompile pass before semantic use.","2026-06-11"
"TRACE-OPCCLIENTCLIENTFRIENDSHIPACCOUNTSETPUBLICNOTE03AC","OPC-CLIENT-CLIENTFRIENDSHIPACCOUNTSETPUBLICNOTE-03AC","WildStar64.exe","","ClientFriendshipAccountSetPublicNote","Client opcode coverage","CoverageModelHandler","Source/NexusForever.Network.World/Message/Model/Friendship/ClientFriendshipAccountSetPublicNote.cs; Source/NexusForever.WorldServer/Network/Message/Handler/Friendship/ClientFriendshipAccountSetPublicNoteHandler.cs","ClientFriendshipAccountSetPublicNote; ClientFriendshipAccountSetPublicNoteHandler","Observed","","Decomp/Analysis/coverage/opcode_coverage_inventory.csv","Native registration and payload evidence have not yet been recorded in coverage; run a focused decompile pass before semantic use.","2026-06-11"
"TRACE-OPCCLIENTCLIENTFRIENDSHIPACCOUNTUPGRADEFROMFRIEND0398","OPC-CLIENT-CLIENTFRIENDSHIPACCOUNTUPGRADEFROMFRIEND-0398","WildStar64.exe","","ClientFriendshipAccountUpgradeFromFriend","Client opcode coverage","CoverageModelHandler","Source/NexusForever.Network.World/Message/Model/Friendship/ClientFriendshipAccountUpgradeFromFriend.cs; Source/NexusForever.WorldServer/Network/Message/Handler/Friendship/ClientFriendshipAccountUpgradeFromFriendHandler.cs","ClientFriendshipAccountUpgradeFromFriend; ClientFriendshipAccountUpgradeFromFriendHandler","Observed","","Decomp/Analysis/coverage/opcode_coverage_inventory.csv","Native registration and payload evidence have not yet been recorded in coverage; run a focused decompile pass before semantic use.","2026-06-11"
"TRACE-OPCCLIENTCLIENTFRIENDSHIPADDBYNAME03B4","OPC-CLIENT-CLIENTFRIENDSHIPADDBYNAME-03B4","WildStar64.exe","","ClientFriendshipAddByName","Client opcode coverage","CoverageModelHandler","Source/NexusForever.Network.World/Message/Model/Friendship/ClientFriendshipAddByName.cs; Source/NexusForever.WorldServer/Network/Message/Handler/Friendship/ClientFriendshipAddByNameHandler.cs","ClientFriendshipAddByName; ClientFriendshipAddByNameHandler","Observed","","Decomp/Analysis/coverage/opcode_coverage_inventory.csv","Native registration and payload evidence have not yet been recorded in coverage; run a focused decompile pass before semantic use.","2026-06-11"
"TRACE-OPCCLIENTCLIENTFRIENDSHIPBLOCK00B8","OPC-CLIENT-CLIENTFRIENDSHIPBLOCK-00B8","WildStar64.exe","","ClientFriendshipBlock","Client opcode coverage","CoverageModelHandler","Source/NexusForever.Network.World/Message/Model/Friendship/ClientFriendshipBlock.cs; Source/NexusForever.WorldServer/Network/Message/Handler/Friendship/ClientFriendshipAdditionalHandlers.cs","ClientFriendshipBlock; ClientFriendshipBlockHandler","Observed","","Decomp/Analysis/coverage/opcode_coverage_inventory.csv","Native registration and payload evidence have not yet been recorded in coverage; run a focused decompile pass before semantic use.","2026-06-11"
"TRACE-OPCCLIENTCLIENTFRIENDSHIPGETLOCATIONS03BF","OPC-CLIENT-CLIENTFRIENDSHIPGETLOCATIONS-03BF","WildStar64.exe","","ClientFriendshipGetLocations","Client opcode coverage","CoverageModelHandler","Source/NexusForever.Network.World/Message/Model/Friendship/ClientFriendshipGetLocations.cs; Source/NexusForever.WorldServer/Network/Message/Handler/Friendship/ClientFriendshipGetLocationsHandler.cs","ClientFriendshipGetLocations; ClientFriendshipGetLocationsHandler","Observed","","Decomp/Analysis/coverage/opcode_coverage_inventory.csv","Native registration and payload evidence have not yet been recorded in coverage; run a focused decompile pass before semantic use.","2026-06-11"
"TRACE-OPCCLIENTCLIENTFRIENDSHIPIGNORESTRANGERSSTATE039E","OPC-CLIENT-CLIENTFRIENDSHIPIGNORESTRANGERSSTATE-039E","WildStar64.exe","","ClientFriendshipIgnoreStrangersState","Client opcode coverage","CoverageModelHandler","Source/NexusForever.Network.World/Message/Model/Friendship/ClientFriendshipIgnoreStrangersState.cs; Source/NexusForever.WorldServer/Network/Message/Handler/Friendship/ClientFriendshipAdditionalHandlers.cs","ClientFriendshipIgnoreStrangersState; ClientFriendshipIgnoreStrangersStateHandler","Observed","","Decomp/Analysis/coverage/opcode_coverage_inventory.csv","Native registration and payload evidence have not yet been recorded in coverage; run a focused decompile pass before semantic use.","2026-06-11"
"TRACE-OPCCLIENTCLIENTFRIENDSHIPINVITEMARKSEEN03BD","OPC-CLIENT-CLIENTFRIENDSHIPINVITEMARKSEEN-03BD","WildStar64.exe","","ClientFriendshipInviteMarkSeen","Client opcode coverage","CoverageModelHandler","Source/NexusForever.Network.World/Message/Model/Friendship/ClientFriendshipInviteMarkSeen.cs; Source/NexusForever.WorldServer/Network/Message/Handler/Friendship/ClientFriendshipInviteMarkSeenHandler.cs","ClientFriendshipInviteMarkSeen; ClientFriendshipInviteMarkSeenHandler","Observed","","Decomp/Analysis/coverage/opcode_coverage_inventory.csv","Native registration and payload evidence have not yet been recorded in coverage; run a focused decompile pass before semantic use.","2026-06-11"
"TRACE-OPCCLIENTCLIENTFRIENDSHIPINVITERESPONSE03BC","OPC-CLIENT-CLIENTFRIENDSHIPINVITERESPONSE-03BC","WildStar64.exe","","ClientFriendshipInviteResponse","Client opcode coverage","CoverageModelHandler","Source/NexusForever.Network.World/Message/Model/Friendship/ClientFriendshipInviteResponse.cs; Source/NexusForever.WorldServer/Network/Message/Handler/Friendship/ClientFriendshipInviteResponseHandler.cs","ClientFriendshipInviteResponse; ClientFriendshipInviteResponseHandler","Observed","","Decomp/Analysis/coverage/opcode_coverage_inventory.csv","Native registration and payload evidence have not yet been recorded in coverage; run a focused decompile pass before semantic use.","2026-06-11"
"TRACE-OPCCLIENTCLIENTFRIENDSHIPREMOVEBYIDENTITY03C1","OPC-CLIENT-CLIENTFRIENDSHIPREMOVEBYIDENTITY-03C1","WildStar64.exe","","ClientFriendshipRemoveByIdentity","Client opcode coverage","CoverageModelHandler","Source/NexusForever.Network.World/Message/Model/Friendship/ClientFriendshipRemoveByIdentity.cs; Source/NexusForever.WorldServer/Network/Message/Handler/Friendship/ClientFriendshipRemoveByIdentityHandler.cs","ClientFriendshipRemoveByIdentity; ClientFriendshipRemoveByIdentityHandler","Observed","","Decomp/Analysis/coverage/opcode_coverage_inventory.csv","Native registration and payload evidence have not yet been recorded in coverage; run a focused decompile pass before semantic use.","2026-06-11"
"TRACE-OPCCLIENTCLIENTFRIENDSHIPREMOVEBYNAME03C2","OPC-CLIENT-CLIENTFRIENDSHIPREMOVEBYNAME-03C2","WildStar64.exe","","ClientFriendshipRemoveByName","Client opcode coverage","CoverageModelHandler","Source/NexusForever.Network.World/Message/Model/Friendship/ClientFriendshipRemoveByName.cs; Source/NexusForever.WorldServer/Network/Message/Handler/Friendship/ClientFriendshipAdditionalHandlers.cs","ClientFriendshipRemoveByName; ClientFriendshipRemoveByNameHandler","Observed","","Decomp/Analysis/coverage/opcode_coverage_inventory.csv","Native registration and payload evidence have not yet been recorded in coverage; run a focused decompile pass before semantic use.","2026-06-11"
"TRACE-OPCCLIENTCLIENTFRIENDSHIPSETAUTORESPONSEMESSAGE03B7","OPC-CLIENT-CLIENTFRIENDSHIPSETAUTORESPONSEMESSAGE-03B7","WildStar64.exe","","ClientFriendshipSetAutoResponseMessage","Client opcode coverage","CoverageModelHandler","Source/NexusForever.Network.World/Message/Model/Friendship/ClientFriendshipSetAutoResponseMessage.cs; Source/NexusForever.WorldServer/Network/Message/Handler/Friendship/ClientFriendshipAdditionalHandlers.cs","ClientFriendshipSetAutoResponseMessage; ClientFriendshipSetAutoResponseMessageHandler","Observed","","Decomp/Analysis/coverage/opcode_coverage_inventory.csv","Native registration and payload evidence have not yet been recorded in coverage; run a focused decompile pass before semantic use.","2026-06-11"
"TRACE-OPCCLIENTCLIENTFRIENDSHIPSETNOTEBYIDENTITY03C7","OPC-CLIENT-CLIENTFRIENDSHIPSETNOTEBYIDENTITY-03C7","WildStar64.exe","","ClientFriendshipSetNoteByIdentity","Client opcode coverage","CoverageModelHandler","Source/NexusForever.Network.World/Message/Model/Friendship/ClientFriendshipSetNoteByIdentity.cs; Source/NexusForever.WorldServer/Network/Message/Handler/Friendship/ClientFriendshipSetNoteByIdentityHandler.cs","ClientFriendshipSetNoteByIdentity; ClientFriendshipSetNoteByIdentityHandler","Observed","","Decomp/Analysis/coverage/opcode_coverage_inventory.csv","Native registration and payload evidence have not yet been recorded in coverage; run a focused decompile pass before semantic use.","2026-06-11"
"TRACE-OPCCLIENTCLIENTFRIENDSHIPSETNOTEBYNAME03C8","OPC-CLIENT-CLIENTFRIENDSHIPSETNOTEBYNAME-03C8","WildStar64.exe","","ClientFriendshipSetNoteByName","Client opcode coverage","CoverageModelHandler","Source/NexusForever.Network.World/Message/Model/Friendship/ClientFriendshipSetNoteByName.cs; Source/NexusForever.WorldServer/Network/Message/Handler/Friendship/ClientFriendshipAdditionalHandlers.cs","ClientFriendshipSetNoteByName; ClientFriendshipSetNoteByNameHandler","Observed","","Decomp/Analysis/coverage/opcode_coverage_inventory.csv","Native registration and payload evidence have not yet been recorded in coverage; run a focused decompile pass before semantic use.","2026-06-11"
"TRACE-OPCCLIENTCLIENTGALACTICARCHIVEUNLOCK0103","OPC-CLIENT-CLIENTGALACTICARCHIVEUNLOCK-0103","WildStar64.exe","","ClientGalacticArchiveUnlock","Client opcode coverage","CoverageModelHandler","Source/NexusForever.Network.World/Message/Model/GalacticArchive/ClientGalacticArchiveUnlock.cs; Source/NexusForever.WorldServer/Network/Message/Handler/GalacticArchive/ClientGalacticArchiveUnlockHandler.cs","ClientGalacticArchiveUnlock; ClientGalacticArchiveUnlockHandler","Observed","","Decomp/Analysis/coverage/opcode_coverage_inventory.csv","Native registration and payload evidence have not yet been recorded in coverage; run a focused decompile pass before semantic use.","2026-06-11"
"TRACE-OPCCLIENTCLIENTGALACTICARCHIVEVIEWED0105","OPC-CLIENT-CLIENTGALACTICARCHIVEVIEWED-0105","WildStar64.exe","","ClientGalacticArchiveViewed","Client opcode coverage","CoverageModelHandler","Source/NexusForever.Network.World/Message/Model/GalacticArchive/ClientGalacticArchiveViewed.cs; Source/NexusForever.WorldServer/Network/Message/Handler/GalacticArchive/ClientGalacticArchiveViewedHandler.cs","ClientGalacticArchiveViewed; ClientGalacticArchiveViewedHandler","Observed","","Decomp/Analysis/coverage/opcode_coverage_inventory.csv","Native registration and payload evidence have not yet been recorded in coverage; run a focused decompile pass before semantic use.","2026-06-11"
"TRACE-OPCCLIENTCLIENTGENERICMAPNODECHOSEN0754","OPC-CLIENT-CLIENTGENERICMAPNODECHOSEN-0754","WildStar64.exe","","ClientGenericMapNodeChosen","Client opcode coverage","CoverageModelHandler","Source/NexusForever.Network.World/Message/Model/Map/ClientGenericMapNodeChosen.cs; Source/NexusForever.WorldServer/Network/Message/Handler/Map/ClientGenericMapHandlers.cs","ClientGenericMapNodeChosen; ClientGenericMapNodeChosenHandler","Observed","","Decomp/Analysis/coverage/opcode_coverage_inventory.csv","Native registration and payload evidence have not yet been recorded in coverage; run a focused decompile pass before semantic use.","2026-06-11"
"TRACE-OPCCLIENTCLIENTGENERICMAPNODEREQUEST07CF","OPC-CLIENT-CLIENTGENERICMAPNODEREQUEST-07CF","WildStar64.exe","","ClientGenericMapNodeRequest","Client opcode coverage","CoverageModelHandler","Source/NexusForever.Network.World/Message/Model/Map/ClientGenericMapNodeRequest.cs; Source/NexusForever.WorldServer/Network/Message/Handler/Map/ClientGenericMapHandlers.cs","ClientGenericMapNodeRequest; ClientGenericMapNodeRequestHandler","Correlated","","Decomp/Analysis/coverage/opcode_coverage_inventory.csv","Promote to Mapped only after native registration and payload functions are copied into this row from focused evidence.","2026-06-11"
"TRACE-OPCCLIENTCLIENTGETREALMTRANSFERDESTINATIONS03EE","OPC-CLIENT-CLIENTGETREALMTRANSFERDESTINATIONS-03EE","WildStar64.exe","","ClientGetRealmTransferDestinations","Client opcode coverage","CoverageModelHandler","Source/NexusForever.Network.World/Message/Model/Pregame/ClientGetRealmTransferDestinations.cs; Source/NexusForever.WorldServer/Network/Message/Handler/Misc/ClientGetRealmTransferDestinationsHandler.cs","ClientGetRealmTransferDestinations; ClientGetRealmTransferDestinationsHandler","Observed","","Decomp/Analysis/coverage/opcode_coverage_inventory.csv","Native registration and payload evidence have not yet been recorded in coverage; run a focused decompile pass before semantic use.","2026-06-11"
"TRACE-OPCCLIENTCLIENTGROUPFLAGSCHANGED0406","OPC-CLIENT-CLIENTGROUPFLAGSCHANGED-0406","WildStar64.exe","","ClientGroupFlagsChanged","Client opcode coverage","CoverageModelHandler","Source/NexusForever.Network.World/Message/Model/ClientGroupFlagsChanged.cs; Source/NexusForever.WorldServer/Network/Message/Handler/Group/ClientGroupFlagsChangedHandler.cs","ClientGroupFlagsChanged; ClientGroupFlagsChangedHandler","Observed","","Decomp/Analysis/coverage/opcode_coverage_inventory.csv","Native registration and payload evidence have not yet been recorded in coverage; run a focused decompile pass before semantic use.","2026-06-11"
"TRACE-OPCCLIENTCLIENTGROUPGOTOGROUPINSTANCE0411","OPC-CLIENT-CLIENTGROUPGOTOGROUPINSTANCE-0411","WildStar64.exe","","ClientGroupGotoGroupInstance","Client opcode coverage","CoverageModelHandler","Source/NexusForever.Network.World/Message/Model/ClientGroupGotoGroupInstance.cs; Source/NexusForever.WorldServer/Network/Message/Handler/Group/ClientGroupInstanceHandlers.cs","ClientGroupGotoGroupInstance; ClientGroupGotoGroupInstanceHandler","Observed","","Decomp/Analysis/coverage/opcode_coverage_inventory.csv","Native registration and payload evidence have not yet been recorded in coverage; run a focused decompile pass before semantic use.","2026-06-11"
"TRACE-OPCCLIENTCLIENTGROUPINVITE0416","OPC-CLIENT-CLIENTGROUPINVITE-0416","WildStar64.exe","","ClientGroupInvite","Client opcode coverage","CoverageModelHandler","Source/NexusForever.Network.World/Message/Model/ClientGroupInvite.cs; Source/NexusForever.WorldServer/Network/Message/Handler/Group/ClientGroupInviteHandler.cs","ClientGroupInvite; ClientGroupInviteHandler","Observed","","Decomp/Analysis/coverage/opcode_coverage_inventory.csv","Native registration and payload evidence have not yet been recorded in coverage; run a focused decompile pass before semantic use.","2026-06-11"
"TRACE-OPCCLIENTCLIENTGROUPINVITERESPONSE041A","OPC-CLIENT-CLIENTGROUPINVITERESPONSE-041A","WildStar64.exe","","ClientGroupInviteResponse","Client opcode coverage","CoverageModelHandler","Source/NexusForever.Network.World/Message/Model/ClientGroupInviteResponse.cs; Source/NexusForever.WorldServer/Network/Message/Handler/Group/ClientGroupInviteResponseHandler.cs","ClientGroupInviteResponse; ClientGroupInviteResponseHandler","Observed","","Decomp/Analysis/coverage/opcode_coverage_inventory.csv","Native registration and payload evidence have not yet been recorded in coverage; run a focused decompile pass before semantic use.","2026-06-11"
"TRACE-OPCCLIENTCLIENTGROUPKICK0428","OPC-CLIENT-CLIENTGROUPKICK-0428","WildStar64.exe","","ClientGroupKick","Client opcode coverage","CoverageModelHandler","Source/NexusForever.Network.World/Message/Model/ClientGroupKick.cs; Source/NexusForever.WorldServer/Network/Message/Handler/Group/ClientGroupKickHandler.cs","ClientGroupKick; ClientGroupKickHandler","Observed","","Decomp/Analysis/coverage/opcode_coverage_inventory.csv","Native registration and payload evidence have not yet been recorded in coverage; run a focused decompile pass before semantic use.","2026-06-11"
"TRACE-OPCCLIENTCLIENTGROUPLEAVE042B","OPC-CLIENT-CLIENTGROUPLEAVE-042B","WildStar64.exe","","ClientGroupLeave","Client opcode coverage","CoverageModelHandler","Source/NexusForever.Network.World/Message/Model/ClientGroupLeave.cs; Source/NexusForever.WorldServer/Network/Message/Handler/Group/ClientGroupLeaveHandler.cs","ClientGroupLeave; ClientGroupLeaveHandler","Observed","","Decomp/Analysis/coverage/opcode_coverage_inventory.csv","Native registration and payload evidence have not yet been recorded in coverage; run a focused decompile pass before semantic use.","2026-06-11"
"TRACE-OPCCLIENTCLIENTGROUPLOOTRULESCHANGE042E","OPC-CLIENT-CLIENTGROUPLOOTRULESCHANGE-042E","WildStar64.exe","","ClientGroupLootRulesChange","Client opcode coverage","CoverageModelHandler","Source/NexusForever.Network.World/Message/Model/ClientGroupLootRulesChange.cs; Source/NexusForever.WorldServer/Network/Message/Handler/Group/ClientGroupLootRulesChangeHandler.cs","ClientGroupLootRulesChange; ClientGroupLootRulesChangeHandler","Observed","","Decomp/Analysis/coverage/opcode_coverage_inventory.csv","Native registration and payload evidence have not yet been recorded in coverage; run a focused decompile pass before semantic use.","2026-06-11"
"TRACE-OPCCLIENTCLIENTGROUPMARKUNIT0432","OPC-CLIENT-CLIENTGROUPMARKUNIT-0432","WildStar64.exe","","ClientGroupMarkUnit","Client opcode coverage","CoverageModelHandler","Source/NexusForever.Network.World/Message/Model/ClientGroupMark.cs; Source/NexusForever.WorldServer/Network/Message/Handler/Group/ClientGroupMarkUnitHandler.cs","ClientGroupMark; ClientGroupMarkUnitHandler","Observed","","Decomp/Analysis/coverage/opcode_coverage_inventory.csv","Native registration and payload evidence have not yet been recorded in coverage; run a focused decompile pass before semantic use.","2026-06-11"
"TRACE-OPCCLIENTCLIENTGROUPPROMOTE0446","OPC-CLIENT-CLIENTGROUPPROMOTE-0446","WildStar64.exe","","ClientGroupPromote","Client opcode coverage","CoverageModelHandler","Source/NexusForever.Network.World/Message/Model/ClientGroupPromote.cs; Source/NexusForever.WorldServer/Network/Message/Handler/Group/ClientGroupPromoteHandler.cs","ClientGroupPromote; ClientGroupPromoteHandler","Observed","","Decomp/Analysis/coverage/opcode_coverage_inventory.csv","Native registration and payload evidence have not yet been recorded in coverage; run a focused decompile pass before semantic use.","2026-06-11"
"TRACE-OPCCLIENTCLIENTGROUPREQUESTJOIN0422","OPC-CLIENT-CLIENTGROUPREQUESTJOIN-0422","WildStar64.exe","","ClientGroupRequestJoin","Client opcode coverage","CoverageModelHandler","Source/NexusForever.Network.World/Message/Model/ClientGroupRequestJoin.cs; Source/NexusForever.WorldServer/Network/Message/Handler/Group/ClientGroupRequestJoinHandler.cs","ClientGroupRequestJoin; ClientGroupRequestJoinHandler","Observed","","Decomp/Analysis/coverage/opcode_coverage_inventory.csv","Native registration and payload evidence have not yet been recorded in coverage; run a focused decompile pass before semantic use.","2026-06-11"
"TRACE-OPCCLIENTCLIENTGROUPREQUESTJOINRESPONSE0453","OPC-CLIENT-CLIENTGROUPREQUESTJOINRESPONSE-0453","WildStar64.exe","","ClientGroupRequestJoinResponse","Client opcode coverage","CoverageModelHandler","Source/NexusForever.Network.World/Message/Model/ClientGroupRequestJoinResponse.cs; Source/NexusForever.WorldServer/Network/Message/Handler/Group/ClientGroupRequestJoinResponseHandler.cs","ClientGroupRequestJoinResponse; ClientGroupRequestJoinResponseHandler","Observed","","Decomp/Analysis/coverage/opcode_coverage_inventory.csv","Native registration and payload evidence have not yet been recorded in coverage; run a focused decompile pass before semantic use.","2026-06-11"
"TRACE-OPCCLIENTCLIENTGROUPSENDREADYCHECK044A","OPC-CLIENT-CLIENTGROUPSENDREADYCHECK-044A","WildStar64.exe","","ClientGroupSendReadyCheck","Client opcode coverage","CoverageModelHandler","Source/NexusForever.Network.World/Message/Model/ClientGroupSendReadyCheck.cs; Source/NexusForever.WorldServer/Network/Message/Handler/Group/ClientGroupSendReadyCheckHandler.cs","ClientGroupSendReadyCheck; ClientGroupSendReadyCheckHandler","Observed","","Decomp/Analysis/coverage/opcode_coverage_inventory.csv","Native registration and payload evidence have not yet been recorded in coverage; run a focused decompile pass before semantic use.","2026-06-11"
"TRACE-OPCCLIENTCLIENTGROUPSETINSTANCEDIFFICULTY0412","OPC-CLIENT-CLIENTGROUPSETINSTANCEDIFFICULTY-0412","WildStar64.exe","","ClientGroupSetInstanceDifficulty","Client opcode coverage","CoverageModelHandler","Source/NexusForever.Network.World/Message/Model/ClientGroupSetInstanceDifficulty.cs; Source/NexusForever.WorldServer/Network/Message/Handler/Group/ClientGroupInstanceHandlers.cs","ClientGroupSetInstanceDifficulty; ClientGroupSetInstanceDifficultyHandler","Observed","","Decomp/Analysis/coverage/opcode_coverage_inventory.csv","Native registration and payload evidence have not yet been recorded in coverage; run a focused decompile pass before semantic use.","2026-06-11"
"TRACE-OPCCLIENTCLIENTGROUPSETROLE0408","OPC-CLIENT-CLIENTGROUPSETROLE-0408","WildStar64.exe","","ClientGroupSetRole","Client opcode coverage","CoverageModelHandler","Source/NexusForever.Network.World/Message/Model/ClientGroupSetRole.cs; Source/NexusForever.WorldServer/Network/Message/Handler/Group/ClientGroupSetRoleHandler.cs","ClientGroupSetRole; ClientGroupSetRoleHandler","Observed","","Decomp/Analysis/coverage/opcode_coverage_inventory.csv","Native registration and payload evidence have not yet been recorded in coverage; run a focused decompile pass before semantic use.","2026-06-11"
"TRACE-OPCCLIENTCLIENTGUILDBANKMONEYTRANSACTION04A8","OPC-CLIENT-CLIENTGUILDBANKMONEYTRANSACTION-04A8","WildStar64.exe","","ClientGuildBankMoneyTransaction","Client opcode coverage","CoverageModelHandler","Source/NexusForever.Network.World/Message/Model/Guild/ClientGuildBankMoneyTransaction.cs; Source/NexusForever.WorldServer/Network/Message/Handler/Guild/ClientGuildBankMoneyTransactionHandler.cs","ClientGuildBankMoneyTransaction; ClientGuildBankMoneyTransactionHandler","Observed","","Decomp/Analysis/coverage/opcode_coverage_inventory.csv","Native registration and payload evidence have not yet been recorded in coverage; run a focused decompile pass before semantic use.","2026-06-11"
"TRACE-OPCCLIENTCLIENTGUILDBANKTABOPEN0477","OPC-CLIENT-CLIENTGUILDBANKTABOPEN-0477","WildStar64.exe","","ClientGuildBankTabOpen","Client opcode coverage","CoverageModelHandler","Source/NexusForever.Network.World/Message/Model/Guild/ClientGuildBankTabOpen.cs; Source/NexusForever.WorldServer/Network/Message/Handler/Guild/ClientGuildBankTabOpenHandler.cs","ClientGuildBankTabOpen; ClientGuildBankTabOpenHandler","Observed","","Decomp/Analysis/coverage/opcode_coverage_inventory.csv","Native registration and payload evidence have not yet been recorded in coverage; run a focused decompile pass before semantic use.","2026-06-11"
"TRACE-OPCCLIENTCLIENTGUILDBANKTABRENAME04B3","OPC-CLIENT-CLIENTGUILDBANKTABRENAME-04B3","WildStar64.exe","","ClientGuildBankTabRename","Client opcode coverage","CoverageModelHandler","Source/NexusForever.Network.World/Message/Model/Guild/ClientGuildBankTabRename.cs; Source/NexusForever.WorldServer/Network/Message/Handler/Guild/ClientGuildBankTabRenameHandler.cs","ClientGuildBankTabRename; ClientGuildBankTabRenameHandler","Observed","","Decomp/Analysis/coverage/opcode_coverage_inventory.csv","Native registration and payload evidence have not yet been recorded in coverage; run a focused decompile pass before semantic use.","2026-06-11"
"TRACE-OPCCLIENTCLIENTGUILDBANKTRANSACTION0471","OPC-CLIENT-CLIENTGUILDBANKTRANSACTION-0471","WildStar64.exe","","ClientGuildBankTransaction","Client opcode coverage","CoverageModelHandler","Source/NexusForever.Network.World/Message/Model/Guild/ClientGuildBankTransaction.cs; Source/NexusForever.WorldServer/Network/Message/Handler/Guild/ClientGuildBankTransactionHandler.cs","ClientGuildBankTransaction; ClientGuildBankTransactionHandler","Observed","","Decomp/Analysis/coverage/opcode_coverage_inventory.csv","Native registration and payload evidence have not yet been recorded in coverage; run a focused decompile pass before semantic use.","2026-06-11"
"TRACE-OPCCLIENTCLIENTGUILDBANKTRANSACTION20473","OPC-CLIENT-CLIENTGUILDBANKTRANSACTION2-0473","WildStar64.exe","","ClientGuildBankTransaction2","Client opcode coverage","CoverageModelHandler","Source/NexusForever.Network.World/Message/Model/Guild/ClientGuildBankTransaction2.cs; Source/NexusForever.WorldServer/Network/Message/Handler/Guild/ClientGuildBankTransaction2Handler.cs","ClientGuildBankTransaction2; ClientGuildBankTransaction2Handler","Observed","","Decomp/Analysis/coverage/opcode_coverage_inventory.csv","Native registration and payload evidence have not yet been recorded in coverage; run a focused decompile pass before semantic use.","2026-06-11"
"TRACE-OPCCLIENTCLIENTGUILDHOLOMARKUPDATE010C","OPC-CLIENT-CLIENTGUILDHOLOMARKUPDATE-010C","WildStar64.exe","","ClientGuildHolomarkUpdate","Client opcode coverage","CoverageModelHandler","Source/NexusForever.Network.World/Message/Model/Guild/ClientGuildHolomarkUpdate.cs; Source/NexusForever.WorldServer/Network/Message/Handler/Guild/ClientGuildHolomarkUpdateHandler.cs","ClientGuildHolomarkUpdate; ClientGuildHolomarkUpdateHandler","Observed","","Decomp/Analysis/coverage/opcode_coverage_inventory.csv","Native registration and payload evidence have not yet been recorded in coverage; run a focused decompile pass before semantic use.","2026-06-11"
"TRACE-OPCCLIENTCLIENTGUILDINVITERESPONSE0490","OPC-CLIENT-CLIENTGUILDINVITERESPONSE-0490","WildStar64.exe","","ClientGuildInviteResponse","Client opcode coverage","CoverageModelHandler","Source/NexusForever.Network.World/Message/Model/Guild/ClientGuildInviteResponse.cs; Source/NexusForever.WorldServer/Network/Message/Handler/Guild/ClientGuildInviteResponseHandler.cs","ClientGuildInviteResponse; ClientGuildInviteResponseHandler","Observed","","Decomp/Analysis/coverage/opcode_coverage_inventory.csv","Native registration and payload evidence have not yet been recorded in coverage; run a focused decompile pass before semantic use.","2026-06-11"
"TRACE-OPCCLIENTCLIENTGUILDOPERATION04B1","OPC-CLIENT-CLIENTGUILDOPERATION-04B1","WildStar64.exe","","ClientGuildOperation","Client opcode coverage","CoverageModelHandler","Source/NexusForever.Network.World/Message/Model/Guild/ClientGuildOperation.cs; Source/NexusForever.WorldServer/Network/Message/Handler/Guild/ClientGuildOperationHandler.cs","ClientGuildOperation; ClientGuildOperationHandler","Observed","","Decomp/Analysis/coverage/opcode_coverage_inventory.csv","Native registration and payload evidence have not yet been recorded in coverage; run a focused decompile pass before semantic use.","2026-06-11"
"TRACE-OPCCLIENTCLIENTGUILDPERKACTIVATE04B2","OPC-CLIENT-CLIENTGUILDPERKACTIVATE-04B2","WildStar64.exe","","ClientGuildPerkActivate","Client opcode coverage","CoverageModelHandler","Source/NexusForever.Network.World/Message/Model/Guild/ClientGuildPerkActivate.cs; Source/NexusForever.WorldServer/Network/Message/Handler/Guild/ClientGuildPerkActivateHandler.cs","ClientGuildPerkActivate; ClientGuildPerkActivateHandler","Observed","","Decomp/Analysis/coverage/opcode_coverage_inventory.csv","Native registration and payload evidence have not yet been recorded in coverage; run a focused decompile pass before semantic use.","2026-06-11"
"TRACE-OPCCLIENTCLIENTGUILDREGISTER0481","OPC-CLIENT-CLIENTGUILDREGISTER-0481","WildStar64.exe","","ClientGuildRegister","Client opcode coverage","CoverageModelHandler","Source/NexusForever.Network.World/Message/Model/Guild/ClientGuildRegister.cs; Source/NexusForever.WorldServer/Network/Message/Handler/Guild/ClientGuildRegisterHandler.cs","ClientGuildRegister; ClientGuildRegisterHandler","Observed","","Decomp/Analysis/coverage/opcode_coverage_inventory.csv","Native registration and payload evidence have not yet been recorded in coverage; run a focused decompile pass before semantic use.","2026-06-11"
"TRACE-OPCCLIENTCLIENTGUILDSETSTANDARD04CF","OPC-CLIENT-CLIENTGUILDSETSTANDARD-04CF","WildStar64.exe","","ClientGuildSetStandard","Client opcode coverage","CoverageModelHandler","Source/NexusForever.Network.World/Message/Model/Guild/ClientGuildSetStandard.cs; Source/NexusForever.WorldServer/Network/Message/Handler/Guild/ClientGuildSetStandardHandler.cs","ClientGuildSetStandard; ClientGuildSetStandardHandler","Observed","","Decomp/Analysis/coverage/opcode_coverage_inventory.csv","Native registration and payload evidence have not yet been recorded in coverage; run a focused decompile pass before semantic use.","2026-06-11"
"TRACE-OPCCLIENTCLIENTGUILDSTANDARDMODIFY04A6","OPC-CLIENT-CLIENTGUILDSTANDARDMODIFY-04A6","WildStar64.exe","","ClientGuildStandardModify","Client opcode coverage","CoverageModelHandler","Source/NexusForever.Network.World/Message/Model/Guild/ClientGuildStandardModify.cs; Source/NexusForever.WorldServer/Network/Message/Handler/Guild/ClientGuildStandardModifyHandler.cs","ClientGuildStandardModify; ClientGuildStandardModifyHandler","Observed","","Decomp/Analysis/coverage/opcode_coverage_inventory.csv","Native registration and payload evidence have not yet been recorded in coverage; run a focused decompile pass before semantic use.","2026-06-11"
"TRACE-OPCCLIENTCLIENTHELLOAUTH0592","OPC-CLIENT-CLIENTHELLOAUTH-0592","WildStar64.exe","","ClientHelloAuth","Client opcode coverage","CoverageModelHandler","Source/NexusForever.Network.Auth/Message/Model/ClientHelloAuth.cs; Source/NexusForever.AuthServer/Network/Message/Handler/HelloAuthHandler.cs","ClientHelloAuth; HelloAuthHandler","Observed","","Decomp/Analysis/coverage/opcode_coverage_inventory.csv","Native registration and payload evidence have not yet been recorded in coverage; run a focused decompile pass before semantic use.","2026-06-11"
"TRACE-OPCCLIENTCLIENTHELLOREALM058F","OPC-CLIENT-CLIENTHELLOREALM-058F","WildStar64.exe","","ClientHelloRealm","Client opcode coverage","CoverageModelHandler","Source/NexusForever.Network.World/Message/Model/Pregame/ClientHelloRealm.cs; Source/NexusForever.WorldServer/Network/Message/Handler/Authentication/ClientHelloRealmHandler.cs","ClientHelloRealm; ClientHelloRealmHandler","Observed","","Decomp/Analysis/coverage/opcode_coverage_inventory.csv","Native registration and payload evidence have not yet been recorded in coverage; run a focused decompile pass before semantic use.","2026-06-11"
"TRACE-OPCCLIENTCLIENTHOUSINGCOMMUNITYDONATE04F5","OPC-CLIENT-CLIENTHOUSINGCOMMUNITYDONATE-04F5","WildStar64.exe","","ClientHousingCommunityDonate","Client opcode coverage","CoverageModelHandler","Source/NexusForever.Network.World/Message/Model/ClientHousingCommunityDonate.cs; Source/NexusForever.WorldServer/Network/Message/Handler/Housing/ClientHousingCommunityDonateHandler.cs","ClientHousingCommunityDonate; ClientHousingCommunityDonateHandler","Observed","","Decomp/Analysis/coverage/opcode_coverage_inventory.csv","Native registration and payload evidence have not yet been recorded in coverage; run a focused decompile pass before semantic use.","2026-06-11"
"TRACE-OPCCLIENTCLIENTHOUSINGCOMMUNITYPLACEMENT052B","OPC-CLIENT-CLIENTHOUSINGCOMMUNITYPLACEMENT-052B","WildStar64.exe","","ClientHousingCommunityPlacement","Client opcode coverage","CoverageModelHandler","Source/NexusForever.Network.World/Message/Model/ClientHousingCommunityPlacement.cs; Source/NexusForever.WorldServer/Network/Message/Handler/Housing/ClientHousingCommunityPlacementHandler.cs","ClientHousingCommunityPlacement; ClientHousingCommunityPlacementHandler","Observed","","Decomp/Analysis/coverage/opcode_coverage_inventory.csv","Native registration and payload evidence have not yet been recorded in coverage; run a focused decompile pass before semantic use.","2026-06-11"
"TRACE-OPCCLIENTCLIENTHOUSINGCOMMUNITYPRIVACYLEVEL0538","OPC-CLIENT-CLIENTHOUSINGCOMMUNITYPRIVACYLEVEL-0538","WildStar64.exe","","ClientHousingCommunityPrivacyLevel","Client opcode coverage","CoverageModelHandler","Source/NexusForever.Network.World/Message/Model/ClientHousingCommunityPrivacyLevel.cs; Source/NexusForever.WorldServer/Network/Message/Handler/Housing/ClientHousingCommunityPrivacyLevelHandler.cs","ClientHousingCommunityPrivacyLevel; ClientHousingCommunityPrivacyLevelHandler","Observed","","Decomp/Analysis/coverage/opcode_coverage_inventory.csv","Native registration and payload evidence have not yet been recorded in coverage; run a focused decompile pass before semantic use.","2026-06-11"
"TRACE-OPCCLIENTCLIENTHOUSINGCOMMUNITYREMOVAL04EA","OPC-CLIENT-CLIENTHOUSINGCOMMUNITYREMOVAL-04EA","WildStar64.exe","","ClientHousingCommunityRemoval","Client opcode coverage","CoverageModelHandler","Source/NexusForever.Network.World/Message/Model/ClientHousingCommunityRemoval.cs; Source/NexusForever.WorldServer/Network/Message/Handler/Housing/ClientHousingCommunityRemovalHandler.cs","ClientHousingCommunityRemoval; ClientHousingCommunityRemovalHandler","Observed","","Decomp/Analysis/coverage/opcode_coverage_inventory.csv","Native registration and payload evidence have not yet been recorded in coverage; run a focused decompile pass before semantic use.","2026-06-11"
"TRACE-OPCCLIENTCLIENTHOUSINGCOMMUNITYRENAME0788","OPC-CLIENT-CLIENTHOUSINGCOMMUNITYRENAME-0788","WildStar64.exe","","ClientHousingCommunityRename","Client opcode coverage","CoverageModelHandler","Source/NexusForever.Network.World/Message/Model/ClientHousingCommunityRename.cs; Source/NexusForever.WorldServer/Network/Message/Handler/Housing/ClientHousingCommunityRenameHandler.cs","ClientHousingCommunityRename; ClientHousingCommunityRenameHandler","Observed","","Decomp/Analysis/coverage/opcode_coverage_inventory.csv","Native registration and payload evidence have not yet been recorded in coverage; run a focused decompile pass before semantic use.","2026-06-11"
"TRACE-OPCCLIENTCLIENTHOUSINGCRATEALLDECOR04EC","OPC-CLIENT-CLIENTHOUSINGCRATEALLDECOR-04EC","WildStar64.exe","","ClientHousingCrateAllDecor","Client opcode coverage","CoverageModelHandler","Source/NexusForever.Network.World/Message/Model/ClientHousingCrateAllDecor.cs; Source/NexusForever.WorldServer/Network/Message/Handler/Housing/ClientHousingCrateAllDecorHandler.cs","ClientHousingCrateAllDecor; ClientHousingCrateAllDecorHandler","Observed","","Decomp/Analysis/coverage/opcode_coverage_inventory.csv","Native registration and payload evidence have not yet been recorded in coverage; run a focused decompile pass before semantic use.","2026-06-11"
"TRACE-OPCCLIENTCLIENTHOUSINGDECORUPDATE050B","OPC-CLIENT-CLIENTHOUSINGDECORUPDATE-050B","WildStar64.exe","","ClientHousingDecorUpdate","Client opcode coverage","CoverageModelHandler","Source/NexusForever.Network.World/Message/Model/ClientHousingDecorUpdate.cs; Source/NexusForever.WorldServer/Network/Message/Handler/Housing/ClientHousingDecorUpdateHandler.cs","ClientHousingDecorUpdate; ClientHousingDecorUpdateHandler","Observed","","Decomp/Analysis/coverage/opcode_coverage_inventory.csv","Native registration and payload evidence have not yet been recorded in coverage; run a focused decompile pass before semantic use.","2026-06-11"
"TRACE-OPCCLIENTCLIENTHOUSINGEDITMODE053C","OPC-CLIENT-CLIENTHOUSINGEDITMODE-053C","WildStar64.exe","","ClientHousingEditMode","Client opcode coverage","CoverageModelHandler","Source/NexusForever.Network.World/Message/Model/ClientHousingEditMode.cs; Source/NexusForever.WorldServer/Network/Message/Handler/Housing/ClientHousingEditModeHandler.cs","ClientHousingEditMode; ClientHousingEditModeHandler","Observed","","Decomp/Analysis/coverage/opcode_coverage_inventory.csv","Native registration and payload evidence have not yet been recorded in coverage; run a focused decompile pass before semantic use.","2026-06-11"
"TRACE-OPCCLIENTCLIENTHOUSINGFLAGSUPDATE050E","OPC-CLIENT-CLIENTHOUSINGFLAGSUPDATE-050E","WildStar64.exe","","ClientHousingFlagsUpdate","Client opcode coverage","CoverageModelHandler","Source/NexusForever.Network.World/Message/Model/ClientHousingFlagsUpdate.cs; Source/NexusForever.WorldServer/Network/Message/Handler/Housing/ClientHousingFlagsUpdateHandler.cs","ClientHousingFlagsUpdate; ClientHousingFlagsUpdateHandler","Observed","","Decomp/Analysis/coverage/opcode_coverage_inventory.csv","Native registration and payload evidence have not yet been recorded in coverage; run a focused decompile pass before semantic use.","2026-06-11"
"TRACE-OPCCLIENTCLIENTHOUSINGINTERIORWALLPAPERUPDATE050D","OPC-CLIENT-CLIENTHOUSINGINTERIORWALLPAPERUPDATE-050D","WildStar64.exe","","ClientHousingInteriorWallpaperUpdate","Client opcode coverage","CoverageModelHandler","Source/NexusForever.Network.World/Message/Model/ClientHousingInteriorWallpaperUpdate.cs; Source/NexusForever.WorldServer/Network/Message/Handler/Housing/ClientHousingNeighborHandlers.cs","ClientHousingInteriorWallpaperUpdate; ClientHousingInteriorWallpaperUpdateHandler","Correlated","","Decomp/Analysis/coverage/opcode_coverage_inventory.csv","Promote to Mapped only after native registration and payload functions are copied into this row from focused evidence.","2026-06-11"
"TRACE-OPCCLIENTCLIENTHOUSINGNEIGHBOREVICT0515","OPC-CLIENT-CLIENTHOUSINGNEIGHBOREVICT-0515","WildStar64.exe","","ClientHousingNeighborEvict","Client opcode coverage","CoverageModelHandler","Source/NexusForever.Network.World/Message/Model/ClientHousingNeighborEvict.cs; Source/NexusForever.WorldServer/Network/Message/Handler/Housing/ClientHousingNeighborHandlers.cs","ClientHousingNeighborEvict; ClientHousingNeighborEvictHandler","Observed","","Decomp/Analysis/coverage/opcode_coverage_inventory.csv","Native registration and payload evidence have not yet been recorded in coverage; run a focused decompile pass before semantic use.","2026-06-11"
"TRACE-OPCCLIENTCLIENTHOUSINGNEIGHBORINVITE0512","OPC-CLIENT-CLIENTHOUSINGNEIGHBORINVITE-0512","WildStar64.exe","","ClientHousingNeighborInvite","Client opcode coverage","CoverageModelHandler","Source/NexusForever.Network.World/Message/Model/ClientHousingNeighborInvite.cs; Source/NexusForever.WorldServer/Network/Message/Handler/Housing/ClientHousingNeighborHandlers.cs","ClientHousingNeighborInvite; ClientHousingNeighborInviteHandler","Observed","","Decomp/Analysis/coverage/opcode_coverage_inventory.csv","Native registration and payload evidence have not yet been recorded in coverage; run a focused decompile pass before semantic use.","2026-06-11"
"TRACE-OPCCLIENTCLIENTHOUSINGNEIGHBORINVITERESPONSE0513","OPC-CLIENT-CLIENTHOUSINGNEIGHBORINVITERESPONSE-0513","WildStar64.exe","","ClientHousingNeighborInviteResponse","Client opcode coverage","CoverageModelHandler","Source/NexusForever.Network.World/Message/Model/ClientHousingNeighborInviteResponse.cs; Source/NexusForever.WorldServer/Network/Message/Handler/Housing/ClientHousingNeighborHandlers.cs","ClientHousingNeighborInviteResponse; ClientHousingNeighborInviteResponseHandler","Observed","","Decomp/Analysis/coverage/opcode_coverage_inventory.csv","Native registration and payload evidence have not yet been recorded in coverage; run a focused decompile pass before semantic use.","2026-06-11"
"TRACE-OPCCLIENTCLIENTHOUSINGNEIGHBORSETPERMISSION0518","OPC-CLIENT-CLIENTHOUSINGNEIGHBORSETPERMISSION-0518","WildStar64.exe","","ClientHousingNeighborSetPermission","Client opcode coverage","CoverageModelHandler","Source/NexusForever.Network.World/Message/Model/ClientHousingNeighborSetPermission.cs; Source/NexusForever.WorldServer/Network/Message/Handler/Housing/ClientHousingNeighborHandlers.cs","ClientHousingNeighborSetPermission; ClientHousingNeighborSetPermissionHandler","Observed","","Decomp/Analysis/coverage/opcode_coverage_inventory.csv","Native registration and payload evidence have not yet been recorded in coverage; run a focused decompile pass before semantic use.","2026-06-11"
"TRACE-OPCCLIENTCLIENTHOUSINGPLACEDRESIDENCESLIST052A","OPC-CLIENT-CLIENTHOUSINGPLACEDRESIDENCESLIST-052A","WildStar64.exe","","ClientHousingPlacedResidencesList","Client opcode coverage","CoverageModelHandler","Source/NexusForever.Network.World/Message/Model/ClientHousingPlacedResidencesList.cs; Source/NexusForever.WorldServer/Network/Message/Handler/Housing/ClientHousingPlacedResidencesListHandler.cs","ClientHousingPlacedResidencesList; ClientHousingPlacedResidencesListHandler","Observed","","Decomp/Analysis/coverage/opcode_coverage_inventory.csv","Native registration and payload evidence have not yet been recorded in coverage; run a focused decompile pass before semantic use.","2026-06-11"
"TRACE-OPCCLIENTCLIENTHOUSINGPLUGUPDATE0510","OPC-CLIENT-CLIENTHOUSINGPLUGUPDATE-0510","WildStar64.exe","","ClientHousingPlugUpdate","Client opcode coverage","CoverageModelHandler","Source/NexusForever.Network.World/Message/Model/ClientHousingPlugUpdate.cs; Source/NexusForever.WorldServer/Network/Message/Handler/Housing/ClientHousingPlugUpdateHander.cs","ClientHousingPlugUpdate; ClientHousingPlugUpdateHander","Observed","","Decomp/Analysis/coverage/opcode_coverage_inventory.csv","Native registration and payload evidence have not yet been recorded in coverage; run a focused decompile pass before semantic use.","2026-06-11"
"TRACE-OPCCLIENTCLIENTHOUSINGRANDOMCOMMUNITYLIST052C","OPC-CLIENT-CLIENTHOUSINGRANDOMCOMMUNITYLIST-052C","WildStar64.exe","","ClientHousingRandomCommunityList","Client opcode coverage","CoverageModelHandler","Source/NexusForever.Network.World/Message/Model/ClientHousingRandomCommunityList.cs; Source/NexusForever.WorldServer/Network/Message/Handler/Housing/ClientHousingRandomCommunityListHandler.cs","ClientHousingRandomCommunityList; ClientHousingRandomCommunityListHandler","Observed","","Decomp/Analysis/coverage/opcode_coverage_inventory.csv","Native registration and payload evidence have not yet been recorded in coverage; run a focused decompile pass before semantic use.","2026-06-11"
"TRACE-OPCCLIENTCLIENTHOUSINGRANDOMRESIDENCELIST052D","OPC-CLIENT-CLIENTHOUSINGRANDOMRESIDENCELIST-052D","WildStar64.exe","","ClientHousingRandomResidenceList","Client opcode coverage","CoverageModelHandler","Source/NexusForever.Network.World/Message/Model/ClientHousingRandomResidenceList.cs; Source/NexusForever.WorldServer/Network/Message/Handler/Housing/ClientHousingRandomResidenceListHandler.cs","ClientHousingRandomResidenceList; ClientHousingRandomResidenceListHandler","Observed","","Decomp/Analysis/coverage/opcode_coverage_inventory.csv","Native registration and payload evidence have not yet been recorded in coverage; run a focused decompile pass before semantic use.","2026-06-11"
"TRACE-OPCCLIENTCLIENTHOUSINGREMODEL050A","OPC-CLIENT-CLIENTHOUSINGREMODEL-050A","WildStar64.exe","","ClientHousingRemodel","Client opcode coverage","CoverageModelHandler","Source/NexusForever.Network.World/Message/Model/ClientHousingRemodel.cs; Source/NexusForever.WorldServer/Network/Message/Handler/Housing/ClientHousingRemodelHandler.cs","ClientHousingRemodel; ClientHousingRemodelHandler","Observed","","Decomp/Analysis/coverage/opcode_coverage_inventory.csv","Native registration and payload evidence have not yet been recorded in coverage; run a focused decompile pass before semantic use.","2026-06-11"
"TRACE-OPCCLIENTCLIENTHOUSINGRENAMEPROPERTY0529","OPC-CLIENT-CLIENTHOUSINGRENAMEPROPERTY-0529","WildStar64.exe","","ClientHousingRenameProperty","Client opcode coverage","CoverageModelHandler","Source/NexusForever.Network.World/Message/Model/ClientHousingRenameProperty.cs; Source/NexusForever.WorldServer/Network/Message/Handler/Housing/ClientHousingRenamePropertyHandler.cs","ClientHousingRenameProperty; ClientHousingRenamePropertyHandler","Observed","","Decomp/Analysis/coverage/opcode_coverage_inventory.csv","Native registration and payload evidence have not yet been recorded in coverage; run a focused decompile pass before semantic use.","2026-06-11"
"TRACE-OPCCLIENTCLIENTHOUSINGRESIDENCEPRIVACYLEVEL00C9","OPC-CLIENT-CLIENTHOUSINGRESIDENCEPRIVACYLEVEL-00C9","WildStar64.exe","","ClientHousingResidencePrivacyLevel","Client opcode coverage","CoverageModelHandler","Source/NexusForever.Network.World/Message/Model/ClientHousingSetPrivacyLevel.cs; Source/NexusForever.WorldServer/Network/Message/Handler/Housing/ClientHousingResidencePrivacyLevelHandler.cs","ClientHousingSetPrivacyLevel; ClientHousingResidencePrivacyLevelHandler","Observed","","Decomp/Analysis/coverage/opcode_coverage_inventory.csv","Native registration and payload evidence have not yet been recorded in coverage; run a focused decompile pass before semantic use.","2026-06-11"
"TRACE-OPCCLIENTCLIENTHOUSINGRETURN052E","OPC-CLIENT-CLIENTHOUSINGRETURN-052E","WildStar64.exe","","ClientHousingReturn","Client opcode coverage","CoverageModelHandler","Source/NexusForever.Network.World/Message/Model/ClientHousingReturn.cs; Source/NexusForever.WorldServer/Network/Message/Handler/Housing/ClientHousingReturnHandler.cs","ClientHousingReturn; ClientHousingReturnHandler","Observed","","Decomp/Analysis/coverage/opcode_coverage_inventory.csv","Native registration and payload evidence have not yet been recorded in coverage; run a focused decompile pass before semantic use.","2026-06-11"
"TRACE-OPCCLIENTCLIENTHOUSINGVENDORLIST0525","OPC-CLIENT-CLIENTHOUSINGVENDORLIST-0525","WildStar64.exe","","ClientHousingVendorList","Client opcode coverage","CoverageModelHandler","Source/NexusForever.Network.World/Message/Model/ClientHousingVendorList.cs; Source/NexusForever.WorldServer/Network/Message/Handler/Housing/ClientHousingVendorListHandler.cs","ClientHousingVendorList; ClientHousingVendorListHandler","Observed","","Decomp/Analysis/coverage/opcode_coverage_inventory.csv","Native registration and payload evidence have not yet been recorded in coverage; run a focused decompile pass before semantic use.","2026-06-11"
"TRACE-OPCCLIENTCLIENTHOUSINGVISIT0531","OPC-CLIENT-CLIENTHOUSINGVISIT-0531","WildStar64.exe","","ClientHousingVisit","Client opcode coverage","CoverageModelHandler","Source/NexusForever.Network.World/Message/Model/ClientHousingVisit.cs; Source/NexusForever.WorldServer/Network/Message/Handler/Housing/ClientHousingVisitHandler.cs","ClientHousingVisit; ClientHousingVisitHandler","Observed","","Decomp/Analysis/coverage/opcode_coverage_inventory.csv","Native registration and payload evidence have not yet been recorded in coverage; run a focused decompile pass before semantic use.","2026-06-11"
"TRACE-OPCCLIENTCLIENTHOUSINGVISITRESIDENCE052F","OPC-CLIENT-CLIENTHOUSINGVISITRESIDENCE-052F","WildStar64.exe","","ClientHousingVisitResidence","Client opcode coverage","CoverageModelHandler","Source/NexusForever.Network.World/Message/Model/ClientHousingVisitResidence.cs; Source/NexusForever.WorldServer/Network/Message/Handler/Housing/ClientHousingVisitResidenceHandler.cs","ClientHousingVisitResidence; ClientHousingVisitResidenceHandler","Observed","","Decomp/Analysis/coverage/opcode_coverage_inventory.csv","Native registration and payload evidence have not yet been recorded in coverage; run a focused decompile pass before semantic use.","2026-06-11"
"TRACE-OPCCLIENTCLIENTICCOMMCHANNELJOIN0546","OPC-CLIENT-CLIENTICCOMMCHANNELJOIN-0546","WildStar64.exe","","ClientICCommChannelJoin","Client opcode coverage","CoverageModelHandler","Source/NexusForever.Network.World/Message/Model/ICComm/ClientICCommChannelJoin.cs; Source/NexusForever.WorldServer/Network/Message/Handler/ICComm/ClientICCommHandlers.cs","ClientICCommChannelJoin; ClientICCommChannelJoinHandler","Observed","","Decomp/Analysis/coverage/opcode_coverage_inventory.csv","Native registration and payload evidence have not yet been recorded in coverage; run a focused decompile pass before semantic use.","2026-06-11"
"TRACE-OPCCLIENTCLIENTICCOMMCHANNELNOTJOINED0549","OPC-CLIENT-CLIENTICCOMMCHANNELNOTJOINED-0549","WildStar64.exe","","ClientICCommChannelNotJoined","Client opcode coverage","CoverageModelHandler","Source/NexusForever.Network.World/Message/Model/ICComm/ClientICCommChannelNotJoined.cs; Source/NexusForever.WorldServer/Network/Message/Handler/ICComm/ClientICCommHandlers.cs","ClientICCommChannelNotJoined; ClientICCommChannelNotJoinedHandler","Observed","","Decomp/Analysis/coverage/opcode_coverage_inventory.csv","Native registration and payload evidence have not yet been recorded in coverage; run a focused decompile pass before semantic use.","2026-06-11"
"TRACE-OPCCLIENTCLIENTICCOMMMESSAGE054B","OPC-CLIENT-CLIENTICCOMMMESSAGE-054B","WildStar64.exe","","ClientICCommMessage","Client opcode coverage","CoverageModelHandler","Source/NexusForever.Network.World/Message/Model/ICComm/ClientICCommMessage.cs; Source/NexusForever.WorldServer/Network/Message/Handler/ICComm/ClientICCommHandlers.cs","ClientICCommMessage; ClientICCommMessageHandler","Observed","","Decomp/Analysis/coverage/opcode_coverage_inventory.csv","Native registration and payload evidence have not yet been recorded in coverage; run a focused decompile pass before semantic use.","2026-06-11"
"TRACE-OPCCLIENTCLIENTINCIDENTREPORT06C5","OPC-CLIENT-CLIENTINCIDENTREPORT-06C5","WildStar64.exe","","ClientIncidentReport","Client opcode coverage","CoverageModelHandler","Source/NexusForever.Network.World/Message/Model/Support/ClientIncidentReport.cs; Source/NexusForever.WorldServer/Network/Message/Handler/Support/ClientSupportHandlers.cs","ClientIncidentReport; ClientIncidentReportHandler","Observed","","Decomp/Analysis/coverage/opcode_coverage_inventory.csv","Native registration and payload evidence have not yet been recorded in coverage; run a focused decompile pass before semantic use.","2026-06-11"
"TRACE-OPCCLIENTCLIENTINITIATEPTRCHARACTERCOPY06E7","OPC-CLIENT-CLIENTINITIATEPTRCHARACTERCOPY-06E7","WildStar64.exe","","ClientInitiatePTRCharacterCopy","Client opcode coverage","CoverageModelHandler","Source/NexusForever.Network.World/Message/Model/Pregame/ClientInitiatePTRCharacterCopy.cs; Source/NexusForever.WorldServer/Network/Message/Handler/Misc/ClientInitiatePTRCharacterCopyHandler.cs","ClientInitiatePTRCharacterCopy; ClientInitiatePTRCharacterCopyHandler","Correlated","","Decomp/Analysis/coverage/opcode_coverage_inventory.csv","Promote to Mapped only after native registration and payload functions are copied into this row from focused evidence.","2026-06-11"
"TRACE-OPCCLIENTCLIENTINSPECTPLAYERREQUEST0552","OPC-CLIENT-CLIENTINSPECTPLAYERREQUEST-0552","WildStar64.exe","","ClientInspectPlayerRequest","Client opcode coverage","CoverageModelHandler","Source/NexusForever.Network.World/Message/Model/Utility/ClientInspectPlayerRequest.cs; Source/NexusForever.WorldServer/Network/Message/Handler/Entity/Player/ClientInspectPlayerRequestHandler.cs","ClientInspectPlayerRequest; ClientInspectPlayerRequestHandler","Observed","","Decomp/Analysis/coverage/opcode_coverage_inventory.csv","Native registration and payload evidence have not yet been recorded in coverage; run a focused decompile pass before semantic use.","2026-06-11"
"TRACE-OPCCLIENTCLIENTITEMCONTEXTACTION00B6","OPC-CLIENT-CLIENTITEMCONTEXTACTION-00B6","WildStar64.exe","","ClientItemContextAction","Client opcode coverage","CoverageModelHandler","Source/NexusForever.Network.World/Message/Model/ClientItemContextAction.cs; Source/NexusForever.WorldServer/Network/Message/Handler/Item/ClientItemContextActionHandler.cs","ClientItemContextAction; ClientItemContextActionHandler","Correlated","","Decomp/Analysis/coverage/opcode_coverage_inventory.csv","Promote to Mapped only after native registration and payload functions are copied into this row from focused evidence.","2026-06-11"
"TRACE-OPCCLIENTCLIENTITEMDELETE0149","OPC-CLIENT-CLIENTITEMDELETE-0149","WildStar64.exe","","ClientItemDelete","Client opcode coverage","CoverageModelHandler","Source/NexusForever.Network.World/Message/Model/ClientItemDelete.cs; Source/NexusForever.WorldServer/Network/Message/Handler/Item/ClientItemDeleteHandler.cs","ClientItemDelete; ClientItemDeleteHandler","Observed","","Decomp/Analysis/coverage/opcode_coverage_inventory.csv","Native registration and payload evidence have not yet been recorded in coverage; run a focused decompile pass before semantic use.","2026-06-11"
"TRACE-OPCCLIENTCLIENTITEMGENERICUNLOCK0400","OPC-CLIENT-CLIENTITEMGENERICUNLOCK-0400","WildStar64.exe","","ClientItemGenericUnlock","Client opcode coverage","CoverageModelHandler","Source/NexusForever.Network.World/Message/Model/GenericUnlock/ClientItemGenericUnlock.cs; Source/NexusForever.WorldServer/Network/Message/Handler/Item/ClientItemGenericUnlockHandler.cs","ClientItemGenericUnlock; ClientItemGenericUnlockHandler","Observed","","Decomp/Analysis/coverage/opcode_coverage_inventory.csv","Native registration and payload evidence have not yet been recorded in coverage; run a focused decompile pass before semantic use.","2026-06-11"
"TRACE-OPCCLIENTCLIENTITEMMOVE0182","OPC-CLIENT-CLIENTITEMMOVE-0182","WildStar64.exe","","ClientItemMove","Client opcode coverage","CoverageModelHandler","Source/NexusForever.Network.World/Message/Model/ClientItemMove.cs; Source/NexusForever.WorldServer/Network/Message/Handler/Item/ClientItemMoveHandler.cs","ClientItemMove; ClientItemMoveHandler","Observed","","Decomp/Analysis/coverage/opcode_coverage_inventory.csv","Native registration and payload evidence have not yet been recorded in coverage; run a focused decompile pass before semantic use.","2026-06-11"
"TRACE-OPCCLIENTCLIENTITEMMOVEFROMSUPPLYSATCHEL0184","OPC-CLIENT-CLIENTITEMMOVEFROMSUPPLYSATCHEL-0184","WildStar64.exe","","ClientItemMoveFromSupplySatchel","Client opcode coverage","CoverageModelHandler","Source/NexusForever.Network.World/Message/Model/ClientItemMoveFromSupplySatchel.cs; Source/NexusForever.WorldServer/Network/Message/Handler/Item/ClientItemMoveFromSupplySatchelHandler.cs","ClientItemMoveFromSupplySatchel; ClientItemMoveFromSupplySatchelHandler","Observed","","Decomp/Analysis/coverage/opcode_coverage_inventory.csv","Native registration and payload evidence have not yet been recorded in coverage; run a focused decompile pass before semantic use.","2026-06-11"
"TRACE-OPCCLIENTCLIENTITEMMOVETOSUPPLYSATCHEL012A","OPC-CLIENT-CLIENTITEMMOVETOSUPPLYSATCHEL-012A","WildStar64.exe","","ClientItemMoveToSupplySatchel","Client opcode coverage","CoverageModelHandler","Source/NexusForever.Network.World/Message/Model/ClientItemMoveToSupplySatchel.cs; Source/NexusForever.WorldServer/Network/Message/Handler/Item/ClientItemMoveToSupplySatchelHandler.cs","ClientItemMoveToSupplySatchel; ClientItemMoveToSupplySatchelHandler","Observed","","Decomp/Analysis/coverage/opcode_coverage_inventory.csv","Native registration and payload evidence have not yet been recorded in coverage; run a focused decompile pass before semantic use.","2026-06-11"
"TRACE-OPCCLIENTCLIENTITEMSPLIT017D","OPC-CLIENT-CLIENTITEMSPLIT-017D","WildStar64.exe","","ClientItemSplit","Client opcode coverage","CoverageModelHandler","Source/NexusForever.Network.World/Message/Model/ClientItemSplit.cs; Source/NexusForever.WorldServer/Network/Message/Handler/Item/ClientItemSplitHandler.cs","ClientItemSplit; ClientItemSplitHandler","Observed","","Decomp/Analysis/coverage/opcode_coverage_inventory.csv","Native registration and payload evidence have not yet been recorded in coverage; run a focused decompile pass before semantic use.","2026-06-11"
"TRACE-OPCCLIENTCLIENTITEMUSE0943","OPC-CLIENT-CLIENTITEMUSE-0943","WildStar64.exe","","ClientItemUse","Client opcode coverage","CoverageModelHandler","Source/NexusForever.Network.World/Message/Model/ClientItemUse.cs; Source/NexusForever.WorldServer/Network/Message/Handler/Item/ClientItemUseHandler.cs","ClientItemUse; ClientItemUseHandler","Observed","","Decomp/Analysis/coverage/opcode_coverage_inventory.csv","Native registration and payload evidence have not yet been recorded in coverage; run a focused decompile pass before semantic use.","2026-06-11"
"TRACE-OPCCLIENTCLIENTITEMUSEDECOR04E7","OPC-CLIENT-CLIENTITEMUSEDECOR-04E7","WildStar64.exe","","ClientItemUseDecor","Client opcode coverage","CoverageModelHandler","Source/NexusForever.Network.World/Message/Model/ClientItemUseDecor.cs; Source/NexusForever.WorldServer/Network/Message/Handler/Item/ClientItemUseDecorHandler.cs","ClientItemUseDecor; ClientItemUseDecorHandler","Observed","","Decomp/Analysis/coverage/opcode_coverage_inventory.csv","Native registration and payload evidence have not yet been recorded in coverage; run a focused decompile pass before semantic use.","2026-06-11"
"TRACE-OPCCLIENTCLIENTITEMUSELOOTBAG015E","OPC-CLIENT-CLIENTITEMUSELOOTBAG-015E","WildStar64.exe","","ClientItemUseLootBag","Client opcode coverage","CoverageModelHandler","Source/NexusForever.Network.World/Message/Model/ClientItemUseLootBag.cs; Source/NexusForever.WorldServer/Network/Message/Handler/Item/ClientItemUseLootBagHandler.cs","ClientItemUseLootBag; ClientItemUseLootBagHandler","Observed","","Decomp/Analysis/coverage/opcode_coverage_inventory.csv","Native registration and payload evidence have not yet been recorded in coverage; run a focused decompile pass before semantic use.","2026-06-11"
"TRACE-OPCCLIENTCLIENTLEADERBOARDPVEREQUEST079A","OPC-CLIENT-CLIENTLEADERBOARDPVEREQUEST-079A","WildStar64.exe","","ClientLeaderboardPveRequest","Client opcode coverage","CoverageModelHandler","Source/NexusForever.Network.World/Message/Model/Leaderboard/ClientLeaderboardPveRequest.cs; Source/NexusForever.WorldServer/Network/Message/Handler/Leaderboard/ClientLeaderboardPveRequestHandler.cs","ClientLeaderboardPveRequest; ClientLeaderboardPveRequestHandler","Observed","","Decomp/Analysis/coverage/opcode_coverage_inventory.csv","Native registration and payload evidence have not yet been recorded in coverage; run a focused decompile pass before semantic use.","2026-06-11"
"TRACE-OPCCLIENTCLIENTLEADERBOARDPVPREQUEST0799","OPC-CLIENT-CLIENTLEADERBOARDPVPREQUEST-0799","WildStar64.exe","","ClientLeaderboardPvpRequest","Client opcode coverage","CoverageModelHandler","Source/NexusForever.Network.World/Message/Model/Leaderboard/ClientLeaderboardPvpRequest.cs; Source/NexusForever.WorldServer/Network/Message/Handler/Leaderboard/ClientLeaderboardPvpRequestHandler.cs","ClientLeaderboardPvpRequest; ClientLeaderboardPvpRequestHandler","Observed","","Decomp/Analysis/coverage/opcode_coverage_inventory.csv","Native registration and payload evidence have not yet been recorded in coverage; run a focused decompile pass before semantic use.","2026-06-11"
"TRACE-OPCCLIENTCLIENTLEAVEPENDINGREMOVALINSTANCE057C","OPC-CLIENT-CLIENTLEAVEPENDINGREMOVALINSTANCE-057C","WildStar64.exe","","ClientLeavePendingRemovalInstance","Client opcode coverage","CoverageModelHandler","Source/NexusForever.Network.World/Message/Model/Instance/ClientLeavePendingRemovalInstance.cs; Source/NexusForever.WorldServer/Network/Message/Handler/Instance/ClientLeavePendingRemovalInstanceHandler.cs","ClientLeavePendingRemovalInstance; ClientLeavePendingRemovalInstanceHandler","Observed","","Decomp/Analysis/coverage/opcode_coverage_inventory.csv","Native registration and payload evidence have not yet been recorded in coverage; run a focused decompile pass before semantic use.","2026-06-11"
"TRACE-OPCCLIENTCLIENTLOGOUTCONFIRM00C0","OPC-CLIENT-CLIENTLOGOUTCONFIRM-00C0","WildStar64.exe","","ClientLogoutConfirm","Client opcode coverage","CoverageModelHandler","Source/NexusForever.Network.World/Message/Model/ClientLogoutConfirm.cs; Source/NexusForever.WorldServer/Network/Message/Handler/Entity/Player/ClientLogoutConfirmHandler.cs","ClientLogoutConfirm; ClientLogoutConfirmHandler","Observed","","Decomp/Analysis/coverage/opcode_coverage_inventory.csv","Native registration and payload evidence have not yet been recorded in coverage; run a focused decompile pass before semantic use.","2026-06-11"
"TRACE-OPCCLIENTCLIENTLOGOUTREQUEST00BF","OPC-CLIENT-CLIENTLOGOUTREQUEST-00BF","WildStar64.exe","","ClientLogoutRequest","Client opcode coverage","CoverageModelHandler","Source/NexusForever.Network.World/Message/Model/ClientLogoutRequest.cs; Source/NexusForever.WorldServer/Network/Message/Handler/Entity/Player/ClientRequestLogoutHandler.cs","ClientLogoutRequest; ClientRequestLogoutHandler","Observed","","Decomp/Analysis/coverage/opcode_coverage_inventory.csv","Native registration and payload evidence have not yet been recorded in coverage; run a focused decompile pass before semantic use.","2026-06-11"
"TRACE-OPCCLIENTCLIENTLOOTASSIGNMASTER00B5","OPC-CLIENT-CLIENTLOOTASSIGNMASTER-00B5","WildStar64.exe","","ClientLootAssignMaster","Client opcode coverage","CoverageModelHandler","Source/NexusForever.Network.World/Message/Model/Loot/ClientLootAssignMaster.cs; Source/NexusForever.WorldServer/Network/Message/Handler/Loot/ClientUnsupportedLootHandlers.cs","ClientLootAssignMaster; ClientLootAssignMasterHandler","Observed","","Decomp/Analysis/coverage/opcode_coverage_inventory.csv","Native registration and payload evidence have not yet been recorded in coverage; run a focused decompile pass before semantic use.","2026-06-11"
"TRACE-OPCCLIENTCLIENTLOOTITEM014F","OPC-CLIENT-CLIENTLOOTITEM-014F","WildStar64.exe","","ClientLootItem","Client opcode coverage","CoverageModelHandler","Source/NexusForever.Network.World/Message/Model/Loot/ClientLootItem.cs; Source/NexusForever.WorldServer/Network/Message/Handler/Loot/ClientUnsupportedLootHandlers.cs","ClientLootItem; ClientLootItemHandler","Observed","","Decomp/Analysis/coverage/opcode_coverage_inventory.csv","Native registration and payload evidence have not yet been recorded in coverage; run a focused decompile pass before semantic use.","2026-06-11"
"TRACE-OPCCLIENTCLIENTLOOTROLLACTION015D","OPC-CLIENT-CLIENTLOOTROLLACTION-015D","WildStar64.exe","","ClientLootRollAction","Client opcode coverage","CoverageModelHandler","Source/NexusForever.Network.World/Message/Model/Loot/ClientLootRollAction.cs; Source/NexusForever.WorldServer/Network/Message/Handler/Loot/ClientUnsupportedLootHandlers.cs","ClientLootRollAction; ClientLootRollActionHandler","Observed","","Decomp/Analysis/coverage/opcode_coverage_inventory.csv","Native registration and payload evidence have not yet been recorded in coverage; run a focused decompile pass before semantic use.","2026-06-11"
"TRACE-OPCCLIENTCLIENTLOOTVACUUM01AD","OPC-CLIENT-CLIENTLOOTVACUUM-01AD","WildStar64.exe","","ClientLootVacuum","Client opcode coverage","CoverageModelHandler","Source/NexusForever.Network.World/Message/Model/Loot/ClientLootVacuum.cs; Source/NexusForever.WorldServer/Network/Message/Handler/Loot/ClientUnsupportedLootHandlers.cs","ClientLootVacuum; ClientLootVacuumHandler","Observed","","Decomp/Analysis/coverage/opcode_coverage_inventory.csv","Native registration and payload evidence have not yet been recorded in coverage; run a focused decompile pass before semantic use.","2026-06-11"
"TRACE-OPCCLIENTCLIENTMAILDELETE011E","OPC-CLIENT-CLIENTMAILDELETE-011E","WildStar64.exe","","ClientMailDelete","Client opcode coverage","CoverageModelHandler","Source/NexusForever.Network.World/Message/Model/Mail/ClientMailDelete.cs; Source/NexusForever.WorldServer/Network/Message/Handler/Mail/ClientMailDeleteHandler.cs","ClientMailDelete; ClientMailDeleteHandler","Observed","","Decomp/Analysis/coverage/opcode_coverage_inventory.csv","Native registration and payload evidence have not yet been recorded in coverage; run a focused decompile pass before semantic use.","2026-06-11"
"TRACE-OPCCLIENTCLIENTMAILOPEN0122","OPC-CLIENT-CLIENTMAILOPEN-0122","WildStar64.exe","","ClientMailOpen","Client opcode coverage","CoverageModelHandler","Source/NexusForever.Network.World/Message/Model/Mail/ClientMailOpen.cs; Source/NexusForever.WorldServer/Network/Message/Handler/Mail/ClientMailOpenHandler.cs","ClientMailOpen; ClientMailOpenHandler","Observed","","Decomp/Analysis/coverage/opcode_coverage_inventory.csv","Native registration and payload evidence have not yet been recorded in coverage; run a focused decompile pass before semantic use.","2026-06-11"
"TRACE-OPCCLIENTCLIENTMAILPAYCOD0123","OPC-CLIENT-CLIENTMAILPAYCOD-0123","WildStar64.exe","","ClientMailPayCod","Client opcode coverage","CoverageModelHandler","Source/NexusForever.Network.World/Message/Model/Mail/ClientMailPayCOD.cs; Source/NexusForever.WorldServer/Network/Message/Handler/Mail/ClientMailPayCodHandler.cs","ClientMailPayCod; ClientMailPayCodHandler","Observed","","Decomp/Analysis/coverage/opcode_coverage_inventory.csv","Native registration and payload evidence have not yet been recorded in coverage; run a focused decompile pass before semantic use.","2026-06-11"
"TRACE-OPCCLIENTCLIENTMAILRETURN0124","OPC-CLIENT-CLIENTMAILRETURN-0124","WildStar64.exe","","ClientMailReturn","Client opcode coverage","CoverageModelHandler","Source/NexusForever.Network.World/Message/Model/Mail/ClientMailReturn.cs; Source/NexusForever.WorldServer/Network/Message/Handler/Mail/ClientMailReturnHandler.cs","ClientMailReturn; ClientMailReturnHandler","Observed","","Decomp/Analysis/coverage/opcode_coverage_inventory.csv","Native registration and payload evidence have not yet been recorded in coverage; run a focused decompile pass before semantic use.","2026-06-11"
"TRACE-OPCCLIENTCLIENTMAILSEND0168","OPC-CLIENT-CLIENTMAILSEND-0168","WildStar64.exe","","ClientMailSend","Client opcode coverage","CoverageModelHandler","Source/NexusForever.Network.World/Message/Model/Mail/ClientMailSend.cs; Source/NexusForever.WorldServer/Network/Message/Handler/Mail/ClientMailSendHandler.cs","ClientMailSend; ClientMailSendHandler","Observed","","Decomp/Analysis/coverage/opcode_coverage_inventory.csv","Native registration and payload evidence have not yet been recorded in coverage; run a focused decompile pass before semantic use.","2026-06-11"
"TRACE-OPCCLIENTCLIENTMAILTAKEALLFROMSELECTION0125","OPC-CLIENT-CLIENTMAILTAKEALLFROMSELECTION-0125","WildStar64.exe","","ClientMailTakeAllFromSelection","Client opcode coverage","CoverageModelHandler","Source/NexusForever.Network.World/Message/Model/Mail/ClientMailTakeAllFromSelection.cs; Source/NexusForever.WorldServer/Network/Message/Handler/Mail/ClientMailTakeAllFromSelectionHandler.cs","ClientMailTakeAllFromSelection; ClientMailTakeAllFromSelectionHandler","Observed","","Decomp/Analysis/coverage/opcode_coverage_inventory.csv","Native registration and payload evidence have not yet been recorded in coverage; run a focused decompile pass before semantic use.","2026-06-11"
"TRACE-OPCCLIENTCLIENTMAILTAKEATTACHMENT0126","OPC-CLIENT-CLIENTMAILTAKEATTACHMENT-0126","WildStar64.exe","","ClientMailTakeAttachment","Client opcode coverage","CoverageModelHandler","Source/NexusForever.Network.World/Message/Model/Mail/ClientMailTakeAttachment.cs; Source/NexusForever.WorldServer/Network/Message/Handler/Mail/ClientMailTakeAttachmentHandler.cs","ClientMailTakeAttachment; ClientMailTakeAttachmentHandler","Observed","","Decomp/Analysis/coverage/opcode_coverage_inventory.csv","Native registration and payload evidence have not yet been recorded in coverage; run a focused decompile pass before semantic use.","2026-06-11"
"TRACE-OPCCLIENTCLIENTMAILTAKECASH0127","OPC-CLIENT-CLIENTMAILTAKECASH-0127","WildStar64.exe","","ClientMailTakeCash","Client opcode coverage","CoverageModelHandler","Source/NexusForever.Network.World/Message/Model/Mail/ClientMailTakeCash.cs; Source/NexusForever.WorldServer/Network/Message/Handler/Mail/ClientMailTakeCashHandler.cs","ClientMailTakeCash; ClientMailTakeCashHandler","Observed","","Decomp/Analysis/coverage/opcode_coverage_inventory.csv","Native registration and payload evidence have not yet been recorded in coverage; run a focused decompile pass before semantic use.","2026-06-11"
"TRACE-OPCCLIENTCLIENTMATCHINGGAMEREADYRESPONSE05C8","OPC-CLIENT-CLIENTMATCHINGGAMEREADYRESPONSE-05C8","WildStar64.exe","","ClientMatchingGameReadyResponse","Client opcode coverage","CoverageModelHandler","Source/NexusForever.Network.World/Message/Model/ClientMatchingGameReadyResponse.cs; Source/NexusForever.WorldServer/Network/Message/Handler/Matching/ClientMatchingGameReadyResponseHandler.cs","ClientMatchingGameReadyResponse; ClientMatchingGameReadyResponseHandler","Correlated","","Decomp/Analysis/coverage/opcode_coverage_inventory.csv","Promote to Mapped only after native registration and payload functions are copied into this row from focused evidence.","2026-06-11"
"TRACE-OPCCLIENTCLIENTMATCHINGMATCHCASTVOTEKICK0617","OPC-CLIENT-CLIENTMATCHINGMATCHCASTVOTEKICK-0617","WildStar64.exe","","ClientMatchingMatchCastVoteKick","Client opcode coverage","CoverageModelHandler","Source/NexusForever.Network.World/Message/Model/ClientMatchingMatchCastVoteKick.cs; Source/NexusForever.WorldServer/Network/Message/Handler/Matching/ClientMatchingMatchCastVoteKickHandler.cs","ClientMatchingMatchCastVoteKick; ClientMatchingMatchCastVoteKickHandler","Correlated","","Decomp/Analysis/coverage/opcode_coverage_inventory.csv","Promote to Mapped only after native registration and payload functions are copied into this row from focused evidence.","2026-06-11"
"TRACE-OPCCLIENTCLIENTMATCHINGMATCHCASTVOTESURRENDER0624","OPC-CLIENT-CLIENTMATCHINGMATCHCASTVOTESURRENDER-0624","WildStar64.exe","","ClientMatchingMatchCastVoteSurrender","Client opcode coverage","CoverageModelHandler","Source/NexusForever.Network.World/Message/Model/ClientMatchingMatchCastVoteSurrender.cs; Source/NexusForever.WorldServer/Network/Message/Handler/Matching/ClientMatchingMatchCastVoteSurrenderHandler.cs","ClientMatchingMatchCastVoteSurrender; ClientMatchingMatchCastVoteSurrenderHandler","Correlated","","Decomp/Analysis/coverage/opcode_coverage_inventory.csv","Promote to Mapped only after native registration and payload functions are copied into this row from focused evidence.","2026-06-11"
"TRACE-OPCCLIENTCLIENTMATCHINGMATCHINITIATELOOKINGFORREPLACEMENTS05D5","OPC-CLIENT-CLIENTMATCHINGMATCHINITIATELOOKINGFORREPLACEMENTS-05D5","WildStar64.exe","","ClientMatchingMatchInitiateLookingForReplacements","Client opcode coverage","CoverageModelHandler","Source/NexusForever.Network.World/Message/Model/ClientMatchingMatchInitiateLookingForReplacements.cs; Source/NexusForever.WorldServer/Network/Message/Handler/Matching/ClientMatchingMatchInitiateLookingForReplacementsHandler.cs","ClientMatchingMatchInitiateLookingForReplacements; ClientMatchingMatchInitiateLookingForReplacementsHandler","Correlated","","Decomp/Analysis/coverage/opcode_coverage_inventory.csv","Promote to Mapped only after native registration and payload functions are copied into this row from focused evidence.","2026-06-11"
"TRACE-OPCCLIENTCLIENTMATCHINGMATCHINITIATEVOTETOKICK05D1","OPC-CLIENT-CLIENTMATCHINGMATCHINITIATEVOTETOKICK-05D1","WildStar64.exe","","ClientMatchingMatchInitiateVoteToKick","Client opcode coverage","CoverageModelHandler","Source/NexusForever.Network.World/Message/Model/ClientMatchingMatchInitiateVoteToKick.cs; Source/NexusForever.WorldServer/Network/Message/Handler/Matching/ClientMatchingMatchInitiateVoteToKickHandler.cs","ClientMatchingMatchInitiateVoteToKick; ClientMatchingMatchInitiateVoteToKickHandler","Correlated","","Decomp/Analysis/coverage/opcode_coverage_inventory.csv","Promote to Mapped only after native registration and payload functions are copied into this row from focused evidence.","2026-06-11"
"TRACE-OPCCLIENTCLIENTMATCHINGMATCHINITIATEVOTETOSURRENDER05D3","OPC-CLIENT-CLIENTMATCHINGMATCHINITIATEVOTETOSURRENDER-05D3","WildStar64.exe","","ClientMatchingMatchInitiateVoteToSurrender","Client opcode coverage","CoverageModelHandler","Source/NexusForever.Network.World/Message/Model/ClientMatchingMatchInitiateVoteToSurrender.cs; Source/NexusForever.WorldServer/Network/Message/Handler/Matching/ClientMatchingMatchInitiateVoteToSurrenderHandler.cs","ClientMatchingMatchInitiateVoteToSurrender; ClientMatchingMatchInitiateVoteToSurrenderHandler","Correlated","","Decomp/Analysis/coverage/opcode_coverage_inventory.csv","Promote to Mapped only after native registration and payload functions are copied into this row from focused evidence.","2026-06-11"
"TRACE-OPCCLIENTCLIENTMATCHINGMATCHLEAVE05DA","OPC-CLIENT-CLIENTMATCHINGMATCHLEAVE-05DA","WildStar64.exe","","ClientMatchingMatchLeave","Client opcode coverage","CoverageModelHandler","Source/NexusForever.Network.World/Message/Model/ClientMatchingMatchLeave.cs; Source/NexusForever.WorldServer/Network/Message/Handler/Matching/ClientMatchingMatchLeaveHandler.cs","ClientMatchingMatchLeave; ClientMatchingMatchLeaveHandler","Correlated","","Decomp/Analysis/coverage/opcode_coverage_inventory.csv","Promote to Mapped only after native registration and payload functions are copied into this row from focused evidence.","2026-06-11"
"TRACE-OPCCLIENTCLIENTMATCHINGQUEUE05EF","OPC-CLIENT-CLIENTMATCHINGQUEUE-05EF","WildStar64.exe","","ClientMatchingQueue","Client opcode coverage","CoverageModelHandler","Source/NexusForever.Network.World/Message/Model/ClientMatchingQueue.cs; Source/NexusForever.WorldServer/Network/Message/Handler/Matching/ClientMatchingQueueHandler.cs","ClientMatchingQueue; ClientMatchingQueueHandler","Correlated","","Decomp/Analysis/coverage/opcode_coverage_inventory.csv","Promote to Mapped only after native registration and payload functions are copied into this row from focused evidence.","2026-06-11"
"TRACE-OPCCLIENTCLIENTMATCHINGQUEUELEAVE05B5","OPC-CLIENT-CLIENTMATCHINGQUEUELEAVE-05B5","WildStar64.exe","","ClientMatchingQueueLeave","Client opcode coverage","CoverageModelHandler","Source/NexusForever.Network.World/Message/Model/ClientMatchingQueueLeave.cs; Source/NexusForever.WorldServer/Network/Message/Handler/Matching/ClientMatchingQueueLeaveHandler.cs","ClientMatchingQueueLeave; ClientMatchingQueueLeaveHandler","Correlated","","Decomp/Analysis/coverage/opcode_coverage_inventory.csv","Promote to Mapped only after native registration and payload functions are copied into this row from focused evidence.","2026-06-11"
"TRACE-OPCCLIENTCLIENTMATCHINGQUEUELEAVEALL05B4","OPC-CLIENT-CLIENTMATCHINGQUEUELEAVEALL-05B4","WildStar64.exe","","ClientMatchingQueueLeaveAll","Client opcode coverage","CoverageModelHandler","Source/NexusForever.Network.World/Message/Model/ClientMatchingQueueLeaveAll.cs; Source/NexusForever.WorldServer/Network/Message/Handler/Matching/ClientMatchingQueueLeaveAllHandler.cs","ClientMatchingQueueLeaveAll; ClientMatchingQueueLeaveAllHandler","Correlated","","Decomp/Analysis/coverage/opcode_coverage_inventory.csv","Promote to Mapped only after native registration and payload functions are copied into this row from focused evidence.","2026-06-11"
"TRACE-OPCCLIENTCLIENTMATCHINGQUEUELEAVEASGROUP05B6","OPC-CLIENT-CLIENTMATCHINGQUEUELEAVEASGROUP-05B6","WildStar64.exe","","ClientMatchingQueueLeaveAsGroup","Client opcode coverage","CoverageModelHandler","Source/NexusForever.Network.World/Message/Model/ClientMatchingLeaveQueueAsGroup.cs; Source/NexusForever.WorldServer/Network/Message/Handler/Matching/ClientMatchingQueueLeaveAsGroupHandler.cs","ClientMatchingQueueLeaveAsGroup; ClientMatchingQueueLeaveAsGroupHandler","Correlated","","Decomp/Analysis/coverage/opcode_coverage_inventory.csv","Promote to Mapped only after native registration and payload functions are copied into this row from focused evidence.","2026-06-11"
"TRACE-OPCCLIENTCLIENTMATCHINGQUEUEPARTY05F3","OPC-CLIENT-CLIENTMATCHINGQUEUEPARTY-05F3","WildStar64.exe","","ClientMatchingQueueParty","Client opcode coverage","CoverageModelHandler","Source/NexusForever.Network.World/Message/Model/ClientMatchingQueueParty.cs; Source/NexusForever.WorldServer/Network/Message/Handler/Matching/ClientMatchingQueuePartyHandler.cs","ClientMatchingQueueParty; ClientMatchingQueuePartyHandler","Correlated","","Decomp/Analysis/coverage/opcode_coverage_inventory.csv","Promote to Mapped only after native registration and payload functions are copied into this row from focused evidence.","2026-06-11"
"TRACE-OPCCLIENTCLIENTMATCHINGQUEUERANDOM05F8","OPC-CLIENT-CLIENTMATCHINGQUEUERANDOM-05F8","WildStar64.exe","","ClientMatchingQueueRandom","Client opcode coverage","CoverageModelHandler","Source/NexusForever.Network.World/Message/Model/ClientMatchingQueueRandom.cs; Source/NexusForever.WorldServer/Network/Message/Handler/Matching/ClientMatchingQueueRandomHandler.cs","ClientMatchingQueueRandom; ClientMatchingQueueRandomHandler","Correlated","","Decomp/Analysis/coverage/opcode_coverage_inventory.csv","Promote to Mapped only after native registration and payload functions are copied into this row from focused evidence.","2026-06-11"
"TRACE-OPCCLIENTCLIENTMATCHINGQUEUERANDOMPARTY05F9","OPC-CLIENT-CLIENTMATCHINGQUEUERANDOMPARTY-05F9","WildStar64.exe","","ClientMatchingQueueRandomParty","Client opcode coverage","CoverageModelHandler","Source/NexusForever.Network.World/Message/Model/ClientMatchingQueueRandomParty.cs; Source/NexusForever.WorldServer/Network/Message/Handler/Matching/ClientMatchingQueueRandomPartyHandler.cs","ClientMatchingQueueRandomParty; ClientMatchingQueueRandomPartyHandler","Correlated","","Decomp/Analysis/coverage/opcode_coverage_inventory.csv","Promote to Mapped only after native registration and payload functions are copied into this row from focused evidence.","2026-06-11"
"TRACE-OPCCLIENTCLIENTMATCHINGROLECHECKRESPONSE05B2","OPC-CLIENT-CLIENTMATCHINGROLECHECKRESPONSE-05B2","WildStar64.exe","","ClientMatchingRoleCheckResponse","Client opcode coverage","CoverageModelHandler","Source/NexusForever.Network.World/Message/Model/ClientMatchingRoleCheckResponse.cs; Source/NexusForever.WorldServer/Network/Message/Handler/Matching/ClientMatchingRoleCheckResponseHandler.cs","ClientMatchingRoleCheckResponse; ClientMatchingRoleCheckResponseHandler","Correlated","","Decomp/Analysis/coverage/opcode_coverage_inventory.csv","Promote to Mapped only after native registration and payload functions are copied into this row from focused evidence.","2026-06-11"
"TRACE-OPCCLIENTCLIENTMATCHINGSTOPLOOKINGFORREPLACEMENTS0602","OPC-CLIENT-CLIENTMATCHINGSTOPLOOKINGFORREPLACEMENTS-0602","WildStar64.exe","","ClientMatchingStopLookingForReplacements","Client opcode coverage","CoverageModelHandler","Source/NexusForever.Network.World/Message/Model/ClientMatchingStopLookingForReplacements.cs; Source/NexusForever.WorldServer/Network/Message/Handler/Matching/ClientMatchingStopLookingForReplacementsHandler.cs","ClientMatchingStopLookingForReplacements; ClientMatchingStopLookingForReplacementsHandler","Correlated","","Decomp/Analysis/coverage/opcode_coverage_inventory.csv","Promote to Mapped only after native registration and payload functions are copied into this row from focused evidence.","2026-06-11"
"TRACE-OPCCLIENTCLIENTMATCHINGTRANSFERINTOMATCH0606","OPC-CLIENT-CLIENTMATCHINGTRANSFERINTOMATCH-0606","WildStar64.exe","","ClientMatchingTransferIntoMatch","Client opcode coverage","CoverageModelHandler","Source/NexusForever.Network.World/Message/Model/ClientMatchingMatchTeleportInstance.cs; Source/NexusForever.WorldServer/Network/Message/Handler/Matching/ClientMatchingMatchTeleportInstanceHandler.cs","ClientMatchingTransferIntoMatch; ClientMatchingMatchTeleportInstanceHandler","Correlated","","Decomp/Analysis/coverage/opcode_coverage_inventory.csv","Promote to Mapped only after native registration and payload functions are copied into this row from focused evidence.","2026-06-11"
"TRACE-OPCCLIENTCLIENTMOVEMENTCONTROLACK0635","OPC-CLIENT-CLIENTMOVEMENTCONTROLACK-0635","WildStar64.exe","","ClientMovementControlAck","Client opcode coverage","CoverageModelHandler","Source/NexusForever.Network.World/Message/Model/ClientMovementControlAck.cs; Source/NexusForever.WorldServer/Network/Message/Handler/Misc/ClientMovementControlAckHandler.cs","ClientMovementControlAck; ClientMovementControlAckHandler","Correlated","","Decomp/Analysis/coverage/opcode_coverage_inventory.csv","Promote to Mapped only after native registration and payload functions are copied into this row from focused evidence.","2026-06-11"
"TRACE-OPCCLIENTCLIENTMOVEMENTFALLDAMAGE00FB","OPC-CLIENT-CLIENTMOVEMENTFALLDAMAGE-00FB","WildStar64.exe","","ClientMovementFallDamage","Client opcode coverage","CoverageModelHandler","Source/NexusForever.Network.World/Message/Model/ClientMovementFallDamage.cs; Source/NexusForever.WorldServer/Network/Message/Handler/Misc/ClientMappedRequestHandlers.cs","ClientMovementFallDamage; ClientMovementFallDamageHandler","Correlated","","Decomp/Analysis/coverage/opcode_coverage_inventory.csv","Promote to Mapped only after native registration and payload functions are copied into this row from focused evidence.","2026-06-11"
"TRACE-OPCCLIENTCLIENTMOVEMENTFALLLAND00FC","OPC-CLIENT-CLIENTMOVEMENTFALLLAND-00FC","WildStar64.exe","","ClientMovementFallLand","Client opcode coverage","CoverageModelHandler","Source/NexusForever.Network.World/Message/Model/ClientMovementFallLand.cs; Source/NexusForever.WorldServer/Network/Message/Handler/Misc/ClientMappedRequestHandlers.cs","ClientMovementFallLand; ClientMovementFallLandHandler","Correlated","","Decomp/Analysis/coverage/opcode_coverage_inventory.csv","Promote to Mapped only after native registration and payload functions are copied into this row from focused evidence.","2026-06-11"
"TRACE-OPCCLIENTCLIENTNONSPELLACTIONSETCHANGES016A","OPC-CLIENT-CLIENTNONSPELLACTIONSETCHANGES-016A","WildStar64.exe","","ClientNonSpellActionSetChanges","Client opcode coverage","CoverageModelHandler","Source/NexusForever.Network.World/Message/Model/Abilities/ClientNonSpellActionSetChanges.cs; Source/NexusForever.WorldServer/Network/Message/Handler/Spell/ClientNonSpellActionSetChangesHandler.cs","ClientNonSpellActionSetChanges; ClientNonSpellActionSetChangesHandler","Observed","","Decomp/Analysis/coverage/opcode_coverage_inventory.csv","Native registration and payload evidence have not yet been recorded in coverage; run a focused decompile pass before semantic use.","2026-06-11"
"TRACE-OPCCLIENTCLIENTOPTIONS012B","OPC-CLIENT-CLIENTOPTIONS-012B","WildStar64.exe","","ClientOptions","Client opcode coverage","CoverageModelHandler","Source/NexusForever.Network.World/Message/Model/Option/ClientOptions.cs; Source/NexusForever.WorldServer/Network/Message/Handler/Option/ClientOptionHandlers.cs","ClientOptions; ClientOptionsHandler","Observed","","Decomp/Analysis/coverage/opcode_coverage_inventory.csv","Native registration and payload evidence have not yet been recorded in coverage; run a focused decompile pass before semantic use.","2026-06-11"
"TRACE-OPCCLIENTCLIENTP2PTRADINGACCEPTINVITE018C","OPC-CLIENT-CLIENTP2PTRADINGACCEPTINVITE-018C","WildStar64.exe","","ClientP2PTradingAcceptInvite","Client opcode coverage","CoverageModelHandler","Source/NexusForever.Network.World/Message/Model/ClientP2PTradingAcceptInvite.cs; Source/NexusForever.WorldServer/Network/Message/Handler/Trade/ClientP2PTradingHandlers.cs","ClientP2PTradingAcceptInvite; ClientP2PTradingAcceptInviteHandler","Observed","","Decomp/Analysis/coverage/opcode_coverage_inventory.csv","Native registration and payload evidence have not yet been recorded in coverage; run a focused decompile pass before semantic use.","2026-06-11"
"TRACE-OPCCLIENTCLIENTP2PTRADINGADDITEM018D","OPC-CLIENT-CLIENTP2PTRADINGADDITEM-018D","WildStar64.exe","","ClientP2PTradingAddItem","Client opcode coverage","CoverageModelHandler","Source/NexusForever.Network.World/Message/Model/ClientP2PTradingAddItem.cs; Source/NexusForever.WorldServer/Network/Message/Handler/Trade/ClientP2PTradingHandlers.cs","ClientP2PTradingAddItem; ClientP2PTradingAddItemHandler","Observed","","Decomp/Analysis/coverage/opcode_coverage_inventory.csv","Native registration and payload evidence have not yet been recorded in coverage; run a focused decompile pass before semantic use.","2026-06-11"
"TRACE-OPCCLIENTCLIENTP2PTRADINGCANCELTRADE018F","OPC-CLIENT-CLIENTP2PTRADINGCANCELTRADE-018F","WildStar64.exe","","ClientP2PTradingCancelTrade","Client opcode coverage","CoverageModelHandler","Source/NexusForever.Network.World/Message/Model/ClientP2PTradingCancelTrade.cs; Source/NexusForever.WorldServer/Network/Message/Handler/Trade/ClientP2PTradingHandlers.cs","ClientP2PTradingCancelTrade; ClientP2PTradingCancelTradeHandler","Observed","","Decomp/Analysis/coverage/opcode_coverage_inventory.csv","Native registration and payload evidence have not yet been recorded in coverage; run a focused decompile pass before semantic use.","2026-06-11"
"TRACE-OPCCLIENTCLIENTP2PTRADINGCOMMIT0190","OPC-CLIENT-CLIENTP2PTRADINGCOMMIT-0190","WildStar64.exe","","ClientP2PTradingCommit","Client opcode coverage","CoverageModelHandler","Source/NexusForever.Network.World/Message/Model/ClientP2PTradingCommit.cs; Source/NexusForever.WorldServer/Network/Message/Handler/Trade/ClientP2PTradingHandlers.cs","ClientP2PTradingCommit; ClientP2PTradingCommitHandler","Observed","","Decomp/Analysis/coverage/opcode_coverage_inventory.csv","Native registration and payload evidence have not yet been recorded in coverage; run a focused decompile pass before semantic use.","2026-06-11"
"TRACE-OPCCLIENTCLIENTP2PTRADINGDECLINEINVITE0191","OPC-CLIENT-CLIENTP2PTRADINGDECLINEINVITE-0191","WildStar64.exe","","ClientP2PTradingDeclineInvite","Client opcode coverage","CoverageModelHandler","Source/NexusForever.Network.World/Message/Model/ClientP2PTradingDeclineInvite.cs; Source/NexusForever.WorldServer/Network/Message/Handler/Trade/ClientP2PTradingHandlers.cs","ClientP2PTradingDeclineInvite; ClientP2PTradingDeclineInviteHandler","Observed","","Decomp/Analysis/coverage/opcode_coverage_inventory.csv","Native registration and payload evidence have not yet been recorded in coverage; run a focused decompile pass before semantic use.","2026-06-11"
"TRACE-OPCCLIENTCLIENTP2PTRADINGINITIATETRADE0192","OPC-CLIENT-CLIENTP2PTRADINGINITIATETRADE-0192","WildStar64.exe","","ClientP2PTradingInitiateTrade","Client opcode coverage","CoverageModelHandler","Source/NexusForever.Network.World/Message/Model/ClientP2PTradingInitiateTrade.cs; Source/NexusForever.WorldServer/Network/Message/Handler/Trade/ClientP2PTradingHandlers.cs","ClientP2PTradingInitiateTrade; ClientP2PTradingInitiateTradeHandler","Observed","","Decomp/Analysis/coverage/opcode_coverage_inventory.csv","Native registration and payload evidence have not yet been recorded in coverage; run a focused decompile pass before semantic use.","2026-06-11"
"TRACE-OPCCLIENTCLIENTP2PTRADINGREMOVEITEM0194","OPC-CLIENT-CLIENTP2PTRADINGREMOVEITEM-0194","WildStar64.exe","","ClientP2PTradingRemoveItem","Client opcode coverage","CoverageModelHandler","Source/NexusForever.Network.World/Message/Model/ClientP2PTradingRemoveItem.cs; Source/NexusForever.WorldServer/Network/Message/Handler/Trade/ClientP2PTradingHandlers.cs","ClientP2PTradingRemoveItem; ClientP2PTradingRemoveItemHandler","Observed","","Decomp/Analysis/coverage/opcode_coverage_inventory.csv","Native registration and payload evidence have not yet been recorded in coverage; run a focused decompile pass before semantic use.","2026-06-11"
"TRACE-OPCCLIENTCLIENTP2PTRADINGSETMONEY0197","OPC-CLIENT-CLIENTP2PTRADINGSETMONEY-0197","WildStar64.exe","","ClientP2PTradingSetMoney","Client opcode coverage","CoverageModelHandler","Source/NexusForever.Network.World/Message/Model/ClientP2PTradingSetMoney.cs; Source/NexusForever.WorldServer/Network/Message/Handler/Trade/ClientP2PTradingHandlers.cs","ClientP2PTradingSetMoney; ClientP2PTradingSetMoneyHandler","Observed","","Decomp/Analysis/coverage/opcode_coverage_inventory.csv","Native registration and payload evidence have not yet been recorded in coverage; run a focused decompile pass before semantic use.","2026-06-11"
"TRACE-OPCCLIENTCLIENTPACKED025C","OPC-CLIENT-CLIENTPACKED-025C","WildStar64.exe","","ClientPacked","Client opcode coverage","CoverageModelHandler","Source/NexusForever.Network/Message/Model/ClientPacked.cs; Source/NexusForever.Network/Message/Handler/ClientPackedHandler.cs","ClientPacked; ClientPackedHandler","Correlated","","Decomp/Analysis/coverage/opcode_coverage_inventory.csv","Promote to Mapped only after native registration and payload functions are copied into this row from focused evidence.","2026-06-11"
"TRACE-OPCCLIENTCLIENTPACKEDWORLD038C","OPC-CLIENT-CLIENTPACKEDWORLD-038C","WildStar64.exe","","ClientPackedWorld","Client opcode coverage","CoverageModelHandler","Source/NexusForever.Network.World/Message/Model/ClientPackedWorld.cs; Source/NexusForever.WorldServer/Network/Message/Handler/ClientPackedWorldHandler.cs","ClientPackedWorld; ClientPackedWorldHandler","Observed","","Decomp/Analysis/coverage/opcode_coverage_inventory.csv","Native registration and payload evidence have not yet been recorded in coverage; run a focused decompile pass before semantic use.","2026-06-11"
"TRACE-OPCCLIENTCLIENTPATHCHANGEREQUEST06B2","OPC-CLIENT-CLIENTPATHCHANGEREQUEST-06B2","WildStar64.exe","","ClientPathChangeRequest","Client opcode coverage","CoverageModelHandler","Source/NexusForever.Network.World/Message/Model/PlayerPath/ClientPathChangeRequest.cs; Source/NexusForever.WorldServer/Network/Message/Handler/Path/ClientPathChangeRequestHandler.cs","ClientPathChangeRequest; ClientPathChangeRequestHandler","Observed","","Decomp/Analysis/coverage/opcode_coverage_inventory.csv","Native registration and payload evidence have not yet been recorded in coverage; run a focused decompile pass before semantic use.","2026-06-11"
"TRACE-OPCCLIENTCLIENTPATHEXPLORERPOWERMAPPROGRESS00F9","OPC-CLIENT-CLIENTPATHEXPLORERPOWERMAPPROGRESS-00F9","WildStar64.exe","","ClientPathExplorerPowerMapProgress","Client opcode coverage","CoverageModelHandler","Source/NexusForever.Network.World/Message/Model/PlayerPath/ClientPathExplorerPowerMapProgress.cs; Source/NexusForever.WorldServer/Network/Message/Handler/Path/ClientPathExplorerPowerMapProgressHandler.cs","ClientPathExplorerPowerMapProgress; ClientPathExplorerPowerMapProgressHandler","Observed","","Decomp/Analysis/coverage/opcode_coverage_inventory.csv","Native registration and payload evidence have not yet been recorded in coverage; run a focused decompile pass before semantic use.","2026-06-11"
"TRACE-OPCCLIENTCLIENTPATHEXPLORERPROGRESSREPORT00F3","OPC-CLIENT-CLIENTPATHEXPLORERPROGRESSREPORT-00F3","WildStar64.exe","","ClientPathExplorerProgressReport","Client opcode coverage","CoverageModelHandler","Source/NexusForever.Network.World/Message/Model/PlayerPath/ClientPathExplorerProgressReport.cs; Source/NexusForever.WorldServer/Network/Message/Handler/Path/ClientPathExplorerProgressReportHandler.cs","ClientPathExplorerProgressReport; ClientPathExplorerProgressReportHandler","Observed","","Decomp/Analysis/coverage/opcode_coverage_inventory.csv","Native registration and payload evidence have not yet been recorded in coverage; run a focused decompile pass before semantic use.","2026-06-11"
"TRACE-OPCCLIENTCLIENTPATHMISSIONATTEMPTSCIENTISTEXPERIMENTATION066A","OPC-CLIENT-CLIENTPATHMISSIONATTEMPTSCIENTISTEXPERIMENTATION-066A","WildStar64.exe","","ClientPathMissionAttemptScientistExperimentation","Client opcode coverage","CoverageModelHandler","Source/NexusForever.Network.World/Message/Model/PlayerPath/ClientPathMissionAttempScientistExperimentation.cs; Source/NexusForever.WorldServer/Network/Message/Handler/Path/ClientPathMissionAttemptScientistExperimentationHandler.cs","ClientPathMissionAttemptScientistExperimentation; ClientPathMissionAttemptScientistExperimentationHandler","Observed","","Decomp/Analysis/coverage/opcode_coverage_inventory.csv","Native registration and payload evidence have not yet been recorded in coverage; run a focused decompile pass before semantic use.","2026-06-11"
"TRACE-OPCCLIENTCLIENTPATHSCIENTISTDISMISSSCANBOT00F0","OPC-CLIENT-CLIENTPATHSCIENTISTDISMISSSCANBOT-00F0","WildStar64.exe","","ClientPathScientistDismissScanbot","Client opcode coverage","CoverageModelHandler","Source/NexusForever.Network.World/Message/Model/PlayerPath/ClientPathScientistDismissScanbot.cs; Source/NexusForever.WorldServer/Network/Message/Handler/Path/ClientPathScientistDismissScanbotHandler.cs","ClientPathScientistDismissScanbot; ClientPathScientistDismissScanbotHandler","Observed","","Decomp/Analysis/coverage/opcode_coverage_inventory.csv","Native registration and payload evidence have not yet been recorded in coverage; run a focused decompile pass before semantic use.","2026-06-11"
"TRACE-OPCCLIENTCLIENTPATHSCIENTISTDISMISSSCANBOTPATHACTION015F","OPC-CLIENT-CLIENTPATHSCIENTISTDISMISSSCANBOTPATHACTION-015F","WildStar64.exe","","ClientPathScientistDismissScanbotPathAction","Client opcode coverage","CoverageModelHandler","Source/NexusForever.Network.World/Message/Model/PlayerPath/ClientPathScientistDismissScanbotPathAction.cs; Source/NexusForever.WorldServer/Network/Message/Handler/Path/ClientPathScientistDismissScanbotPathActionHandler.cs","ClientPathScientistDismissScanbotPathAction; ClientPathScientistDismissScanbotPathActionHandler","Observed","","Decomp/Analysis/coverage/opcode_coverage_inventory.csv","Native registration and payload evidence have not yet been recorded in coverage; run a focused decompile pass before semantic use.","2026-06-11"
"TRACE-OPCCLIENTCLIENTPATHSCIENTISTREQUESTSCANBOT0180","OPC-CLIENT-CLIENTPATHSCIENTISTREQUESTSCANBOT-0180","WildStar64.exe","","ClientPathScientistRequestScanbot","Client opcode coverage","CoverageModelHandler","Source/NexusForever.Network.World/Message/Model/PlayerPath/ClientPathScientistRequestScanbot.cs; Source/NexusForever.WorldServer/Network/Message/Handler/Path/ClientPathScientistRequestScanbotHandler.cs","ClientPathScientistRequestScanbot; ClientPathScientistRequestScanbotHandler","Observed","","Decomp/Analysis/coverage/opcode_coverage_inventory.csv","Native registration and payload evidence have not yet been recorded in coverage; run a focused decompile pass before semantic use.","2026-06-11"
"TRACE-OPCCLIENTCLIENTPATHSCIENTISTSETSCANNERNAME068C","OPC-CLIENT-CLIENTPATHSCIENTISTSETSCANNERNAME-068C","WildStar64.exe","","ClientPathScientistSetScannerName","Client opcode coverage","CoverageModelHandler","Source/NexusForever.Network.World/Message/Model/PlayerPath/ClientPathScientistSetScannerName.cs; Source/NexusForever.WorldServer/Network/Message/Handler/Pet/ClientPathScientistSetScannerNameHandler.cs","ClientPathScientistSetScannerName; ClientPathScientistSetScannerNameHandler","Observed","","Decomp/Analysis/coverage/opcode_coverage_inventory.csv","Native registration and payload evidence have not yet been recorded in coverage; run a focused decompile pass before semantic use.","2026-06-11"
"TRACE-OPCCLIENTCLIENTPATHSETTLERIMPROVEMENTBUILDTIER0670","OPC-CLIENT-CLIENTPATHSETTLERIMPROVEMENTBUILDTIER-0670","WildStar64.exe","","ClientPathSettlerImprovementBuildTier","Client opcode coverage","CoverageModelHandler","Source/NexusForever.Network.World/Message/Model/PlayerPath/ClientPathSettlerImprovementBuildTier.cs; Source/NexusForever.WorldServer/Network/Message/Handler/Path/ClientPathSettlerImprovementBuildTierHandler.cs","ClientPathSettlerImprovementBuildTier; ClientPathSettlerImprovementBuildTierHandler","Observed","","Decomp/Analysis/coverage/opcode_coverage_inventory.csv","Native registration and payload evidence have not yet been recorded in coverage; run a focused decompile pass before semantic use.","2026-06-11"
"TRACE-OPCCLIENTCLIENTPATHSOLDIERIMPROVEMENTBUILD067D","OPC-CLIENT-CLIENTPATHSOLDIERIMPROVEMENTBUILD-067D","WildStar64.exe","","ClientPathSoldierImprovementBuild","Client opcode coverage","CoverageModelHandler","Source/NexusForever.Network.World/Message/Model/PlayerPath/ClientPathSoldierImprovementBuild.cs; Source/NexusForever.WorldServer/Network/Message/Handler/Path/ClientPathSoldierImprovementBuildHandler.cs","ClientPathSoldierImprovementBuild; ClientPathSoldierImprovementBuildHandler","Observed","","Decomp/Analysis/coverage/opcode_coverage_inventory.csv","Native registration and payload evidence have not yet been recorded in coverage; run a focused decompile pass before semantic use.","2026-06-11"
"TRACE-OPCCLIENTCLIENTPATHUNLOCKREQUEST06BD","OPC-CLIENT-CLIENTPATHUNLOCKREQUEST-06BD","WildStar64.exe","","ClientPathUnlockRequest","Client opcode coverage","CoverageModelHandler","Source/NexusForever.Network.World/Message/Model/PlayerPath/ClientPathUnlockRequest.cs; Source/NexusForever.WorldServer/Network/Message/Handler/Path/ClientPathUnlockHandler.cs","ClientPathUnlockRequest; ClientPathUnlockHandler","Observed","","Decomp/Analysis/coverage/opcode_coverage_inventory.csv","Native registration and payload evidence have not yet been recorded in coverage; run a focused decompile pass before semantic use.","2026-06-11"
"TRACE-OPCCLIENTCLIENTPETCUSTOMISATION07ED","OPC-CLIENT-CLIENTPETCUSTOMISATION-07ED","WildStar64.exe","","ClientPetCustomisation","Client opcode coverage","CoverageModelHandler","Source/NexusForever.Network.World/Message/Model/Pet/ClientPetCustomisation.cs; Source/NexusForever.WorldServer/Network/Message/Handler/Pet/ClientPetCustomisationHandler.cs","ClientPetCustomisation; ClientPetCustomisationHandler","Observed","","Decomp/Analysis/coverage/opcode_coverage_inventory.csv","Native registration and payload evidence have not yet been recorded in coverage; run a focused decompile pass before semantic use.","2026-06-11"
"TRACE-OPCCLIENTCLIENTPETSETSTANCE068E","OPC-CLIENT-CLIENTPETSETSTANCE-068E","WildStar64.exe","","ClientPetSetStance","Client opcode coverage","CoverageModelHandler","Source/NexusForever.Network.World/Message/Model/Pet/ClientPetSetStance.cs; Source/NexusForever.WorldServer/Network/Message/Handler/Pet/ClientPetSetStanceHandler.cs","ClientPetSetStance; ClientPetSetStanceHandler","Correlated","","Decomp/Analysis/coverage/opcode_coverage_inventory.csv","Promote to Mapped only after native registration and payload functions are copied into this row from focused evidence.","2026-06-11"
"TRACE-OPCCLIENTCLIENTPLAYEDREQUEST0693","OPC-CLIENT-CLIENTPLAYEDREQUEST-0693","WildStar64.exe","","ClientPlayedRequest","Client opcode coverage","CoverageModelHandler","Source/NexusForever.Network.World/Message/Model/Utility/ClientPlayedReqeust.cs; Source/NexusForever.WorldServer/Network/Message/Handler/Entity/Player/ClientRequestPlayedHandler.cs","ClientPlayedReqeust; ClientRequestPlayedHandler","Observed","","Decomp/Analysis/coverage/opcode_coverage_inventory.csv","Native registration and payload evidence have not yet been recorded in coverage; run a focused decompile pass before semantic use.","2026-06-11"
"TRACE-OPCCLIENTCLIENTPLAYERINFOREQUEST0597","OPC-CLIENT-CLIENTPLAYERINFOREQUEST-0597","WildStar64.exe","","ClientPlayerInfoRequest","Client opcode coverage","CoverageModelHandler","Source/NexusForever.Network.World/Message/Model/Info/ClientPlayerInfoRequest.cs; Source/NexusForever.WorldServer/Network/Message/Handler/Info/ClientPlayerInfoRequestHandler.cs","ClientPlayerInfoRequest; ClientPlayerInfoRequestHandler","Observed","","Decomp/Analysis/coverage/opcode_coverage_inventory.csv","Native registration and payload evidence have not yet been recorded in coverage; run a focused decompile pass before semantic use.","2026-06-11"
"TRACE-OPCCLIENTCLIENTPLAYERMOVEMENTSPEEDUPDATE063B","OPC-CLIENT-CLIENTPLAYERMOVEMENTSPEEDUPDATE-063B","WildStar64.exe","","ClientPlayerMovementSpeedUpdate","Client opcode coverage","CoverageModelHandler","Source/NexusForever.Network.World/Message/Model/ClientPlayerMovementSpeedUpdate.cs; Source/NexusForever.WorldServer/Network/Message/Handler/Misc/ClientPlayerMovementSpeedUpdateHandler.cs","ClientPlayerMovementSpeedUpdate; ClientPlayerMovementSpeedUpdateHandler","Correlated","","Decomp/Analysis/coverage/opcode_coverage_inventory.csv","Promote to Mapped only after native registration and payload functions are copied into this row from focused evidence.","2026-06-11"
"TRACE-OPCCLIENTCLIENTPREGAMEKEEPALIVE0241","OPC-CLIENT-CLIENTPREGAMEKEEPALIVE-0241","WildStar64.exe","","ClientPregameKeepAlive","Client opcode coverage","CoverageModelHandler","Source/NexusForever.Network.World/Message/Model/Pregame/ClientPregameKeepAlive.cs; Source/NexusForever.WorldServer/Network/Message/Handler/Misc/ClientPingHandler.cs","ClientPregameKeepAlive; ClientPingHandler","Observed","","Decomp/Analysis/coverage/opcode_coverage_inventory.csv","Native registration and payload evidence have not yet been recorded in coverage; run a focused decompile pass before semantic use.","2026-06-11"
"TRACE-OPCCLIENTCLIENTPTRCOPY06E8","OPC-CLIENT-CLIENTPTRCOPY-06E8","WildStar64.exe","","ClientPtrCopy","Client opcode coverage","CoverageModelHandler","Source/NexusForever.Network.World/Message/Model/Pregame/ClientPtrCopy.cs; Source/NexusForever.WorldServer/Network/Message/Handler/Misc/ClientPtrCopyHandler.cs","ClientPtrCopy; ClientPtrCopyHandler","Correlated","","Decomp/Analysis/coverage/opcode_coverage_inventory.csv","Promote to Mapped only after native registration and payload functions are copied into this row from focused evidence.","2026-06-11"
"TRACE-OPCCLIENTCLIENTPUBLICEVENTREQUESTSCOREBOARD06FA","OPC-CLIENT-CLIENTPUBLICEVENTREQUESTSCOREBOARD-06FA","WildStar64.exe","","ClientPublicEventRequestScoreboard","Client opcode coverage","CoverageModelHandler","Source/NexusForever.Network.World/Message/Model/PublicEvent/ClientPublicEventRequestScoreboard.cs; Source/NexusForever.WorldServer/Network/Message/Handler/Misc/ClientPublicEventRequestScoreboardHandler.cs","ClientPublicEventRequestScoreboard; ClientPublicEventRequestScoreboardHandler","Observed","","Decomp/Analysis/coverage/opcode_coverage_inventory.csv","Native registration and payload evidence have not yet been recorded in coverage; run a focused decompile pass before semantic use.","2026-06-11"
"TRACE-OPCCLIENTCLIENTPUBLICEVENTVOTE06EE","OPC-CLIENT-CLIENTPUBLICEVENTVOTE-06EE","WildStar64.exe","","ClientPublicEventVote","Client opcode coverage","CoverageModelHandler","Source/NexusForever.Network.World/Message/Model/PublicEvent/ClientPublicEventVote.cs; Source/NexusForever.WorldServer/Network/Message/Handler/Event/ClientPublicEventVoteHandler.cs","ClientPublicEventVote; ClientPublicEventVoteHandler","Observed","","Decomp/Analysis/coverage/opcode_coverage_inventory.csv","Native registration and payload evidence have not yet been recorded in coverage; run a focused decompile pass before semantic use.","2026-06-11"
"TRACE-OPCCLIENTCLIENTPVPTOGGLEFLAGS0173","OPC-CLIENT-CLIENTPVPTOGGLEFLAGS-0173","WildStar64.exe","","ClientPvpToggleFlags","Client opcode coverage","CoverageModelHandler","Source/NexusForever.Network.World/Message/Model/Pvp/ClientPvpToggle.cs; Source/NexusForever.WorldServer/Network/Message/Handler/Pvp/ClientPvpHandlers.cs","ClientPvpToggleFlags; ClientPvpToggleFlagsHandler","Observed","","Decomp/Analysis/coverage/opcode_coverage_inventory.csv","Native registration and payload evidence have not yet been recorded in coverage; run a focused decompile pass before semantic use.","2026-06-11"
"TRACE-OPCCLIENTCLIENTQUESTABANDON035A","OPC-CLIENT-CLIENTQUESTABANDON-035A","WildStar64.exe","","ClientQuestAbandon","Client opcode coverage","CoverageModelHandler","Source/NexusForever.Network.World/Message/Model/ClientQuestAbandon.cs; Source/NexusForever.WorldServer/Network/Message/Handler/Quest/ClientQuestAbandonHandler.cs","ClientQuestAbandon; ClientQuestAbandonHandler","Observed","","Decomp/Analysis/coverage/opcode_coverage_inventory.csv","Native registration and payload evidence have not yet been recorded in coverage; run a focused decompile pass before semantic use.","2026-06-11"
"TRACE-OPCCLIENTCLIENTQUESTACCEPT035B","OPC-CLIENT-CLIENTQUESTACCEPT-035B","WildStar64.exe","","ClientQuestAccept","Client opcode coverage","CoverageModelHandler","Source/NexusForever.Network.World/Message/Model/ClientQuestAccept.cs; Source/NexusForever.WorldServer/Network/Message/Handler/Quest/ClientQuestAcceptHandler.cs","ClientQuestAccept; ClientQuestAcceptHandler","Observed","","Decomp/Analysis/coverage/opcode_coverage_inventory.csv","Native registration and payload evidence have not yet been recorded in coverage; run a focused decompile pass before semantic use.","2026-06-11"
"TRACE-OPCCLIENTCLIENTQUESTCOMPLETE035D","OPC-CLIENT-CLIENTQUESTCOMPLETE-035D","WildStar64.exe","","ClientQuestComplete","Client opcode coverage","CoverageModelHandler","Source/NexusForever.Network.World/Message/Model/ClientQuestComplete.cs; Source/NexusForever.WorldServer/Network/Message/Handler/Quest/ClientQuestCompleteHandler.cs","ClientQuestComplete; ClientQuestCompleteHandler","Observed","","Decomp/Analysis/coverage/opcode_coverage_inventory.csv","Native registration and payload evidence have not yet been recorded in coverage; run a focused decompile pass before semantic use.","2026-06-11"
"TRACE-OPCCLIENTCLIENTQUESTRETRY0365","OPC-CLIENT-CLIENTQUESTRETRY-0365","WildStar64.exe","","ClientQuestRetry","Client opcode coverage","CoverageModelHandler","Source/NexusForever.Network.World/Message/Model/ClientQuestRetry.cs; Source/NexusForever.WorldServer/Network/Message/Handler/Quest/ClientQuestRetryHandler.cs","ClientQuestRetry; ClientQuestRetryHandler","Observed","","Decomp/Analysis/coverage/opcode_coverage_inventory.csv","Native registration and payload evidence have not yet been recorded in coverage; run a focused decompile pass before semantic use.","2026-06-11"
"TRACE-OPCCLIENTCLIENTQUESTSETIGNORE035E","OPC-CLIENT-CLIENTQUESTSETIGNORE-035E","WildStar64.exe","","ClientQuestSetIgnore","Client opcode coverage","CoverageModelHandler","Source/NexusForever.Network.World/Message/Model/ClientQuestSetIgnore.cs; Source/NexusForever.WorldServer/Network/Message/Handler/Quest/ClientQuestSetIgnoreHandler.cs","ClientQuestSetIgnore; ClientQuestSetIgnoreHandler","Observed","","Decomp/Analysis/coverage/opcode_coverage_inventory.csv","Native registration and payload evidence have not yet been recorded in coverage; run a focused decompile pass before semantic use.","2026-06-11"
"TRACE-OPCCLIENTCLIENTQUESTSETTRACKED0364","OPC-CLIENT-CLIENTQUESTSETTRACKED-0364","WildStar64.exe","","ClientQuestSetTracked","Client opcode coverage","CoverageModelHandler","Source/NexusForever.Network.World/Message/Model/ClientQuestSetTracked.cs; Source/NexusForever.WorldServer/Network/Message/Handler/Quest/ClientQuestSetTrackedHandler.cs","ClientQuestSetTracked; ClientQuestSetTrackedHandler","Observed","","Decomp/Analysis/coverage/opcode_coverage_inventory.csv","Native registration and payload evidence have not yet been recorded in coverage; run a focused decompile pass before semantic use.","2026-06-11"
"TRACE-OPCCLIENTCLIENTQUESTSHARE045F","OPC-CLIENT-CLIENTQUESTSHARE-045F","WildStar64.exe","","ClientQuestShare","Client opcode coverage","CoverageModelHandler","Source/NexusForever.Network.World/Message/Model/ClientQuestShare.cs; Source/NexusForever.WorldServer/Network/Message/Handler/Quest/ClientQuestShareHandler.cs","ClientQuestShare; ClientQuestShareHandler","Observed","","Decomp/Analysis/coverage/opcode_coverage_inventory.csv","Native registration and payload evidence have not yet been recorded in coverage; run a focused decompile pass before semantic use.","2026-06-11"
"TRACE-OPCCLIENTCLIENTQUESTSHARERESULT045E","OPC-CLIENT-CLIENTQUESTSHARERESULT-045E","WildStar64.exe","","ClientQuestShareResult","Client opcode coverage","CoverageModelHandler","Source/NexusForever.Network.World/Message/Model/ClientQuestShareResult.cs; Source/NexusForever.WorldServer/Network/Message/Handler/Quest/ClientQuestShareResultHandler.cs","ClientQuestShareResult; ClientQuestShareResultHandler","Observed","","Decomp/Analysis/coverage/opcode_coverage_inventory.csv","Native registration and payload evidence have not yet been recorded in coverage; run a focused decompile pass before semantic use.","2026-06-11"
"TRACE-OPCCLIENTCLIENTRAIDINFOREQUEST0719","OPC-CLIENT-CLIENTRAIDINFOREQUEST-0719","WildStar64.exe","","ClientRaidInfoRequest","Client opcode coverage","CoverageModelHandler","Source/NexusForever.Network.World/Message/Model/Instance/ClientRaidInfoRequest.cs; Source/NexusForever.WorldServer/Network/Message/Handler/Instance/ClientRaidInfoRequestHandler.cs","ClientRaidInfoRequest; ClientRaidInfoRequestHandler","Observed","","Decomp/Analysis/coverage/opcode_coverage_inventory.csv","Native registration and payload evidence have not yet been recorded in coverage; run a focused decompile pass before semantic use.","2026-06-11"
"TRACE-OPCCLIENTCLIENTRANDOMROLLREQUEST071B","OPC-CLIENT-CLIENTRANDOMROLLREQUEST-071B","WildStar64.exe","","ClientRandomRollRequest","Client opcode coverage","CoverageModelHandler","Source/NexusForever.Network.World/Message/Model/Utility/ClientRandomRollRequest.cs; Source/NexusForever.WorldServer/Network/Message/Handler/Misc/ClientRandomRollRequestHandler.cs","ClientRandomRollRequest; ClientRandomRollRequestHandler","Observed","","Decomp/Analysis/coverage/opcode_coverage_inventory.csv","Native registration and payload evidence have not yet been recorded in coverage; run a focused decompile pass before semantic use.","2026-06-11"
"TRACE-OPCCLIENTCLIENTREALMINFOREQUEST059C","OPC-CLIENT-CLIENTREALMINFOREQUEST-059C","WildStar64.exe","","ClientRealmInfoRequest","Client opcode coverage","CoverageModelHandler","Source/NexusForever.Network.World/Message/Model/Info/ClientRealmInfoRequest.cs; Source/NexusForever.WorldServer/Network/Message/Handler/Info/ClientRealmInfoRequestHandler.cs","ClientRealmInfoRequest; ClientRealmInfoRequestHandler","Observed","","Decomp/Analysis/coverage/opcode_coverage_inventory.csv","Native registration and payload evidence have not yet been recorded in coverage; run a focused decompile pass before semantic use.","2026-06-11"
"TRACE-OPCCLIENTCLIENTREALMLIST07A4","OPC-CLIENT-CLIENTREALMLIST-07A4","WildStar64.exe","","ClientRealmList","Client opcode coverage","CoverageModelHandler","Source/NexusForever.Network.World/Message/Model/Pregame/ClientRealmList.cs; Source/NexusForever.WorldServer/Network/Message/Handler/Character/ClientRealmListHandler.cs","ClientRealmList; ClientRealmListHandler","Observed","","Decomp/Analysis/coverage/opcode_coverage_inventory.csv","Native registration and payload evidence have not yet been recorded in coverage; run a focused decompile pass before semantic use.","2026-06-11"
"TRACE-OPCCLIENTCLIENTREALMLISTMESSAGEROW0762","OPC-CLIENT-CLIENTREALMLISTMESSAGEROW-0762","WildStar64.exe","","ClientRealmListMessageRow","Client opcode coverage","CoverageModelHandler","Source/NexusForever.Network.World/Message/Model/ClientUnresolvedDiagnosticPackets.cs; Source/NexusForever.WorldServer/Network/Message/Handler/Misc/ClientUnresolvedDiagnosticHandlers.cs","ClientRealmListMessageRow; ClientRealmListMessageRowHandler","Correlated","","Decomp/Analysis/coverage/opcode_coverage_inventory.csv","Promote to Mapped only after native registration and payload functions are copied into this row from focused evidence.","2026-06-11"
"TRACE-OPCCLIENTCLIENTREALMLISTREALMROW0760","OPC-CLIENT-CLIENTREALMLISTREALMROW-0760","WildStar64.exe","","ClientRealmListRealmRow","Client opcode coverage","CoverageModelHandler","Source/NexusForever.Network.World/Message/Model/ClientUnresolvedDiagnosticPackets.cs; Source/NexusForever.WorldServer/Network/Message/Handler/Misc/ClientUnresolvedDiagnosticHandlers.cs","ClientRealmListRealmRow; ClientRealmListRealmRowHandler","Correlated","","Decomp/Analysis/coverage/opcode_coverage_inventory.csv","Promote to Mapped only after native registration and payload functions are copied into this row from focused evidence.","2026-06-11"
"TRACE-OPCCLIENTCLIENTREALMTRANSFER0142","OPC-CLIENT-CLIENTREALMTRANSFER-0142","WildStar64.exe","","ClientRealmTransfer","Client opcode coverage","CoverageModelHandler","Source/NexusForever.Network.World/Message/Model/Pregame/ClientRealmTransfer.cs; Source/NexusForever.WorldServer/Network/Message/Handler/Misc/ClientRealmTransferHandler.cs","ClientRealmTransfer; ClientRealmTransferHandler","Correlated","","Decomp/Analysis/coverage/opcode_coverage_inventory.csv","Promote to Mapped only after native registration and payload functions are copied into this row from focused evidence.","2026-06-11"
"TRACE-OPCCLIENTCLIENTRECRUITMENTGUILDGETDETAILEDGUILDINFO076E","OPC-CLIENT-CLIENTRECRUITMENTGUILDGETDETAILEDGUILDINFO-076E","WildStar64.exe","","ClientRecruitmentGuildGetDetailedGuildInfo","Client opcode coverage","CoverageModelHandler","Source/NexusForever.Network.World/Message/Model/Guild/ClientRecruitmentGuildGetDetailedGuildInfo.cs; Source/NexusForever.WorldServer/Network/Message/Handler/Guild/ClientRecruitmentGuildGetDetailedGuildInfoHandler.cs","ClientRecruitmentGuildGetDetailedGuildInfo; ClientRecruitmentGuildGetDetailedGuildInfoHandler","Observed","","Decomp/Analysis/coverage/opcode_coverage_inventory.csv","Native registration and payload evidence have not yet been recorded in coverage; run a focused decompile pass before semantic use.","2026-06-11"
"TRACE-OPCCLIENTCLIENTRECRUITMENTGUILDSUBSCRIBE076F","OPC-CLIENT-CLIENTRECRUITMENTGUILDSUBSCRIBE-076F","WildStar64.exe","","ClientRecruitmentGuildSubscribe","Client opcode coverage","CoverageModelHandler","Source/NexusForever.Network.World/Message/Model/Guild/ClientRecruitmentGuildSubscribe.cs; Source/NexusForever.WorldServer/Network/Message/Handler/Guild/ClientRecruitmentGuildSubscribeHandler.cs","ClientRecruitmentGuildSubscribe; ClientRecruitmentGuildSubscribeHandler","Observed","","Decomp/Analysis/coverage/opcode_coverage_inventory.csv","Native registration and payload evidence have not yet been recorded in coverage; run a focused decompile pass before semantic use.","2026-06-11"
"TRACE-OPCCLIENTCLIENTREPAIRITEMVENDOR014C","OPC-CLIENT-CLIENTREPAIRITEMVENDOR-014C","WildStar64.exe","","ClientRepairItemVendor","Client opcode coverage","CoverageModelHandler","Source/NexusForever.Network.World/Message/Model/ClientRepairItemVendor.cs; Source/NexusForever.WorldServer/Network/Message/Handler/Vendor/ClientVendorRepairHandlers.cs","ClientRepairItemVendor; ClientRepairItemVendorHandler","Correlated","","Decomp/Analysis/coverage/opcode_coverage_inventory.csv","Promote to Mapped only after native registration and payload functions are copied into this row from focused evidence.","2026-06-11"
"TRACE-OPCCLIENTCLIENTREPAIRVENDORSTATUSREQUEST0167","OPC-CLIENT-CLIENTREPAIRVENDORSTATUSREQUEST-0167","WildStar64.exe","","ClientRepairVendorStatusRequest","Client opcode coverage","CoverageModelHandler","Source/NexusForever.Network.World/Message/Model/ClientRepairVendorStatusRequest.cs; Source/NexusForever.WorldServer/Network/Message/Handler/Vendor/ClientVendorRepairHandlers.cs","ClientRepairVendorStatusRequest; ClientRepairVendorStatusRequestHandler","Correlated","","Decomp/Analysis/coverage/opcode_coverage_inventory.csv","Promote to Mapped only after native registration and payload functions are copied into this row from focused evidence.","2026-06-11"
"TRACE-OPCCLIENTCLIENTREPLAYLEVELUP07A5","OPC-CLIENT-CLIENTREPLAYLEVELUP-07A5","WildStar64.exe","","ClientReplayLevelUp","Client opcode coverage","CoverageModelHandler","Source/NexusForever.Network.World/Message/Model/ClientReplayLevelUp.cs; Source/NexusForever.WorldServer/Network/Message/Handler/Entity/Player/ClientReplayLevelHandler.cs","ClientReplayLevelUp; ClientReplayLevelHandler","Correlated","","Decomp/Analysis/coverage/opcode_coverage_inventory.csv","Promote to Mapped only after native registration and payload functions are copied into this row from focused evidence.","2026-06-11"
"TRACE-OPCCLIENTCLIENTREPORTBUG0830","OPC-CLIENT-CLIENTREPORTBUG-0830","WildStar64.exe","","ClientReportBug","Client opcode coverage","CoverageModelHandler","Source/NexusForever.Network.World/Message/Model/Support/ClientReportBug.cs; Source/NexusForever.WorldServer/Network/Message/Handler/Support/ClientSupportHandlers.cs","ClientReportBug; ClientReportBugHandler","Observed","","Decomp/Analysis/coverage/opcode_coverage_inventory.csv","Native registration and payload evidence have not yet been recorded in coverage; run a focused decompile pass before semantic use.","2026-06-11"
"TRACE-OPCCLIENTCLIENTREQUESTACTIONSETCHANGES00B1","OPC-CLIENT-CLIENTREQUESTACTIONSETCHANGES-00B1","WildStar64.exe","","ClientRequestActionSetChanges","Client opcode coverage","CoverageModelHandler","Source/NexusForever.Network.World/Message/Model/Abilities/ClientRequestActionSetChanges.cs; Source/NexusForever.WorldServer/Network/Message/Handler/Spell/ClientRequestActionSetChangesHandler.cs","ClientRequestActionSetChanges; ClientRequestActionSetChangesHandler","Observed","","Decomp/Analysis/coverage/opcode_coverage_inventory.csv","Native registration and payload evidence have not yet been recorded in coverage; run a focused decompile pass before semantic use.","2026-06-11"
"TRACE-OPCCLIENTCLIENTREQUESTCOMMODITYINFO03E6","OPC-CLIENT-CLIENTREQUESTCOMMODITYINFO-03E6","WildStar64.exe","","ClientRequestCommodityInfo","Client opcode coverage","CoverageModelHandler","Source/NexusForever.Network.World/Message/Model/Marketplace/ClientRequestCommodityInfo.cs; Source/NexusForever.WorldServer/Network/Message/Handler/Marketplace/ClientMarketplaceHandlers.cs","ClientRequestCommodityInfo; ClientRequestCommodityInfoHandler","Observed","","Decomp/Analysis/coverage/opcode_coverage_inventory.csv","Native registration and payload evidence have not yet been recorded in coverage; run a focused decompile pass before semantic use.","2026-06-11"
"TRACE-OPCCLIENTCLIENTREQUESTINPUTKEYSET0570","OPC-CLIENT-CLIENTREQUESTINPUTKEYSET-0570","WildStar64.exe","","ClientRequestInputKeySet","Client opcode coverage","CoverageModelHandler","Source/NexusForever.Network.World/Message/Model/Option/ClientRequestInputKeySet.cs; Source/NexusForever.WorldServer/Network/Message/Handler/Option/ClientRequestInputKeySetHandler.cs","ClientRequestInputKeySet; ClientRequestInputKeySetHandler","Observed","","Decomp/Analysis/coverage/opcode_coverage_inventory.csv","Native registration and payload evidence have not yet been recorded in coverage; run a focused decompile pass before semantic use.","2026-06-11"
"TRACE-OPCCLIENTCLIENTREQUESTOWNEDCOMMODITYORDERS03EC","OPC-CLIENT-CLIENTREQUESTOWNEDCOMMODITYORDERS-03EC","WildStar64.exe","","ClientRequestOwnedCommodityOrders","Client opcode coverage","CoverageModelHandler","Source/NexusForever.Network.World/Message/Model/Marketplace/ClientRequestOwnedCommodityOrders.cs; Source/NexusForever.WorldServer/Network/Message/Handler/Marketplace/ClientMarketplaceHandlers.cs","ClientRequestOwnedCommodityOrders; ClientRequestOwnedCommodityOrdersHandler","Observed","","Decomp/Analysis/coverage/opcode_coverage_inventory.csv","Native registration and payload evidence have not yet been recorded in coverage; run a focused decompile pass before semantic use.","2026-06-11"
"TRACE-OPCCLIENTCLIENTREQUESTOWNEDITEMAUCTIONS03ED","OPC-CLIENT-CLIENTREQUESTOWNEDITEMAUCTIONS-03ED","WildStar64.exe","","ClientRequestOwnedItemAuctions","Client opcode coverage","CoverageModelHandler","Source/NexusForever.Network.World/Message/Model/Marketplace/ClientRequestOwnedItemAuctions.cs; Source/NexusForever.WorldServer/Network/Message/Handler/Marketplace/ClientMarketplaceHandlers.cs","ClientRequestOwnedItemAuctions; ClientRequestOwnedItemAuctionsHandler","Observed","","Decomp/Analysis/coverage/opcode_coverage_inventory.csv","Native registration and payload evidence have not yet been recorded in coverage; run a focused decompile pass before semantic use.","2026-06-11"
"TRACE-OPCCLIENTCLIENTRESETATTRIBUTEPOINTS0150","OPC-CLIENT-CLIENTRESETATTRIBUTEPOINTS-0150","WildStar64.exe","","ClientResetAttributePoints","Client opcode coverage","CoverageModelHandler","Source/NexusForever.Network.World/Message/Model/ClientResetAttributePoints.cs; Source/NexusForever.WorldServer/Network/Message/Handler/Character/ClientAttributePointHandlers.cs","ClientResetAttributePoints; ClientResetAttributePointsHandler","Observed","","Decomp/Analysis/coverage/opcode_coverage_inventory.csv","Native registration and payload evidence have not yet been recorded in coverage; run a focused decompile pass before semantic use.","2026-06-11"
"TRACE-OPCCLIENTCLIENTRESETINSTANCES07B4","OPC-CLIENT-CLIENTRESETINSTANCES-07B4","WildStar64.exe","","ClientResetInstances","Client opcode coverage","CoverageModelHandler","Source/NexusForever.Network.World/Message/Model/Instance/ClientResetInstances.cs; Source/NexusForever.WorldServer/Network/Message/Handler/Instance/ClientResetInstancesHandler.cs","ClientResetInstances; ClientResetInstancesHandler","Observed","","Decomp/Analysis/coverage/opcode_coverage_inventory.csv","Native registration and payload evidence have not yet been recorded in coverage; run a focused decompile pass before semantic use.","2026-06-11"
"TRACE-OPCCLIENTCLIENTRESETSINGLEINSTANCE0153","OPC-CLIENT-CLIENTRESETSINGLEINSTANCE-0153","WildStar64.exe","","ClientResetSingleInstance","Client opcode coverage","CoverageModelHandler","Source/NexusForever.Network.World/Message/Model/Instance/ClientResetSingleInstance.cs; Source/NexusForever.WorldServer/Network/Message/Handler/Instance/ClientInstanceSettingsHandlers.cs","ClientResetSingleInstance; ClientResetSingleInstanceHandler","Observed","","Decomp/Analysis/coverage/opcode_coverage_inventory.csv","Native registration and payload evidence have not yet been recorded in coverage; run a focused decompile pass before semantic use.","2026-06-11"
"TRACE-OPCCLIENTCLIENTRESPECAMPS0151","OPC-CLIENT-CLIENTRESPECAMPS-0151","WildStar64.exe","","ClientRespecAmps","Client opcode coverage","CoverageModelHandler","Source/NexusForever.Network.World/Message/Model/Abilities/ClientRespecAmps.cs; Source/NexusForever.WorldServer/Network/Message/Handler/Spell/ClientRespecAmpsHandler.cs","ClientRespecAmps; ClientRespecAmpsHandler","Observed","","Decomp/Analysis/coverage/opcode_coverage_inventory.csv","Native registration and payload evidence have not yet been recorded in coverage; run a focused decompile pass before semantic use.","2026-06-11"
"TRACE-OPCCLIENTCLIENTRESURRECTACCEPT015A","OPC-CLIENT-CLIENTRESURRECTACCEPT-015A","WildStar64.exe","","ClientResurrectAccept","Client opcode coverage","CoverageModelHandler","Source/NexusForever.Network.World/Message/Model/ClientResurrectAccept.cs; Source/NexusForever.WorldServer/Network/Message/Handler/Entity/Player/ClientResurrectAcceptHandler.cs","ClientResurrectAccept; ClientResurrectAcceptHandler","Observed","","Decomp/Analysis/coverage/opcode_coverage_inventory.csv","Native registration and payload evidence have not yet been recorded in coverage; run a focused decompile pass before semantic use.","2026-06-11"
"TRACE-OPCCLIENTCLIENTRESURRECTREQUEST00E4","OPC-CLIENT-CLIENTRESURRECTREQUEST-00E4","WildStar64.exe","","ClientResurrectRequest","Client opcode coverage","CoverageModelHandler","Source/NexusForever.Network.World/Message/Model/ClientResurrectRequest.cs; Source/NexusForever.WorldServer/Network/Message/Handler/Entity/Player/ClientResurrectRequestHandler.cs","ClientResurrectRequest; ClientResurrectRequestHandler","Observed","","Decomp/Analysis/coverage/opcode_coverage_inventory.csv","Native registration and payload evidence have not yet been recorded in coverage; run a focused decompile pass before semantic use.","2026-06-11"
"TRACE-OPCCLIENTCLIENTREWARDUPDATEREQUEST07CC","OPC-CLIENT-CLIENTREWARDUPDATEREQUEST-07CC","WildStar64.exe","","ClientRewardUpdateRequest","Client opcode coverage","CoverageModelHandler","Source/NexusForever.Network.World/Message/Model/ClientRewardUpdateRequest.cs; Source/NexusForever.WorldServer/Network/Message/Handler/Reward/ClientRewardUpdateRequestHandler.cs","ClientRewardUpdateRequest; ClientRewardUpdateRequestHandler","Observed","","Decomp/Analysis/coverage/opcode_coverage_inventory.csv","Native registration and payload evidence have not yet been recorded in coverage; run a focused decompile pass before semantic use.","2026-06-11"
"TRACE-OPCCLIENTCLIENTSELECTREALM07DF","OPC-CLIENT-CLIENTSELECTREALM-07DF","WildStar64.exe","","ClientSelectRealm","Client opcode coverage","CoverageModelHandler","Source/NexusForever.Network.World/Message/Model/Pregame/ClientSelectRealm.cs; Source/NexusForever.WorldServer/Network/Message/Handler/Character/ClientSelectRealmHandler.cs","ClientSelectRealm; ClientSelectRealmHandler","Observed","","Decomp/Analysis/coverage/opcode_coverage_inventory.csv","Native registration and payload evidence have not yet been recorded in coverage; run a focused decompile pass before semantic use.","2026-06-11"
"TRACE-OPCCLIENTCLIENTSELLITEMTOVENDOR0166","OPC-CLIENT-CLIENTSELLITEMTOVENDOR-0166","WildStar64.exe","","ClientSellItemToVendor","Client opcode coverage","CoverageModelHandler","Source/NexusForever.Network.World/Message/Model/ClientVendorSell.cs; Source/NexusForever.WorldServer/Network/Message/Handler/Vendor/ClientVendorSellHandler.cs","ClientVendorSell; ClientVendorSellHandler","Observed","","Decomp/Analysis/coverage/opcode_coverage_inventory.csv","Native registration and payload evidence have not yet been recorded in coverage; run a focused decompile pass before semantic use.","2026-06-11"
"TRACE-OPCCLIENTCLIENTSETIGNOREDUELREQUESTS0170","OPC-CLIENT-CLIENTSETIGNOREDUELREQUESTS-0170","WildStar64.exe","","ClientSetIgnoreDuelRequests","Client opcode coverage","CoverageModelHandler","Source/NexusForever.Network.World/Message/Model/Pvp/ClientSetIgnoreDuelRequests.cs; Source/NexusForever.WorldServer/Network/Message/Handler/Pvp/ClientPvpHandlers.cs","ClientSetIgnoreDuelRequests; ClientSetIgnoreDuelRequestsHandler","Observed","","Decomp/Analysis/coverage/opcode_coverage_inventory.csv","Native registration and payload evidence have not yet been recorded in coverage; run a focused decompile pass before semantic use.","2026-06-11"
"TRACE-OPCCLIENTCLIENTSETINPUTKEYSET0571","OPC-CLIENT-CLIENTSETINPUTKEYSET-0571","WildStar64.exe","","ClientSetInputKeySet","Client opcode coverage","CoverageModelHandler","Source/NexusForever.Network.World/Message/Model/Option/ClientSetInputKeySet.cs; Source/NexusForever.WorldServer/Network/Message/Handler/Option/ClientSetInputKeySetHandler.cs","ClientSetInputKeySet; ClientSetInputKeySetHandler","Observed","","Decomp/Analysis/coverage/opcode_coverage_inventory.csv","Native registration and payload evidence have not yet been recorded in coverage; run a focused decompile pass before semantic use.","2026-06-11"
"TRACE-OPCCLIENTCLIENTSETINSTANCESETTINGS0163","OPC-CLIENT-CLIENTSETINSTANCESETTINGS-0163","WildStar64.exe","","ClientSetInstanceSettings","Client opcode coverage","CoverageModelHandler","Source/NexusForever.Network.World/Message/Model/Instance/ClientSetInstanceSettings.cs; Source/NexusForever.WorldServer/Network/Message/Handler/Instance/ClientInstanceSettingsHandlers.cs","ClientSetInstanceSettings; ClientSetInstanceSettingsHandler","Observed","","Decomp/Analysis/coverage/opcode_coverage_inventory.csv","Native registration and payload evidence have not yet been recorded in coverage; run a focused decompile pass before semantic use.","2026-06-11"
"TRACE-OPCCLIENTCLIENTSETSPEC0174","OPC-CLIENT-CLIENTSETSPEC-0174","WildStar64.exe","","ClientSetSpec","Client opcode coverage","CoverageModelHandler","Source/NexusForever.Network.World/Message/Model/Abilities/ClientSetSpec.cs; Source/NexusForever.WorldServer/Network/Message/Handler/Spell/ClientSetSpecHandler.cs","ClientSetSpec; ClientSetSpecHandler","Observed","","Decomp/Analysis/coverage/opcode_coverage_inventory.csv","Native registration and payload evidence have not yet been recorded in coverage; run a focused decompile pass before semantic use.","2026-06-11"
"TRACE-OPCCLIENTCLIENTSETSTANCE016F","OPC-CLIENT-CLIENTSETSTANCE-016F","WildStar64.exe","","ClientSetStance","Client opcode coverage","CoverageModelHandler","Source/NexusForever.Network.World/Message/Model/Abilities/ClientSetStance.cs; Source/NexusForever.WorldServer/Network/Message/Handler/Spell/ClientSetStanceHandler.cs","ClientSetStance; ClientSetStanceHandler","Observed","","Decomp/Analysis/coverage/opcode_coverage_inventory.csv","Native registration and payload evidence have not yet been recorded in coverage; run a focused decompile pass before semantic use.","2026-06-11"
"TRACE-OPCCLIENTCLIENTSPELLCASTSTATE00E3","OPC-CLIENT-CLIENTSPELLCASTSTATE-00E3","WildStar64.exe","","ClientSpellCastState","Client opcode coverage","CoverageModelHandler","Source/NexusForever.Network.World/Message/Model/ClientSpellCastState.cs; Source/NexusForever.WorldServer/Network/Message/Handler/Spell/ClientSpellCastStateHandler.cs","ClientSpellCastState; ClientSpellCastStateHandler","Correlated","","Decomp/Analysis/coverage/opcode_coverage_inventory.csv","Promote to Mapped only after native registration and payload functions are copied into this row from focused evidence.","2026-06-11"
"TRACE-OPCCLIENTCLIENTSPELLCASTWITHSERVICETOKEN00C2","OPC-CLIENT-CLIENTSPELLCASTWITHSERVICETOKEN-00C2","WildStar64.exe","","ClientSpellCastWithServiceToken","Client opcode coverage","CoverageModelHandler","Source/NexusForever.Network.World/Message/Model/Spell/ClientSpellCastWithServiceToken.cs; Source/NexusForever.WorldServer/Network/Message/Handler/Spell/ClientSpellCastWithServiceTokenHandler.cs","ClientSpellCastWithServiceToken; ClientSpellCastWithServiceTokenHandler","Observed","","Decomp/Analysis/coverage/opcode_coverage_inventory.csv","Native registration and payload evidence have not yet been recorded in coverage; run a focused decompile pass before semantic use.","2026-06-11"
"TRACE-OPCCLIENTCLIENTSPELLSTOPCAST0801","OPC-CLIENT-CLIENTSPELLSTOPCAST-0801","WildStar64.exe","","ClientSpellStopCast","Client opcode coverage","CoverageModelHandler","Source/NexusForever.Network.World/Message/Model/ClientSpellStopCast.cs; Source/NexusForever.WorldServer/Network/Message/Handler/Spell/ClientSpellStopCastHandler.cs","ClientSpellStopCast; ClientSpellStopCastHandler","Observed","","Decomp/Analysis/coverage/opcode_coverage_inventory.csv","Native registration and payload evidence have not yet been recorded in coverage; run a focused decompile pass before semantic use.","2026-06-11"
"TRACE-OPCCLIENTCLIENTSPELLTOGGLECAST017E","OPC-CLIENT-CLIENTSPELLTOGGLECAST-017E","WildStar64.exe","","ClientSpellToggleCast","Client opcode coverage","CoverageModelHandler","Source/NexusForever.Network.World/Message/Model/ClientSpellToggleCast.cs; Source/NexusForever.WorldServer/Network/Message/Handler/Spell/ClientSpellToggleCastHandler.cs","ClientSpellToggleCast; ClientSpellToggleCastHandler","Observed","","Decomp/Analysis/coverage/opcode_coverage_inventory.csv","Native registration and payload evidence have not yet been recorded in coverage; run a focused decompile pass before semantic use.","2026-06-11"
"TRACE-OPCCLIENTCLIENTSPENDATTRIBUTEPOINTS017C","OPC-CLIENT-CLIENTSPENDATTRIBUTEPOINTS-017C","WildStar64.exe","","ClientSpendAttributePoints","Client opcode coverage","CoverageModelHandler","Source/NexusForever.Network.World/Message/Model/ClientSpendAttributePoints.cs; Source/NexusForever.WorldServer/Network/Message/Handler/Character/ClientAttributePointHandlers.cs","ClientSpendAttributePoints; ClientSpendAttributePointsHandler","Observed","","Decomp/Analysis/coverage/opcode_coverage_inventory.csv","Native registration and payload evidence have not yet been recorded in coverage; run a focused decompile pass before semantic use.","2026-06-11"
"TRACE-OPCCLIENTCLIENTSPLINE2DATAREQUEST081C","OPC-CLIENT-CLIENTSPLINE2DATAREQUEST-081C","WildStar64.exe","","ClientSpline2DataRequest","Client opcode coverage","CoverageModelHandler","Source/NexusForever.Network.World/Message/Model/ClientSpline2DataRequest.cs; Source/NexusForever.WorldServer/Network/Message/Handler/Misc/ClientSpline2DataHandlers.cs","ClientSpline2DataRequest; ClientSpline2DataRequestHandler","Correlated","","Decomp/Analysis/coverage/opcode_coverage_inventory.csv","Promote to Mapped only after native registration and payload functions are copied into this row from focused evidence.","2026-06-11"
"TRACE-OPCCLIENTCLIENTSPLINE2NODEDATA081A","OPC-CLIENT-CLIENTSPLINE2NODEDATA-081A","WildStar64.exe","","ClientSpline2NodeData","Client opcode coverage","CoverageModelHandler","Source/NexusForever.Network.World/Message/Model/ClientSpline2NodeData.cs; Source/NexusForever.WorldServer/Network/Message/Handler/Misc/ClientSpline2DataHandlers.cs","ClientSpline2NodeData; ClientSpline2NodeDataHandler","Correlated","","Decomp/Analysis/coverage/opcode_coverage_inventory.csv","Promote to Mapped only after native registration and payload functions are copied into this row from focused evidence.","2026-06-11"
"TRACE-OPCCLIENTCLIENTSPLINE2NODEPOSITIONDATA081B","OPC-CLIENT-CLIENTSPLINE2NODEPOSITIONDATA-081B","WildStar64.exe","","ClientSpline2NodePositionData","Client opcode coverage","CoverageModelHandler","Source/NexusForever.Network.World/Message/Model/ClientSpline2NodePositionData.cs; Source/NexusForever.WorldServer/Network/Message/Handler/Misc/ClientSpline2DataHandlers.cs","ClientSpline2NodePositionData; ClientSpline2NodePositionDataHandler","Correlated","","Decomp/Analysis/coverage/opcode_coverage_inventory.csv","Promote to Mapped only after native registration and payload functions are copied into this row from focused evidence.","2026-06-11"
"TRACE-OPCCLIENTCLIENTSPLINE2REQUEST081D","OPC-CLIENT-CLIENTSPLINE2REQUEST-081D","WildStar64.exe","","ClientSpline2Request","Client opcode coverage","CoverageModelHandler","Source/NexusForever.Network.World/Message/Model/ClientSpline2Request.cs; Source/NexusForever.WorldServer/Network/Message/Handler/Misc/ClientSpline2RequestHandler.cs","ClientSpline2Request; ClientSpline2RequestHandler","Correlated","","Decomp/Analysis/coverage/opcode_coverage_inventory.csv","Promote to Mapped only after native registration and payload functions are copied into this row from focused evidence.","2026-06-11"
"TRACE-OPCCLIENTCLIENTSTATISTICSCONNECTION023F","OPC-CLIENT-CLIENTSTATISTICSCONNECTION-023F","WildStar64.exe","","ClientStatisticsConnection","Client opcode coverage","CoverageModelHandler","Source/NexusForever.Network.World/Message/Model/ClientStatisticsConnection.cs; Source/NexusForever.WorldServer/Network/Message/Handler/Misc/ClientStatisticsConnectionHandler.cs","ClientStatisticsConnection; ClientStatisticsConnectionHandler","Observed","","Decomp/Analysis/coverage/opcode_coverage_inventory.csv","Native registration and payload evidence have not yet been recorded in coverage; run a focused decompile pass before semantic use.","2026-06-11"
"TRACE-OPCCLIENTCLIENTSTATISTICSFRAMERATE0240","OPC-CLIENT-CLIENTSTATISTICSFRAMERATE-0240","WildStar64.exe","","ClientStatisticsFramerate","Client opcode coverage","CoverageModelHandler","Source/NexusForever.Network.World/Message/Model/ClientStatisticsFramerate.cs; Source/NexusForever.WorldServer/Network/Message/Handler/Misc/ClientStatisticsFramerateHandler.cs","ClientStatisticsFramerate; ClientStatisticsFramerateHandler","Observed","","Decomp/Analysis/coverage/opcode_coverage_inventory.csv","Native registration and payload evidence have not yet been recorded in coverage; run a focused decompile pass before semantic use.","2026-06-11"
"TRACE-OPCCLIENTCLIENTSTATISTICSGFX023E","OPC-CLIENT-CLIENTSTATISTICSGFX-023E","WildStar64.exe","","ClientStatisticsGfx","Client opcode coverage","CoverageModelHandler","Source/NexusForever.Network.World/Message/Model/ClientStatisticsGfx.cs; Source/NexusForever.WorldServer/Network/Message/Handler/Misc/ClientStatisticsGfxHandler.cs","ClientStatisticsGfx; ClientStatisticsGfxHandler","Observed","","Decomp/Analysis/coverage/opcode_coverage_inventory.csv","Native registration and payload evidence have not yet been recorded in coverage; run a focused decompile pass before semantic use.","2026-06-11"
"TRACE-OPCCLIENTCLIENTSTATISTICSWATCHDOG023C","OPC-CLIENT-CLIENTSTATISTICSWATCHDOG-023C","WildStar64.exe","","ClientStatisticsWatchdog","Client opcode coverage","CoverageModelHandler","Source/NexusForever.Network.World/Message/Model/ClientStatisticsWatchdog.cs; Source/NexusForever.WorldServer/Network/Message/Handler/Misc/ClientStatisticsWatchdogHandler.cs","ClientStatisticsWatchdog; ClientStatisticsWatchdogHandler","Observed","","Decomp/Analysis/coverage/opcode_coverage_inventory.csv","Native registration and payload evidence have not yet been recorded in coverage; run a focused decompile pass before semantic use.","2026-06-11"
"TRACE-OPCCLIENTCLIENTSTATISTICSWINDOWOPEN023D","OPC-CLIENT-CLIENTSTATISTICSWINDOWOPEN-023D","WildStar64.exe","","ClientStatisticsWindowOpen","Client opcode coverage","CoverageModelHandler","Source/NexusForever.Network.World/Message/Model/ClientStatisticsWindowOpen.cs; Source/NexusForever.WorldServer/Network/Message/Handler/Misc/ClientStatisticsWindowOpenHandler.cs","ClientStatisticsWindowOpen; ClientStatisticsWindowOpenHandler","Observed","","Decomp/Analysis/coverage/opcode_coverage_inventory.csv","Native registration and payload evidence have not yet been recorded in coverage; run a focused decompile pass before semantic use.","2026-06-11"
"TRACE-OPCCLIENTCLIENTSTEAMACHIEVEMENTS0823","OPC-CLIENT-CLIENTSTEAMACHIEVEMENTS-0823","WildStar64.exe","","ClientSteamAchievements","Client opcode coverage","CoverageModelHandler","Source/NexusForever.Network.World/Message/Model/Achievement/ClientSteamAchievements.cs; Source/NexusForever.WorldServer/Network/Message/Handler/Misc/ClientSteamAchievementsHandler.cs","ClientSteamAchievements; ClientSteamAchievementsHandler","Observed","","Decomp/Analysis/coverage/opcode_coverage_inventory.csv","Native registration and payload evidence have not yet been recorded in coverage; run a focused decompile pass before semantic use.","2026-06-11"
"TRACE-OPCCLIENTCLIENTSTOREFRONTPURCHASEACCOUNT0828","OPC-CLIENT-CLIENTSTOREFRONTPURCHASEACCOUNT-0828","WildStar64.exe","","ClientStorefrontPurchaseAccount","Client opcode coverage","CoverageModelHandler","Source/NexusForever.Network.World/Message/Model/ClientStorefrontPurchaseAccount.cs; Source/NexusForever.WorldServer/Network/Message/Handler/Account/ClientStorefrontPurchaseHandlers.cs","ClientStorefrontPurchaseAccount; ClientStorefrontPurchaseAccountHandler","Observed","","Decomp/Analysis/coverage/opcode_coverage_inventory.csv","Native registration and payload evidence have not yet been recorded in coverage; run a focused decompile pass before semantic use.","2026-06-11"
"TRACE-OPCCLIENTCLIENTSTOREFRONTPURCHASECHARACTER082A","OPC-CLIENT-CLIENTSTOREFRONTPURCHASECHARACTER-082A","WildStar64.exe","","ClientStorefrontPurchaseCharacter","Client opcode coverage","CoverageModelHandler","Source/NexusForever.Network.World/Message/Model/ClientStorefrontPurchaseCharacter.cs; Source/NexusForever.WorldServer/Network/Message/Handler/Account/ClientStorefrontPurchaseHandlers.cs","ClientStorefrontPurchaseCharacter; ClientStorefrontPurchaseCharacterHandler","Observed","","Decomp/Analysis/coverage/opcode_coverage_inventory.csv","Native registration and payload evidence have not yet been recorded in coverage; run a focused decompile pass before semantic use.","2026-06-11"
"TRACE-OPCCLIENTCLIENTSTOREFRONTREQUESTCATALOG082D","OPC-CLIENT-CLIENTSTOREFRONTREQUESTCATALOG-082D","WildStar64.exe","","ClientStorefrontRequestCatalog","Client opcode coverage","CoverageModelHandler","Source/NexusForever.Network.World/Message/Model/ClientStorefrontRequestCatalog.cs; Source/NexusForever.WorldServer/Network/Message/Handler/Account/ClientStorefrontRequestCatalogHandler.cs","ClientStorefrontRequestCatalog; ClientStorefrontRequestCatalogHandler","Observed","","Decomp/Analysis/coverage/opcode_coverage_inventory.csv","Native registration and payload evidence have not yet been recorded in coverage; run a focused decompile pass before semantic use.","2026-06-11"
"TRACE-OPCCLIENTCLIENTSTOREFRONTREQUESTPURCHASEHISTORY082E","OPC-CLIENT-CLIENTSTOREFRONTREQUESTPURCHASEHISTORY-082E","WildStar64.exe","","ClientStorefrontRequestPurchaseHistory","Client opcode coverage","CoverageModelHandler","Source/NexusForever.Network.World/Message/Model/ClientStorefrontRequestPurchaseHistory.cs; Source/NexusForever.WorldServer/Network/Message/Handler/Account/ClientStorefrontRequestPurchaseHistoryHandler.cs","ClientStorefrontRequestPurchaseHistory; ClientStorefrontRequestPurchaseHistoryHandler","Observed","","Decomp/Analysis/coverage/opcode_coverage_inventory.csv","Native registration and payload evidence have not yet been recorded in coverage; run a focused decompile pass before semantic use.","2026-06-11"
"TRACE-OPCCLIENTCLIENTSTUCK0831","OPC-CLIENT-CLIENTSTUCK-0831","WildStar64.exe","","ClientStuck","Client opcode coverage","CoverageModelHandler","Source/NexusForever.Network.World/Message/Model/Support/ClientStuck.cs; Source/NexusForever.WorldServer/Network/Message/Handler/Support/ClientSupportHandlers.cs","ClientStuck; ClientStuckHandler","Observed","","Decomp/Analysis/coverage/opcode_coverage_inventory.csv","Native registration and payload evidence have not yet been recorded in coverage; run a focused decompile pass before semantic use.","2026-06-11"
"TRACE-OPCCLIENTCLIENTSUGGEST0833","OPC-CLIENT-CLIENTSUGGEST-0833","WildStar64.exe","","ClientSuggest","Client opcode coverage","CoverageModelHandler","Source/NexusForever.Network.World/Message/Model/Support/ClientSuggest.cs; Source/NexusForever.WorldServer/Network/Message/Handler/Support/ClientSupportHandlers.cs","ClientSuggest; ClientSuggestHandler","Observed","","Decomp/Analysis/coverage/opcode_coverage_inventory.csv","Native registration and payload evidence have not yet been recorded in coverage; run a focused decompile pass before semantic use.","2026-06-11"
"TRACE-OPCCLIENTCLIENTSUMMONVANITYPET082F","OPC-CLIENT-CLIENTSUMMONVANITYPET-082F","WildStar64.exe","","ClientSummonVanityPet","Client opcode coverage","CoverageModelHandler","Source/NexusForever.Network.World/Message/Model/ClientSummonVanityPet.cs; Source/NexusForever.WorldServer/Network/Message/Handler/Pet/ClientSummonVanityPetHandler.cs","ClientSummonVanityPet; ClientSummonVanityPetHandler","Observed","","Decomp/Analysis/coverage/opcode_coverage_inventory.csv","Native registration and payload evidence have not yet been recorded in coverage; run a focused decompile pass before semantic use.","2026-06-11"
"TRACE-OPCCLIENTCLIENTSUPPORTTICKET06D1","OPC-CLIENT-CLIENTSUPPORTTICKET-06D1","WildStar64.exe","","ClientSupportTicket","Client opcode coverage","CoverageModelHandler","Source/NexusForever.Network.World/Message/Model/Support/ClientSupportTicket.cs; Source/NexusForever.WorldServer/Network/Message/Handler/Support/ClientSupportHandlers.cs","ClientSupportTicket; ClientSupportTicketHandler","Observed","","Decomp/Analysis/coverage/opcode_coverage_inventory.csv","Native registration and payload evidence have not yet been recorded in coverage; run a focused decompile pass before semantic use.","2026-06-11"
"TRACE-OPCCLIENTCLIENTTITLESET078E","OPC-CLIENT-CLIENTTITLESET-078E","WildStar64.exe","","ClientTitleSet","Client opcode coverage","CoverageModelHandler","Source/NexusForever.Network.World/Message/Model/ClientTitleSet.cs; Source/NexusForever.WorldServer/Network/Message/Handler/Entity/Player/ClientTitleSetHandler.cs","ClientTitleSet; ClientTitleSetHandler","Observed","","Decomp/Analysis/coverage/opcode_coverage_inventory.csv","Native registration and payload evidence have not yet been recorded in coverage; run a focused decompile pass before semantic use.","2026-06-11"
"TRACE-OPCCLIENTCLIENTTOGGLEWEAPONS0177","OPC-CLIENT-CLIENTTOGGLEWEAPONS-0177","WildStar64.exe","","ClientToggleWeapons","Client opcode coverage","CoverageModelHandler","Source/NexusForever.Network.World/Message/Model/ClientToggleWeapons.cs; Source/NexusForever.WorldServer/Network/Message/Handler/Misc/ClientToggleWeaponsHandler.cs","ClientToggleWeapons; ClientToggleWeaponsHandler","Observed","","Decomp/Analysis/coverage/opcode_coverage_inventory.csv","Native registration and payload evidence have not yet been recorded in coverage; run a focused decompile pass before semantic use.","2026-06-11"
"TRACE-OPCCLIENTCLIENTTRADESKILLLEARN0857","OPC-CLIENT-CLIENTTRADESKILLLEARN-0857","WildStar64.exe","","ClientTradeskillLearn","Client opcode coverage","CoverageModelHandler","Source/NexusForever.Network.World/Message/Model/Crafting/ClientTradeskillLearn.cs; Source/NexusForever.WorldServer/Network/Message/Handler/Crafting/ClientTradeskillHandlers.cs","ClientTradeskillLearn; ClientTradeskillLearnHandler","Observed","","Decomp/Analysis/coverage/opcode_coverage_inventory.csv","Native registration and payload evidence have not yet been recorded in coverage; run a focused decompile pass before semantic use.","2026-06-11"
"TRACE-OPCCLIENTCLIENTTRADESKILLPICKTALENT084E","OPC-CLIENT-CLIENTTRADESKILLPICKTALENT-084E","WildStar64.exe","","ClientTradeskillPickTalent","Client opcode coverage","CoverageModelHandler","Source/NexusForever.Network.World/Message/Model/Crafting/ClientTradeskillPickTalent.cs; Source/NexusForever.WorldServer/Network/Message/Handler/Crafting/ClientTradeskillHandlers.cs","ClientTradeskillPickTalent; ClientTradeskillPickTalentHandler","Observed","","Decomp/Analysis/coverage/opcode_coverage_inventory.csv","Native registration and payload evidence have not yet been recorded in coverage; run a focused decompile pass before semantic use.","2026-06-11"
"TRACE-OPCCLIENTCLIENTVEHICLEDISEMBARK01AF","OPC-CLIENT-CLIENTVEHICLEDISEMBARK-01AF","WildStar64.exe","","ClientVehicleDisembark","Client opcode coverage","CoverageModelHandler","Source/NexusForever.Network.World/Message/Model/ClientVehicleDisembark.cs; Source/NexusForever.WorldServer/Network/Message/Handler/Entity/Vehicle/ClientVehicleDisembarkHandler.cs","ClientVehicleDisembark; ClientVehicleDisembarkHandler","Observed","","Decomp/Analysis/coverage/opcode_coverage_inventory.csv","Native registration and payload evidence have not yet been recorded in coverage; run a focused decompile pass before semantic use.","2026-06-11"
"TRACE-OPCCLIENTCLIENTVEHICLEEMBARK01B0","OPC-CLIENT-CLIENTVEHICLEEMBARK-01B0","WildStar64.exe","","ClientVehicleEmbark","Client opcode coverage","CoverageModelHandler","Source/NexusForever.Network.World/Message/Model/ClientVehicleEmbark.cs; Source/NexusForever.WorldServer/Network/Message/Handler/Entity/Vehicle/ClientVehicleEmbarkHandler.cs","ClientVehicleEmbark; ClientVehicleEmbarkHandler","Observed","","Decomp/Analysis/coverage/opcode_coverage_inventory.csv","Native registration and payload evidence have not yet been recorded in coverage; run a focused decompile pass before semantic use.","2026-06-11"
"TRACE-OPCCLIENTCLIENTVENDORPURCHASE00BE","OPC-CLIENT-CLIENTVENDORPURCHASE-00BE","WildStar64.exe","","ClientVendorPurchase","Client opcode coverage","CoverageModelHandler","Source/NexusForever.Network.World/Message/Model/ClientVendorPurchase.cs; Source/NexusForever.WorldServer/Network/Message/Handler/Vendor/ClientVendorPurchaseHandler.cs","ClientVendorPurchase; ClientVendorPurchaseHandler","Observed","","Decomp/Analysis/coverage/opcode_coverage_inventory.csv","Native registration and payload evidence have not yet been recorded in coverage; run a focused decompile pass before semantic use.","2026-06-11"
"TRACE-OPCCLIENTCLIENTWARPARTYBOSSTOKENSREQUEST0956","OPC-CLIENT-CLIENTWARPARTYBOSSTOKENSREQUEST-0956","WildStar64.exe","","ClientWarPartyBossTokensRequest","Client opcode coverage","CoverageModelHandler","Source/NexusForever.Network.World/Message/Model/Guild/ClientWarPartyBossTokensRequest.cs; Source/NexusForever.WorldServer/Network/Message/Handler/Guild/ClientWarPartyBossTokensRequestHandler.cs","ClientWarPartyBossTokensRequest; ClientWarPartyBossTokensRequestHandler","Observed","","Decomp/Analysis/coverage/opcode_coverage_inventory.csv","Native registration and payload evidence have not yet been recorded in coverage; run a focused decompile pass before semantic use.","2026-06-11"
"TRACE-OPCCLIENTCLIENTWHOREQUEST0959","OPC-CLIENT-CLIENTWHOREQUEST-0959","WildStar64.exe","","ClientWhoRequest","Client opcode coverage","CoverageModelHandler","Source/NexusForever.Network.World/Message/Model/Who/ClientWhoRequest.cs; Source/NexusForever.WorldServer/Network/Message/Handler/Chat/ClientWhoRequestHandler.cs","ClientWhoRequest; ClientWhoRequestHandler","Observed","","Decomp/Analysis/coverage/opcode_coverage_inventory.csv","Native registration and payload evidence have not yet been recorded in coverage; run a focused decompile pass before semantic use.","2026-06-11"
"TRACE-OPCCLIENTCLIENTZONECHANGE063A","OPC-CLIENT-CLIENTZONECHANGE-063A","WildStar64.exe","","ClientZoneChange","Client opcode coverage","CoverageModelHandler","Source/NexusForever.Network.World/Message/Model/ClientZoneChange.cs; Source/NexusForever.WorldServer/Network/Message/Handler/Misc/ClientZoneChangeHandler.cs","ClientZoneChange; ClientZoneChangeHandler","Observed","","Decomp/Analysis/coverage/opcode_coverage_inventory.csv","Native registration and payload evidence have not yet been recorded in coverage; run a focused decompile pass before semantic use.","2026-06-11"
"TRACE-OPC-0141-HANDLER","OPC-CLIENT-RAPIDTRANSPORT-0141","WildStar64.exe","1403993c0","RapidTransport_SendClientRapidTransport","World server","Handler","Source/NexusForever.WorldServer/Network/Message/Handler/Entity/Player/ClientRapidTransportHandler.cs","ClientRapidTransportHandler","Implemented","","Decomp/Analysis/INITIAL_FINDINGS.md","Service-token bypass and route-state precision remain blocked","2026-06-10"
"TRACE-OPC-0141-MODEL","OPC-CLIENT-RAPIDTRANSPORT-0141","WildStar64.exe","14007ab80","ClientRapidTransport_WritePayload","World network","Model","Source/NexusForever.Network.World/Message/Model/ClientRapidTransport.cs","ClientRapidTransport","Implemented","","Decomp/Analysis/INITIAL_FINDINGS.md","ContextToken remains read-only opaque correlation data","2026-06-10"
"TRACE-OPC-0858-HANDLER","OPC-CLIENT-TRADESKILLRESET-0858","WildStar64.exe","14059acb0","Tradeskill_SendClientTradeskillResetTalents","World server","Handler","Source/NexusForever.WorldServer/Network/Message/Handler/Crafting/ClientTradeskillHandlers.cs","ClientTradeskillResetTalentsHandler","Implemented","","Decomp/Analysis/INITIAL_FINDINGS.md","Handler boundary remains conservative where profession persistence is incomplete","2026-06-10"
"TRACE-OPC-0858-MODEL","OPC-CLIENT-TRADESKILLRESET-0858","WildStar64.exe","14007d010","ClientTradeskillResetTalents_WritePayload","World network","Model","Source/NexusForever.Network.World/Message/Model/Crafting/ClientTradeskillResetTalents.cs","ClientTradeskillResetTalents","Implemented","","Decomp/Analysis/INITIAL_FINDINGS.md","Profession mutation and reset-result semantics remain separate gameplay blockers","2026-06-10"
"TRACE-OPCCOREBIINPUTKEYSET056F","OPC-CORE-BIINPUTKEYSET-056F","","","BiInputKeySet","Core opcode coverage","CoverageModelHandler","Source/NexusForever.Network.World/Message/Model/Option/BiInputKeySet.cs; Source/NexusForever.WorldServer/Network/Message/Handler/Option/BiInputKeySetHandler.cs","BiInputKeySet; BiInputKeySetHandler","Observed","","Decomp/Analysis/coverage/opcode_coverage_inventory.csv","Native registration and payload evidence have not yet been recorded in coverage; run a focused decompile pass before semantic use.","2026-06-11"
"TRACE-OPCCORESTATE0000","OPC-CORE-STATE-0000","","","State","Core opcode coverage","CoverageModelHandler","Source/NexusForever.Network.World/Message/Model/State.cs; Source/NexusForever.WorldServer/Network/Message/Handler/Misc/ClientPingHandler.cs","State; ClientStateHeartbeatHandler","Observed","","Decomp/Analysis/coverage/opcode_coverage_inventory.csv","Native registration and payload evidence have not yet been recorded in coverage; run a focused decompile pass before semantic use.","2026-06-11"
"TRACE-OPCCORESTATE20001","OPC-CORE-STATE2-0001","","","State2","Core opcode coverage","CoverageModelHandler","Source/NexusForever.Network.World/Message/Model/State2.cs; Source/NexusForever.WorldServer/Network/Message/Handler/Misc/ClientPingHandler.cs","State2; ClientState2HeartbeatHandler","Observed","","Decomp/Analysis/coverage/opcode_coverage_inventory.csv","Native registration and payload evidence have not yet been recorded in coverage; run a focused decompile pass before semantic use.","2026-06-11"
"TRACE-OPCSERVERSERVER0X00150015","OPC-SERVER-SERVER0X0015-0015","WildStar64.exe","","Server0x0015","Server opcode coverage","CoverageModelHandler","Source/NexusForever.Network.World/Message/Model/ServerUnresolvedOutputPackets.cs","Server0x0015","Blocked","","Decomp/Analysis/coverage/opcode_coverage_inventory.csv","Placeholder packet has partial native evidence but lacks safe semantic owner; do not rename or mutate behavior without a direct witness.","2026-06-11"
"TRACE-OPCSERVERSERVERABILITYBOOK01A0","OPC-SERVER-SERVERABILITYBOOK-01A0","WildStar64.exe","","ServerAbilityBook","Server opcode coverage","CoverageModelHandler","Source/NexusForever.Network.World/Message/Model/Abilities/ServerAbilityBook.cs","ServerAbilityBook","Observed","","Decomp/Analysis/coverage/opcode_coverage_inventory.csv","Native registration and payload evidence have not yet been recorded in coverage; run a focused decompile pass before semantic use.","2026-06-11"
"TRACE-OPCSERVERSERVERABILITYPOINTS0169","OPC-SERVER-SERVERABILITYPOINTS-0169","WildStar64.exe","","ServerAbilityPoints","Server opcode coverage","CoverageModelHandler","Source/NexusForever.Network.World/Message/Model/Abilities/ServerAbilityPoints.cs","ServerAbilityPoints","Observed","","Decomp/Analysis/coverage/opcode_coverage_inventory.csv","Native registration and payload evidence have not yet been recorded in coverage; run a focused decompile pass before semantic use.","2026-06-11"
"TRACE-OPCSERVERSERVERABILITYREMOVE014A","OPC-SERVER-SERVERABILITYREMOVE-014A","WildStar64.exe","","ServerAbilityRemove","Server opcode coverage","CoverageModelHandler","Source/NexusForever.Network.World/Message/Model/Abilities/ServerAbilityRemove.cs","ServerAbilityRemove","Correlated","","Decomp/Analysis/coverage/opcode_coverage_inventory.csv","Promote to Mapped only after native registration and payload functions are copied into this row from focused evidence.","2026-06-11"
"TRACE-OPCSERVERSERVERACCOUNTCURRENCYGRANT0967","OPC-SERVER-SERVERACCOUNTCURRENCYGRANT-0967","WildStar64.exe","","ServerAccountCurrencyGrant","Server opcode coverage","CoverageModelHandler","Source/NexusForever.Network.World/Message/Model/ServerAccountCurrencyGrant.cs","ServerAccountCurrencyGrant","Observed","","Decomp/Analysis/coverage/opcode_coverage_inventory.csv","Native registration and payload evidence have not yet been recorded in coverage; run a focused decompile pass before semantic use.","2026-06-11"
"TRACE-OPCSERVERSERVERACCOUNTCURRENCYSET0966","OPC-SERVER-SERVERACCOUNTCURRENCYSET-0966","WildStar64.exe","","ServerAccountCurrencySet","Server opcode coverage","CoverageModelHandler","Source/NexusForever.Network.World/Message/Model/ServerAccountCurrencySet.cs","ServerAccountCurrencySet","Observed","","Decomp/Analysis/coverage/opcode_coverage_inventory.csv","Native registration and payload evidence have not yet been recorded in coverage; run a focused decompile pass before semantic use.","2026-06-11"
"TRACE-OPCSERVERSERVERACCOUNTENTITLEMENT0973","OPC-SERVER-SERVERACCOUNTENTITLEMENT-0973","WildStar64.exe","","ServerAccountEntitlement","Server opcode coverage","CoverageModelHandler","Source/NexusForever.Network.World/Message/Model/ServerAccountEntitlement.cs","ServerAccountEntitlement","Observed","","Decomp/Analysis/coverage/opcode_coverage_inventory.csv","Native registration and payload evidence have not yet been recorded in coverage; run a focused decompile pass before semantic use.","2026-06-11"
"TRACE-OPCSERVERSERVERACCOUNTENTITLEMENTS0968","OPC-SERVER-SERVERACCOUNTENTITLEMENTS-0968","WildStar64.exe","","ServerAccountEntitlements","Server opcode coverage","CoverageModelHandler","Source/NexusForever.Network.World/Message/Model/ServerAccountEntitlements.cs","ServerAccountEntitlements","Observed","","Decomp/Analysis/coverage/opcode_coverage_inventory.csv","Native registration and payload evidence have not yet been recorded in coverage; run a focused decompile pass before semantic use.","2026-06-11"
"TRACE-OPCSERVERSERVERACCOUNTITEMADD0975","OPC-SERVER-SERVERACCOUNTITEMADD-0975","WildStar64.exe","","ServerAccountItemAdd","Server opcode coverage","CoverageModelHandler","Source/NexusForever.Network.World/Message/Model/ServerAccountItemAdd.cs","ServerAccountItemAdd","Observed","","Decomp/Analysis/coverage/opcode_coverage_inventory.csv","Native registration and payload evidence have not yet been recorded in coverage; run a focused decompile pass before semantic use.","2026-06-11"
"TRACE-OPCSERVERSERVERACCOUNTITEMCACHEADD096A","OPC-SERVER-SERVERACCOUNTITEMCACHEADD-096A","WildStar64.exe","","ServerAccountItemCacheAdd","Server opcode coverage","CoverageModelHandler","Source/NexusForever.Network.World/Message/Model/ServerUnresolvedOutputPackets.cs","ServerAccountItemCacheAdd","Correlated","","Decomp/Analysis/coverage/opcode_coverage_inventory.csv","Promote to Mapped only after native registration and payload functions are copied into this row from focused evidence.","2026-06-11"
"TRACE-OPCSERVERSERVERACCOUNTITEMCACHELISTAPPEND096B","OPC-SERVER-SERVERACCOUNTITEMCACHELISTAPPEND-096B","WildStar64.exe","","ServerAccountItemCacheListAppend","Server opcode coverage","CoverageModelHandler","Source/NexusForever.Network.World/Message/Model/ServerUnresolvedOutputPackets.cs","ServerAccountItemCacheListAppend","Correlated","","Decomp/Analysis/coverage/opcode_coverage_inventory.csv","Promote to Mapped only after native registration and payload functions are copied into this row from focused evidence.","2026-06-11"
"TRACE-OPCSERVERSERVERACCOUNTITEMCACHEREMOVE096C","OPC-SERVER-SERVERACCOUNTITEMCACHEREMOVE-096C","WildStar64.exe","","ServerAccountItemCacheRemove","Server opcode coverage","CoverageModelHandler","Source/NexusForever.Network.World/Message/Model/ServerUnresolvedOutputPackets.cs","ServerAccountItemCacheRemove","Correlated","","Decomp/Analysis/coverage/opcode_coverage_inventory.csv","Promote to Mapped only after native registration and payload functions are copied into this row from focused evidence.","2026-06-11"
"TRACE-OPCSERVERSERVERACCOUNTITEMCOOLDOWNS0969","OPC-SERVER-SERVERACCOUNTITEMCOOLDOWNS-0969","WildStar64.exe","","ServerAccountItemCooldowns","Server opcode coverage","CoverageModelHandler","Source/NexusForever.Network.World/Message/Model/ServerUnresolvedOutputPackets.cs","ServerAccountItemCooldowns","Observed","","Decomp/Analysis/coverage/opcode_coverage_inventory.csv","Native registration and payload evidence have not yet been recorded in coverage; run a focused decompile pass before semantic use.","2026-06-11"
"TRACE-OPCSERVERSERVERACCOUNTITEMCOOLDOWNSET0974","OPC-SERVER-SERVERACCOUNTITEMCOOLDOWNSET-0974","WildStar64.exe","","ServerAccountItemCooldownSet","Server opcode coverage","CoverageModelHandler","Source/NexusForever.Network.World/Message/Model/ServerAccountItemCooldownSet.cs","ServerAccountItemCooldownSet","Observed","","Decomp/Analysis/coverage/opcode_coverage_inventory.csv","Native registration and payload evidence have not yet been recorded in coverage; run a focused decompile pass before semantic use.","2026-06-11"
"TRACE-OPCSERVERSERVERACCOUNTITEMDELETE097C","OPC-SERVER-SERVERACCOUNTITEMDELETE-097C","WildStar64.exe","","ServerAccountItemDelete","Server opcode coverage","CoverageModelHandler","Source/NexusForever.Network.World/Message/Model/ServerAccountItemDelete.cs","ServerAccountItemDelete","Observed","","Decomp/Analysis/coverage/opcode_coverage_inventory.csv","Native registration and payload evidence have not yet been recorded in coverage; run a focused decompile pass before semantic use.","2026-06-11"
"TRACE-OPCSERVERSERVERACCOUNTITEMS096D","OPC-SERVER-SERVERACCOUNTITEMS-096D","WildStar64.exe","","ServerAccountItems","Server opcode coverage","CoverageModelHandler","Source/NexusForever.Network.World/Message/Model/ServerAccountItems.cs","ServerAccountItems","Observed","","Decomp/Analysis/coverage/opcode_coverage_inventory.csv","Native registration and payload evidence have not yet been recorded in coverage; run a focused decompile pass before semantic use.","2026-06-11"
"TRACE-OPCSERVERSERVERACCOUNTITEMSPENDING0979","OPC-SERVER-SERVERACCOUNTITEMSPENDING-0979","WildStar64.exe","","ServerAccountItemsPending","Server opcode coverage","CoverageModelHandler","Source/NexusForever.Network.World/Message/Model/ServerAccountItemsPending.cs","ServerAccountItemsPending","Observed","","Decomp/Analysis/coverage/opcode_coverage_inventory.csv","Native registration and payload evidence have not yet been recorded in coverage; run a focused decompile pass before semantic use.","2026-06-11"
"TRACE-OPCSERVERSERVERACCOUNTOPERATIONRESULT0970","OPC-SERVER-SERVERACCOUNTOPERATIONRESULT-0970","WildStar64.exe","","ServerAccountOperationResult","Server opcode coverage","CoverageModelHandler","Source/NexusForever.Network.World/Message/Model/ServerAccountOperationResult.cs","ServerAccountOperationResult","Observed","","Decomp/Analysis/coverage/opcode_coverage_inventory.csv","Native registration and payload evidence have not yet been recorded in coverage; run a focused decompile pass before semantic use.","2026-06-11"
"TRACE-OPCSERVERSERVERACCOUNTPENDINGITEMADD0976","OPC-SERVER-SERVERACCOUNTPENDINGITEMADD-0976","WildStar64.exe","","ServerAccountPendingItemAdd","Server opcode coverage","CoverageModelHandler","Source/NexusForever.Network.World/Message/Model/ServerUnresolvedOutputPackets.cs","ServerAccountPendingItemAdd","Observed","","Decomp/Analysis/coverage/opcode_coverage_inventory.csv","Native registration and payload evidence have not yet been recorded in coverage; run a focused decompile pass before semantic use.","2026-06-11"
"TRACE-OPCSERVERSERVERACCOUNTPENDINGITEMDELETE097E","OPC-SERVER-SERVERACCOUNTPENDINGITEMDELETE-097E","WildStar64.exe","","ServerAccountPendingItemDelete","Server opcode coverage","CoverageModelHandler","Source/NexusForever.Network.World/Message/Model/ServerUnresolvedOutputPackets.cs","ServerAccountPendingItemDelete","Observed","","Decomp/Analysis/coverage/opcode_coverage_inventory.csv","Native registration and payload evidence have not yet been recorded in coverage; run a focused decompile pass before semantic use.","2026-06-11"
"TRACE-OPCSERVERSERVERACCOUNTPENDINGITEMGROUPDELETE097D","OPC-SERVER-SERVERACCOUNTPENDINGITEMGROUPDELETE-097D","WildStar64.exe","","ServerAccountPendingItemGroupDelete","Server opcode coverage","CoverageModelHandler","Source/NexusForever.Network.World/Message/Model/ServerUnresolvedOutputPackets.cs","ServerAccountPendingItemGroupDelete","Observed","","Decomp/Analysis/coverage/opcode_coverage_inventory.csv","Native registration and payload evidence have not yet been recorded in coverage; run a focused decompile pass before semantic use.","2026-06-11"
"TRACE-OPCSERVERSERVERACCOUNTPENDINGITEMSCLEAR0977","OPC-SERVER-SERVERACCOUNTPENDINGITEMSCLEAR-0977","WildStar64.exe","","ServerAccountPendingItemsClear","Server opcode coverage","CoverageModelHandler","Source/NexusForever.Network.World/Message/Model/ServerUnresolvedOutputPackets.cs","ServerAccountPendingItemsClear","Observed","","Decomp/Analysis/coverage/opcode_coverage_inventory.csv","Native registration and payload evidence have not yet been recorded in coverage; run a focused decompile pass before semantic use.","2026-06-11"
"TRACE-OPCSERVERSERVERACCOUNTPRIVILEGERESTRICTIONUPDATE0971","OPC-SERVER-SERVERACCOUNTPRIVILEGERESTRICTIONUPDATE-0971","WildStar64.exe","","ServerAccountPrivilegeRestrictionUpdate","Server opcode coverage","CoverageModelHandler","Source/NexusForever.Network.World/Message/Model/ServerUnresolvedOutputPackets.cs","ServerAccountPrivilegeRestrictionUpdate","Observed","","Decomp/Analysis/coverage/opcode_coverage_inventory.csv","Native registration and payload evidence have not yet been recorded in coverage; run a focused decompile pass before semantic use.","2026-06-11"
"TRACE-OPCSERVERSERVERACCOUNTTIER097F","OPC-SERVER-SERVERACCOUNTTIER-097F","WildStar64.exe","","ServerAccountTier","Server opcode coverage","CoverageModelHandler","Source/NexusForever.Network.World/Message/Model/ServerAccountTier.cs","ServerAccountTier","Observed","","Decomp/Analysis/coverage/opcode_coverage_inventory.csv","Native registration and payload evidence have not yet been recorded in coverage; run a focused decompile pass before semantic use.","2026-06-11"
"TRACE-OPCSERVERSERVERACCOUNTUINT64PAYLOAD0986","OPC-SERVER-SERVERACCOUNTUINT64PAYLOAD-0986","WildStar64.exe","","ServerAccountUInt64Payload","Server opcode coverage","CoverageModelHandler","Source/NexusForever.Network.World/Message/Model/ServerAccountUInt64Payload.cs","ServerAccountUInt64Payload","Correlated","","Decomp/Analysis/coverage/opcode_coverage_inventory.csv","Promote to Mapped only after native registration and payload functions are copied into this row from focused evidence.","2026-06-11"
"TRACE-OPCSERVERSERVERACHIEVEMENTINIT00AE","OPC-SERVER-SERVERACHIEVEMENTINIT-00AE","WildStar64.exe","","ServerAchievementInit","Server opcode coverage","CoverageModelHandler","Source/NexusForever.Network.World/Message/Model/Achievement/ServerAchievementInit.cs","ServerAchievementInit","Observed","","Decomp/Analysis/coverage/opcode_coverage_inventory.csv","Native registration and payload evidence have not yet been recorded in coverage; run a focused decompile pass before semantic use.","2026-06-11"
"TRACE-OPCSERVERSERVERACHIEVEMENTUPDATE00AF","OPC-SERVER-SERVERACHIEVEMENTUPDATE-00AF","WildStar64.exe","","ServerAchievementUpdate","Server opcode coverage","CoverageModelHandler","Source/NexusForever.Network.World/Message/Model/Achievement/ServerAchievementUpdate.cs","ServerAchievementUpdate","Observed","","Decomp/Analysis/coverage/opcode_coverage_inventory.csv","Native registration and payload evidence have not yet been recorded in coverage; run a focused decompile pass before semantic use.","2026-06-11"
"TRACE-OPCSERVERSERVERACTIONBARSET016C","OPC-SERVER-SERVERACTIONBARSET-016C","WildStar64.exe","","ServerActionBarSet","Server opcode coverage","CoverageModelHandler","Source/NexusForever.Network.World/Message/Model/Abilities/ServerActionBarSet.cs","ServerActionBarSet","Observed","","Decomp/Analysis/coverage/opcode_coverage_inventory.csv","Native registration and payload evidence have not yet been recorded in coverage; run a focused decompile pass before semantic use.","2026-06-11"
"TRACE-OPCSERVERSERVERACTIONSET019D","OPC-SERVER-SERVERACTIONSET-019D","WildStar64.exe","","ServerActionSet","Server opcode coverage","CoverageModelHandler","Source/NexusForever.Network.World/Message/Model/Abilities/ServerActionSet.cs","ServerActionSet","Observed","","Decomp/Analysis/coverage/opcode_coverage_inventory.csv","Native registration and payload evidence have not yet been recorded in coverage; run a focused decompile pass before semantic use.","2026-06-11"
"TRACE-OPCSERVERSERVERACTIONSETCLEARCACHE00B2","OPC-SERVER-SERVERACTIONSETCLEARCACHE-00B2","WildStar64.exe","","ServerActionSetClearCache","Server opcode coverage","CoverageModelHandler","Source/NexusForever.Network.World/Message/Model/Abilities/ServerActionSetClearCache.cs","ServerActionSetClearCache","Correlated","","Decomp/Analysis/coverage/opcode_coverage_inventory.csv","Promote to Mapped only after native registration and payload functions are copied into this row from focused evidence.","2026-06-11"
"TRACE-OPCSERVERSERVERACTIONSETDUALUINT32LISTS016B","OPC-SERVER-SERVERACTIONSETDUALUINT32LISTS-016B","WildStar64.exe","","ServerActionSetDualUInt32Lists","Server opcode coverage","CoverageModelHandler","Source/NexusForever.Network.World/Message/Model/Abilities/ServerLasAuxPackets.cs","ServerActionSetDualUInt32Lists","Correlated","","Decomp/Analysis/coverage/opcode_coverage_inventory.csv","Promote to Mapped only after native registration and payload functions are copied into this row from focused evidence.","2026-06-11"
"TRACE-OPCSERVERSERVERACTIONSETFIVEUINT3201A4","OPC-SERVER-SERVERACTIONSETFIVEUINT32-01A4","WildStar64.exe","","ServerActionSetFiveUInt32","Server opcode coverage","CoverageModelHandler","Source/NexusForever.Network.World/Message/Model/Abilities/ServerLasAuxPackets.cs","ServerActionSetFiveUInt32","Correlated","","Decomp/Analysis/coverage/opcode_coverage_inventory.csv","Promote to Mapped only after native registration and payload functions are copied into this row from focused evidence.","2026-06-11"
"TRACE-OPCSERVERSERVERACTIONSETUINT16016D","OPC-SERVER-SERVERACTIONSETUINT16-016D","WildStar64.exe","","ServerActionSetUInt16","Server opcode coverage","CoverageModelHandler","Source/NexusForever.Network.World/Message/Model/Abilities/ServerLasAuxPackets.cs","ServerActionSetUInt16","Correlated","","Decomp/Analysis/coverage/opcode_coverage_inventory.csv","Promote to Mapped only after native registration and payload functions are copied into this row from focused evidence.","2026-06-11"
"TRACE-OPCSERVERSERVERACTIONSETUINT16LIST019C","OPC-SERVER-SERVERACTIONSETUINT16LIST-019C","WildStar64.exe","","ServerActionSetUInt16List","Server opcode coverage","CoverageModelHandler","Source/NexusForever.Network.World/Message/Model/Abilities/ServerLasAuxPackets.cs","ServerActionSetUInt16List","Correlated","","Decomp/Analysis/coverage/opcode_coverage_inventory.csv","Promote to Mapped only after native registration and payload functions are copied into this row from focused evidence.","2026-06-11"
"TRACE-OPCSERVERSERVERACTIONSETUINT32016E","OPC-SERVER-SERVERACTIONSETUINT32-016E","WildStar64.exe","","ServerActionSetUInt32","Server opcode coverage","CoverageModelHandler","Source/NexusForever.Network.World/Message/Model/Abilities/ServerLasAuxPackets.cs","ServerActionSetUInt32","Correlated","","Decomp/Analysis/coverage/opcode_coverage_inventory.csv","Promote to Mapped only after native registration and payload functions are copied into this row from focused evidence.","2026-06-11"
"TRACE-OPCSERVERSERVERAMPLIST01A3","OPC-SERVER-SERVERAMPLIST-01A3","WildStar64.exe","","ServerAmpList","Server opcode coverage","CoverageModelHandler","Source/NexusForever.Network.World/Message/Model/Abilities/ServerAMPList.cs","ServerAmpList","Observed","","Decomp/Analysis/coverage/opcode_coverage_inventory.csv","Native registration and payload evidence have not yet been recorded in coverage; run a focused decompile pass before semantic use.","2026-06-11"
"TRACE-OPCSERVERSERVERAMPPOWERUPDATE01A1","OPC-SERVER-SERVERAMPPOWERUPDATE-01A1","WildStar64.exe","","ServerAmpPowerUpdate","Server opcode coverage","CoverageModelHandler","Source/NexusForever.Network.World/Message/Model/Abilities/ServerAmpPowerUpdate.cs","ServerAmpPowerUpdate","Observed","","Decomp/Analysis/coverage/opcode_coverage_inventory.csv","Native registration and payload evidence have not yet been recorded in coverage; run a focused decompile pass before semantic use.","2026-06-11"
"TRACE-OPCSERVERSERVERAMPRESPECRESULT0152","OPC-SERVER-SERVERAMPRESPECRESULT-0152","WildStar64.exe","","ServerAmpRespecResult","Server opcode coverage","CoverageModelHandler","Source/NexusForever.Network.World/Message/Model/Abilities/ServerAmpRespecResult.cs","ServerAmpRespecResult","Observed","","Decomp/Analysis/coverage/opcode_coverage_inventory.csv","Native registration and payload evidence have not yet been recorded in coverage; run a focused decompile pass before semantic use.","2026-06-11"
"TRACE-OPCSERVERSERVERAPPEARANCEAUXEMPTY0143","OPC-SERVER-SERVERAPPEARANCEAUXEMPTY-0143","WildStar64.exe","","ServerAppearanceAuxEmpty","Server opcode coverage","CoverageModelHandler","Source/NexusForever.Network.World/Message/Model/ServerClusterAuxPackets.cs","ServerAppearanceAuxEmpty","Correlated","","Decomp/Analysis/coverage/opcode_coverage_inventory.csv","Promote to Mapped only after native registration and payload functions are copied into this row from focused evidence.","2026-06-11"
"TRACE-OPCSERVERSERVERATTRIBUTEPOINTS019E","OPC-SERVER-SERVERATTRIBUTEPOINTS-019E","WildStar64.exe","","ServerAttributePoints","Server opcode coverage","CoverageModelHandler","Source/NexusForever.Network.World/Message/Model/ServerAttributePoints.cs","ServerAttributePoints","Observed","","Decomp/Analysis/coverage/opcode_coverage_inventory.csv","Native registration and payload evidence have not yet been recorded in coverage; run a focused decompile pass before semantic use.","2026-06-11"
"TRACE-OPCSERVERSERVERAUCTIONBIDPOSTED055F","OPC-SERVER-SERVERAUCTIONBIDPOSTED-055F","WildStar64.exe","","ServerAuctionBidPosted","Server opcode coverage","CoverageModelHandler","Source/NexusForever.Network.World/Message/Model/Marketplace/ServerAuctionBidPosted.cs","ServerAuctionBidPosted","Observed","","Decomp/Analysis/coverage/opcode_coverage_inventory.csv","Native registration and payload evidence have not yet been recorded in coverage; run a focused decompile pass before semantic use.","2026-06-11"
"TRACE-OPCSERVERSERVERAUCTIONBIDRESULT0560","OPC-SERVER-SERVERAUCTIONBIDRESULT-0560","WildStar64.exe","","ServerAuctionBidResult","Server opcode coverage","CoverageModelHandler","Source/NexusForever.Network.World/Message/Model/Marketplace/ServerAuctionBidResult.cs","ServerAuctionBidResult","Observed","","Decomp/Analysis/coverage/opcode_coverage_inventory.csv","Native registration and payload evidence have not yet been recorded in coverage; run a focused decompile pass before semantic use.","2026-06-11"
"TRACE-OPCSERVERSERVERAUCTIONCANCELRESULT0565","OPC-SERVER-SERVERAUCTIONCANCELRESULT-0565","WildStar64.exe","","ServerAuctionCancelResult","Server opcode coverage","CoverageModelHandler","Source/NexusForever.Network.World/Message/Model/Marketplace/ServerAuctionCancelResult.cs","ServerAuctionCancelResult","Observed","","Decomp/Analysis/coverage/opcode_coverage_inventory.csv","Native registration and payload evidence have not yet been recorded in coverage; run a focused decompile pass before semantic use.","2026-06-11"
"TRACE-OPCSERVERSERVERAUCTIONEXPIRED0561","OPC-SERVER-SERVERAUCTIONEXPIRED-0561","WildStar64.exe","","ServerAuctionExpired","Server opcode coverage","CoverageModelHandler","Source/NexusForever.Network.World/Message/Model/Marketplace/ServerAuctionExpired.cs","ServerAuctionExpired","Observed","","Decomp/Analysis/coverage/opcode_coverage_inventory.csv","Native registration and payload evidence have not yet been recorded in coverage; run a focused decompile pass before semantic use.","2026-06-11"
"TRACE-OPCSERVERSERVERAUCTIONOUTBID0562","OPC-SERVER-SERVERAUCTIONOUTBID-0562","WildStar64.exe","","ServerAuctionOutbid","Server opcode coverage","CoverageModelHandler","Source/NexusForever.Network.World/Message/Model/Marketplace/ServerAuctionOutbid.cs","ServerAuctionOutbid","Observed","","Decomp/Analysis/coverage/opcode_coverage_inventory.csv","Native registration and payload evidence have not yet been recorded in coverage; run a focused decompile pass before semantic use.","2026-06-11"
"TRACE-OPCSERVERSERVERAUCTIONPOSTAUX06DF","OPC-SERVER-SERVERAUCTIONPOSTAUX-06DF","WildStar64.exe","","ServerAuctionPostAux","Server opcode coverage","CoverageModelHandler","Source/NexusForever.Network.World/Message/Model/ServerClusterAuxPackets.cs","ServerAuctionPostAux","Correlated","","Decomp/Analysis/coverage/opcode_coverage_inventory.csv","Promote to Mapped only after native registration and payload functions are copied into this row from focused evidence.","2026-06-11"
"TRACE-OPCSERVERSERVERAUCTIONPOSTRESULT06DD","OPC-SERVER-SERVERAUCTIONPOSTRESULT-06DD","WildStar64.exe","","ServerAuctionPostResult","Server opcode coverage","CoverageModelHandler","Source/NexusForever.Network.World/Message/Model/Marketplace/ServerAuctionPostResult.cs","ServerAuctionPostResult","Observed","","Decomp/Analysis/coverage/opcode_coverage_inventory.csv","Native registration and payload evidence have not yet been recorded in coverage; run a focused decompile pass before semantic use.","2026-06-11"
"TRACE-OPCSERVERSERVERAUCTIONSBYFILTERAUX07D5","OPC-SERVER-SERVERAUCTIONSBYFILTERAUX-07D5","WildStar64.exe","","ServerAuctionsByFilterAux","Server opcode coverage","CoverageModelHandler","Source/NexusForever.Network.World/Message/Model/ServerClusterAuxPackets.cs","ServerAuctionsByFilterAux","Correlated","","Decomp/Analysis/coverage/opcode_coverage_inventory.csv","Promote to Mapped only after native registration and payload functions are copied into this row from focused evidence.","2026-06-11"
"TRACE-OPCSERVERSERVERAUCTIONSEARCHRESULTS0563","OPC-SERVER-SERVERAUCTIONSEARCHRESULTS-0563","WildStar64.exe","","ServerAuctionSearchResults","Server opcode coverage","CoverageModelHandler","Source/NexusForever.Network.World/Message/Model/Marketplace/ServerAuctionSearchResults.cs","ServerAuctionSearchResults","Observed","","Decomp/Analysis/coverage/opcode_coverage_inventory.csv","Native registration and payload evidence have not yet been recorded in coverage; run a focused decompile pass before semantic use.","2026-06-11"
"TRACE-OPCSERVERSERVERAUCTIONWON0564","OPC-SERVER-SERVERAUCTIONWON-0564","WildStar64.exe","","ServerAuctionWon","Server opcode coverage","CoverageModelHandler","Source/NexusForever.Network.World/Message/Model/Marketplace/ServerAuctionWon.cs","ServerAuctionWon","Observed","","Decomp/Analysis/coverage/opcode_coverage_inventory.csv","Native registration and payload evidence have not yet been recorded in coverage; run a focused decompile pass before semantic use.","2026-06-11"
"TRACE-OPCSERVERSERVERAUTHACCEPTED0591","OPC-SERVER-SERVERAUTHACCEPTED-0591","WildStar64.exe","","ServerAuthAccepted","Server opcode coverage","CoverageModelHandler","Source/NexusForever.Network.Auth/Message/Model/ServerAuthAccepted.cs","ServerAuthAccepted","Observed","","Decomp/Analysis/coverage/opcode_coverage_inventory.csv","Native registration and payload evidence have not yet been recorded in coverage; run a focused decompile pass before semantic use.","2026-06-11"
"TRACE-OPCSERVERSERVERAUTHDENIED063D","OPC-SERVER-SERVERAUTHDENIED-063D","WildStar64.exe","","ServerAuthDenied","Server opcode coverage","CoverageModelHandler","Source/NexusForever.Network.Auth/Message/Model/ServerAuthDenied.cs","ServerAuthDenied","Observed","","Decomp/Analysis/coverage/opcode_coverage_inventory.csv","Native registration and payload evidence have not yet been recorded in coverage; run a focused decompile pass before semantic use.","2026-06-11"
"TRACE-OPCSERVERSERVERAUTHENCRYPTED0076","OPC-SERVER-SERVERAUTHENCRYPTED-0076","WildStar64.exe","","ServerAuthEncrypted","Server opcode coverage","CoverageModelHandler","Source/NexusForever.Network.Auth/Message/Model/ServerAuthEncrypted.cs","ServerAuthEncrypted","Observed","","Decomp/Analysis/coverage/opcode_coverage_inventory.csv","Native registration and payload evidence have not yet been recorded in coverage; run a focused decompile pass before semantic use.","2026-06-11"
"TRACE-OPCSERVERSERVERBUYBACKITEMREMOVED00BD","OPC-SERVER-SERVERBUYBACKITEMREMOVED-00BD","WildStar64.exe","","ServerBuybackItemRemoved","Server opcode coverage","CoverageModelHandler","Source/NexusForever.Network.World/Message/Model/ServerBuybackItemRemoved.cs","ServerBuybackItemRemoved","Observed","","Decomp/Analysis/coverage/opcode_coverage_inventory.csv","Native registration and payload evidence have not yet been recorded in coverage; run a focused decompile pass before semantic use.","2026-06-11"
"TRACE-OPCSERVERSERVERBUYBACKITEMS00BC","OPC-SERVER-SERVERBUYBACKITEMS-00BC","WildStar64.exe","","ServerBuybackItems","Server opcode coverage","CoverageModelHandler","Source/NexusForever.Network.World/Message/Model/ServerBuybackItems.cs","ServerBuybackItems","Observed","","Decomp/Analysis/coverage/opcode_coverage_inventory.csv","Native registration and payload evidence have not yet been recorded in coverage; run a focused decompile pass before semantic use.","2026-06-11"
"TRACE-OPCSERVERSERVERBUYBACKITEMUPDATED00BA","OPC-SERVER-SERVERBUYBACKITEMUPDATED-00BA","WildStar64.exe","","ServerBuybackItemUpdated","Server opcode coverage","CoverageModelHandler","Source/NexusForever.Network.World/Message/Model/ServerBuybackItemUpdated.cs","ServerBuybackItemUpdated","Observed","","Decomp/Analysis/coverage/opcode_coverage_inventory.csv","Native registration and payload evidence have not yet been recorded in coverage; run a focused decompile pass before semantic use.","2026-06-11"
"TRACE-OPCSERVERSERVERCCSTATESTUNDIRECTION00C4","OPC-SERVER-SERVERCCSTATESTUNDIRECTION-00C4","WildStar64.exe","","ServerCCStateStunDirection","Server opcode coverage","CoverageModelHandler","Source/NexusForever.Network.World/Message/Model/Entity/ServerCCStateStunDirection.cs","ServerCCStateStunDirection","Observed","","Decomp/Analysis/coverage/opcode_coverage_inventory.csv","Native registration and payload evidence have not yet been recorded in coverage; run a focused decompile pass before semantic use.","2026-06-11"
"TRACE-OPCSERVERSERVERCHALLENGERESULT00C6","OPC-SERVER-SERVERCHALLENGERESULT-00C6","WildStar64.exe","","ServerChallengeResult","Server opcode coverage","CoverageModelHandler","Source/NexusForever.Network.World/Message/Model/Challenges/ServerChallengeResult.cs","ServerChallengeResult","Observed","","Decomp/Analysis/coverage/opcode_coverage_inventory.csv","Native registration and payload evidence have not yet been recorded in coverage; run a focused decompile pass before semantic use.","2026-06-11"
"TRACE-OPCSERVERSERVERCHALLENGESHARED00A9","OPC-SERVER-SERVERCHALLENGESHARED-00A9","WildStar64.exe","","ServerChallengeShared","Server opcode coverage","CoverageModelHandler","Source/NexusForever.Network.World/Message/Model/Challenges/ServerChallengeShared.cs","ServerChallengeShared","Observed","","Decomp/Analysis/coverage/opcode_coverage_inventory.csv","Native registration and payload evidence have not yet been recorded in coverage; run a focused decompile pass before semantic use.","2026-06-11"
"TRACE-OPCSERVERSERVERCHALLENGESHARETIMEOUT00AA","OPC-SERVER-SERVERCHALLENGESHARETIMEOUT-00AA","WildStar64.exe","","ServerChallengeShareTimeout","Server opcode coverage","CoverageModelHandler","Source/NexusForever.Network.World/Message/Model/Challenges/ServerChallengeShareTimeout.cs","ServerChallengeShareTimeout","Observed","","Decomp/Analysis/coverage/opcode_coverage_inventory.csv","Native registration and payload evidence have not yet been recorded in coverage; run a focused decompile pass before semantic use.","2026-06-11"
"TRACE-OPCSERVERSERVERCHALLENGEUPDATE00C7","OPC-SERVER-SERVERCHALLENGEUPDATE-00C7","WildStar64.exe","","ServerChallengeUpdate","Server opcode coverage","CoverageModelHandler","Source/NexusForever.Network.World/Message/Model/Challenges/ServerChallengeUpdate.cs","ServerChallengeUpdate","Observed","","Decomp/Analysis/coverage/opcode_coverage_inventory.csv","Native registration and payload evidence have not yet been recorded in coverage; run a focused decompile pass before semantic use.","2026-06-11"
"TRACE-OPCSERVERSERVERCHANGEWORLD00AD","OPC-SERVER-SERVERCHANGEWORLD-00AD","WildStar64.exe","","ServerChangeWorld","Server opcode coverage","CoverageModelHandler","Source/NexusForever.Network.World/Message/Model/ServerChangeWorld.cs","ServerChangeWorld","Observed","","Decomp/Analysis/coverage/opcode_coverage_inventory.csv","Native registration and payload evidence have not yet been recorded in coverage; run a focused decompile pass before semantic use.","2026-06-11"
"TRACE-OPCSERVERSERVERCHANNELUPDATELOOT00DD","OPC-SERVER-SERVERCHANNELUPDATELOOT-00DD","WildStar64.exe","","ServerChannelUpdateLoot","Server opcode coverage","CoverageModelHandler","Source/NexusForever.Network.World/Message/Model/ServerChannelUpdateLoot.cs","ServerChannelUpdateLoot","Observed","","Decomp/Analysis/coverage/opcode_coverage_inventory.csv","Native registration and payload evidence have not yet been recorded in coverage; run a focused decompile pass before semantic use.","2026-06-11"
"TRACE-OPCSERVERSERVERCHARACTERAPPEARANCERESULT0145","OPC-SERVER-SERVERCHARACTERAPPEARANCERESULT-0145","WildStar64.exe","","ServerCharacterAppearanceResult","Server opcode coverage","CoverageModelHandler","Source/NexusForever.Network.World/Message/Model/ServerCharacterAppearanceResult.cs","ServerCharacterAppearanceResult","Observed","","Decomp/Analysis/coverage/opcode_coverage_inventory.csv","Native registration and payload evidence have not yet been recorded in coverage; run a focused decompile pass before semantic use.","2026-06-11"
"TRACE-OPCSERVERSERVERCHARACTERCREATE00DC","OPC-SERVER-SERVERCHARACTERCREATE-00DC","WildStar64.exe","","ServerCharacterCreate","Server opcode coverage","CoverageModelHandler","Source/NexusForever.Network.World/Message/Model/Pregame/ServerCharacterCreate.cs","ServerCharacterCreate","Observed","","Decomp/Analysis/coverage/opcode_coverage_inventory.csv","Native registration and payload evidence have not yet been recorded in coverage; run a focused decompile pass before semantic use.","2026-06-11"
"TRACE-OPCSERVERSERVERCHARACTERDELETEDINFO0116","OPC-SERVER-SERVERCHARACTERDELETEDINFO-0116","WildStar64.exe","","ServerCharacterDeletedInfo","Server opcode coverage","CoverageModelHandler","Source/NexusForever.Network.World/Message/Model/Pregame/ServerCharacterDeletedInfo.cs","ServerCharacterDeletedInfo","Observed","","Decomp/Analysis/coverage/opcode_coverage_inventory.csv","Native registration and payload evidence have not yet been recorded in coverage; run a focused decompile pass before semantic use.","2026-06-11"
"TRACE-OPCSERVERSERVERCHARACTERDELETERESULT00E6","OPC-SERVER-SERVERCHARACTERDELETERESULT-00E6","WildStar64.exe","","ServerCharacterDeleteResult","Server opcode coverage","CoverageModelHandler","Source/NexusForever.Network.World/Message/Model/Pregame/ServerCharacterDeleteResult.cs","ServerCharacterDeleteResult","Observed","","Decomp/Analysis/coverage/opcode_coverage_inventory.csv","Native registration and payload evidence have not yet been recorded in coverage; run a focused decompile pass before semantic use.","2026-06-11"
"TRACE-OPCSERVERSERVERCHARACTERDISABLED00E7","OPC-SERVER-SERVERCHARACTERDISABLED-00E7","WildStar64.exe","","ServerCharacterDisabled","Server opcode coverage","CoverageModelHandler","Source/NexusForever.Network.World/Message/Model/Pregame/ServerCharacterDisabled.cs","ServerCharacterDisabled","Observed","","Decomp/Analysis/coverage/opcode_coverage_inventory.csv","Native registration and payload evidence have not yet been recorded in coverage; run a focused decompile pass before semantic use.","2026-06-11"
"TRACE-OPCSERVERSERVERCHARACTERFLAGSUPDATED00FE","OPC-SERVER-SERVERCHARACTERFLAGSUPDATED-00FE","WildStar64.exe","","ServerCharacterFlagsUpdated","Server opcode coverage","CoverageModelHandler","Source/NexusForever.Network.World/Message/Model/ServerCharacterFlagsUpdated.cs","ServerCharacterFlagsUpdated","Observed","","Decomp/Analysis/coverage/opcode_coverage_inventory.csv","Native registration and payload evidence have not yet been recorded in coverage; run a focused decompile pass before semantic use.","2026-06-11"
"TRACE-OPCSERVERSERVERCHARACTERLIST0117","OPC-SERVER-SERVERCHARACTERLIST-0117","WildStar64.exe","","ServerCharacterList","Server opcode coverage","CoverageModelHandler","Source/NexusForever.Network.World/Message/Model/Pregame/ServerCharacterList.cs","ServerCharacterList","Observed","","Decomp/Analysis/coverage/opcode_coverage_inventory.csv","Native registration and payload evidence have not yet been recorded in coverage; run a focused decompile pass before semantic use.","2026-06-11"
"TRACE-OPCSERVERSERVERCHARACTERLISTENTRY010F","OPC-SERVER-SERVERCHARACTERLISTENTRY-010F","WildStar64.exe","","ServerCharacterListEntry","Server opcode coverage","CoverageModelHandler","Source/NexusForever.Network.World/Message/Model/Pregame/ServerCharacterListEntry.cs","ServerCharacterListEntry","Correlated","","Decomp/Analysis/coverage/opcode_coverage_inventory.csv","Promote to Mapped only after native registration and payload functions are copied into this row from focused evidence.","2026-06-11"
"TRACE-OPCSERVERSERVERCHARACTERRENAMERESULT014B","OPC-SERVER-SERVERCHARACTERRENAMERESULT-014B","WildStar64.exe","","ServerCharacterRenameResult","Server opcode coverage","CoverageModelHandler","Source/NexusForever.Network.World/Message/Model/Pregame/ServerCharacterRenameResult.cs","ServerCharacterRenameResult","Observed","","Decomp/Analysis/coverage/opcode_coverage_inventory.csv","Native registration and payload evidence have not yet been recorded in coverage; run a focused decompile pass before semantic use.","2026-06-11"
"TRACE-OPCSERVERSERVERCHARACTERSELECTFAIL0162","OPC-SERVER-SERVERCHARACTERSELECTFAIL-0162","WildStar64.exe","","ServerCharacterSelectFail","Server opcode coverage","CoverageModelHandler","Source/NexusForever.Network.World/Message/Model/Pregame/ServerCharacterSelectFail.cs","ServerCharacterSelectFail","Observed","","Decomp/Analysis/coverage/opcode_coverage_inventory.csv","Native registration and payload evidence have not yet been recorded in coverage; run a focused decompile pass before semantic use.","2026-06-11"
"TRACE-OPCSERVERSERVERCHAT01C8","OPC-SERVER-SERVERCHAT-01C8","WildStar64.exe","","ServerChat","Server opcode coverage","CoverageModelHandler","Source/NexusForever.Network.World/Message/Model/Chat/ServerChat.cs","ServerChat","Observed","","Decomp/Analysis/coverage/opcode_coverage_inventory.csv","Native registration and payload evidence have not yet been recorded in coverage; run a focused decompile pass before semantic use.","2026-06-11"
"TRACE-OPCSERVERSERVERCHATACCEPT01C2","OPC-SERVER-SERVERCHATACCEPT-01C2","WildStar64.exe","","ServerChatAccept","Server opcode coverage","CoverageModelHandler","Source/NexusForever.Network.World/Message/Model/Chat/ServerChatAccept.cs","ServerChatAccept","Observed","","Decomp/Analysis/coverage/opcode_coverage_inventory.csv","Native registration and payload evidence have not yet been recorded in coverage; run a focused decompile pass before semantic use.","2026-06-11"
"TRACE-OPCSERVERSERVERCHATACTION01B5","OPC-SERVER-SERVERCHATACTION-01B5","WildStar64.exe","","ServerChatAction","Server opcode coverage","CoverageModelHandler","Source/NexusForever.Network.World/Message/Model/Chat/ServerChatAction.cs","ServerChatAction","Observed","","Decomp/Analysis/coverage/opcode_coverage_inventory.csv","Native registration and payload evidence have not yet been recorded in coverage; run a focused decompile pass before semantic use.","2026-06-11"
"TRACE-OPCSERVERSERVERCHATAUXBULK01B8","OPC-SERVER-SERVERCHATAUXBULK-01B8","WildStar64.exe","","ServerChatAuxBulk","Server opcode coverage","CoverageModelHandler","Source/NexusForever.Network.World/Message/Model/ServerClusterAuxPackets.cs","ServerChatAuxBulk","Correlated","","Decomp/Analysis/coverage/opcode_coverage_inventory.csv","Promote to Mapped only after native registration and payload functions are copied into this row from focused evidence.","2026-06-11"
"TRACE-OPCSERVERSERVERCHATAUXNOTIFICATION01EF","OPC-SERVER-SERVERCHATAUXNOTIFICATION-01EF","WildStar64.exe","","ServerChatAuxNotification","Server opcode coverage","CoverageModelHandler","Source/NexusForever.Network.World/Message/Model/ServerClusterAuxPackets.cs","ServerChatAuxNotification","Correlated","","Decomp/Analysis/coverage/opcode_coverage_inventory.csv","Promote to Mapped only after native registration and payload functions are copied into this row from focused evidence.","2026-06-11"
"TRACE-OPCSERVERSERVERCHATAUXPAYLOAD01C1","OPC-SERVER-SERVERCHATAUXPAYLOAD-01C1","WildStar64.exe","","ServerChatAuxPayload","Server opcode coverage","CoverageModelHandler","Source/NexusForever.Network.World/Message/Model/ServerClusterAuxPackets.cs","ServerChatAuxPayload","Correlated","","Decomp/Analysis/coverage/opcode_coverage_inventory.csv","Promote to Mapped only after native registration and payload functions are copied into this row from focused evidence.","2026-06-11"
"TRACE-OPCSERVERSERVERCHATAUXPAYLOADALT01C4","OPC-SERVER-SERVERCHATAUXPAYLOADALT-01C4","WildStar64.exe","","ServerChatAuxPayloadAlt","Server opcode coverage","CoverageModelHandler","Source/NexusForever.Network.World/Message/Model/ServerClusterAuxPackets.cs","ServerChatAuxPayloadAlt","Correlated","","Decomp/Analysis/coverage/opcode_coverage_inventory.csv","Promote to Mapped only after native registration and payload functions are copied into this row from focused evidence.","2026-06-11"
"TRACE-OPCSERVERSERVERCHATFLAG01B7","OPC-SERVER-SERVERCHATFLAG-01B7","WildStar64.exe","","ServerChatFlag","Server opcode coverage","CoverageModelHandler","Source/NexusForever.Network.World/Message/Model/Chat/ServerChatFlag.cs","ServerChatFlag","Observed","","Decomp/Analysis/coverage/opcode_coverage_inventory.csv","Native registration and payload evidence have not yet been recorded in coverage; run a focused decompile pass before semantic use.","2026-06-11"
"TRACE-OPCSERVERSERVERCHATJOIN01BC","OPC-SERVER-SERVERCHATJOIN-01BC","WildStar64.exe","","ServerChatJoin","Server opcode coverage","CoverageModelHandler","Source/NexusForever.Network.World/Message/Model/Chat/ServerChatJoin.cs","ServerChatJoin","Observed","","Decomp/Analysis/coverage/opcode_coverage_inventory.csv","Native registration and payload evidence have not yet been recorded in coverage; run a focused decompile pass before semantic use.","2026-06-11"
"TRACE-OPCSERVERSERVERCHATJOINRESULT01BB","OPC-SERVER-SERVERCHATJOINRESULT-01BB","WildStar64.exe","","ServerChatJoinResult","Server opcode coverage","CoverageModelHandler","Source/NexusForever.Network.World/Message/Model/Chat/ServerChatJoinResult.cs","ServerChatJoinResult","Observed","","Decomp/Analysis/coverage/opcode_coverage_inventory.csv","Native registration and payload evidence have not yet been recorded in coverage; run a focused decompile pass before semantic use.","2026-06-11"
"TRACE-OPCSERVERSERVERCHATLEAVE01BF","OPC-SERVER-SERVERCHATLEAVE-01BF","WildStar64.exe","","ServerChatLeave","Server opcode coverage","CoverageModelHandler","Source/NexusForever.Network.World/Message/Model/Chat/ServerChatLeave.cs","ServerChatLeave","Observed","","Decomp/Analysis/coverage/opcode_coverage_inventory.csv","Native registration and payload evidence have not yet been recorded in coverage; run a focused decompile pass before semantic use.","2026-06-11"
"TRACE-OPCSERVERSERVERCHATLIST01C0","OPC-SERVER-SERVERCHATLIST-01C0","WildStar64.exe","","ServerChatList","Server opcode coverage","CoverageModelHandler","Source/NexusForever.Network.World/Message/Model/Chat/ServerChatList.cs","ServerChatList","Observed","","Decomp/Analysis/coverage/opcode_coverage_inventory.csv","Native registration and payload evidence have not yet been recorded in coverage; run a focused decompile pass before semantic use.","2026-06-11"
"TRACE-OPCSERVERSERVERCHATNPC01C6","OPC-SERVER-SERVERCHATNPC-01C6","WildStar64.exe","","ServerChatNPC","Server opcode coverage","CoverageModelHandler","Source/NexusForever.Network.World/Message/Model/Chat/ServerChatNPC.cs","ServerChatNPC","Observed","","Decomp/Analysis/coverage/opcode_coverage_inventory.csv","Native registration and payload evidence have not yet been recorded in coverage; run a focused decompile pass before semantic use.","2026-06-11"
"TRACE-OPCSERVERSERVERCHATNPCCUSTOM01CA","OPC-SERVER-SERVERCHATNPCCUSTOM-01CA","WildStar64.exe","","ServerChatNPCCustom","Server opcode coverage","CoverageModelHandler","Source/NexusForever.Network.World/Message/Model/Chat/ServerChatNPCCustom.cs","ServerChatNPCCustom","Observed","","Decomp/Analysis/coverage/opcode_coverage_inventory.csv","Native registration and payload evidence have not yet been recorded in coverage; run a focused decompile pass before semantic use.","2026-06-11"
"TRACE-OPCSERVERSERVERCHATRESULT01D3","OPC-SERVER-SERVERCHATRESULT-01D3","WildStar64.exe","","ServerChatResult","Server opcode coverage","CoverageModelHandler","Source/NexusForever.Network.World/Message/Model/Chat/ServerChatResult.cs","ServerChatResult","Observed","","Decomp/Analysis/coverage/opcode_coverage_inventory.csv","Native registration and payload evidence have not yet been recorded in coverage; run a focused decompile pass before semantic use.","2026-06-11"
"TRACE-OPCSERVERSERVERCHATWHISPERFAIL01D9","OPC-SERVER-SERVERCHATWHISPERFAIL-01D9","WildStar64.exe","","ServerChatWhisperFail","Server opcode coverage","CoverageModelHandler","Source/NexusForever.Network.World/Message/Model/Chat/ServerChatWhisperFail.cs","ServerChatWhisperFail","Observed","","Decomp/Analysis/coverage/opcode_coverage_inventory.csv","Native registration and payload evidence have not yet been recorded in coverage; run a focused decompile pass before semantic use.","2026-06-11"
"TRACE-OPCSERVERSERVERCHATZONECHANGE01DA","OPC-SERVER-SERVERCHATZONECHANGE-01DA","WildStar64.exe","","ServerChatZoneChange","Server opcode coverage","CoverageModelHandler","Source/NexusForever.Network.World/Message/Model/Chat/ServerChatZoneChange.cs","ServerChatZoneChange","Observed","","Decomp/Analysis/coverage/opcode_coverage_inventory.csv","Native registration and payload evidence have not yet been recorded in coverage; run a focused decompile pass before semantic use.","2026-06-11"
"TRACE-OPCSERVERSERVERCINEMATICACTORADD0228","OPC-SERVER-SERVERCINEMATICACTORADD-0228","WildStar64.exe","","ServerCinematicActorAdd","Server opcode coverage","CoverageModelHandler","Source/NexusForever.Network.World/Message/Model/Cinematic/ServerCinematicActorAdd.cs","ServerCinematicActorAdd","Observed","","Decomp/Analysis/coverage/opcode_coverage_inventory.csv","Native registration and payload evidence have not yet been recorded in coverage; run a focused decompile pass before semantic use.","2026-06-11"
"TRACE-OPCSERVERSERVERCINEMATICACTORANGLE0230","OPC-SERVER-SERVERCINEMATICACTORANGLE-0230","WildStar64.exe","","ServerCinematicActorAngle","Server opcode coverage","CoverageModelHandler","Source/NexusForever.Network.World/Message/Model/Cinematic/ServerCinematicActorAngle.cs","ServerCinematicActorAngle","Observed","","Decomp/Analysis/coverage/opcode_coverage_inventory.csv","Native registration and payload evidence have not yet been recorded in coverage; run a focused decompile pass before semantic use.","2026-06-11"
"TRACE-OPCSERVERSERVERCINEMATICACTORMODE0231","OPC-SERVER-SERVERCINEMATICACTORMODE-0231","WildStar64.exe","","ServerCinematicActorMode","Server opcode coverage","CoverageModelHandler","Source/NexusForever.Network.World/Message/Model/Cinematic/ServerCinematicActorMode.cs","ServerCinematicActorMode","Observed","","Decomp/Analysis/coverage/opcode_coverage_inventory.csv","Native registration and payload evidence have not yet been recorded in coverage; run a focused decompile pass before semantic use.","2026-06-11"
"TRACE-OPCSERVERSERVERCINEMATICACTORREMOVE021D","OPC-SERVER-SERVERCINEMATICACTORREMOVE-021D","WildStar64.exe","","ServerCinematicActorRemove","Server opcode coverage","CoverageModelHandler","Source/NexusForever.Network.World/Message/Model/Cinematic/ServerCinematicActorRemove.cs","ServerCinematicActorRemove","Observed","","Decomp/Analysis/coverage/opcode_coverage_inventory.csv","Native registration and payload evidence have not yet been recorded in coverage; run a focused decompile pass before semantic use.","2026-06-11"
"TRACE-OPCSERVERSERVERCINEMATICACTORSPLINE022F","OPC-SERVER-SERVERCINEMATICACTORSPLINE-022F","WildStar64.exe","","ServerCinematicActorSpline","Server opcode coverage","CoverageModelHandler","Source/NexusForever.Network.World/Message/Model/Cinematic/ServerCinematicActorSpline.cs","ServerCinematicActorSpline","Observed","","Decomp/Analysis/coverage/opcode_coverage_inventory.csv","Native registration and payload evidence have not yet been recorded in coverage; run a focused decompile pass before semantic use.","2026-06-11"
"TRACE-OPCSERVERSERVERCINEMATICACTORVISIBILITY0220","OPC-SERVER-SERVERCINEMATICACTORVISIBILITY-0220","WildStar64.exe","","ServerCinematicActorVisibility","Server opcode coverage","CoverageModelHandler","Source/NexusForever.Network.World/Message/Model/Cinematic/ServerCinematicActorVisibility.cs","ServerCinematicActorVisibility","Observed","","Decomp/Analysis/coverage/opcode_coverage_inventory.csv","Native registration and payload evidence have not yet been recorded in coverage; run a focused decompile pass before semantic use.","2026-06-11"
"TRACE-OPCSERVERSERVERCINEMATICADVANCETOENDING021F","OPC-SERVER-SERVERCINEMATICADVANCETOENDING-021F","WildStar64.exe","","ServerCinematicAdvanceToEnding","Server opcode coverage","CoverageModelHandler","Source/NexusForever.Network.World/Message/Model/Cinematic/ServerCinematicAdvanceToEnding.cs","ServerCinematicAdvanceToEnding","Observed","","Decomp/Analysis/coverage/opcode_coverage_inventory.csv","Native registration and payload evidence have not yet been recorded in coverage; run a focused decompile pass before semantic use.","2026-06-11"
"TRACE-OPCSERVERSERVERCINEMATICCAMERA0218","OPC-SERVER-SERVERCINEMATICCAMERA-0218","WildStar64.exe","","ServerCinematicCamera","Server opcode coverage","CoverageModelHandler","Source/NexusForever.Network.World/Message/Model/Cinematic/ServerCinematicCamera.cs","ServerCinematicCamera","Observed","","Decomp/Analysis/coverage/opcode_coverage_inventory.csv","Native registration and payload evidence have not yet been recorded in coverage; run a focused decompile pass before semantic use.","2026-06-11"
"TRACE-OPCSERVERSERVERCINEMATICCAMERAATTACH0213","OPC-SERVER-SERVERCINEMATICCAMERAATTACH-0213","WildStar64.exe","","ServerCinematicCameraAttach","Server opcode coverage","CoverageModelHandler","Source/NexusForever.Network.World/Message/Model/Cinematic/ServerCinematicActorAttach.cs","ServerCinematicCameraAttach","Observed","","Decomp/Analysis/coverage/opcode_coverage_inventory.csv","Native registration and payload evidence have not yet been recorded in coverage; run a focused decompile pass before semantic use.","2026-06-11"
"TRACE-OPCSERVERSERVERCINEMATICCAMERAPOSVEL0214","OPC-SERVER-SERVERCINEMATICCAMERAPOSVEL-0214","WildStar64.exe","","ServerCinematicCameraPosVel","Server opcode coverage","CoverageModelHandler","Source/NexusForever.Network.World/Message/Model/Cinematic/ServerCinematicCameraPosVel.cs","ServerCinematicCameraPosVel","Observed","","Decomp/Analysis/coverage/opcode_coverage_inventory.csv","Native registration and payload evidence have not yet been recorded in coverage; run a focused decompile pass before semantic use.","2026-06-11"
"TRACE-OPCSERVERSERVERCINEMATICCAMERAROTATION0221","OPC-SERVER-SERVERCINEMATICCAMERAROTATION-0221","WildStar64.exe","","ServerCinematicCameraRotation","Server opcode coverage","CoverageModelHandler","Source/NexusForever.Network.World/Message/Model/Cinematic/ServerCinematicCameraRotation.cs","ServerCinematicCameraRotation","Observed","","Decomp/Analysis/coverage/opcode_coverage_inventory.csv","Native registration and payload evidence have not yet been recorded in coverage; run a focused decompile pass before semantic use.","2026-06-11"
"TRACE-OPCSERVERSERVERCINEMATICCAMERASPLINE0215","OPC-SERVER-SERVERCINEMATICCAMERASPLINE-0215","WildStar64.exe","","ServerCinematicCameraSpline","Server opcode coverage","CoverageModelHandler","Source/NexusForever.Network.World/Message/Model/Cinematic/ServerCinematicCameraSpline.cs","ServerCinematicCameraSpline","Observed","","Decomp/Analysis/coverage/opcode_coverage_inventory.csv","Native registration and payload evidence have not yet been recorded in coverage; run a focused decompile pass before semantic use.","2026-06-11"
"TRACE-OPCSERVERSERVERCINEMATICCAMERATRANSITION0216","OPC-SERVER-SERVERCINEMATICCAMERATRANSITION-0216","WildStar64.exe","","ServerCinematicCameraTransition","Server opcode coverage","CoverageModelHandler","Source/NexusForever.Network.World/Message/Model/Cinematic/ServerCinematicCameraTransition.cs","ServerCinematicCameraTransition","Observed","","Decomp/Analysis/coverage/opcode_coverage_inventory.csv","Native registration and payload evidence have not yet been recorded in coverage; run a focused decompile pass before semantic use.","2026-06-11"
"TRACE-OPCSERVERSERVERCINEMATICCAMERAUNIT0217","OPC-SERVER-SERVERCINEMATICCAMERAUNIT-0217","WildStar64.exe","","ServerCinematicCameraUnit","Server opcode coverage","CoverageModelHandler","Source/NexusForever.Network.World/Message/Model/Cinematic/ServerCinematicCameraUnit.cs","ServerCinematicCameraUnit","Correlated","","Decomp/Analysis/coverage/opcode_coverage_inventory.csv","Promote to Mapped only after native registration and payload functions are copied into this row from focused evidence.","2026-06-11"
"TRACE-OPCSERVERSERVERCINEMATICCOMPLETE0210","OPC-SERVER-SERVERCINEMATICCOMPLETE-0210","WildStar64.exe","","ServerCinematicComplete","Server opcode coverage","CoverageModelHandler","Source/NexusForever.Network.World/Message/Model/Cinematic/ServerCinematicComplete.cs","ServerCinematicComplete","Observed","","Decomp/Analysis/coverage/opcode_coverage_inventory.csv","Native registration and payload evidence have not yet been recorded in coverage; run a focused decompile pass before semantic use.","2026-06-11"
"TRACE-OPCSERVERSERVERCINEMATICDELAYFLAG022B","OPC-SERVER-SERVERCINEMATICDELAYFLAG-022B","WildStar64.exe","","ServerCinematicDelayFlag","Server opcode coverage","CoverageModelHandler","Source/NexusForever.Network.World/Message/Model/Cinematic/ServerCinematicDelayFlag.cs","ServerCinematicDelayFlag","Correlated","","Decomp/Analysis/coverage/opcode_coverage_inventory.csv","Promote to Mapped only after native registration and payload functions are copied into this row from focused evidence.","2026-06-11"
"TRACE-OPCSERVERSERVERCINEMATICEND022C","OPC-SERVER-SERVERCINEMATICEND-022C","WildStar64.exe","","ServerCinematicEnd","Server opcode coverage","CoverageModelHandler","Source/NexusForever.Network.World/Message/Model/Cinematic/ServerCinematicEnd.cs","ServerCinematicEnd","Observed","","Decomp/Analysis/coverage/opcode_coverage_inventory.csv","Native registration and payload evidence have not yet been recorded in coverage; run a focused decompile pass before semantic use.","2026-06-11"
"TRACE-OPCSERVERSERVERCINEMATICFLAGS0227","OPC-SERVER-SERVERCINEMATICFLAGS-0227","WildStar64.exe","","ServerCinematicFlags","Server opcode coverage","CoverageModelHandler","Source/NexusForever.Network.World/Message/Model/Cinematic/ServerCinematicFlags.cs","ServerCinematicFlags","Observed","","Decomp/Analysis/coverage/opcode_coverage_inventory.csv","Native registration and payload evidence have not yet been recorded in coverage; run a focused decompile pass before semantic use.","2026-06-11"
"TRACE-OPCSERVERSERVERCINEMATICFULLSCREENEFFECTADD021A","OPC-SERVER-SERVERCINEMATICFULLSCREENEFFECTADD-021A","WildStar64.exe","","ServerCinematicFullScreenEffectAdd","Server opcode coverage","CoverageModelHandler","Source/NexusForever.Network.World/Message/Model/Cinematic/ServerCinematicFullScreenEffectAdd.cs","ServerCinematicFullScreenEffectAdd","Observed","","Decomp/Analysis/coverage/opcode_coverage_inventory.csv","Native registration and payload evidence have not yet been recorded in coverage; run a focused decompile pass before semantic use.","2026-06-11"
"TRACE-OPCSERVERSERVERCINEMATICFULLSCREENEFFECTREMOVE0223","OPC-SERVER-SERVERCINEMATICFULLSCREENEFFECTREMOVE-0223","WildStar64.exe","","ServerCinematicFullScreenEffectRemove","Server opcode coverage","CoverageModelHandler","Source/NexusForever.Network.World/Message/Model/Cinematic/ServerCinematicFullScreenEffectRemove.cs","ServerCinematicFullScreenEffectRemove","Observed","","Decomp/Analysis/coverage/opcode_coverage_inventory.csv","Native registration and payload evidence have not yet been recorded in coverage; run a focused decompile pass before semantic use.","2026-06-11"
"TRACE-OPCSERVERSERVERCINEMATICMISSILEACTORADD021B","OPC-SERVER-SERVERCINEMATICMISSILEACTORADD-021B","WildStar64.exe","","ServerCinematicMissileActorAdd","Server opcode coverage","CoverageModelHandler","Source/NexusForever.Network.World/Message/Model/Cinematic/ServerCinematicMissileActorAdd.cs","ServerCinematicMissileActorAdd","Observed","","Decomp/Analysis/coverage/opcode_coverage_inventory.csv","Native registration and payload evidence have not yet been recorded in coverage; run a focused decompile pass before semantic use.","2026-06-11"
"TRACE-OPCSERVERSERVERCINEMATICMISSILEACTORREMOVE0224","OPC-SERVER-SERVERCINEMATICMISSILEACTORREMOVE-0224","WildStar64.exe","","ServerCinematicMissileActorRemove","Server opcode coverage","CoverageModelHandler","Source/NexusForever.Network.World/Message/Model/Cinematic/ServerCinematicMissileActorRemove.cs","ServerCinematicMissileActorRemove","Observed","","Decomp/Analysis/coverage/opcode_coverage_inventory.csv","Native registration and payload evidence have not yet been recorded in coverage; run a focused decompile pass before semantic use.","2026-06-11"
"TRACE-OPCSERVERSERVERCINEMATICNOTIFY0232","OPC-SERVER-SERVERCINEMATICNOTIFY-0232","WildStar64.exe","","ServerCinematicNotify","Server opcode coverage","CoverageModelHandler","Source/NexusForever.Network.World/Message/Model/Cinematic/ServerCinematicNotify.cs","ServerCinematicNotify","Observed","","Decomp/Analysis/coverage/opcode_coverage_inventory.csv","Native registration and payload evidence have not yet been recorded in coverage; run a focused decompile pass before semantic use.","2026-06-11"
"TRACE-OPCSERVERSERVERCINEMATICPLATFORMADD0211","OPC-SERVER-SERVERCINEMATICPLATFORMADD-0211","WildStar64.exe","","ServerCinematicPlatformAdd","Server opcode coverage","CoverageModelHandler","Source/NexusForever.Network.World/Message/Model/Cinematic/ServerCinematicPlatformAdd.cs","ServerCinematicPlatformAdd","Observed","","Decomp/Analysis/coverage/opcode_coverage_inventory.csv","Native registration and payload evidence have not yet been recorded in coverage; run a focused decompile pass before semantic use.","2026-06-11"
"TRACE-OPCSERVERSERVERCINEMATICPLATFORMDETACHACTOR021E","OPC-SERVER-SERVERCINEMATICPLATFORMDETACHACTOR-021E","WildStar64.exe","","ServerCinematicPlatformDetachActor","Server opcode coverage","CoverageModelHandler","Source/NexusForever.Network.World/Message/Model/Cinematic/ServerCinematicPlatformDetachActor.cs","ServerCinematicPlatformDetachActor","Observed","","Decomp/Analysis/coverage/opcode_coverage_inventory.csv","Native registration and payload evidence have not yet been recorded in coverage; run a focused decompile pass before semantic use.","2026-06-11"
"TRACE-OPCSERVERSERVERCINEMATICPLAYERCONTROL0219","OPC-SERVER-SERVERCINEMATICPLAYERCONTROL-0219","WildStar64.exe","","ServerCinematicPlayerControl","Server opcode coverage","CoverageModelHandler","Source/NexusForever.Network.World/Message/Model/Cinematic/ServerCinematicPlayerControl.cs","ServerCinematicPlayerControl","Observed","","Decomp/Analysis/coverage/opcode_coverage_inventory.csv","Native registration and payload evidence have not yet been recorded in coverage; run a focused decompile pass before semantic use.","2026-06-11"
"TRACE-OPCSERVERSERVERCINEMATICSEQUENCEOFFSET0226","OPC-SERVER-SERVERCINEMATICSEQUENCEOFFSET-0226","WildStar64.exe","","ServerCinematicSequenceOffset","Server opcode coverage","CoverageModelHandler","Source/NexusForever.Network.World/Message/Model/Cinematic/ServerCinematicSequenceOffset.cs","ServerCinematicSequenceOffset","Correlated","","Decomp/Analysis/coverage/opcode_coverage_inventory.csv","Promote to Mapped only after native registration and payload functions are copied into this row from focused evidence.","2026-06-11"
"TRACE-OPCSERVERSERVERCINEMATICSTART022E","OPC-SERVER-SERVERCINEMATICSTART-022E","WildStar64.exe","","ServerCinematicStart","Server opcode coverage","CoverageModelHandler","Source/NexusForever.Network.World/Message/Model/Cinematic/ServerCinematicStart.cs","ServerCinematicStart","Observed","","Decomp/Analysis/coverage/opcode_coverage_inventory.csv","Native registration and payload evidence have not yet been recorded in coverage; run a focused decompile pass before semantic use.","2026-06-11"
"TRACE-OPCSERVERSERVERCINEMATICSTORYPANELDIALOGHIDE0229","OPC-SERVER-SERVERCINEMATICSTORYPANELDIALOGHIDE-0229","WildStar64.exe","","ServerCinematicStoryPanelDialogHide","Server opcode coverage","CoverageModelHandler","Source/NexusForever.Network.World/Message/Model/Cinematic/ServerCinematicStoryPanelDialogHide.cs","ServerCinematicStoryPanelDialogHide","Observed","","Decomp/Analysis/coverage/opcode_coverage_inventory.csv","Native registration and payload evidence have not yet been recorded in coverage; run a focused decompile pass before semantic use.","2026-06-11"
"TRACE-OPCSERVERSERVERCINEMATICTEXT022A","OPC-SERVER-SERVERCINEMATICTEXT-022A","WildStar64.exe","","ServerCinematicText","Server opcode coverage","CoverageModelHandler","Source/NexusForever.Network.World/Message/Model/Cinematic/ServerCinematicText.cs","ServerCinematicText","Observed","","Decomp/Analysis/coverage/opcode_coverage_inventory.csv","Native registration and payload evidence have not yet been recorded in coverage; run a focused decompile pass before semantic use.","2026-06-11"
"TRACE-OPCSERVERSERVERCINEMATICTRANSITIONDURATIONSET0222","OPC-SERVER-SERVERCINEMATICTRANSITIONDURATIONSET-0222","WildStar64.exe","","ServerCinematicTransitionDurationSet","Server opcode coverage","CoverageModelHandler","Source/NexusForever.Network.World/Message/Model/Cinematic/ServerCinematicTransitionDurationSet.cs","ServerCinematicTransitionDurationSet","Correlated","","Decomp/Analysis/coverage/opcode_coverage_inventory.csv","Promote to Mapped only after native registration and payload functions are copied into this row from focused evidence.","2026-06-11"
"TRACE-OPCSERVERSERVERCINEMATICTRANSITIONPOSITION0212","OPC-SERVER-SERVERCINEMATICTRANSITIONPOSITION-0212","WildStar64.exe","","ServerCinematicTransitionPosition","Server opcode coverage","CoverageModelHandler","Source/NexusForever.Network.World/Message/Model/Cinematic/ServerCinematicTransitionPosition.cs","ServerCinematicTransitionPosition","Observed","","Decomp/Analysis/coverage/opcode_coverage_inventory.csv","Native registration and payload evidence have not yet been recorded in coverage; run a focused decompile pass before semantic use.","2026-06-11"
"TRACE-OPCSERVERSERVERCINEMATICVISUALEFFECTADD021C","OPC-SERVER-SERVERCINEMATICVISUALEFFECTADD-021C","WildStar64.exe","","ServerCinematicVisualEffectAdd","Server opcode coverage","CoverageModelHandler","Source/NexusForever.Network.World/Message/Model/Cinematic/ServerCinematicVisualEffectAdd.cs","ServerCinematicVisualEffectAdd","Observed","","Decomp/Analysis/coverage/opcode_coverage_inventory.csv","Native registration and payload evidence have not yet been recorded in coverage; run a focused decompile pass before semantic use.","2026-06-11"
"TRACE-OPCSERVERSERVERCINEMATICVISUALEFFECTEND0225","OPC-SERVER-SERVERCINEMATICVISUALEFFECTEND-0225","WildStar64.exe","","ServerCinematicVisualEffectEnd","Server opcode coverage","CoverageModelHandler","Source/NexusForever.Network.World/Message/Model/Cinematic/ServerCinematicVisualEffectEnd.cs","ServerCinematicVisualEffectEnd","Observed","","Decomp/Analysis/coverage/opcode_coverage_inventory.csv","Native registration and payload evidence have not yet been recorded in coverage; run a focused decompile pass before semantic use.","2026-06-11"
"TRACE-OPCSERVERSERVERCINEMATICWHITEOUT022D","OPC-SERVER-SERVERCINEMATICWHITEOUT-022D","WildStar64.exe","","ServerCinematicWhiteOut","Server opcode coverage","CoverageModelHandler","Source/NexusForever.Network.World/Message/Model/Cinematic/ServerCinematicWhiteOut.cs","ServerCinematicWhiteOut","Observed","","Decomp/Analysis/coverage/opcode_coverage_inventory.csv","Native registration and payload evidence have not yet been recorded in coverage; run a focused decompile pass before semantic use.","2026-06-11"
"TRACE-OPCSERVERSERVERCLIENTENTITYUPDATEINTERVAL0070","OPC-SERVER-SERVERCLIENTENTITYUPDATEINTERVAL-0070","WildStar64.exe","","ServerClientEntityUpdateInterval","Server opcode coverage","CoverageModelHandler","Source/NexusForever.Network.World/Message/Model/ServerEntityUpdateInterval.cs","ServerClientEntityUpdateInterval","Observed","","Decomp/Analysis/coverage/opcode_coverage_inventory.csv","Native registration and payload evidence have not yet been recorded in coverage; run a focused decompile pass before semantic use.","2026-06-11"
"TRACE-OPCSERVERSERVERCOMBATLOG0247","OPC-SERVER-SERVERCOMBATLOG-0247","WildStar64.exe","","ServerCombatLog","Server opcode coverage","CoverageModelHandler","Source/NexusForever.Network.World/Message/Model/ServerCombatLog.cs","ServerCombatLog","Observed","","Decomp/Analysis/coverage/opcode_coverage_inventory.csv","Native registration and payload evidence have not yet been recorded in coverage; run a focused decompile pass before semantic use.","2026-06-11"
"TRACE-OPCSERVERSERVERCOMBATREWARD0919","OPC-SERVER-SERVERCOMBATREWARD-0919","WildStar64.exe","","ServerCombatReward","Server opcode coverage","CoverageModelHandler","Source/NexusForever.Network.World/Message/Model/ServerCombatReward.cs","ServerCombatReward","Observed","","Decomp/Analysis/coverage/opcode_coverage_inventory.csv","Native registration and payload evidence have not yet been recorded in coverage; run a focused decompile pass before semantic use.","2026-06-11"
"TRACE-OPCSERVERSERVERCOMMODITYAUCTIONFILLEDPARTIAL024A","OPC-SERVER-SERVERCOMMODITYAUCTIONFILLEDPARTIAL-024A","WildStar64.exe","","ServerCommodityAuctionFilledPartial","Server opcode coverage","CoverageModelHandler","Source/NexusForever.Network.World/Message/Model/Marketplace/ServerCommodityAuctionFilledPartial.cs","ServerCommodityAuctionFilledPartial","Observed","","Decomp/Analysis/coverage/opcode_coverage_inventory.csv","Native registration and payload evidence have not yet been recorded in coverage; run a focused decompile pass before semantic use.","2026-06-11"
"TRACE-OPCSERVERSERVERCOMMODITYAUCTIONREMOVED024B","OPC-SERVER-SERVERCOMMODITYAUCTIONREMOVED-024B","WildStar64.exe","","ServerCommodityAuctionRemoved","Server opcode coverage","CoverageModelHandler","Source/NexusForever.Network.World/Message/Model/Marketplace/ServerCommodityAuctionRemoved.cs","ServerCommodityAuctionRemoved","Observed","","Decomp/Analysis/coverage/opcode_coverage_inventory.csv","Native registration and payload evidence have not yet been recorded in coverage; run a focused decompile pass before semantic use.","2026-06-11"
"TRACE-OPCSERVERSERVERCOMMODITYINFORESULTS024C","OPC-SERVER-SERVERCOMMODITYINFORESULTS-024C","WildStar64.exe","","ServerCommodityInfoResults","Server opcode coverage","CoverageModelHandler","Source/NexusForever.Network.World/Message/Model/Marketplace/ServerCommodityInfoResults.cs","ServerCommodityInfoResults","Observed","","Decomp/Analysis/coverage/opcode_coverage_inventory.csv","Native registration and payload evidence have not yet been recorded in coverage; run a focused decompile pass before semantic use.","2026-06-11"
"TRACE-OPCSERVERSERVERCOMMODITYORDERRESULT06DB","OPC-SERVER-SERVERCOMMODITYORDERRESULT-06DB","WildStar64.exe","","ServerCommodityOrderResult","Server opcode coverage","CoverageModelHandler","Source/NexusForever.Network.World/Message/Model/Marketplace/ServerCommodityOrderResult.cs","ServerCommodityOrderResult","Observed","","Decomp/Analysis/coverage/opcode_coverage_inventory.csv","Native registration and payload evidence have not yet been recorded in coverage; run a focused decompile pass before semantic use.","2026-06-11"
"TRACE-OPCSERVERSERVERCOMMUNICATORMESSAGE0757","OPC-SERVER-SERVERCOMMUNICATORMESSAGE-0757","WildStar64.exe","","ServerCommunicatorMessage","Server opcode coverage","CoverageModelHandler","Source/NexusForever.Network.World/Message/Model/Story/ServerCommunicatorMessage.cs","ServerCommunicatorMessage","Observed","","Decomp/Analysis/coverage/opcode_coverage_inventory.csv","Native registration and payload evidence have not yet been recorded in coverage; run a focused decompile pass before semantic use.","2026-06-11"
"TRACE-OPCSERVERSERVERCOOLDOWN0804","OPC-SERVER-SERVERCOOLDOWN-0804","WildStar64.exe","","ServerCooldown","Server opcode coverage","CoverageModelHandler","Source/NexusForever.Network.World/Message/Model/ServerCooldown.cs","ServerCooldown","Observed","","Decomp/Analysis/coverage/opcode_coverage_inventory.csv","Native registration and payload evidence have not yet been recorded in coverage; run a focused decompile pass before semantic use.","2026-06-11"
"TRACE-OPCSERVERSERVERCOOLDOWNLIST091B","OPC-SERVER-SERVERCOOLDOWNLIST-091B","WildStar64.exe","","ServerCooldownList","Server opcode coverage","CoverageModelHandler","Source/NexusForever.Network.World/Message/Model/ServerCooldownList.cs","ServerCooldownList","Observed","","Decomp/Analysis/coverage/opcode_coverage_inventory.csv","Native registration and payload evidence have not yet been recorded in coverage; run a focused decompile pass before semantic use.","2026-06-11"
"TRACE-OPCSERVERSERVERCOSTUME00D8","OPC-SERVER-SERVERCOSTUME-00D8","WildStar64.exe","","ServerCostume","Server opcode coverage","CoverageModelHandler","Source/NexusForever.Network.World/Message/Model/ServerCostume.cs","ServerCostume","Observed","","Decomp/Analysis/coverage/opcode_coverage_inventory.csv","Native registration and payload evidence have not yet been recorded in coverage; run a focused decompile pass before semantic use.","2026-06-11"
"TRACE-OPCSERVERSERVERCOSTUMEITEMAUX037F","OPC-SERVER-SERVERCOSTUMEITEMAUX-037F","WildStar64.exe","","ServerCostumeItemAux","Server opcode coverage","CoverageModelHandler","Source/NexusForever.Network.World/Message/Model/ServerClusterAuxPackets.cs","ServerCostumeItemAux","Correlated","","Decomp/Analysis/coverage/opcode_coverage_inventory.csv","Promote to Mapped only after native registration and payload functions are copied into this row from focused evidence.","2026-06-11"
"TRACE-OPCSERVERSERVERCOSTUMEITEMLIST025A","OPC-SERVER-SERVERCOSTUMEITEMLIST-025A","WildStar64.exe","","ServerCostumeItemList","Server opcode coverage","CoverageModelHandler","Source/NexusForever.Network.World/Message/Model/ServerCostumeItemList.cs","ServerCostumeItemList","Observed","","Decomp/Analysis/coverage/opcode_coverage_inventory.csv","Native registration and payload evidence have not yet been recorded in coverage; run a focused decompile pass before semantic use.","2026-06-11"
"TRACE-OPCSERVERSERVERCOSTUMEITEMUNLOCK0259","OPC-SERVER-SERVERCOSTUMEITEMUNLOCK-0259","WildStar64.exe","","ServerCostumeItemUnlock","Server opcode coverage","CoverageModelHandler","Source/NexusForever.Network.World/Message/Model/ServerCostumeItemUnlock.cs","ServerCostumeItemUnlock","Observed","","Decomp/Analysis/coverage/opcode_coverage_inventory.csv","Native registration and payload evidence have not yet been recorded in coverage; run a focused decompile pass before semantic use.","2026-06-11"
"TRACE-OPCSERVERSERVERCOSTUMEITEMUNLOCKMULTIPLE0258","OPC-SERVER-SERVERCOSTUMEITEMUNLOCKMULTIPLE-0258","WildStar64.exe","","ServerCostumeItemUnlockMultiple","Server opcode coverage","CoverageModelHandler","Source/NexusForever.Network.World/Message/Model/ServerCostumeItemUnlockMultiple.cs","ServerCostumeItemUnlockMultiple","Observed","","Decomp/Analysis/coverage/opcode_coverage_inventory.csv","Native registration and payload evidence have not yet been recorded in coverage; run a focused decompile pass before semantic use.","2026-06-11"
"TRACE-OPCSERVERSERVERCOSTUMELIST00D9","OPC-SERVER-SERVERCOSTUMELIST-00D9","WildStar64.exe","","ServerCostumeList","Server opcode coverage","CoverageModelHandler","Source/NexusForever.Network.World/Message/Model/ServerCostumeList.cs","ServerCostumeList","Observed","","Decomp/Analysis/coverage/opcode_coverage_inventory.csv","Native registration and payload evidence have not yet been recorded in coverage; run a focused decompile pass before semantic use.","2026-06-11"
"TRACE-OPCSERVERSERVERCOSTUMESAVE0257","OPC-SERVER-SERVERCOSTUMESAVE-0257","WildStar64.exe","","ServerCostumeSave","Server opcode coverage","CoverageModelHandler","Source/NexusForever.Network.World/Message/Model/ServerCostumeSave.cs","ServerCostumeSave","Observed","","Decomp/Analysis/coverage/opcode_coverage_inventory.csv","Native registration and payload evidence have not yet been recorded in coverage; run a focused decompile pass before semantic use.","2026-06-11"
"TRACE-OPCSERVERSERVERCRAFTINGAUXFOURUINT32FLOATUINT32084B","OPC-SERVER-SERVERCRAFTINGAUXFOURUINT32FLOATUINT32-084B","WildStar64.exe","","ServerCraftingAuxFourUInt32FloatUInt32","Server opcode coverage","CoverageModelHandler","Source/NexusForever.Network.World/Message/Model/Crafting/ServerCraftingAuxPackets.cs","ServerCraftingAuxFourUInt32FloatUInt32","Correlated","","Decomp/Analysis/coverage/opcode_coverage_inventory.csv","Promote to Mapped only after native registration and payload functions are copied into this row from focused evidence.","2026-06-11"
"TRACE-OPCSERVERSERVERCRAFTINGAUXUINT32ANDTWOFLOATS0855","OPC-SERVER-SERVERCRAFTINGAUXUINT32ANDTWOFLOATS-0855","WildStar64.exe","","ServerCraftingAuxUInt32AndTwoFloats","Server opcode coverage","CoverageModelHandler","Source/NexusForever.Network.World/Message/Model/Crafting/ServerCraftingAuxPackets.cs","ServerCraftingAuxUInt32AndTwoFloats","Correlated","","Decomp/Analysis/coverage/opcode_coverage_inventory.csv","Promote to Mapped only after native registration and payload functions are copied into this row from focused evidence.","2026-06-11"
"TRACE-OPCSERVERSERVERCRAFTINGCURRENTCRAFT0854","OPC-SERVER-SERVERCRAFTINGCURRENTCRAFT-0854","WildStar64.exe","","ServerCraftingCurrentCraft","Server opcode coverage","CoverageModelHandler","Source/NexusForever.Network.World/Message/Model/Crafting/ServerCraftingCurrentCraft.cs","ServerCraftingCurrentCraft","Correlated","","Decomp/Analysis/coverage/opcode_coverage_inventory.csv","Promote to Mapped only after native registration and payload functions are copied into this row from focused evidence.","2026-06-11"
"TRACE-OPCSERVERSERVERCRAFTINGFINISH0853","OPC-SERVER-SERVERCRAFTINGFINISH-0853","WildStar64.exe","","ServerCraftingFinish","Server opcode coverage","CoverageModelHandler","Source/NexusForever.Network.World/Message/Model/Crafting/ServerCraftingFinish.cs","ServerCraftingFinish","Observed","","Decomp/Analysis/coverage/opcode_coverage_inventory.csv","Native registration and payload evidence have not yet been recorded in coverage; run a focused decompile pass before semantic use.","2026-06-11"
"TRACE-OPCSERVERSERVERCREDDEXCHANGEINFORESULTS026A","OPC-SERVER-SERVERCREDDEXCHANGEINFORESULTS-026A","WildStar64.exe","","ServerCREDDExchangeInfoResults","Server opcode coverage","CoverageModelHandler","Source/NexusForever.Network.World/Message/Model/ServerCREDDExchangeInfoResults.cs","ServerCREDDExchangeInfoResults","Observed","","Decomp/Analysis/coverage/opcode_coverage_inventory.csv","Native registration and payload evidence have not yet been recorded in coverage; run a focused decompile pass before semantic use.","2026-06-11"
"TRACE-OPCSERVERSERVERCREDDEXCHANGEORDERCACHEROWS097A","OPC-SERVER-SERVERCREDDEXCHANGEORDERCACHEROWS-097A","WildStar64.exe","","ServerCREDDExchangeOrderCacheRows","Server opcode coverage","CoverageModelHandler","Source/NexusForever.Network.World/Message/Model/ServerUnresolvedOutputPackets.cs","ServerCREDDExchangeOrderCacheRows","Correlated","","Decomp/Analysis/coverage/opcode_coverage_inventory.csv","Promote to Mapped only after native registration and payload functions are copied into this row from focused evidence.","2026-06-11"
"TRACE-OPCSERVERSERVERCREDDOPERATIONHISTORY0978","OPC-SERVER-SERVERCREDDOPERATIONHISTORY-0978","WildStar64.exe","","ServerCREDDOperationHistory","Server opcode coverage","CoverageModelHandler","Source/NexusForever.Network.World/Message/Model/ServerUnresolvedOutputPackets.cs","ServerCREDDOperationHistory","Observed","","Decomp/Analysis/coverage/opcode_coverage_inventory.csv","Native registration and payload evidence have not yet been recorded in coverage; run a focused decompile pass before semantic use.","2026-06-11"
"TRACE-OPCSERVERSERVERCREDDREDEEMRESULT097B","OPC-SERVER-SERVERCREDDREDEEMRESULT-097B","WildStar64.exe","","ServerCREDDRedeemResult","Server opcode coverage","CoverageModelHandler","Source/NexusForever.Network.World/Message/Model/ServerUnresolvedOutputPackets.cs","ServerCREDDRedeemResult","Observed","","Decomp/Analysis/coverage/opcode_coverage_inventory.csv","Native registration and payload evidence have not yet been recorded in coverage; run a focused decompile pass before semantic use.","2026-06-11"
"TRACE-OPCSERVERSERVERCUSTOMERSURVEYREQUEST033E","OPC-SERVER-SERVERCUSTOMERSURVEYREQUEST-033E","WildStar64.exe","","ServerCustomerSurveyRequest","Server opcode coverage","CoverageModelHandler","Source/NexusForever.Network.World/Message/Model/Support/ServerCustomerSurvey.cs","ServerCustomerSurveyRequest","Observed","","Decomp/Analysis/coverage/opcode_coverage_inventory.csv","Native registration and payload evidence have not yet been recorded in coverage; run a focused decompile pass before semantic use.","2026-06-11"
"TRACE-OPCSERVERSERVERDAILYLOGINUPDATE096E","OPC-SERVER-SERVERDAILYLOGINUPDATE-096E","WildStar64.exe","","ServerDailyLoginUpdate","Server opcode coverage","CoverageModelHandler","Source/NexusForever.Network.World/Message/Model/ServerUnresolvedOutputPackets.cs","ServerDailyLoginUpdate","Observed","","Decomp/Analysis/coverage/opcode_coverage_inventory.csv","Native registration and payload evidence have not yet been recorded in coverage; run a focused decompile pass before semantic use.","2026-06-11"
"TRACE-OPCSERVERSERVERDATACUBEAUXEMPTY00DF","OPC-SERVER-SERVERDATACUBEAUXEMPTY-00DF","WildStar64.exe","","ServerDatacubeAuxEmpty","Server opcode coverage","CoverageModelHandler","Source/NexusForever.Network.World/Message/Model/ServerClusterAuxPackets.cs","ServerDatacubeAuxEmpty","Correlated","","Decomp/Analysis/coverage/opcode_coverage_inventory.csv","Promote to Mapped only after native registration and payload functions are copied into this row from focused evidence.","2026-06-11"
"TRACE-OPCSERVERSERVERDATACUBEUPDATE00E1","OPC-SERVER-SERVERDATACUBEUPDATE-00E1","WildStar64.exe","","ServerDatacubeUpdate","Server opcode coverage","CoverageModelHandler","Source/NexusForever.Network.World/Message/Model/ServerDatacubeUpdate.cs","ServerDatacubeUpdate","Observed","","Decomp/Analysis/coverage/opcode_coverage_inventory.csv","Native registration and payload evidence have not yet been recorded in coverage; run a focused decompile pass before semantic use.","2026-06-11"
"TRACE-OPCSERVERSERVERDATACUBEUPDATELIST00E0","OPC-SERVER-SERVERDATACUBEUPDATELIST-00E0","WildStar64.exe","","ServerDatacubeUpdateList","Server opcode coverage","CoverageModelHandler","Source/NexusForever.Network.World/Message/Model/ServerDatacubeUpdateList.cs","ServerDatacubeUpdateList","Observed","","Decomp/Analysis/coverage/opcode_coverage_inventory.csv","Native registration and payload evidence have not yet been recorded in coverage; run a focused decompile pass before semantic use.","2026-06-11"
"TRACE-OPCSERVERSERVERDATACUBEVOLUMEUPDATE00E2","OPC-SERVER-SERVERDATACUBEVOLUMEUPDATE-00E2","WildStar64.exe","","ServerDatacubeVolumeUpdate","Server opcode coverage","CoverageModelHandler","Source/NexusForever.Network.World/Message/Model/ServerDatacubeVolumeUpdate.cs","ServerDatacubeVolumeUpdate","Observed","","Decomp/Analysis/coverage/opcode_coverage_inventory.csv","Native registration and payload evidence have not yet been recorded in coverage; run a focused decompile pass before semantic use.","2026-06-11"
"TRACE-OPCSERVERSERVERDESTINATIONARROWCLEAR07E4","OPC-SERVER-SERVERDESTINATIONARROWCLEAR-07E4","WildStar64.exe","","ServerDestinationArrowClear","Server opcode coverage","CoverageModelHandler","Source/NexusForever.Network.World/Message/Model/Map/ServerDestinationArrowClear.cs","ServerDestinationArrowClear","Observed","","Decomp/Analysis/coverage/opcode_coverage_inventory.csv","Native registration and payload evidence have not yet been recorded in coverage; run a focused decompile pass before semantic use.","2026-06-11"
"TRACE-OPCSERVERSERVERDESTINATIONARROWSET07E5","OPC-SERVER-SERVERDESTINATIONARROWSET-07E5","WildStar64.exe","","ServerDestinationArrowSet","Server opcode coverage","CoverageModelHandler","Source/NexusForever.Network.World/Message/Model/Map/ServerDestinationArrowSet.cs","ServerDestinationArrowSet","Observed","","Decomp/Analysis/coverage/opcode_coverage_inventory.csv","Native registration and payload evidence have not yet been recorded in coverage; run a focused decompile pass before semantic use.","2026-06-11"
"TRACE-OPCSERVERSERVERDIALOGEND0358","OPC-SERVER-SERVERDIALOGEND-0358","WildStar64.exe","","ServerDialogEnd","Server opcode coverage","CoverageModelHandler","Source/NexusForever.Network.World/Message/Model/ServerDialogEnd.cs","ServerDialogEnd","Observed","","Decomp/Analysis/coverage/opcode_coverage_inventory.csv","Native registration and payload evidence have not yet been recorded in coverage; run a focused decompile pass before semantic use.","2026-06-11"
"TRACE-OPCSERVERSERVERDIALOGSTART0357","OPC-SERVER-SERVERDIALOGSTART-0357","WildStar64.exe","","ServerDialogStart","Server opcode coverage","CoverageModelHandler","Source/NexusForever.Network.World/Message/Model/ServerDialogStart.cs","ServerDialogStart","Observed","","Decomp/Analysis/coverage/opcode_coverage_inventory.csv","Native registration and payload evidence have not yet been recorded in coverage; run a focused decompile pass before semantic use.","2026-06-11"
"TRACE-OPCSERVERSERVERDISABLEDGAMEPLAYSYSTEMS0366","OPC-SERVER-SERVERDISABLEDGAMEPLAYSYSTEMS-0366","WildStar64.exe","","ServerDisabledGameplaySystems","Server opcode coverage","CoverageModelHandler","Source/NexusForever.Network.World/Message/Model/Info/ServerDisabledGameplaySystems.cs","ServerDisabledGameplaySystems","Observed","","Decomp/Analysis/coverage/opcode_coverage_inventory.csv","Native registration and payload evidence have not yet been recorded in coverage; run a focused decompile pass before semantic use.","2026-06-11"
"TRACE-OPCSERVERSERVERDUELAUXEMPTY00EE","OPC-SERVER-SERVERDUELAUXEMPTY-00EE","WildStar64.exe","","ServerDuelAuxEmpty","Server opcode coverage","CoverageModelHandler","Source/NexusForever.Network.World/Message/Model/ServerClusterAuxPackets.cs","ServerDuelAuxEmpty","Correlated","","Decomp/Analysis/coverage/opcode_coverage_inventory.csv","Promote to Mapped only after native registration and payload functions are copied into this row from focused evidence.","2026-06-11"
"TRACE-OPCSERVERSERVERDUELCANCELWARNING00C1","OPC-SERVER-SERVERDUELCANCELWARNING-00C1","WildStar64.exe","","ServerDuelCancelWarning","Server opcode coverage","CoverageModelHandler","Source/NexusForever.Network.World/Message/Model/Pvp/ServerDuelCancelWarning.cs","ServerDuelCancelWarning","Observed","","Decomp/Analysis/coverage/opcode_coverage_inventory.csv","Native registration and payload evidence have not yet been recorded in coverage; run a focused decompile pass before semantic use.","2026-06-11"
"TRACE-OPCSERVERSERVERDUELCHALLENGE0896","OPC-SERVER-SERVERDUELCHALLENGE-0896","WildStar64.exe","","ServerDuelChallenge","Server opcode coverage","CoverageModelHandler","Source/NexusForever.Network.World/Message/Model/Pvp/ServerDuelChallenge.cs","ServerDuelChallenge","Observed","","Decomp/Analysis/coverage/opcode_coverage_inventory.csv","Native registration and payload evidence have not yet been recorded in coverage; run a focused decompile pass before semantic use.","2026-06-11"
"TRACE-OPCSERVERSERVERDUELCOUNTDOWN0893","OPC-SERVER-SERVERDUELCOUNTDOWN-0893","WildStar64.exe","","ServerDuelCountdown","Server opcode coverage","CoverageModelHandler","Source/NexusForever.Network.World/Message/Model/Pvp/ServerDuelCountdown.cs","ServerDuelCountdown","Observed","","Decomp/Analysis/coverage/opcode_coverage_inventory.csv","Native registration and payload evidence have not yet been recorded in coverage; run a focused decompile pass before semantic use.","2026-06-11"
"TRACE-OPCSERVERSERVERDUELFAILURE00EB","OPC-SERVER-SERVERDUELFAILURE-00EB","WildStar64.exe","","ServerDuelFailure","Server opcode coverage","CoverageModelHandler","Source/NexusForever.Network.World/Message/Model/Pvp/ServerDuelFailure.cs","ServerDuelFailure","Observed","","Decomp/Analysis/coverage/opcode_coverage_inventory.csv","Native registration and payload evidence have not yet been recorded in coverage; run a focused decompile pass before semantic use.","2026-06-11"
"TRACE-OPCSERVERSERVERDUELLEFTAREA0114","OPC-SERVER-SERVERDUELLEFTAREA-0114","WildStar64.exe","","ServerDuelLeftArea","Server opcode coverage","CoverageModelHandler","Source/NexusForever.Network.World/Message/Model/Pvp/ServerDuelLeftArea.cs","ServerDuelLeftArea","Observed","","Decomp/Analysis/coverage/opcode_coverage_inventory.csv","Native registration and payload evidence have not yet been recorded in coverage; run a focused decompile pass before semantic use.","2026-06-11"
"TRACE-OPCSERVERSERVERDUELRESULT0894","OPC-SERVER-SERVERDUELRESULT-0894","WildStar64.exe","","ServerDuelResult","Server opcode coverage","CoverageModelHandler","Source/NexusForever.Network.World/Message/Model/Pvp/ServerDuelResult.cs","ServerDuelResult","Observed","","Decomp/Analysis/coverage/opcode_coverage_inventory.csv","Native registration and payload evidence have not yet been recorded in coverage; run a focused decompile pass before semantic use.","2026-06-11"
"TRACE-OPCSERVERSERVERDUELSTART0895","OPC-SERVER-SERVERDUELSTART-0895","WildStar64.exe","","ServerDuelStart","Server opcode coverage","CoverageModelHandler","Source/NexusForever.Network.World/Message/Model/Pvp/ServerDuelStart.cs","ServerDuelStart","Observed","","Decomp/Analysis/coverage/opcode_coverage_inventory.csv","Native registration and payload evidence have not yet been recorded in coverage; run a focused decompile pass before semantic use.","2026-06-11"
"TRACE-OPCSERVERSERVEREMOTE093C","OPC-SERVER-SERVEREMOTE-093C","WildStar64.exe","","ServerEmote","Server opcode coverage","CoverageModelHandler","Source/NexusForever.Network.World/Message/Model/ServerEmote.cs","ServerEmote","Observed","","Decomp/Analysis/coverage/opcode_coverage_inventory.csv","Native registration and payload evidence have not yet been recorded in coverage; run a focused decompile pass before semantic use.","2026-06-11"
"TRACE-OPCSERVERSERVERENTITLEMENT0918","OPC-SERVER-SERVERENTITLEMENT-0918","WildStar64.exe","","ServerEntitlement","Server opcode coverage","CoverageModelHandler","Source/NexusForever.Network.World/Message/Model/ServerEntitlement.cs","ServerEntitlement","Observed","","Decomp/Analysis/coverage/opcode_coverage_inventory.csv","Native registration and payload evidence have not yet been recorded in coverage; run a focused decompile pass before semantic use.","2026-06-11"
"TRACE-OPCSERVERSERVERENTITYAGGROSWITCH0876","OPC-SERVER-SERVERENTITYAGGROSWITCH-0876","WildStar64.exe","","ServerEntityAggroSwitch","Server opcode coverage","CoverageModelHandler","Source/NexusForever.Network.World/Message/Model/ServerEntityAggroSwitch.cs","ServerEntityAggroSwitch","Observed","","Decomp/Analysis/coverage/opcode_coverage_inventory.csv","Native registration and payload evidence have not yet been recorded in coverage; run a focused decompile pass before semantic use.","2026-06-11"
"TRACE-OPCSERVERSERVERENTITYBONEUPDATE0931","OPC-SERVER-SERVERENTITYBONEUPDATE-0931","WildStar64.exe","","ServerEntityBoneUpdate","Server opcode coverage","CoverageModelHandler","Source/NexusForever.Network.World/Message/Model/ServerEntityBoneUpdate.cs","ServerEntityBoneUpdate","Observed","","Decomp/Analysis/coverage/opcode_coverage_inventory.csv","Native registration and payload evidence have not yet been recorded in coverage; run a focused decompile pass before semantic use.","2026-06-11"
"TRACE-OPCSERVERSERVERENTITYCCSTATEREMOVE0880","OPC-SERVER-SERVERENTITYCCSTATEREMOVE-0880","WildStar64.exe","","ServerEntityCCStateRemove","Server opcode coverage","CoverageModelHandler","Source/NexusForever.Network.World/Message/Model/Entity/ServerEntityCCStateRemove.cs","ServerEntityCCStateRemove","Observed","","Decomp/Analysis/coverage/opcode_coverage_inventory.csv","Native registration and payload evidence have not yet been recorded in coverage; run a focused decompile pass before semantic use.","2026-06-11"
"TRACE-OPCSERVERSERVERENTITYCCSTATESET087F","OPC-SERVER-SERVERENTITYCCSTATESET-087F","WildStar64.exe","","ServerEntityCCStateSet","Server opcode coverage","CoverageModelHandler","Source/NexusForever.Network.World/Message/Model/Entity/ServerEntityCCStateSet.cs","ServerEntityCCStateSet","Observed","","Decomp/Analysis/coverage/opcode_coverage_inventory.csv","Native registration and payload evidence have not yet been recorded in coverage; run a focused decompile pass before semantic use.","2026-06-11"
"TRACE-OPCSERVERSERVERENTITYCCTETHERUNIT0881","OPC-SERVER-SERVERENTITYCCTETHERUNIT-0881","WildStar64.exe","","ServerEntityCCTetherUnit","Server opcode coverage","CoverageModelHandler","Source/NexusForever.Network.World/Message/Model/Entity/ServerEntityCCTetherUnit.cs","ServerEntityCCTetherUnit","Observed","","Decomp/Analysis/coverage/opcode_coverage_inventory.csv","Native registration and payload evidence have not yet been recorded in coverage; run a focused decompile pass before semantic use.","2026-06-11"
"TRACE-OPCSERVERSERVERENTITYCOMMAND0638","OPC-SERVER-SERVERENTITYCOMMAND-0638","WildStar64.exe","","ServerEntityCommand","Server opcode coverage","CoverageModelHandler","Source/NexusForever.Network.World/Message/Model/ServerEntityCommand.cs","ServerEntityCommand","Correlated","","Decomp/Analysis/coverage/opcode_coverage_inventory.csv","Promote to Mapped only after native registration and payload functions are copied into this row from focused evidence.","2026-06-11"
"TRACE-OPCSERVERSERVERENTITYCREATE0262","OPC-SERVER-SERVERENTITYCREATE-0262","WildStar64.exe","","ServerEntityCreate","Server opcode coverage","CoverageModelHandler","Source/NexusForever.Network.World/Message/Model/ServerEntityCreate.cs","ServerEntityCreate","Observed","","Decomp/Analysis/coverage/opcode_coverage_inventory.csv","Native registration and payload evidence have not yet been recorded in coverage; run a focused decompile pass before semantic use.","2026-06-11"
"TRACE-OPCSERVERSERVERENTITYCREATEAUXBITPACKEDROW0263","OPC-SERVER-SERVERENTITYCREATEAUXBITPACKEDROW-0263","WildStar64.exe","","ServerEntityCreateAuxBitPackedRow","Server opcode coverage","CoverageModelHandler","Source/NexusForever.Network.World/Message/Model/Entity/ServerEntityCreateAuxPackets.cs","ServerEntityCreateAuxSingleBitPackedRow","Correlated","","Decomp/Analysis/coverage/opcode_coverage_inventory.csv","Promote to Mapped only after native registration and payload functions are copied into this row from focused evidence.","2026-06-11"
"TRACE-OPCSERVERSERVERENTITYCREATEAUXBITPACKEDROWLIST0261","OPC-SERVER-SERVERENTITYCREATEAUXBITPACKEDROWLIST-0261","WildStar64.exe","","ServerEntityCreateAuxBitPackedRowList","Server opcode coverage","CoverageModelHandler","Source/NexusForever.Network.World/Message/Model/Entity/ServerEntityCreateAuxPackets.cs","ServerEntityCreateAuxBitPackedRowList","Correlated","","Decomp/Analysis/coverage/opcode_coverage_inventory.csv","Promote to Mapped only after native registration and payload functions are copied into this row from focused evidence.","2026-06-11"
"TRACE-OPCSERVERSERVERENTITYCREATEAUXROW025F","OPC-SERVER-SERVERENTITYCREATEAUXROW-025F","WildStar64.exe","","ServerEntityCreateAuxRow","Server opcode coverage","CoverageModelHandler","Source/NexusForever.Network.World/Message/Model/Entity/ServerEntityCreateAuxPackets.cs","ServerEntityCreateAuxSingleRow","Correlated","","Decomp/Analysis/coverage/opcode_coverage_inventory.csv","Promote to Mapped only after native registration and payload functions are copied into this row from focused evidence.","2026-06-11"
"TRACE-OPCSERVERSERVERENTITYCREATEAUXROWLIST0260","OPC-SERVER-SERVERENTITYCREATEAUXROWLIST-0260","WildStar64.exe","","ServerEntityCreateAuxRowList","Server opcode coverage","CoverageModelHandler","Source/NexusForever.Network.World/Message/Model/Entity/ServerEntityCreateAuxPackets.cs","ServerEntityCreateAuxRowList","Correlated","","Decomp/Analysis/coverage/opcode_coverage_inventory.csv","Promote to Mapped only after native registration and payload functions are copied into this row from focused evidence.","2026-06-11"
"TRACE-OPCSERVERSERVERENTITYCREATEAUXSCALARLIST0264","OPC-SERVER-SERVERENTITYCREATEAUXSCALARLIST-0264","WildStar64.exe","","ServerEntityCreateAuxScalarList","Server opcode coverage","CoverageModelHandler","Source/NexusForever.Network.World/Message/Model/Entity/ServerEntityCreateAuxPackets.cs","ServerEntityCreateAuxScalarList","Correlated","","Decomp/Analysis/coverage/opcode_coverage_inventory.csv","Promote to Mapped only after native registration and payload functions are copied into this row from focused evidence.","2026-06-11"
"TRACE-OPCSERVERSERVERENTITYDEATHSTATE088C","OPC-SERVER-SERVERENTITYDEATHSTATE-088C","WildStar64.exe","","ServerEntityDeathState","Server opcode coverage","CoverageModelHandler","Source/NexusForever.Network.World/Message/Model/ServerEntityDeathState.cs","ServerEntityDeathState","Observed","","Decomp/Analysis/coverage/opcode_coverage_inventory.csv","Native registration and payload evidence have not yet been recorded in coverage; run a focused decompile pass before semantic use.","2026-06-11"
"TRACE-OPCSERVERSERVERENTITYDESTROY0355","OPC-SERVER-SERVERENTITYDESTROY-0355","WildStar64.exe","","ServerEntityDestroy","Server opcode coverage","CoverageModelHandler","Source/NexusForever.Network.World/Message/Model/ServerEntityDestroy.cs","ServerEntityDestroy","Observed","","Decomp/Analysis/coverage/opcode_coverage_inventory.csv","Native registration and payload evidence have not yet been recorded in coverage; run a focused decompile pass before semantic use.","2026-06-11"
"TRACE-OPCSERVERSERVERENTITYFACTION0934","OPC-SERVER-SERVERENTITYFACTION-0934","WildStar64.exe","","ServerEntityFaction","Server opcode coverage","CoverageModelHandler","Source/NexusForever.Network.World/Message/Model/ServerEntityFaction.cs","ServerEntityFaction","Observed","","Decomp/Analysis/coverage/opcode_coverage_inventory.csv","Native registration and payload evidence have not yet been recorded in coverage; run a focused decompile pass before semantic use.","2026-06-11"
"TRACE-OPCSERVERSERVERENTITYGROUPASSOCIATION0936","OPC-SERVER-SERVERENTITYGROUPASSOCIATION-0936","WildStar64.exe","","ServerEntityGroupAssociation","Server opcode coverage","CoverageModelHandler","Source/NexusForever.Network.World/Message/Model/ServerEntityGroupAssociation.cs","ServerEntityGroupAssociation","Observed","","Decomp/Analysis/coverage/opcode_coverage_inventory.csv","Native registration and payload evidence have not yet been recorded in coverage; run a focused decompile pass before semantic use.","2026-06-11"
"TRACE-OPCSERVERSERVERENTITYHEALTHUPDATE0937","OPC-SERVER-SERVERENTITYHEALTHUPDATE-0937","WildStar64.exe","","ServerEntityHealthUpdate","Server opcode coverage","CoverageModelHandler","Source/NexusForever.Network.World/Message/Model/ServerEntityHealthUpdate.cs","ServerEntityHealthUpdate","Observed","","Decomp/Analysis/coverage/opcode_coverage_inventory.csv","Native registration and payload evidence have not yet been recorded in coverage; run a focused decompile pass before semantic use.","2026-06-11"
"TRACE-OPCSERVERSERVERENTITYPROPERTIESUPDATE093A","OPC-SERVER-SERVERENTITYPROPERTIESUPDATE-093A","WildStar64.exe","","ServerEntityPropertiesUpdate","Server opcode coverage","CoverageModelHandler","Source/NexusForever.Network.World/Message/Model/ServerEntityPropertiesUpdate.cs","ServerEntityPropertiesUpdate","Observed","","Decomp/Analysis/coverage/opcode_coverage_inventory.csv","Native registration and payload evidence have not yet been recorded in coverage; run a focused decompile pass before semantic use.","2026-06-11"
"TRACE-OPCSERVERSERVERENTITYSELECTAUXEMPTY0187","OPC-SERVER-SERVERENTITYSELECTAUXEMPTY-0187","WildStar64.exe","","ServerEntitySelectAuxEmpty","Server opcode coverage","CoverageModelHandler","Source/NexusForever.Network.World/Message/Model/ServerClusterAuxPackets.cs","ServerEntitySelectAuxEmpty","Correlated","","Decomp/Analysis/coverage/opcode_coverage_inventory.csv","Promote to Mapped only after native registration and payload functions are copied into this row from focused evidence.","2026-06-11"
"TRACE-OPCSERVERSERVERENTITYSELECTAUXUINT140186","OPC-SERVER-SERVERENTITYSELECTAUXUINT14-0186","WildStar64.exe","","ServerEntitySelectAuxUInt14","Server opcode coverage","CoverageModelHandler","Source/NexusForever.Network.World/Message/Model/ServerClusterAuxPackets.cs","ServerEntitySelectAuxUInt14","Correlated","","Decomp/Analysis/coverage/opcode_coverage_inventory.csv","Promote to Mapped only after native registration and payload functions are copied into this row from focused evidence.","2026-06-11"
"TRACE-OPCSERVERSERVERENTITYSTATTWOUINT32UINT64093E","OPC-SERVER-SERVERENTITYSTATTWOUINT32UINT64-093E","WildStar64.exe","","ServerEntityStatTwoUInt32UInt64","Server opcode coverage","CoverageModelHandler","Source/NexusForever.Network.World/Message/Model/Entity/ServerEntityStatAuxPackets.cs","ServerEntityStatTwoUInt32UInt64","Correlated","","Decomp/Analysis/coverage/opcode_coverage_inventory.csv","Promote to Mapped only after native registration and payload functions are copied into this row from focused evidence.","2026-06-11"
"TRACE-OPCSERVERSERVERENTITYSTATUINT32TRIPLET0889","OPC-SERVER-SERVERENTITYSTATUINT32TRIPLET-0889","WildStar64.exe","","ServerEntityStatUInt32Triplet","Server opcode coverage","CoverageModelHandler","Source/NexusForever.Network.World/Message/Model/Entity/ServerEntityStatAuxPackets.cs","ServerEntityStatUInt32Triplet","Correlated","","Decomp/Analysis/coverage/opcode_coverage_inventory.csv","Promote to Mapped only after native registration and payload functions are copied into this row from focused evidence.","2026-06-11"
"TRACE-OPCSERVERSERVERENTITYSTATUINT32UINT14UINT18WIDESTRING0939","OPC-SERVER-SERVERENTITYSTATUINT32UINT14UINT18WIDESTRING-0939","WildStar64.exe","","ServerEntityStatUInt32UInt14UInt18WideString","Server opcode coverage","CoverageModelHandler","Source/NexusForever.Network.World/Message/Model/Entity/ServerEntityStatAuxPackets.cs","ServerEntityStatUInt32UInt14UInt18WideString","Correlated","","Decomp/Analysis/coverage/opcode_coverage_inventory.csv","Promote to Mapped only after native registration and payload functions are copied into this row from focused evidence.","2026-06-11"
"TRACE-OPCSERVERSERVERENTITYSTATUINT32UINT5PAIR093D","OPC-SERVER-SERVERENTITYSTATUINT32UINT5PAIR-093D","WildStar64.exe","","ServerEntityStatUInt32UInt5Pair","Server opcode coverage","CoverageModelHandler","Source/NexusForever.Network.World/Message/Model/Entity/ServerEntityStatAuxPackets.cs","ServerEntityStatUInt32UInt5Pair","Correlated","","Decomp/Analysis/coverage/opcode_coverage_inventory.csv","Promote to Mapped only after native registration and payload functions are copied into this row from focused evidence.","2026-06-11"
"TRACE-OPCSERVERSERVERENTITYSTATUINT32UINT5UINT3208F4","OPC-SERVER-SERVERENTITYSTATUINT32UINT5UINT32-08F4","WildStar64.exe","","ServerEntityStatUInt32UInt5UInt32","Server opcode coverage","CoverageModelHandler","Source/NexusForever.Network.World/Message/Model/Entity/ServerEntityStatAuxPackets.cs","ServerEntityStatUInt32UInt5UInt32","Correlated","","Decomp/Analysis/coverage/opcode_coverage_inventory.csv","Promote to Mapped only after native registration and payload functions are copied into this row from focused evidence.","2026-06-11"
"TRACE-OPCSERVERSERVERENTITYSTATUINT32WIDESTRING08CC","OPC-SERVER-SERVERENTITYSTATUINT32WIDESTRING-08CC","WildStar64.exe","","ServerEntityStatUInt32WideString","Server opcode coverage","CoverageModelHandler","Source/NexusForever.Network.World/Message/Model/Entity/ServerEntityStatAuxPackets.cs","ServerEntityStatUInt32WideString","Correlated","","Decomp/Analysis/coverage/opcode_coverage_inventory.csv","Promote to Mapped only after native registration and payload functions are copied into this row from focused evidence.","2026-06-11"
"TRACE-OPCSERVERSERVERENTITYSTATUPDATEFLOAT0935","OPC-SERVER-SERVERENTITYSTATUPDATEFLOAT-0935","WildStar64.exe","","ServerEntityStatUpdateFloat","Server opcode coverage","CoverageModelHandler","Source/NexusForever.Network.World/Message/Model/ServerEntityStatUpdateFloat.cs","ServerEntityStatUpdateFloat","Observed","","Decomp/Analysis/coverage/opcode_coverage_inventory.csv","Native registration and payload evidence have not yet been recorded in coverage; run a focused decompile pass before semantic use.","2026-06-11"
"TRACE-OPCSERVERSERVERENTITYSTATUPDATEINTEGER0938","OPC-SERVER-SERVERENTITYSTATUPDATEINTEGER-0938","WildStar64.exe","","ServerEntityStatUpdateInteger","Server opcode coverage","CoverageModelHandler","Source/NexusForever.Network.World/Message/Model/ServerEntityStatUpdateInteger.cs","ServerEntityStatUpdateInteger","Observed","","Decomp/Analysis/coverage/opcode_coverage_inventory.csv","Native registration and payload evidence have not yet been recorded in coverage; run a focused decompile pass before semantic use.","2026-06-11"
"TRACE-OPCSERVERSERVERENTITYTARGETUNIT0908","OPC-SERVER-SERVERENTITYTARGETUNIT-0908","WildStar64.exe","","ServerEntityTargetUnit","Server opcode coverage","CoverageModelHandler","Source/NexusForever.Network.World/Message/Model/ServerEntityTargetUnit.cs","ServerEntityTargetUnit","Observed","","Decomp/Analysis/coverage/opcode_coverage_inventory.csv","Native registration and payload evidence have not yet been recorded in coverage; run a focused decompile pass before semantic use.","2026-06-11"
"TRACE-OPCSERVERSERVERENTITYTHREATLISTUPDATE0909","OPC-SERVER-SERVERENTITYTHREATLISTUPDATE-0909","WildStar64.exe","","ServerEntityThreatListUpdate","Server opcode coverage","CoverageModelHandler","Source/NexusForever.Network.World/Message/Model/ServerEntityThreatListUpdate.cs","ServerEntityThreatListUpdate","Observed","","Decomp/Analysis/coverage/opcode_coverage_inventory.csv","Native registration and payload evidence have not yet been recorded in coverage; run a focused decompile pass before semantic use.","2026-06-11"
"TRACE-OPCSERVERSERVERENTITYTHREATUPDATE090A","OPC-SERVER-SERVERENTITYTHREATUPDATE-090A","WildStar64.exe","","ServerEntityThreatUpdate","Server opcode coverage","CoverageModelHandler","Source/NexusForever.Network.World/Message/Model/ServerEntityThreatUpdate.cs","ServerEntityThreatUpdate","Observed","","Decomp/Analysis/coverage/opcode_coverage_inventory.csv","Native registration and payload evidence have not yet been recorded in coverage; run a focused decompile pass before semantic use.","2026-06-11"
"TRACE-OPCSERVERSERVERENTITYVISUALINFOUPDATE08A8","OPC-SERVER-SERVERENTITYVISUALINFOUPDATE-08A8","WildStar64.exe","","ServerEntityVisualInfoUpdate","Server opcode coverage","CoverageModelHandler","Source/NexusForever.Network.World/Message/Model/ServerEntityVisualInfoUpdate.cs","ServerEntityVisualInfoUpdate","Correlated","","Decomp/Analysis/coverage/opcode_coverage_inventory.csv","Promote to Mapped only after native registration and payload functions are copied into this row from focused evidence.","2026-06-11"
"TRACE-OPCSERVERSERVERENTITYVISUALUPDATE0905","OPC-SERVER-SERVERENTITYVISUALUPDATE-0905","WildStar64.exe","","ServerEntityVisualUpdate","Server opcode coverage","CoverageModelHandler","Source/NexusForever.Network.World/Message/Model/ServerEntityVisualUpdate.cs","ServerEntityVisualUpdate","Observed","","Decomp/Analysis/coverage/opcode_coverage_inventory.csv","Native registration and payload evidence have not yet been recorded in coverage; run a focused decompile pass before semantic use.","2026-06-11"
"TRACE-OPCSERVERSERVEREXPERIENCEGAINED01AC","OPC-SERVER-SERVEREXPERIENCEGAINED-01AC","WildStar64.exe","","ServerExperienceGained","Server opcode coverage","CoverageModelHandler","Source/NexusForever.Network.World/Message/Model/ServerExperienceGained.cs","ServerExperienceGained","Observed","","Decomp/Analysis/coverage/opcode_coverage_inventory.csv","Native registration and payload evidence have not yet been recorded in coverage; run a focused decompile pass before semantic use.","2026-06-11"
"TRACE-OPCSERVERSERVERFLIGHTPATHUPDATE0188","OPC-SERVER-SERVERFLIGHTPATHUPDATE-0188","WildStar64.exe","","ServerFlightPathUpdate","Server opcode coverage","CoverageModelHandler","Source/NexusForever.Network.World/Message/Model/ServerFlightPathUpdate.cs","ServerFlightPathUpdate","Observed","","Decomp/Analysis/coverage/opcode_coverage_inventory.csv","Native registration and payload evidence have not yet been recorded in coverage; run a focused decompile pass before semantic use.","2026-06-11"
"TRACE-OPCSERVERSERVERFORCEKICK036A","OPC-SERVER-SERVERFORCEKICK-036A","WildStar64.exe","","ServerForceKick","Server opcode coverage","CoverageModelHandler","Source/NexusForever.Network.World/Message/Model/Pregame/ServerForceKick.cs","ServerForceKick","Observed","","Decomp/Analysis/coverage/opcode_coverage_inventory.csv","Native registration and payload evidence have not yet been recorded in coverage; run a focused decompile pass before semantic use.","2026-06-11"
"TRACE-OPCSERVERSERVERFORTUNECARDS03D1","OPC-SERVER-SERVERFORTUNECARDS-03D1","WildStar64.exe","","ServerFortuneCards","Server opcode coverage","CoverageModelHandler","Source/NexusForever.Network.World/Message/Model/Fortune/ServerFortuneCards.cs","ServerFortuneCards","Observed","","Decomp/Analysis/coverage/opcode_coverage_inventory.csv","Native registration and payload evidence have not yet been recorded in coverage; run a focused decompile pass before semantic use.","2026-06-11"
"TRACE-OPCSERVERSERVERFORTUNECARDUPDATE03CF","OPC-SERVER-SERVERFORTUNECARDUPDATE-03CF","WildStar64.exe","","ServerFortuneCardUpdate","Server opcode coverage","CoverageModelHandler","Source/NexusForever.Network.World/Message/Model/Fortune/ServerFortuneCardUpdate.cs","ServerFortuneCardUpdate","Observed","","Decomp/Analysis/coverage/opcode_coverage_inventory.csv","Native registration and payload evidence have not yet been recorded in coverage; run a focused decompile pass before semantic use.","2026-06-11"
"TRACE-OPCSERVERSERVERFORTUNERESET03D0","OPC-SERVER-SERVERFORTUNERESET-03D0","WildStar64.exe","","ServerFortuneReset","Server opcode coverage","CoverageModelHandler","Source/NexusForever.Network.World/Message/Model/Fortune/ServerFortuneReset.cs","ServerFortuneReset","Observed","","Decomp/Analysis/coverage/opcode_coverage_inventory.csv","Native registration and payload evidence have not yet been recorded in coverage; run a focused decompile pass before semantic use.","2026-06-11"
"TRACE-OPCSERVERSERVERFORTUNEREWARDS03D2","OPC-SERVER-SERVERFORTUNEREWARDS-03D2","WildStar64.exe","","ServerFortuneRewards","Server opcode coverage","CoverageModelHandler","Source/NexusForever.Network.World/Message/Model/Fortune/ServerFortuneRewards.cs","ServerFortuneRewards","Observed","","Decomp/Analysis/coverage/opcode_coverage_inventory.csv","Native registration and payload evidence have not yet been recorded in coverage; run a focused decompile pass before semantic use.","2026-06-11"
"TRACE-OPCSERVERSERVERFRIENDSHIPACCOUNTCHARACTERLEVELUPDATE03B2","OPC-SERVER-SERVERFRIENDSHIPACCOUNTCHARACTERLEVELUPDATE-03B2","WildStar64.exe","","ServerFriendshipAccountCharacterLevelUpdate","Server opcode coverage","CoverageModelHandler","Source/NexusForever.Network.World/Message/Model/Friendship/ServerFriendshipAccountCharacterLevelUpdate.cs","ServerFriendshipAccountCharacterLevelUpdate","Observed","","Decomp/Analysis/coverage/opcode_coverage_inventory.csv","Native registration and payload evidence have not yet been recorded in coverage; run a focused decompile pass before semantic use.","2026-06-11"
"TRACE-OPCSERVERSERVERFRIENDSHIPACCOUNTCHARACTERZONECHANGED03A4","OPC-SERVER-SERVERFRIENDSHIPACCOUNTCHARACTERZONECHANGED-03A4","WildStar64.exe","","ServerFriendshipAccountCharacterZoneChanged","Server opcode coverage","CoverageModelHandler","Source/NexusForever.Network.World/Message/Model/Friendship/ServerFriendshipAccountCharacterZoneChanged.cs","ServerFriendshipAccountCharacterZoneChanged","Observed","","Decomp/Analysis/coverage/opcode_coverage_inventory.csv","Native registration and payload evidence have not yet been recorded in coverage; run a focused decompile pass before semantic use.","2026-06-11"
"TRACE-OPCSERVERSERVERFRIENDSHIPACCOUNTDISPLAYNAMEUPDATE039C","OPC-SERVER-SERVERFRIENDSHIPACCOUNTDISPLAYNAMEUPDATE-039C","WildStar64.exe","","ServerFriendshipAccountDisplayNameUpdate","Server opcode coverage","CoverageModelHandler","Source/NexusForever.Network.World/Message/Model/Friendship/ServerFriendshipAccountDisplayNameUpdate.cs","ServerFriendshipAccountDisplayNameUpdate","Observed","","Decomp/Analysis/coverage/opcode_coverage_inventory.csv","Native registration and payload evidence have not yet been recorded in coverage; run a focused decompile pass before semantic use.","2026-06-11"
"TRACE-OPCSERVERSERVERFRIENDSHIPACCOUNTINVITELIST039F","OPC-SERVER-SERVERFRIENDSHIPACCOUNTINVITELIST-039F","WildStar64.exe","","ServerFriendshipAccountInviteList","Server opcode coverage","CoverageModelHandler","Source/NexusForever.Network.World/Message/Model/Friendship/ServerFriendshipAccountInviteList.cs","ServerFriendshipAccountInviteList","Observed","","Decomp/Analysis/coverage/opcode_coverage_inventory.csv","Native registration and payload evidence have not yet been recorded in coverage; run a focused decompile pass before semantic use.","2026-06-11"
"TRACE-OPCSERVERSERVERFRIENDSHIPACCOUNTINVITEREMOVE03A0","OPC-SERVER-SERVERFRIENDSHIPACCOUNTINVITEREMOVE-03A0","WildStar64.exe","","ServerFriendshipAccountInviteRemove","Server opcode coverage","CoverageModelHandler","Source/NexusForever.Network.World/Message/Model/Friendship/ServerFriendshipAccountInviteRemove.cs","ServerFriendshipAccountInviteRemove","Observed","","Decomp/Analysis/coverage/opcode_coverage_inventory.csv","Native registration and payload evidence have not yet been recorded in coverage; run a focused decompile pass before semantic use.","2026-06-11"
"TRACE-OPCSERVERSERVERFRIENDSHIPACCOUNTLASTONLINEUPDATE03B1","OPC-SERVER-SERVERFRIENDSHIPACCOUNTLASTONLINEUPDATE-03B1","WildStar64.exe","","ServerFriendshipAccountLastOnlineUpdate","Server opcode coverage","CoverageModelHandler","Source/NexusForever.Network.World/Message/Model/Friendship/ServerFriendshipAccountLastOnlineUpdate.cs","ServerFriendshipAccountLastOnlineUpdate","Observed","","Decomp/Analysis/coverage/opcode_coverage_inventory.csv","Native registration and payload evidence have not yet been recorded in coverage; run a focused decompile pass before semantic use.","2026-06-11"
"TRACE-OPCSERVERSERVERFRIENDSHIPACCOUNTLIST03A3","OPC-SERVER-SERVERFRIENDSHIPACCOUNTLIST-03A3","WildStar64.exe","","ServerFriendshipAccountList","Server opcode coverage","CoverageModelHandler","Source/NexusForever.Network.World/Message/Model/Friendship/ServerFriendshipAccountList.cs","ServerFriendshipAccountList","Observed","","Decomp/Analysis/coverage/opcode_coverage_inventory.csv","Native registration and payload evidence have not yet been recorded in coverage; run a focused decompile pass before semantic use.","2026-06-11"
"TRACE-OPCSERVERSERVERFRIENDSHIPACCOUNTPERSONALSTATUS03A6","OPC-SERVER-SERVERFRIENDSHIPACCOUNTPERSONALSTATUS-03A6","WildStar64.exe","","ServerFriendshipAccountPersonalStatus","Server opcode coverage","CoverageModelHandler","Source/NexusForever.Network.World/Message/Model/Friendship/ServerFriendshipAccountPersonalStatus.cs","ServerFriendshipAccountPersonalStatus","Observed","","Decomp/Analysis/coverage/opcode_coverage_inventory.csv","Native registration and payload evidence have not yet been recorded in coverage; run a focused decompile pass before semantic use.","2026-06-11"
"TRACE-OPCSERVERSERVERFRIENDSHIPACCOUNTPRESENCEUPDATE03AA","OPC-SERVER-SERVERFRIENDSHIPACCOUNTPRESENCEUPDATE-03AA","WildStar64.exe","","ServerFriendshipAccountPresenceUpdate","Server opcode coverage","CoverageModelHandler","Source/NexusForever.Network.World/Message/Model/Friendship/ServerFriendshipAccountPresenceUpdate.cs","ServerFriendshipAccountPresenceUpdate","Observed","","Decomp/Analysis/coverage/opcode_coverage_inventory.csv","Native registration and payload evidence have not yet been recorded in coverage; run a focused decompile pass before semantic use.","2026-06-11"
"TRACE-OPCSERVERSERVERFRIENDSHIPACCOUNTPRIVATENOTE03AE","OPC-SERVER-SERVERFRIENDSHIPACCOUNTPRIVATENOTE-03AE","WildStar64.exe","","ServerFriendshipAccountPrivateNote","Server opcode coverage","CoverageModelHandler","Source/NexusForever.Network.World/Message/Model/Friendship/ServerFriendshipAccountPrivateNote.cs","ServerFriendshipAccountPrivateNote","Observed","","Decomp/Analysis/coverage/opcode_coverage_inventory.csv","Native registration and payload evidence have not yet been recorded in coverage; run a focused decompile pass before semantic use.","2026-06-11"
"TRACE-OPCSERVERSERVERFRIENDSHIPACCOUNTPUBLICNOTE03AD","OPC-SERVER-SERVERFRIENDSHIPACCOUNTPUBLICNOTE-03AD","WildStar64.exe","","ServerFriendshipAccountPublicNote","Server opcode coverage","CoverageModelHandler","Source/NexusForever.Network.World/Message/Model/Friendship/ServerFriendshipAccountPublicNote.cs","ServerFriendshipAccountPublicNote","Observed","","Decomp/Analysis/coverage/opcode_coverage_inventory.csv","Native registration and payload evidence have not yet been recorded in coverage; run a focused decompile pass before semantic use.","2026-06-11"
"TRACE-OPCSERVERSERVERFRIENDSHIPACCOUNTREMOVED03B0","OPC-SERVER-SERVERFRIENDSHIPACCOUNTREMOVED-03B0","WildStar64.exe","","ServerFriendshipAccountRemoved","Server opcode coverage","CoverageModelHandler","Source/NexusForever.Network.World/Message/Model/Friendship/ServerFriendshipAccountRemoved.cs","ServerFriendshipAccountRemoved","Observed","","Decomp/Analysis/coverage/opcode_coverage_inventory.csv","Native registration and payload evidence have not yet been recorded in coverage; run a focused decompile pass before semantic use.","2026-06-11"
"TRACE-OPCSERVERSERVERFRIENDSHIPACCOUNTREMOVEDCHARACTER039A","OPC-SERVER-SERVERFRIENDSHIPACCOUNTREMOVEDCHARACTER-039A","WildStar64.exe","","ServerFriendshipAccountRemovedCharacter","Server opcode coverage","CoverageModelHandler","Source/NexusForever.Network.World/Message/Model/Friendship/ServerFriendshipAccountRemovedCharacter.cs","ServerFriendshipAccountRemovedCharacter","Observed","","Decomp/Analysis/coverage/opcode_coverage_inventory.csv","Native registration and payload evidence have not yet been recorded in coverage; run a focused decompile pass before semantic use.","2026-06-11"
"TRACE-OPCSERVERSERVERFRIENDSHIPACCOUNTUPDATE0399","OPC-SERVER-SERVERFRIENDSHIPACCOUNTUPDATE-0399","WildStar64.exe","","ServerFriendshipAccountUpdate","Server opcode coverage","CoverageModelHandler","Source/NexusForever.Network.World/Message/Model/Friendship/ServerFriendshipAccountUpdate.cs","ServerFriendshipAccountUpdate","Observed","","Decomp/Analysis/coverage/opcode_coverage_inventory.csv","Native registration and payload evidence have not yet been recorded in coverage; run a focused decompile pass before semantic use.","2026-06-11"
"TRACE-OPCSERVERSERVERFRIENDSHIPADD03B5","OPC-SERVER-SERVERFRIENDSHIPADD-03B5","WildStar64.exe","","ServerFriendshipAdd","Server opcode coverage","CoverageModelHandler","Source/NexusForever.Network.World/Message/Model/Friendship/ServerFriendshipAdd.cs","ServerFriendshipAdd","Observed","","Decomp/Analysis/coverage/opcode_coverage_inventory.csv","Native registration and payload evidence have not yet been recorded in coverage; run a focused decompile pass before semantic use.","2026-06-11"
"TRACE-OPCSERVERSERVERFRIENDSHIPIGNORESTRANGERSSTATE03A5","OPC-SERVER-SERVERFRIENDSHIPIGNORESTRANGERSSTATE-03A5","WildStar64.exe","","ServerFriendshipIgnoreStrangersState","Server opcode coverage","CoverageModelHandler","Source/NexusForever.Network.World/Message/Model/Friendship/ServerFriendshipIgnoreStrangersState.cs","ServerFriendshipIgnoreStrangersState","Observed","","Decomp/Analysis/coverage/opcode_coverage_inventory.csv","Native registration and payload evidence have not yet been recorded in coverage; run a focused decompile pass before semantic use.","2026-06-11"
"TRACE-OPCSERVERSERVERFRIENDSHIPINVITELIST03BA","OPC-SERVER-SERVERFRIENDSHIPINVITELIST-03BA","WildStar64.exe","","ServerFriendshipInviteList","Server opcode coverage","CoverageModelHandler","Source/NexusForever.Network.World/Message/Model/Friendship/ServerFriendshipInviteList.cs","ServerFriendshipInviteList","Observed","","Decomp/Analysis/coverage/opcode_coverage_inventory.csv","Native registration and payload evidence have not yet been recorded in coverage; run a focused decompile pass before semantic use.","2026-06-11"
"TRACE-OPCSERVERSERVERFRIENDSHIPINVITEREMOVE03BB","OPC-SERVER-SERVERFRIENDSHIPINVITEREMOVE-03BB","WildStar64.exe","","ServerFriendshipInviteRemove","Server opcode coverage","CoverageModelHandler","Source/NexusForever.Network.World/Message/Model/Friendship/ServerFriendshipInviteRemove.cs","ServerFriendshipInviteRemove","Observed","","Decomp/Analysis/coverage/opcode_coverage_inventory.csv","Native registration and payload evidence have not yet been recorded in coverage; run a focused decompile pass before semantic use.","2026-06-11"
"TRACE-OPCSERVERSERVERFRIENDSHIPLASTONLINEUPDATE03CA","OPC-SERVER-SERVERFRIENDSHIPLASTONLINEUPDATE-03CA","WildStar64.exe","","ServerFriendshipLastOnlineUpdate","Server opcode coverage","CoverageModelHandler","Source/NexusForever.Network.World/Message/Model/Friendship/ServerFriendshipLastOnlineUpdate.cs","ServerFriendshipLastOnlineUpdate","Observed","","Decomp/Analysis/coverage/opcode_coverage_inventory.csv","Native registration and payload evidence have not yet been recorded in coverage; run a focused decompile pass before semantic use.","2026-06-11"
"TRACE-OPCSERVERSERVERFRIENDSHIPLEVELUPDATE03C6","OPC-SERVER-SERVERFRIENDSHIPLEVELUPDATE-03C6","WildStar64.exe","","ServerFriendshipLevelUpdate","Server opcode coverage","CoverageModelHandler","Source/NexusForever.Network.World/Message/Model/Friendship/ServerFriendshipLevelUpdate.cs","ServerFriendshipLevelUpdate","Observed","","Decomp/Analysis/coverage/opcode_coverage_inventory.csv","Native registration and payload evidence have not yet been recorded in coverage; run a focused decompile pass before semantic use.","2026-06-11"
"TRACE-OPCSERVERSERVERFRIENDSHIPLIST03BE","OPC-SERVER-SERVERFRIENDSHIPLIST-03BE","WildStar64.exe","","ServerFriendshipList","Server opcode coverage","CoverageModelHandler","Source/NexusForever.Network.World/Message/Model/Friendship/ServerFriendshipList.cs","ServerFriendshipList","Observed","","Decomp/Analysis/coverage/opcode_coverage_inventory.csv","Native registration and payload evidence have not yet been recorded in coverage; run a focused decompile pass before semantic use.","2026-06-11"
"TRACE-OPCSERVERSERVERFRIENDSHIPLOCATIONUPDATE03C0","OPC-SERVER-SERVERFRIENDSHIPLOCATIONUPDATE-03C0","WildStar64.exe","","ServerFriendshipLocationUpdate","Server opcode coverage","CoverageModelHandler","Source/NexusForever.Network.World/Message/Model/Friendship/ServerFriendshipLocationUpdate.cs","ServerFriendshipLocationUpdate","Observed","","Decomp/Analysis/coverage/opcode_coverage_inventory.csv","Native registration and payload evidence have not yet been recorded in coverage; run a focused decompile pass before semantic use.","2026-06-11"
"TRACE-OPCSERVERSERVERFRIENDSHIPREMOVE03C3","OPC-SERVER-SERVERFRIENDSHIPREMOVE-03C3","WildStar64.exe","","ServerFriendshipRemove","Server opcode coverage","CoverageModelHandler","Source/NexusForever.Network.World/Message/Model/Friendship/ServerFriendshipRemove.cs","ServerFriendshipRemove","Observed","","Decomp/Analysis/coverage/opcode_coverage_inventory.csv","Native registration and payload evidence have not yet been recorded in coverage; run a focused decompile pass before semantic use.","2026-06-11"
"TRACE-OPCSERVERSERVERFRIENDSHIPRESULT03C4","OPC-SERVER-SERVERFRIENDSHIPRESULT-03C4","WildStar64.exe","","ServerFriendshipResult","Server opcode coverage","CoverageModelHandler","Source/NexusForever.Network.World/Message/Model/Friendship/ServerFriendshipResult.cs","ServerFriendshipResult","Observed","","Decomp/Analysis/coverage/opcode_coverage_inventory.csv","Native registration and payload evidence have not yet been recorded in coverage; run a focused decompile pass before semantic use.","2026-06-11"
"TRACE-OPCSERVERSERVERFRIENDSHIPSETNOTE03C9","OPC-SERVER-SERVERFRIENDSHIPSETNOTE-03C9","WildStar64.exe","","ServerFriendshipSetNote","Server opcode coverage","CoverageModelHandler","Source/NexusForever.Network.World/Message/Model/Friendship/ServerFriendshipSetNote.cs","ServerFriendshipSetNote","Observed","","Decomp/Analysis/coverage/opcode_coverage_inventory.csv","Native registration and payload evidence have not yet been recorded in coverage; run a focused decompile pass before semantic use.","2026-06-11"
"TRACE-OPCSERVERSERVERFRIENDSHIPTYPEUPDATE03CB","OPC-SERVER-SERVERFRIENDSHIPTYPEUPDATE-03CB","WildStar64.exe","","ServerFriendshipTypeUpdate","Server opcode coverage","CoverageModelHandler","Source/NexusForever.Network.World/Message/Model/Friendship/ServerFriendshipTypeUpdate.cs","ServerFriendshipTypeUpdate","Observed","","Decomp/Analysis/coverage/opcode_coverage_inventory.csv","Native registration and payload evidence have not yet been recorded in coverage; run a focused decompile pass before semantic use.","2026-06-11"
"TRACE-OPCSERVERSERVERGALACTICARCHIVEREFRESH0102","OPC-SERVER-SERVERGALACTICARCHIVEREFRESH-0102","WildStar64.exe","","ServerGalacticArchiveRefresh","Server opcode coverage","CoverageModelHandler","Source/NexusForever.Network.World/Message/Model/GalacticArchive/ServerGalacticArchiveRefresh.cs","ServerGalacticArchiveRefresh","Observed","","Decomp/Analysis/coverage/opcode_coverage_inventory.csv","Native registration and payload evidence have not yet been recorded in coverage; run a focused decompile pass before semantic use.","2026-06-11"
"TRACE-OPCSERVERSERVERGALACTICARCHIVEUPDATE0104","OPC-SERVER-SERVERGALACTICARCHIVEUPDATE-0104","WildStar64.exe","","ServerGalacticArchiveUpdate","Server opcode coverage","CoverageModelHandler","Source/NexusForever.Network.World/Message/Model/GalacticArchive/ServerGalacticArchiveUpdate.cs","ServerGalacticArchiveUpdate","Observed","","Decomp/Analysis/coverage/opcode_coverage_inventory.csv","Native registration and payload evidence have not yet been recorded in coverage; run a focused decompile pass before semantic use.","2026-06-11"
"TRACE-OPCSERVERSERVERGAMECAMERAROTATION0091","OPC-SERVER-SERVERGAMECAMERAROTATION-0091","WildStar64.exe","","ServerGameCameraRotation","Server opcode coverage","CoverageModelHandler","Source/NexusForever.Network.World/Message/Model/ServerGameCameraRotation.cs","ServerGameCameraRotation","Observed","","Decomp/Analysis/coverage/opcode_coverage_inventory.csv","Native registration and payload evidence have not yet been recorded in coverage; run a focused decompile pass before semantic use.","2026-06-11"
"TRACE-OPCSERVERSERVERGENERICERROR0106","OPC-SERVER-SERVERGENERICERROR-0106","WildStar64.exe","","ServerGenericError","Server opcode coverage","CoverageModelHandler","Source/NexusForever.Network.World/Message/Model/Info/ServerGenericError.cs","ServerGenericError","Observed","","Decomp/Analysis/coverage/opcode_coverage_inventory.csv","Native registration and payload evidence have not yet been recorded in coverage; run a focused decompile pass before semantic use.","2026-06-11"
"TRACE-OPCSERVERSERVERGENERICFLOATERCOMPLEX0738","OPC-SERVER-SERVERGENERICFLOATERCOMPLEX-0738","WildStar64.exe","","ServerGenericFloaterComplex","Server opcode coverage","CoverageModelHandler","Source/NexusForever.Network.World/Message/Model/Story/ServerGenericFloaterComplex.cs","ServerGenericFloaterComplex","Observed","","Decomp/Analysis/coverage/opcode_coverage_inventory.csv","Native registration and payload evidence have not yet been recorded in coverage; run a focused decompile pass before semantic use.","2026-06-11"
"TRACE-OPCSERVERSERVERGENERICFLOATERLOCALISED0723","OPC-SERVER-SERVERGENERICFLOATERLOCALISED-0723","WildStar64.exe","","ServerGenericFloaterLocalised","Server opcode coverage","CoverageModelHandler","Source/NexusForever.Network.World/Message/Model/Story/ServerGenericFloaterLocalised.cs","ServerGenericFloaterLocalised","Observed","","Decomp/Analysis/coverage/opcode_coverage_inventory.csv","Native registration and payload evidence have not yet been recorded in coverage; run a focused decompile pass before semantic use.","2026-06-11"
"TRACE-OPCSERVERSERVERGENERICFLOATERSTRING0724","OPC-SERVER-SERVERGENERICFLOATERSTRING-0724","WildStar64.exe","","ServerGenericFloaterString","Server opcode coverage","CoverageModelHandler","Source/NexusForever.Network.World/Message/Model/Story/ServerGenericFloaterString.cs","ServerGenericFloaterString","Observed","","Decomp/Analysis/coverage/opcode_coverage_inventory.csv","Native registration and payload evidence have not yet been recorded in coverage; run a focused decompile pass before semantic use.","2026-06-11"
"TRACE-OPCSERVERSERVERGENERICMAPNODE0737","OPC-SERVER-SERVERGENERICMAPNODE-0737","WildStar64.exe","","ServerGenericMapNode","Server opcode coverage","CoverageModelHandler","Source/NexusForever.Network.World/Message/Model/Map/ServerGenericMapNode.cs","ServerGenericMapNode","Observed","","Decomp/Analysis/coverage/opcode_coverage_inventory.csv","Native registration and payload evidence have not yet been recorded in coverage; run a focused decompile pass before semantic use.","2026-06-11"
"TRACE-OPCSERVERSERVERGENERICMAPSHOW0758","OPC-SERVER-SERVERGENERICMAPSHOW-0758","WildStar64.exe","","ServerGenericMapShow","Server opcode coverage","CoverageModelHandler","Source/NexusForever.Network.World/Message/Model/Map/ServerGenericMapShow.cs","ServerGenericMapShow","Observed","","Decomp/Analysis/coverage/opcode_coverage_inventory.csv","Native registration and payload evidence have not yet been recorded in coverage; run a focused decompile pass before semantic use.","2026-06-11"
"TRACE-OPCSERVERSERVERGENERICUNLOCKACCOUNT0982","OPC-SERVER-SERVERGENERICUNLOCKACCOUNT-0982","WildStar64.exe","","ServerGenericUnlockAccount","Server opcode coverage","CoverageModelHandler","Source/NexusForever.Network.World/Message/Model/GenericUnlock/ServerGenericUnlock.cs","ServerGenericUnlock","Observed","","Decomp/Analysis/coverage/opcode_coverage_inventory.csv","Native registration and payload evidence have not yet been recorded in coverage; run a focused decompile pass before semantic use.","2026-06-11"
"TRACE-OPCSERVERSERVERGENERICUNLOCKACCOUNTLIST0981","OPC-SERVER-SERVERGENERICUNLOCKACCOUNTLIST-0981","WildStar64.exe","","ServerGenericUnlockAccountList","Server opcode coverage","CoverageModelHandler","Source/NexusForever.Network.World/Message/Model/GenericUnlock/ServerGenericUnlockAccountList.cs","ServerGenericUnlockAccountList","Observed","","Decomp/Analysis/coverage/opcode_coverage_inventory.csv","Native registration and payload evidence have not yet been recorded in coverage; run a focused decompile pass before semantic use.","2026-06-11"
"TRACE-OPCSERVERSERVERGENERICUNLOCKCHARACTERLIST0983","OPC-SERVER-SERVERGENERICUNLOCKCHARACTERLIST-0983","WildStar64.exe","","ServerGenericUnlockCharacterList","Server opcode coverage","CoverageModelHandler","Source/NexusForever.Network.World/Message/Model/GenericUnlock/ServerGenericUnlockCharacterList.cs","ServerGenericUnlockCharacterList","Observed","","Decomp/Analysis/coverage/opcode_coverage_inventory.csv","Native registration and payload evidence have not yet been recorded in coverage; run a focused decompile pass before semantic use.","2026-06-11"
"TRACE-OPCSERVERSERVERGENERICUNLOCKCHARACTERREFRESH0984","OPC-SERVER-SERVERGENERICUNLOCKCHARACTERREFRESH-0984","WildStar64.exe","","ServerGenericUnlockCharacterRefresh","Server opcode coverage","CoverageModelHandler","Source/NexusForever.Network.World/Message/Model/GenericUnlock/ServerGenericUnlockCharacterRefresh.cs","ServerGenericUnlockCharacterRefresh","Observed","","Decomp/Analysis/coverage/opcode_coverage_inventory.csv","Native registration and payload evidence have not yet been recorded in coverage; run a focused decompile pass before semantic use.","2026-06-11"
"TRACE-OPCSERVERSERVERGENERICUNLOCKRESULT0985","OPC-SERVER-SERVERGENERICUNLOCKRESULT-0985","WildStar64.exe","","ServerGenericUnlockResult","Server opcode coverage","CoverageModelHandler","Source/NexusForever.Network.World/Message/Model/GenericUnlock/ServerGenericUnlockResult.cs","ServerGenericUnlockResult","Observed","","Decomp/Analysis/coverage/opcode_coverage_inventory.csv","Native registration and payload evidence have not yet been recorded in coverage; run a focused decompile pass before semantic use.","2026-06-11"
"TRACE-OPCSERVERSERVERGROUPACTIONRESULT0443","OPC-SERVER-SERVERGROUPACTIONRESULT-0443","WildStar64.exe","","ServerGroupActionResult","Server opcode coverage","CoverageModelHandler","Source/NexusForever.Network.World/Message/Model/ServerGroupActionResult.cs","ServerGroupActionResult","Observed","","Decomp/Analysis/coverage/opcode_coverage_inventory.csv","Native registration and payload evidence have not yet been recorded in coverage; run a focused decompile pass before semantic use.","2026-06-11"
"TRACE-OPCSERVERSERVERGROUPFLAGSCHANGED0410","OPC-SERVER-SERVERGROUPFLAGSCHANGED-0410","WildStar64.exe","","ServerGroupFlagsChanged","Server opcode coverage","CoverageModelHandler","Source/NexusForever.Network.World/Message/Model/ServerGroupFlagsChanged.cs","ServerGroupFlagsChanged","Observed","","Decomp/Analysis/coverage/opcode_coverage_inventory.csv","Native registration and payload evidence have not yet been recorded in coverage; run a focused decompile pass before semantic use.","2026-06-11"
"TRACE-OPCSERVERSERVERGROUPIDENTITYLISTANDUINT32ARRAY0438","OPC-SERVER-SERVERGROUPIDENTITYLISTANDUINT32ARRAY-0438","WildStar64.exe","","ServerGroupIdentityListAndUInt32Array","Server opcode coverage","CoverageModelHandler","Source/NexusForever.Network.World/Message/Model/ServerGroupIdentityListAndUInt32Array.cs","ServerGroupIdentityListAndUInt32Array","Correlated","","Decomp/Analysis/coverage/opcode_coverage_inventory.csv","Promote to Mapped only after native registration and payload functions are copied into this row from focused evidence.","2026-06-11"
"TRACE-OPCSERVERSERVERGROUPINSTANCEDIFFICULTYRESPONSE0414","OPC-SERVER-SERVERGROUPINSTANCEDIFFICULTYRESPONSE-0414","WildStar64.exe","","ServerGroupInstanceDifficultyResponse","Server opcode coverage","CoverageModelHandler","Source/NexusForever.Network.World/Message/Model/ServerGroupInstanceDifficultyResponse.cs","ServerGroupInstanceDifficultyResponse","Correlated","","Decomp/Analysis/coverage/opcode_coverage_inventory.csv","Promote to Mapped only after native registration and payload functions are copied into this row from focused evidence.","2026-06-11"
"TRACE-OPCSERVERSERVERGROUPINVITERECEIVED041F","OPC-SERVER-SERVERGROUPINVITERECEIVED-041F","WildStar64.exe","","ServerGroupInviteReceived","Server opcode coverage","CoverageModelHandler","Source/NexusForever.Network.World/Message/Model/ServerGroupInviteReceived.cs","ServerGroupInviteReceived","Observed","","Decomp/Analysis/coverage/opcode_coverage_inventory.csv","Native registration and payload evidence have not yet been recorded in coverage; run a focused decompile pass before semantic use.","2026-06-11"
"TRACE-OPCSERVERSERVERGROUPINVITERESULT041D","OPC-SERVER-SERVERGROUPINVITERESULT-041D","WildStar64.exe","","ServerGroupInviteResult","Server opcode coverage","CoverageModelHandler","Source/NexusForever.Network.World/Message/Model/ServerGroupInviteResult.cs","ServerGroupInviteResult","Observed","","Decomp/Analysis/coverage/opcode_coverage_inventory.csv","Native registration and payload evidence have not yet been recorded in coverage; run a focused decompile pass before semantic use.","2026-06-11"
"TRACE-OPCSERVERSERVERGROUPJOIN0427","OPC-SERVER-SERVERGROUPJOIN-0427","WildStar64.exe","","ServerGroupJoin","Server opcode coverage","CoverageModelHandler","Source/NexusForever.Network.World/Message/Model/ServerGroupJoin.cs","ServerGroupJoin","Observed","","Decomp/Analysis/coverage/opcode_coverage_inventory.csv","Native registration and payload evidence have not yet been recorded in coverage; run a focused decompile pass before semantic use.","2026-06-11"
"TRACE-OPCSERVERSERVERGROUPKICKRESULT042A","OPC-SERVER-SERVERGROUPKICKRESULT-042A","WildStar64.exe","","ServerGroupKickResult","Server opcode coverage","CoverageModelHandler","Source/NexusForever.Network.World/Message/Model/ServerGroupKickResult.cs","ServerGroupKickResult","Correlated","","Decomp/Analysis/coverage/opcode_coverage_inventory.csv","Promote to Mapped only after native registration and payload functions are copied into this row from focused evidence.","2026-06-11"
"TRACE-OPCSERVERSERVERGROUPLEAVE042D","OPC-SERVER-SERVERGROUPLEAVE-042D","WildStar64.exe","","ServerGroupLeave","Server opcode coverage","CoverageModelHandler","Source/NexusForever.Network.World/Message/Model/ServerGroupLeave.cs","ServerGroupLeave","Observed","","Decomp/Analysis/coverage/opcode_coverage_inventory.csv","Native registration and payload evidence have not yet been recorded in coverage; run a focused decompile pass before semantic use.","2026-06-11"
"TRACE-OPCSERVERSERVERGROUPLOOTRULESCHANGE042F","OPC-SERVER-SERVERGROUPLOOTRULESCHANGE-042F","WildStar64.exe","","ServerGroupLootRulesChange","Server opcode coverage","CoverageModelHandler","Source/NexusForever.Network.World/Message/Model/ServerGroupLootRulesChange.cs","ServerGroupLootRulesChange","Observed","","Decomp/Analysis/coverage/opcode_coverage_inventory.csv","Native registration and payload evidence have not yet been recorded in coverage; run a focused decompile pass before semantic use.","2026-06-11"
"TRACE-OPCSERVERSERVERGROUPLOOTRULEVALIDATIONRESULT0431","OPC-SERVER-SERVERGROUPLOOTRULEVALIDATIONRESULT-0431","WildStar64.exe","","ServerGroupLootRuleValidationResult","Server opcode coverage","CoverageModelHandler","Source/NexusForever.Network.World/Message/Model/ServerGroupLootRuleValidationResult.cs","ServerGroupLootRuleValidationResult","Correlated","","Decomp/Analysis/coverage/opcode_coverage_inventory.csv","Promote to Mapped only after native registration and payload functions are copied into this row from focused evidence.","2026-06-11"
"TRACE-OPCSERVERSERVERGROUPMARKUNIT045B","OPC-SERVER-SERVERGROUPMARKUNIT-045B","WildStar64.exe","","ServerGroupMarkUnit","Server opcode coverage","CoverageModelHandler","Source/NexusForever.Network.World/Message/Model/ServerGroupMarkUnit.cs","ServerGroupMarkUnit","Observed","","Decomp/Analysis/coverage/opcode_coverage_inventory.csv","Native registration and payload evidence have not yet been recorded in coverage; run a focused decompile pass before semantic use.","2026-06-11"
"TRACE-OPCSERVERSERVERGROUPMAXSIZECHANGE0462","OPC-SERVER-SERVERGROUPMAXSIZECHANGE-0462","WildStar64.exe","","ServerGroupMaxSizeChange","Server opcode coverage","CoverageModelHandler","Source/NexusForever.Network.World/Message/Model/ServerGroupMaxSizeChange.cs","ServerGroupMaxSizeChange","Observed","","Decomp/Analysis/coverage/opcode_coverage_inventory.csv","Native registration and payload evidence have not yet been recorded in coverage; run a focused decompile pass before semantic use.","2026-06-11"
"TRACE-OPCSERVERSERVERGROUPMEMBERADD0405","OPC-SERVER-SERVERGROUPMEMBERADD-0405","WildStar64.exe","","ServerGroupMemberAdd","Server opcode coverage","CoverageModelHandler","Source/NexusForever.Network.World/Message/Model/ServerGroupMemberAdd.cs","ServerGroupMemberAdd","Observed","","Decomp/Analysis/coverage/opcode_coverage_inventory.csv","Native registration and payload evidence have not yet been recorded in coverage; run a focused decompile pass before semantic use.","2026-06-11"
"TRACE-OPCSERVERSERVERGROUPMEMBERFLAGSCHANGED0437","OPC-SERVER-SERVERGROUPMEMBERFLAGSCHANGED-0437","WildStar64.exe","","ServerGroupMemberFlagsChanged","Server opcode coverage","CoverageModelHandler","Source/NexusForever.Network.World/Message/Model/ServerGroupMemberFlagsChanged.cs","ServerGroupMemberFlagsChanged","Observed","","Decomp/Analysis/coverage/opcode_coverage_inventory.csv","Native registration and payload evidence have not yet been recorded in coverage; run a focused decompile pass before semantic use.","2026-06-11"
"TRACE-OPCSERVERSERVERGROUPMEMBERSTATUPDATE0466","OPC-SERVER-SERVERGROUPMEMBERSTATUPDATE-0466","WildStar64.exe","","ServerGroupMemberStatUpdate","Server opcode coverage","CoverageModelHandler","Source/NexusForever.Network.World/Message/Model/ServerGroupMemberStatUpdate.cs","ServerGroupMemberStatUpdate","Observed","","Decomp/Analysis/coverage/opcode_coverage_inventory.csv","Native registration and payload evidence have not yet been recorded in coverage; run a focused decompile pass before semantic use.","2026-06-11"
"TRACE-OPCSERVERSERVERGROUPPOSITIONUPDATE0469","OPC-SERVER-SERVERGROUPPOSITIONUPDATE-0469","WildStar64.exe","","ServerGroupPositionUpdate","Server opcode coverage","CoverageModelHandler","Source/NexusForever.Network.World/Message/Model/ServerGroupPositionUpdate.cs","ServerGroupPositionUpdate","Observed","","Decomp/Analysis/coverage/opcode_coverage_inventory.csv","Native registration and payload evidence have not yet been recorded in coverage; run a focused decompile pass before semantic use.","2026-06-11"
"TRACE-OPCSERVERSERVERGROUPPROMOTE0447","OPC-SERVER-SERVERGROUPPROMOTE-0447","WildStar64.exe","","ServerGroupPromote","Server opcode coverage","CoverageModelHandler","Source/NexusForever.Network.World/Message/Model/ServerGroupPromote.cs","ServerGroupPromote","Observed","","Decomp/Analysis/coverage/opcode_coverage_inventory.csv","Native registration and payload evidence have not yet been recorded in coverage; run a focused decompile pass before semantic use.","2026-06-11"
"TRACE-OPCSERVERSERVERGROUPREADYCHECKSTATUSUPDATE0441","OPC-SERVER-SERVERGROUPREADYCHECKSTATUSUPDATE-0441","WildStar64.exe","","ServerGroupReadyCheckStatusUpdate","Server opcode coverage","CoverageModelHandler","Source/NexusForever.Network.World/Message/Model/ServerGroupReadyCheckStatusUpdate.cs","ServerGroupReadyCheckStatusUpdate","Correlated","","Decomp/Analysis/coverage/opcode_coverage_inventory.csv","Promote to Mapped only after native registration and payload functions are copied into this row from focused evidence.","2026-06-11"
"TRACE-OPCSERVERSERVERGROUPREFERRAL044F","OPC-SERVER-SERVERGROUPREFERRAL-044F","WildStar64.exe","","ServerGroupReferral","Server opcode coverage","CoverageModelHandler","Source/NexusForever.Network.World/Message/Model/ServerGroupReferral.cs","ServerGroupReferral","Observed","","Decomp/Analysis/coverage/opcode_coverage_inventory.csv","Native registration and payload evidence have not yet been recorded in coverage; run a focused decompile pass before semantic use.","2026-06-11"
"TRACE-OPCSERVERSERVERGROUPREMOVE0450","OPC-SERVER-SERVERGROUPREMOVE-0450","WildStar64.exe","","ServerGroupRemove","Server opcode coverage","CoverageModelHandler","Source/NexusForever.Network.World/Message/Model/ServerGroupRemove.cs","ServerGroupRemove","Observed","","Decomp/Analysis/coverage/opcode_coverage_inventory.csv","Native registration and payload evidence have not yet been recorded in coverage; run a focused decompile pass before semantic use.","2026-06-11"
"TRACE-OPCSERVERSERVERGROUPREQUESTJOINRESPONSE0424","OPC-SERVER-SERVERGROUPREQUESTJOINRESPONSE-0424","WildStar64.exe","","ServerGroupRequestJoinResponse","Server opcode coverage","CoverageModelHandler","Source/NexusForever.Network.World/Message/Model/ServerGroupRequestJoinResponse.cs","ServerGroupRequestJoinResponse","Observed","","Decomp/Analysis/coverage/opcode_coverage_inventory.csv","Native registration and payload evidence have not yet been recorded in coverage; run a focused decompile pass before semantic use.","2026-06-11"
"TRACE-OPCSERVERSERVERGROUPREQUESTJOINRESULT0456","OPC-SERVER-SERVERGROUPREQUESTJOINRESULT-0456","WildStar64.exe","","ServerGroupRequestJoinResult","Server opcode coverage","CoverageModelHandler","Source/NexusForever.Network.World/Message/Model/ServerGroupRequestJoinResult.cs","ServerGroupRequestJoinResult","Observed","","Decomp/Analysis/coverage/opcode_coverage_inventory.csv","Native registration and payload evidence have not yet been recorded in coverage; run a focused decompile pass before semantic use.","2026-06-11"
"TRACE-OPCSERVERSERVERGROUPREQUESTJOINWINDOW045A","OPC-SERVER-SERVERGROUPREQUESTJOINWINDOW-045A","WildStar64.exe","","ServerGroupRequestJoinWindow","Server opcode coverage","CoverageModelHandler","Source/NexusForever.Network.World/Message/Model/ServerGroupRequestJoinWindow.cs","ServerGroupRequestJoinWindow","Correlated","","Decomp/Analysis/coverage/opcode_coverage_inventory.csv","Promote to Mapped only after native registration and payload functions are copied into this row from focused evidence.","2026-06-11"
"TRACE-OPCSERVERSERVERGROUPROSTERUPDATE0436","OPC-SERVER-SERVERGROUPROSTERUPDATE-0436","WildStar64.exe","","ServerGroupRosterUpdate","Server opcode coverage","CoverageModelHandler","Source/NexusForever.Network.World/Message/Model/ServerGroupRosterUpdate.cs","ServerGroupRosterUpdate","Correlated","","Decomp/Analysis/coverage/opcode_coverage_inventory.csv","Promote to Mapped only after native registration and payload functions are copied into this row from focused evidence.","2026-06-11"
"TRACE-OPCSERVERSERVERGROUPSENDREADYCHECK044C","OPC-SERVER-SERVERGROUPSENDREADYCHECK-044C","WildStar64.exe","","ServerGroupSendReadyCheck","Server opcode coverage","CoverageModelHandler","Source/NexusForever.Network.World/Message/Model/ServerGroupSendReadyCheck.cs","ServerGroupSendReadyCheck","Observed","","Decomp/Analysis/coverage/opcode_coverage_inventory.csv","Native registration and payload evidence have not yet been recorded in coverage; run a focused decompile pass before semantic use.","2026-06-11"
"TRACE-OPCSERVERSERVERGROUPTARGETIDENTITYPRIMELEVELLIST0468","OPC-SERVER-SERVERGROUPTARGETIDENTITYPRIMELEVELLIST-0468","WildStar64.exe","","ServerGroupTargetIdentityPrimeLevelList","Server opcode coverage","CoverageModelHandler","Source/NexusForever.Network.World/Message/Model/ServerGroupTargetIdentityPrimeLevelList.cs","ServerGroupTargetIdentityPrimeLevelList","Correlated","","Decomp/Analysis/coverage/opcode_coverage_inventory.csv","Promote to Mapped only after native registration and payload functions are copied into this row from focused evidence.","2026-06-11"
"TRACE-OPCSERVERSERVERGROUPUPDATEPLAYERREALM0467","OPC-SERVER-SERVERGROUPUPDATEPLAYERREALM-0467","WildStar64.exe","","ServerGroupUpdatePlayerRealm","Server opcode coverage","CoverageModelHandler","Source/NexusForever.Network.World/Message/Model/ServerGroupUpdatePlayerRealm.cs","ServerGroupUpdatePlayerRealm","Observed","","Decomp/Analysis/coverage/opcode_coverage_inventory.csv","Native registration and payload evidence have not yet been recorded in coverage; run a focused decompile pass before semantic use.","2026-06-11"
"TRACE-OPCSERVERSERVERGUILDBANKINVENTORYADD046F","OPC-SERVER-SERVERGUILDBANKINVENTORYADD-046F","WildStar64.exe","","ServerGuildBankInventoryAdd","Server opcode coverage","CoverageModelHandler","Source/NexusForever.Network.World/Message/Model/Guild/ServerGuildBankInventoryAdd.cs","ServerGuildBankInventoryAdd","Correlated","","Decomp/Analysis/coverage/opcode_coverage_inventory.csv","Promote to Mapped only after native registration and payload functions are copied into this row from focused evidence.","2026-06-11"
"TRACE-OPCSERVERSERVERGUILDBANKINVENTORYCOUNT0476","OPC-SERVER-SERVERGUILDBANKINVENTORYCOUNT-0476","WildStar64.exe","","ServerGuildBankInventoryCount","Server opcode coverage","CoverageModelHandler","Source/NexusForever.Network.World/Message/Model/Guild/ServerGuildBankInventoryCount.cs","ServerGuildBankInventoryCount","Observed","","Decomp/Analysis/coverage/opcode_coverage_inventory.csv","Native registration and payload evidence have not yet been recorded in coverage; run a focused decompile pass before semantic use.","2026-06-11"
"TRACE-OPCSERVERSERVERGUILDBANKINVENTORYREMOVE0470","OPC-SERVER-SERVERGUILDBANKINVENTORYREMOVE-0470","WildStar64.exe","","ServerGuildBankInventoryRemove","Server opcode coverage","CoverageModelHandler","Source/NexusForever.Network.World/Message/Model/Guild/ServerGuildBankInventoryRemove.cs","ServerGuildBankInventoryRemove","Observed","","Decomp/Analysis/coverage/opcode_coverage_inventory.csv","Native registration and payload evidence have not yet been recorded in coverage; run a focused decompile pass before semantic use.","2026-06-11"
"TRACE-OPCSERVERSERVERGUILDBANKTABCOUNT0478","OPC-SERVER-SERVERGUILDBANKTABCOUNT-0478","WildStar64.exe","","ServerGuildBankTabCount","Server opcode coverage","CoverageModelHandler","Source/NexusForever.Network.World/Message/Model/Guild/ServerGuildBankTabCount.cs","ServerGuildBankTabCount","Observed","","Decomp/Analysis/coverage/opcode_coverage_inventory.csv","Native registration and payload evidence have not yet been recorded in coverage; run a focused decompile pass before semantic use.","2026-06-11"
"TRACE-OPCSERVERSERVERGUILDBANKTABINVENTORY047A","OPC-SERVER-SERVERGUILDBANKTABINVENTORY-047A","WildStar64.exe","","ServerGuildBankTabInventory","Server opcode coverage","CoverageModelHandler","Source/NexusForever.Network.World/Message/Model/Guild/ServerGuildBankTabInventory.cs","ServerGuildBankTabInventory","Correlated","","Decomp/Analysis/coverage/opcode_coverage_inventory.csv","Promote to Mapped only after native registration and payload functions are copied into this row from focused evidence.","2026-06-11"
"TRACE-OPCSERVERSERVERGUILDBANKTABRENAME0479","OPC-SERVER-SERVERGUILDBANKTABRENAME-0479","WildStar64.exe","","ServerGuildBankTabRename","Server opcode coverage","CoverageModelHandler","Source/NexusForever.Network.World/Message/Model/Guild/ServerGuildBankTabRename.cs","ServerGuildBankTabRename","Observed","","Decomp/Analysis/coverage/opcode_coverage_inventory.csv","Native registration and payload evidence have not yet been recorded in coverage; run a focused decompile pass before semantic use.","2026-06-11"
"TRACE-OPCSERVERSERVERGUILDBANKWITHDRAW04A1","OPC-SERVER-SERVERGUILDBANKWITHDRAW-04A1","WildStar64.exe","","ServerGuildBankWithdraw","Server opcode coverage","CoverageModelHandler","Source/NexusForever.Network.World/Message/Model/Guild/ServerGuildBankWithdraw.cs","ServerGuildBankWithdraw","Observed","","Decomp/Analysis/coverage/opcode_coverage_inventory.csv","Native registration and payload evidence have not yet been recorded in coverage; run a focused decompile pass before semantic use.","2026-06-11"
"TRACE-OPCSERVERSERVERGUILDCLASSIFICATION0480","OPC-SERVER-SERVERGUILDCLASSIFICATION-0480","WildStar64.exe","","ServerGuildClassification","Server opcode coverage","CoverageModelHandler","Source/NexusForever.Network.World/Message/Model/Guild/ServerGuildClassification.cs","ServerGuildClassification","Observed","","Decomp/Analysis/coverage/opcode_coverage_inventory.csv","Native registration and payload evidence have not yet been recorded in coverage; run a focused decompile pass before semantic use.","2026-06-11"
"TRACE-OPCSERVERSERVERGUILDEVENTLOG0489","OPC-SERVER-SERVERGUILDEVENTLOG-0489","WildStar64.exe","","ServerGuildEventLog","Server opcode coverage","CoverageModelHandler","Source/NexusForever.Network.World/Message/Model/Guild/ServerGuildEventLog.cs","ServerGuildEventLog","Observed","","Decomp/Analysis/coverage/opcode_coverage_inventory.csv","Native registration and payload evidence have not yet been recorded in coverage; run a focused decompile pass before semantic use.","2026-06-11"
"TRACE-OPCSERVERSERVERGUILDEVENTLOGCHANGE0487","OPC-SERVER-SERVERGUILDEVENTLOGCHANGE-0487","WildStar64.exe","","ServerGuildEventLogChange","Server opcode coverage","CoverageModelHandler","Source/NexusForever.Network.World/Message/Model/Guild/ServerGuildEventLogChange.cs","ServerGuildEventLogChange","Observed","","Decomp/Analysis/coverage/opcode_coverage_inventory.csv","Native registration and payload evidence have not yet been recorded in coverage; run a focused decompile pass before semantic use.","2026-06-11"
"TRACE-OPCSERVERSERVERGUILDEVENTLOGDELETEENTRY048A","OPC-SERVER-SERVERGUILDEVENTLOGDELETEENTRY-048A","WildStar64.exe","","ServerGuildEventLogDeleteEntry","Server opcode coverage","CoverageModelHandler","Source/NexusForever.Network.World/Message/Model/Guild/ServerGuildEventLogDeleteEntry.cs","ServerGuildEventLogDeleteEntry","Observed","","Decomp/Analysis/coverage/opcode_coverage_inventory.csv","Native registration and payload evidence have not yet been recorded in coverage; run a focused decompile pass before semantic use.","2026-06-11"
"TRACE-OPCSERVERSERVERGUILDFLAGSUPDATE048B","OPC-SERVER-SERVERGUILDFLAGSUPDATE-048B","WildStar64.exe","","ServerGuildFlagsUpdate","Server opcode coverage","CoverageModelHandler","Source/NexusForever.Network.World/Message/Model/Guild/ServerGuildFlagsUpdate.cs","ServerGuildFlagsUpdate","Observed","","Decomp/Analysis/coverage/opcode_coverage_inventory.csv","Native registration and payload evidence have not yet been recorded in coverage; run a focused decompile pass before semantic use.","2026-06-11"
"TRACE-OPCSERVERSERVERGUILDINFLUENCEANDMONEY048D","OPC-SERVER-SERVERGUILDINFLUENCEANDMONEY-048D","WildStar64.exe","","ServerGuildInfluenceAndMoney","Server opcode coverage","CoverageModelHandler","Source/NexusForever.Network.World/Message/Model/Guild/ServerGuildInfluenceAndMoney.cs","ServerGuildInfluenceAndMoney","Observed","","Decomp/Analysis/coverage/opcode_coverage_inventory.csv","Native registration and payload evidence have not yet been recorded in coverage; run a focused decompile pass before semantic use.","2026-06-11"
"TRACE-OPCSERVERSERVERGUILDINFOMESSAGEUPDATE048F","OPC-SERVER-SERVERGUILDINFOMESSAGEUPDATE-048F","WildStar64.exe","","ServerGuildInfoMessageUpdate","Server opcode coverage","CoverageModelHandler","Source/NexusForever.Network.World/Message/Model/Guild/ServerGuildInfoMessageUpdate.cs","ServerGuildInfoMessageUpdate","Observed","","Decomp/Analysis/coverage/opcode_coverage_inventory.csv","Native registration and payload evidence have not yet been recorded in coverage; run a focused decompile pass before semantic use.","2026-06-11"
"TRACE-OPCSERVERSERVERGUILDINIT0497","OPC-SERVER-SERVERGUILDINIT-0497","WildStar64.exe","","ServerGuildInit","Server opcode coverage","CoverageModelHandler","Source/NexusForever.Network.World/Message/Model/Guild/ServerGuildInit.cs","ServerGuildInit","Observed","","Decomp/Analysis/coverage/opcode_coverage_inventory.csv","Native registration and payload evidence have not yet been recorded in coverage; run a focused decompile pass before semantic use.","2026-06-11"
"TRACE-OPCSERVERSERVERGUILDINVITE0491","OPC-SERVER-SERVERGUILDINVITE-0491","WildStar64.exe","","ServerGuildInvite","Server opcode coverage","CoverageModelHandler","Source/NexusForever.Network.World/Message/Model/Guild/ServerGuildInvite.cs","ServerGuildInvite","Observed","","Decomp/Analysis/coverage/opcode_coverage_inventory.csv","Native registration and payload evidence have not yet been recorded in coverage; run a focused decompile pass before semantic use.","2026-06-11"
"TRACE-OPCSERVERSERVERGUILDJOIN0493","OPC-SERVER-SERVERGUILDJOIN-0493","WildStar64.exe","","ServerGuildJoin","Server opcode coverage","CoverageModelHandler","Source/NexusForever.Network.World/Message/Model/Guild/ServerGuildJoin.cs","ServerGuildJoin","Observed","","Decomp/Analysis/coverage/opcode_coverage_inventory.csv","Native registration and payload evidence have not yet been recorded in coverage; run a focused decompile pass before semantic use.","2026-06-11"
"TRACE-OPCSERVERSERVERGUILDMEMBERCHANGE04A3","OPC-SERVER-SERVERGUILDMEMBERCHANGE-04A3","WildStar64.exe","","ServerGuildMemberChange","Server opcode coverage","CoverageModelHandler","Source/NexusForever.Network.World/Message/Model/Guild/ServerGuildMemberChange.cs","ServerGuildMemberChange","Observed","","Decomp/Analysis/coverage/opcode_coverage_inventory.csv","Native registration and payload evidence have not yet been recorded in coverage; run a focused decompile pass before semantic use.","2026-06-11"
"TRACE-OPCSERVERSERVERGUILDMEMBERREMOVE04A2","OPC-SERVER-SERVERGUILDMEMBERREMOVE-04A2","WildStar64.exe","","ServerGuildMemberRemove","Server opcode coverage","CoverageModelHandler","Source/NexusForever.Network.World/Message/Model/Guild/ServerGuildMemberRemove.cs","ServerGuildMemberRemove","Observed","","Decomp/Analysis/coverage/opcode_coverage_inventory.csv","Native registration and payload evidence have not yet been recorded in coverage; run a focused decompile pass before semantic use.","2026-06-11"
"TRACE-OPCSERVERSERVERGUILDMOTDUPDATE04A5","OPC-SERVER-SERVERGUILDMOTDUPDATE-04A5","WildStar64.exe","","ServerGuildMotdUpdate","Server opcode coverage","CoverageModelHandler","Source/NexusForever.Network.World/Message/Model/Guild/ServerGuildMotdUpdate.cs","ServerGuildMotdUpdate","Observed","","Decomp/Analysis/coverage/opcode_coverage_inventory.csv","Native registration and payload evidence have not yet been recorded in coverage; run a focused decompile pass before semantic use.","2026-06-11"
"TRACE-OPCSERVERSERVERGUILDNAMEPLATECHANGE04AC","OPC-SERVER-SERVERGUILDNAMEPLATECHANGE-04AC","WildStar64.exe","","ServerGuildNameplateChange","Server opcode coverage","CoverageModelHandler","Source/NexusForever.Network.World/Message/Model/Guild/ServerGuildNameplateChange.cs","ServerGuildNameplateChange","Observed","","Decomp/Analysis/coverage/opcode_coverage_inventory.csv","Native registration and payload evidence have not yet been recorded in coverage; run a focused decompile pass before semantic use.","2026-06-11"
"TRACE-OPCSERVERSERVERGUILDPERKACTIVATED04B6","OPC-SERVER-SERVERGUILDPERKACTIVATED-04B6","WildStar64.exe","","ServerGuildPerkActivated","Server opcode coverage","CoverageModelHandler","Source/NexusForever.Network.World/Message/Model/Guild/ServerGuildPerkActivated.cs","ServerGuildPerkActivated","Observed","","Decomp/Analysis/coverage/opcode_coverage_inventory.csv","Native registration and payload evidence have not yet been recorded in coverage; run a focused decompile pass before semantic use.","2026-06-11"
"TRACE-OPCSERVERSERVERGUILDPERKDEACTIVATED04BA","OPC-SERVER-SERVERGUILDPERKDEACTIVATED-04BA","WildStar64.exe","","ServerGuildPerkDeactivated","Server opcode coverage","CoverageModelHandler","Source/NexusForever.Network.World/Message/Model/Guild/ServerGuildPerkDeactivated.cs","ServerGuildPerkDeactivated","Observed","","Decomp/Analysis/coverage/opcode_coverage_inventory.csv","Native registration and payload evidence have not yet been recorded in coverage; run a focused decompile pass before semantic use.","2026-06-11"
"TRACE-OPCSERVERSERVERGUILDPERKUNLOCKED04BD","OPC-SERVER-SERVERGUILDPERKUNLOCKED-04BD","WildStar64.exe","","ServerGuildPerkUnlocked","Server opcode coverage","CoverageModelHandler","Source/NexusForever.Network.World/Message/Model/Guild/ServerGuildPerkUnlocked.cs","ServerGuildPerkUnlocked","Observed","","Decomp/Analysis/coverage/opcode_coverage_inventory.csv","Native registration and payload evidence have not yet been recorded in coverage; run a focused decompile pass before semantic use.","2026-06-11"
"TRACE-OPCSERVERSERVERGUILDPVPSTATSUPDATE04C1","OPC-SERVER-SERVERGUILDPVPSTATSUPDATE-04C1","WildStar64.exe","","ServerGuildPvpStatsUpdate","Server opcode coverage","CoverageModelHandler","Source/NexusForever.Network.World/Message/Model/Guild/ServerGuildPvpStatsUpdate.cs","ServerGuildPvpStatsUpdate","Observed","","Decomp/Analysis/coverage/opcode_coverage_inventory.csv","Native registration and payload evidence have not yet been recorded in coverage; run a focused decompile pass before semantic use.","2026-06-11"
"TRACE-OPCSERVERSERVERGUILDQUEUESTATECHANGED04C3","OPC-SERVER-SERVERGUILDQUEUESTATECHANGED-04C3","WildStar64.exe","","ServerGuildQueueStateChanged","Server opcode coverage","CoverageModelHandler","Source/NexusForever.Network.World/Message/Model/Guild/ServerGuildQueueStateChanged.cs","ServerGuildQueueStateChanged","Observed","","Decomp/Analysis/coverage/opcode_coverage_inventory.csv","Native registration and payload evidence have not yet been recorded in coverage; run a focused decompile pass before semantic use.","2026-06-11"
"TRACE-OPCSERVERSERVERGUILDRANKCHANGE04C5","OPC-SERVER-SERVERGUILDRANKCHANGE-04C5","WildStar64.exe","","ServerGuildRankChange","Server opcode coverage","CoverageModelHandler","Source/NexusForever.Network.World/Message/Model/Guild/ServerGuildRankChange.cs","ServerGuildRankChange","Observed","","Decomp/Analysis/coverage/opcode_coverage_inventory.csv","Native registration and payload evidence have not yet been recorded in coverage; run a focused decompile pass before semantic use.","2026-06-11"
"TRACE-OPCSERVERSERVERGUILDRECRUITMENTAVAILABILITY049F","OPC-SERVER-SERVERGUILDRECRUITMENTAVAILABILITY-049F","WildStar64.exe","","ServerGuildRecruitmentAvailability","Server opcode coverage","CoverageModelHandler","Source/NexusForever.Network.World/Message/Model/Guild/ServerGuildRecruitmentAvailability.cs","ServerGuildRecruitmentAvailability","Observed","","Decomp/Analysis/coverage/opcode_coverage_inventory.csv","Native registration and payload evidence have not yet been recorded in coverage; run a focused decompile pass before semantic use.","2026-06-11"
"TRACE-OPCSERVERSERVERGUILDREMOVE0495","OPC-SERVER-SERVERGUILDREMOVE-0495","WildStar64.exe","","ServerGuildRemove","Server opcode coverage","CoverageModelHandler","Source/NexusForever.Network.World/Message/Model/Guild/ServerGuildRemove.cs","ServerGuildRemove","Observed","","Decomp/Analysis/coverage/opcode_coverage_inventory.csv","Native registration and payload evidence have not yet been recorded in coverage; run a focused decompile pass before semantic use.","2026-06-11"
"TRACE-OPCSERVERSERVERGUILDRENAME04AF","OPC-SERVER-SERVERGUILDRENAME-04AF","WildStar64.exe","","ServerGuildRename","Server opcode coverage","CoverageModelHandler","Source/NexusForever.Network.World/Message/Model/Guild/ServerGuildRename.cs","ServerGuildRename","Observed","","Decomp/Analysis/coverage/opcode_coverage_inventory.csv","Native registration and payload evidence have not yet been recorded in coverage; run a focused decompile pass before semantic use.","2026-06-11"
"TRACE-OPCSERVERSERVERGUILDRESULT04C9","OPC-SERVER-SERVERGUILDRESULT-04C9","WildStar64.exe","","ServerGuildResult","Server opcode coverage","CoverageModelHandler","Source/NexusForever.Network.World/Message/Model/Guild/ServerGuildResult.cs","ServerGuildResult","Observed","","Decomp/Analysis/coverage/opcode_coverage_inventory.csv","Native registration and payload evidence have not yet been recorded in coverage; run a focused decompile pass before semantic use.","2026-06-11"
"TRACE-OPCSERVERSERVERGUILDRESULT204CA","OPC-SERVER-SERVERGUILDRESULT2-04CA","WildStar64.exe","","ServerGuildResult2","Server opcode coverage","CoverageModelHandler","Source/NexusForever.Network.World/Message/Model/Guild/ServerGuildResult2.cs","ServerGuildResult2","Observed","","Decomp/Analysis/coverage/opcode_coverage_inventory.csv","Native registration and payload evidence have not yet been recorded in coverage; run a focused decompile pass before semantic use.","2026-06-11"
"TRACE-OPCSERVERSERVERGUILDROSTER04A0","OPC-SERVER-SERVERGUILDROSTER-04A0","WildStar64.exe","","ServerGuildRoster","Server opcode coverage","CoverageModelHandler","Source/NexusForever.Network.World/Message/Model/Guild/ServerGuildRoster.cs","ServerGuildRoster","Observed","","Decomp/Analysis/coverage/opcode_coverage_inventory.csv","Native registration and payload evidence have not yet been recorded in coverage; run a focused decompile pass before semantic use.","2026-06-11"
"TRACE-OPCSERVERSERVERGUILDSTANDARD04D0","OPC-SERVER-SERVERGUILDSTANDARD-04D0","WildStar64.exe","","ServerGuildStandard","Server opcode coverage","CoverageModelHandler","Source/NexusForever.Network.World/Message/Model/Guild/ServerGuildStandard.cs","ServerGuildStandard","Observed","","Decomp/Analysis/coverage/opcode_coverage_inventory.csv","Native registration and payload evidence have not yet been recorded in coverage; run a focused decompile pass before semantic use.","2026-06-11"
"TRACE-OPCSERVERSERVERHAZARDACTION0109","OPC-SERVER-SERVERHAZARDACTION-0109","WildStar64.exe","","ServerHazardAction","Server opcode coverage","CoverageModelHandler","Source/NexusForever.Network.World/Message/Model/Hazard/ServerHazardAction.cs","ServerHazardAction","Observed","","Decomp/Analysis/coverage/opcode_coverage_inventory.csv","Native registration and payload evidence have not yet been recorded in coverage; run a focused decompile pass before semantic use.","2026-06-11"
"TRACE-OPCSERVERSERVERHAZARDLIST010A","OPC-SERVER-SERVERHAZARDLIST-010A","WildStar64.exe","","ServerHazardList","Server opcode coverage","CoverageModelHandler","Source/NexusForever.Network.World/Message/Model/Hazard/ServerHazardList.cs","ServerHazardList","Observed","","Decomp/Analysis/coverage/opcode_coverage_inventory.csv","Native registration and payload evidence have not yet been recorded in coverage; run a focused decompile pass before semantic use.","2026-06-11"
"TRACE-OPCSERVERSERVERHAZARDMODIFIERS010B","OPC-SERVER-SERVERHAZARDMODIFIERS-010B","WildStar64.exe","","ServerHazardModifiers","Server opcode coverage","CoverageModelHandler","Source/NexusForever.Network.World/Message/Model/Hazard/ServerHazardModifiers.cs","ServerHazardModifiers","Observed","","Decomp/Analysis/coverage/opcode_coverage_inventory.csv","Native registration and payload evidence have not yet been recorded in coverage; run a focused decompile pass before semantic use.","2026-06-11"
"TRACE-OPCSERVERSERVERHEALTHYGAMINGUPDATE04DA","OPC-SERVER-SERVERHEALTHYGAMINGUPDATE-04DA","WildStar64.exe","","ServerHealthyGamingUpdate","Server opcode coverage","CoverageModelHandler","Source/NexusForever.Network.World/Message/Model/Info/ServerHealthyGamingUpdate.cs","ServerHealthyGamingUpdate","Observed","","Decomp/Analysis/coverage/opcode_coverage_inventory.csv","Native registration and payload evidence have not yet been recorded in coverage; run a focused decompile pass before semantic use.","2026-06-11"
"TRACE-OPCSERVERSERVERHELLO0003","OPC-SERVER-SERVERHELLO-0003","WildStar64.exe","","ServerHello","Server opcode coverage","CoverageModelHandler","Source/NexusForever.Network/Message/Model/ServerHello.cs","ServerHello","Observed","","Decomp/Analysis/coverage/opcode_coverage_inventory.csv","Native registration and payload evidence have not yet been recorded in coverage; run a focused decompile pass before semantic use.","2026-06-11"
"TRACE-OPCSERVERSERVERHIDEINSTANCEGAMEMODEDIALOG00D3","OPC-SERVER-SERVERHIDEINSTANCEGAMEMODEDIALOG-00D3","WildStar64.exe","","ServerHideInstanceGameModeDialog","Server opcode coverage","CoverageModelHandler","Source/NexusForever.Network.World/Message/Model/Instance/ServerHideInstanceGameModeDialog.cs","ServerHideInstanceGameModeDialog","Observed","","Decomp/Analysis/coverage/opcode_coverage_inventory.csv","Native registration and payload evidence have not yet been recorded in coverage; run a focused decompile pass before semantic use.","2026-06-11"
"TRACE-OPCSERVERSERVERHOUSINGBASICS010E","OPC-SERVER-SERVERHOUSINGBASICS-010E","WildStar64.exe","","ServerHousingBasics","Server opcode coverage","CoverageModelHandler","Source/NexusForever.Network.World/Message/Model/ServerHousingBasics.cs","ServerHousingBasics","Observed","","Decomp/Analysis/coverage/opcode_coverage_inventory.csv","Native registration and payload evidence have not yet been recorded in coverage; run a focused decompile pass before semantic use.","2026-06-11"
"TRACE-OPCSERVERSERVERHOUSINGBASICSEMPTY010D","OPC-SERVER-SERVERHOUSINGBASICSEMPTY-010D","WildStar64.exe","","ServerHousingBasicsEmpty","Server opcode coverage","CoverageModelHandler","Source/NexusForever.Network.World/Message/Model/ServerHousingAuxPackets.cs","ServerHousingBasicsEmpty","Correlated","","Decomp/Analysis/coverage/opcode_coverage_inventory.csv","Promote to Mapped only after native registration and payload functions are copied into this row from focused evidence.","2026-06-11"
"TRACE-OPCSERVERSERVERHOUSINGBASICSFOLLOWUP0110","OPC-SERVER-SERVERHOUSINGBASICSFOLLOWUP-0110","WildStar64.exe","","ServerHousingBasicsFollowup","Server opcode coverage","CoverageModelHandler","Source/NexusForever.Network.World/Message/Model/ServerHousingAuxPackets.cs","ServerHousingBasicsFollowup","Correlated","","Decomp/Analysis/coverage/opcode_coverage_inventory.csv","Promote to Mapped only after native registration and payload functions are copied into this row from focused evidence.","2026-06-11"
"TRACE-OPCSERVERSERVERHOUSINGCOMMUNITYDONATEUPDATE04FE","OPC-SERVER-SERVERHOUSINGCOMMUNITYDONATEUPDATE-04FE","WildStar64.exe","","ServerHousingCommunityDonateUpdate","Server opcode coverage","CoverageModelHandler","Source/NexusForever.Network.World/Message/Model/ServerHousingCommunityDonateUpdate.cs","ServerHousingCommunityDonateUpdate","Observed","","Decomp/Analysis/coverage/opcode_coverage_inventory.csv","Native registration and payload evidence have not yet been recorded in coverage; run a focused decompile pass before semantic use.","2026-06-11"
"TRACE-OPCSERVERSERVERHOUSINGCOMMUNITYPLACEMENT053A","OPC-SERVER-SERVERHOUSINGCOMMUNITYPLACEMENT-053A","WildStar64.exe","","ServerHousingCommunityPlacement","Server opcode coverage","CoverageModelHandler","Source/NexusForever.Network.World/Message/Model/ServerHousingNeighborhood.cs","ServerHousingCommunityPlacement","Correlated","","Decomp/Analysis/coverage/opcode_coverage_inventory.csv","Promote to Mapped only after native registration and payload functions are copied into this row from focused evidence.","2026-06-11"
"TRACE-OPCSERVERSERVERHOUSINGCOMMUNITYPLOTRESERVATION051F","OPC-SERVER-SERVERHOUSINGCOMMUNITYPLOTRESERVATION-051F","WildStar64.exe","","ServerHousingCommunityPlotReservation","Server opcode coverage","CoverageModelHandler","Source/NexusForever.Network.World/Message/Model/ServerHousingNeighborUpdates.cs","ServerHousingCommunityPlotReservation","Observed","","Decomp/Analysis/coverage/opcode_coverage_inventory.csv","Native registration and payload evidence have not yet been recorded in coverage; run a focused decompile pass before semantic use.","2026-06-11"
"TRACE-OPCSERVERSERVERHOUSINGCOMMUNITYPRIVACYLEVELUPDATE053B","OPC-SERVER-SERVERHOUSINGCOMMUNITYPRIVACYLEVELUPDATE-053B","WildStar64.exe","","ServerHousingCommunityPrivacyLevelUpdate","Server opcode coverage","CoverageModelHandler","Source/NexusForever.Network.World/Message/Model/ServerHousingNeighborhood.cs","ServerHousingCommunityPrivacyLevelUpdate","Correlated","","Decomp/Analysis/coverage/opcode_coverage_inventory.csv","Promote to Mapped only after native registration and payload functions are copied into this row from focused evidence.","2026-06-11"
"TRACE-OPCSERVERSERVERHOUSINGCOMMUNITYRENAME024D","OPC-SERVER-SERVERHOUSINGCOMMUNITYRENAME-024D","WildStar64.exe","","ServerHousingCommunityRename","Server opcode coverage","CoverageModelHandler","Source/NexusForever.Network.World/Message/Model/ServerHousingCommunityRename.cs","ServerHousingCommunityRename","Observed","","Decomp/Analysis/coverage/opcode_coverage_inventory.csv","Native registration and payload evidence have not yet been recorded in coverage; run a focused decompile pass before semantic use.","2026-06-11"
"TRACE-OPCSERVERSERVERHOUSINGCOMMUNITYRENAMERESULT078C","OPC-SERVER-SERVERHOUSINGCOMMUNITYRENAMERESULT-078C","WildStar64.exe","","ServerHousingCommunityRenameResult","Server opcode coverage","CoverageModelHandler","Source/NexusForever.Network.World/Message/Model/ServerHousingCommunityRenameResult.cs","ServerHousingCommunityRenameResult","Observed","","Decomp/Analysis/coverage/opcode_coverage_inventory.csv","Native registration and payload evidence have not yet been recorded in coverage; run a focused decompile pass before semantic use.","2026-06-11"
"TRACE-OPCSERVERSERVERHOUSINGHARVESTITEMSSENTTOOWNER0509","OPC-SERVER-SERVERHOUSINGHARVESTITEMSSENTTOOWNER-0509","WildStar64.exe","","ServerHousingHarvestItemsSentToOwner","Server opcode coverage","CoverageModelHandler","Source/NexusForever.Network.World/Message/Model/ServerHousingHarvestItemsSentToOwner.cs","ServerHousingHarvestItemsSentToOwner","Correlated","","Decomp/Analysis/coverage/opcode_coverage_inventory.csv","Promote to Mapped only after native registration and payload functions are copied into this row from focused evidence.","2026-06-11"
"TRACE-OPCSERVERSERVERHOUSINGNEIGHBORHOODENTRY0501","OPC-SERVER-SERVERHOUSINGNEIGHBORHOODENTRY-0501","WildStar64.exe","","ServerHousingNeighborhoodEntry","Server opcode coverage","CoverageModelHandler","Source/NexusForever.Network.World/Message/Model/ServerHousingNeighborhood.cs","ServerHousingNeighborhoodEntry","Observed","","Decomp/Analysis/coverage/opcode_coverage_inventory.csv","Native registration and payload evidence have not yet been recorded in coverage; run a focused decompile pass before semantic use.","2026-06-11"
"TRACE-OPCSERVERSERVERHOUSINGNEIGHBORHOODLIST0506","OPC-SERVER-SERVERHOUSINGNEIGHBORHOODLIST-0506","WildStar64.exe","","ServerHousingNeighborhoodList","Server opcode coverage","CoverageModelHandler","Source/NexusForever.Network.World/Message/Model/ServerHousingNeighborhood.cs","ServerHousingNeighborhoodList","Observed","","Decomp/Analysis/coverage/opcode_coverage_inventory.csv","Native registration and payload evidence have not yet been recorded in coverage; run a focused decompile pass before semantic use.","2026-06-11"
"TRACE-OPCSERVERSERVERHOUSINGNEIGHBORINVITEPROMPT0514","OPC-SERVER-SERVERHOUSINGNEIGHBORINVITEPROMPT-0514","WildStar64.exe","","ServerHousingNeighborInvitePrompt","Server opcode coverage","CoverageModelHandler","Source/NexusForever.Network.World/Message/Model/ServerHousingNeighborUpdates.cs","ServerHousingNeighborInvitePrompt","Observed","","Decomp/Analysis/coverage/opcode_coverage_inventory.csv","Native registration and payload evidence have not yet been recorded in coverage; run a focused decompile pass before semantic use.","2026-06-11"
"TRACE-OPCSERVERSERVERHOUSINGNEIGHBORINVITERESULT0516","OPC-SERVER-SERVERHOUSINGNEIGHBORINVITERESULT-0516","WildStar64.exe","","ServerHousingNeighborInviteResult","Server opcode coverage","CoverageModelHandler","Source/NexusForever.Network.World/Message/Model/ServerHousingNeighborUpdates.cs","ServerHousingNeighborInviteResult","Correlated","","Decomp/Analysis/coverage/opcode_coverage_inventory.csv","Promote to Mapped only after native registration and payload functions are copied into this row from focused evidence.","2026-06-11"
"TRACE-OPCSERVERSERVERHOUSINGNEIGHBORS0507","OPC-SERVER-SERVERHOUSINGNEIGHBORS-0507","WildStar64.exe","","ServerHousingNeighbors","Server opcode coverage","CoverageModelHandler","Source/NexusForever.Network.World/Message/Model/ServerHousingNeighbors.cs","ServerHousingNeighbors","Observed","","Decomp/Analysis/coverage/opcode_coverage_inventory.csv","Native registration and payload evidence have not yet been recorded in coverage; run a focused decompile pass before semantic use.","2026-06-11"
"TRACE-OPCSERVERSERVERHOUSINGNEIGHBORUPDATE0519","OPC-SERVER-SERVERHOUSINGNEIGHBORUPDATE-0519","WildStar64.exe","","ServerHousingNeighborUpdate","Server opcode coverage","CoverageModelHandler","Source/NexusForever.Network.World/Message/Model/ServerHousingNeighborUpdates.cs","ServerHousingNeighborUpdate","Correlated","","Decomp/Analysis/coverage/opcode_coverage_inventory.csv","Promote to Mapped only after native registration and payload functions are copied into this row from focused evidence.","2026-06-11"
"TRACE-OPCSERVERSERVERHOUSINGOWNERSHIP0533","OPC-SERVER-SERVERHOUSINGOWNERSHIP-0533","WildStar64.exe","","ServerHousingOwnership","Server opcode coverage","CoverageModelHandler","Source/NexusForever.Network.World/Message/Model/ServerHousingOwnership.cs","ServerHousingOwnership","Observed","","Decomp/Analysis/coverage/opcode_coverage_inventory.csv","Native registration and payload evidence have not yet been recorded in coverage; run a focused decompile pass before semantic use.","2026-06-11"
"TRACE-OPCSERVERSERVERHOUSINGPLACEDRESIDENCESLIST04DD","OPC-SERVER-SERVERHOUSINGPLACEDRESIDENCESLIST-04DD","WildStar64.exe","","ServerHousingPlacedResidencesList","Server opcode coverage","CoverageModelHandler","Source/NexusForever.Network.World/Message/Model/ServerHousingPlacedResidencesList.cs","ServerHousingPlacedResidencesList","Observed","","Decomp/Analysis/coverage/opcode_coverage_inventory.csv","Native registration and payload evidence have not yet been recorded in coverage; run a focused decompile pass before semantic use.","2026-06-11"
"TRACE-OPCSERVERSERVERHOUSINGPLOTS04E1","OPC-SERVER-SERVERHOUSINGPLOTS-04E1","WildStar64.exe","","ServerHousingPlots","Server opcode coverage","CoverageModelHandler","Source/NexusForever.Network.World/Message/Model/ServerHousingPlots.cs","ServerHousingPlots","Observed","","Decomp/Analysis/coverage/opcode_coverage_inventory.csv","Native registration and payload evidence have not yet been recorded in coverage; run a focused decompile pass before semantic use.","2026-06-11"
"TRACE-OPCSERVERSERVERHOUSINGPROPERTIES04DF","OPC-SERVER-SERVERHOUSINGPROPERTIES-04DF","WildStar64.exe","","ServerHousingProperties","Server opcode coverage","CoverageModelHandler","Source/NexusForever.Network.World/Message/Model/ServerHousingProperties.cs","ServerHousingProperties","Observed","","Decomp/Analysis/coverage/opcode_coverage_inventory.csv","Native registration and payload evidence have not yet been recorded in coverage; run a focused decompile pass before semantic use.","2026-06-11"
"TRACE-OPCSERVERSERVERHOUSINGRANDOMCOMMUNITYLIST0526","OPC-SERVER-SERVERHOUSINGRANDOMCOMMUNITYLIST-0526","WildStar64.exe","","ServerHousingRandomCommunityList","Server opcode coverage","CoverageModelHandler","Source/NexusForever.Network.World/Message/Model/ServerHousingRandomCommunityList.cs","ServerHousingRandomCommunityList","Observed","","Decomp/Analysis/coverage/opcode_coverage_inventory.csv","Native registration and payload evidence have not yet been recorded in coverage; run a focused decompile pass before semantic use.","2026-06-11"
"TRACE-OPCSERVERSERVERHOUSINGRANDOMRESIDENCELIST0527","OPC-SERVER-SERVERHOUSINGRANDOMRESIDENCELIST-0527","WildStar64.exe","","ServerHousingRandomResidenceList","Server opcode coverage","CoverageModelHandler","Source/NexusForever.Network.World/Message/Model/ServerHousingRandomResidenceList.cs","ServerHousingRandomResidenceList","Observed","","Decomp/Analysis/coverage/opcode_coverage_inventory.csv","Native registration and payload evidence have not yet been recorded in coverage; run a focused decompile pass before semantic use.","2026-06-11"
"TRACE-OPCSERVERSERVERHOUSINGRESIDENCEDECOR04DE","OPC-SERVER-SERVERHOUSINGRESIDENCEDECOR-04DE","WildStar64.exe","","ServerHousingResidenceDecor","Server opcode coverage","CoverageModelHandler","Source/NexusForever.Network.World/Message/Model/ServerHousingResidenceDecor.cs","ServerHousingResidenceDecor","Observed","","Decomp/Analysis/coverage/opcode_coverage_inventory.csv","Native registration and payload evidence have not yet been recorded in coverage; run a focused decompile pass before semantic use.","2026-06-11"
"TRACE-OPCSERVERSERVERHOUSINGRESIDENCEEMPTY00CB","OPC-SERVER-SERVERHOUSINGRESIDENCEEMPTY-00CB","WildStar64.exe","","ServerHousingResidenceEmpty","Server opcode coverage","CoverageModelHandler","Source/NexusForever.Network.World/Message/Model/ServerHousingAuxPackets.cs","ServerHousingResidenceEmpty","Correlated","","Decomp/Analysis/coverage/opcode_coverage_inventory.csv","Promote to Mapped only after native registration and payload functions are copied into this row from focused evidence.","2026-06-11"
"TRACE-OPCSERVERSERVERHOUSINGRESIDENCEEMPTYFOLLOWUP00D1","OPC-SERVER-SERVERHOUSINGRESIDENCEEMPTYFOLLOWUP-00D1","WildStar64.exe","","ServerHousingResidenceEmptyFollowUp","Server opcode coverage","CoverageModelHandler","Source/NexusForever.Network.World/Message/Model/ServerHousingAuxPackets.cs","ServerHousingResidenceEmptyFollowUp","Correlated","","Decomp/Analysis/coverage/opcode_coverage_inventory.csv","Promote to Mapped only after native registration and payload functions are copied into this row from focused evidence.","2026-06-11"
"TRACE-OPCSERVERSERVERHOUSINGRESIDENCEKEYEDUPDATE00CA","OPC-SERVER-SERVERHOUSINGRESIDENCEKEYEDUPDATE-00CA","WildStar64.exe","","ServerHousingResidenceKeyedUpdate","Server opcode coverage","CoverageModelHandler","Source/NexusForever.Network.World/Message/Model/ServerHousingResidenceKeyedUpdate.cs","ServerHousingResidenceKeyedUpdate","Correlated","","Decomp/Analysis/coverage/opcode_coverage_inventory.csv","Promote to Mapped only after native registration and payload functions are copied into this row from focused evidence.","2026-06-11"
"TRACE-OPCSERVERSERVERHOUSINGRESIDENCEUINT1500CC","OPC-SERVER-SERVERHOUSINGRESIDENCEUINT15-00CC","WildStar64.exe","","ServerHousingResidenceUInt15","Server opcode coverage","CoverageModelHandler","Source/NexusForever.Network.World/Message/Model/ServerHousingAuxPackets.cs","ServerHousingResidenceUInt15","Correlated","","Decomp/Analysis/coverage/opcode_coverage_inventory.csv","Promote to Mapped only after native registration and payload functions are copied into this row from focused evidence.","2026-06-11"
"TRACE-OPCSERVERSERVERHOUSINGRESIDENCEUINT15ALT00CD","OPC-SERVER-SERVERHOUSINGRESIDENCEUINT15ALT-00CD","WildStar64.exe","","ServerHousingResidenceUInt15Alt","Server opcode coverage","CoverageModelHandler","Source/NexusForever.Network.World/Message/Model/ServerHousingAuxPackets.cs","ServerHousingResidenceUInt15Alt","Correlated","","Decomp/Analysis/coverage/opcode_coverage_inventory.csv","Promote to Mapped only after native registration and payload functions are copied into this row from focused evidence.","2026-06-11"
"TRACE-OPCSERVERSERVERHOUSINGRESIDENCEWIDESTRING00CE","OPC-SERVER-SERVERHOUSINGRESIDENCEWIDESTRING-00CE","WildStar64.exe","","ServerHousingResidenceWideString","Server opcode coverage","CoverageModelHandler","Source/NexusForever.Network.World/Message/Model/ServerHousingAuxPackets.cs","ServerHousingResidenceWideString","Correlated","","Decomp/Analysis/coverage/opcode_coverage_inventory.csv","Promote to Mapped only after native registration and payload functions are copied into this row from focused evidence.","2026-06-11"
"TRACE-OPCSERVERSERVERHOUSINGRESULT0536","OPC-SERVER-SERVERHOUSINGRESULT-0536","WildStar64.exe","","ServerHousingResult","Server opcode coverage","CoverageModelHandler","Source/NexusForever.Network.World/Message/Model/ServerHousingResult.cs","ServerHousingResult","Observed","","Decomp/Analysis/coverage/opcode_coverage_inventory.csv","Native registration and payload evidence have not yet been recorded in coverage; run a focused decompile pass before semantic use.","2026-06-11"
"TRACE-OPCSERVERSERVERHOUSINGVENDORLIST0508","OPC-SERVER-SERVERHOUSINGVENDORLIST-0508","WildStar64.exe","","ServerHousingVendorList","Server opcode coverage","CoverageModelHandler","Source/NexusForever.Network.World/Message/Model/ServerHousingVendorList.cs","ServerHousingVendorList","Observed","","Decomp/Analysis/coverage/opcode_coverage_inventory.csv","Native registration and payload evidence have not yet been recorded in coverage; run a focused decompile pass before semantic use.","2026-06-11"
"TRACE-OPCSERVERSERVERICCOMMCHANNELJOIN0548","OPC-SERVER-SERVERICCOMMCHANNELJOIN-0548","WildStar64.exe","","ServerICCommChannelJoin","Server opcode coverage","CoverageModelHandler","Source/NexusForever.Network.World/Message/Model/ICComm/ServerICCommChannelJoin.cs","ServerICCommChannelJoin","Observed","","Decomp/Analysis/coverage/opcode_coverage_inventory.csv","Native registration and payload evidence have not yet been recorded in coverage; run a focused decompile pass before semantic use.","2026-06-11"
"TRACE-OPCSERVERSERVERICCOMMCHANNELJOINRESULT0547","OPC-SERVER-SERVERICCOMMCHANNELJOINRESULT-0547","WildStar64.exe","","ServerICCommChannelJoinResult","Server opcode coverage","CoverageModelHandler","Source/NexusForever.Network.World/Message/Model/ICComm/ServerICCommChannelJoinResult.cs","ServerICCommChannelJoinResult","Observed","","Decomp/Analysis/coverage/opcode_coverage_inventory.csv","Native registration and payload evidence have not yet been recorded in coverage; run a focused decompile pass before semantic use.","2026-06-11"
"TRACE-OPCSERVERSERVERICCOMMCHANNELLEFT054A","OPC-SERVER-SERVERICCOMMCHANNELLEFT-054A","WildStar64.exe","","ServerICCommChannelLeft","Server opcode coverage","CoverageModelHandler","Source/NexusForever.Network.World/Message/Model/ICComm/ServerICCommChannelLeft.cs","ServerICCommChannelLeft","Observed","","Decomp/Analysis/coverage/opcode_coverage_inventory.csv","Native registration and payload evidence have not yet been recorded in coverage; run a focused decompile pass before semantic use.","2026-06-11"
"TRACE-OPCSERVERSERVERICCOMMDIRECTEDMESSAGE054E","OPC-SERVER-SERVERICCOMMDIRECTEDMESSAGE-054E","WildStar64.exe","","ServerICCommDirectedMessage","Server opcode coverage","CoverageModelHandler","Source/NexusForever.Network.World/Message/Model/ICComm/ServerICCommDirectedMessage.cs","ServerICCommDirectedMessage","Observed","","Decomp/Analysis/coverage/opcode_coverage_inventory.csv","Native registration and payload evidence have not yet been recorded in coverage; run a focused decompile pass before semantic use.","2026-06-11"
"TRACE-OPCSERVERSERVERICCOMMMESSAGERESULT054C","OPC-SERVER-SERVERICCOMMMESSAGERESULT-054C","WildStar64.exe","","ServerICCommMessageResult","Server opcode coverage","CoverageModelHandler","Source/NexusForever.Network.World/Message/Model/ICComm/ServerICCommMessageResult.cs","ServerICCommMessageResult","Observed","","Decomp/Analysis/coverage/opcode_coverage_inventory.csv","Native registration and payload evidence have not yet been recorded in coverage; run a focused decompile pass before semantic use.","2026-06-11"
"TRACE-OPCSERVERSERVERICCOMMORDEREDMESSAGE054D","OPC-SERVER-SERVERICCOMMORDEREDMESSAGE-054D","WildStar64.exe","","ServerICCommOrderedMessage","Server opcode coverage","CoverageModelHandler","Source/NexusForever.Network.World/Message/Model/ICComm/ServerICCommOrderedMessage.cs","ServerICCommOrderedMessage","Observed","","Decomp/Analysis/coverage/opcode_coverage_inventory.csv","Native registration and payload evidence have not yet been recorded in coverage; run a focused decompile pass before semantic use.","2026-06-11"
"TRACE-OPCSERVERSERVERINSPECTPLAYERRESPONSE0553","OPC-SERVER-SERVERINSPECTPLAYERRESPONSE-0553","WildStar64.exe","","ServerInspectPlayerResponse","Server opcode coverage","CoverageModelHandler","Source/NexusForever.Network.World/Message/Model/Utility/ServerInspectPlayerResponse.cs","ServerInspectPlayerResponse","Observed","","Decomp/Analysis/coverage/opcode_coverage_inventory.csv","Native registration and payload evidence have not yet been recorded in coverage; run a focused decompile pass before semantic use.","2026-06-11"
"TRACE-OPCSERVERSERVERINSTANCEBUSY0555","OPC-SERVER-SERVERINSTANCEBUSY-0555","WildStar64.exe","","ServerInstanceBusy","Server opcode coverage","CoverageModelHandler","Source/NexusForever.Network.World/Message/Model/Instance/ServerInstanceBusy.cs","ServerInstanceBusy","Observed","","Decomp/Analysis/coverage/opcode_coverage_inventory.csv","Native registration and payload evidence have not yet been recorded in coverage; run a focused decompile pass before semantic use.","2026-06-11"
"TRACE-OPCSERVERSERVERINSTANCERESETAUX0157","OPC-SERVER-SERVERINSTANCERESETAUX-0157","WildStar64.exe","","ServerInstanceResetAux","Server opcode coverage","CoverageModelHandler","Source/NexusForever.Network.World/Message/Model/ServerClusterAuxPackets.cs","ServerInstanceResetAux","Correlated","","Decomp/Analysis/coverage/opcode_coverage_inventory.csv","Promote to Mapped only after native registration and payload functions are copied into this row from focused evidence.","2026-06-11"
"TRACE-OPCSERVERSERVERINSTANCERESETFAILED0154","OPC-SERVER-SERVERINSTANCERESETFAILED-0154","WildStar64.exe","","ServerInstanceResetFailed","Server opcode coverage","CoverageModelHandler","Source/NexusForever.Network.World/Message/Model/Instance/ServerInstanceResetFailed.cs","ServerInstanceResetFailed","Observed","","Decomp/Analysis/coverage/opcode_coverage_inventory.csv","Native registration and payload evidence have not yet been recorded in coverage; run a focused decompile pass before semantic use.","2026-06-11"
"TRACE-OPCSERVERSERVERINSTANCERESETRESULT0155","OPC-SERVER-SERVERINSTANCERESETRESULT-0155","WildStar64.exe","","ServerInstanceResetResult","Server opcode coverage","CoverageModelHandler","Source/NexusForever.Network.World/Message/Model/Instance/ServerInstanceResetResult.cs","ServerInstanceResetResult","Observed","","Decomp/Analysis/coverage/opcode_coverage_inventory.csv","Native registration and payload evidence have not yet been recorded in coverage; run a focused decompile pass before semantic use.","2026-06-11"
"TRACE-OPCSERVERSERVERINSTANCESETTINGS00F1","OPC-SERVER-SERVERINSTANCESETTINGS-00F1","WildStar64.exe","","ServerInstanceSettings","Server opcode coverage","CoverageModelHandler","Source/NexusForever.Network.World/Message/Model/ServerInstanceSettings.cs","ServerInstanceSettings","Correlated","","Decomp/Analysis/coverage/opcode_coverage_inventory.csv","Promote to Mapped only after native registration and payload functions are copied into this row from focused evidence.","2026-06-11"
"TRACE-OPCSERVERSERVERITEMADD0111","OPC-SERVER-SERVERITEMADD-0111","WildStar64.exe","","ServerItemAdd","Server opcode coverage","CoverageModelHandler","Source/NexusForever.Network.World/Message/Model/ServerItemAdd.cs","ServerItemAdd","Observed","","Decomp/Analysis/coverage/opcode_coverage_inventory.csv","Native registration and payload evidence have not yet been recorded in coverage; run a focused decompile pass before semantic use.","2026-06-11"
"TRACE-OPCSERVERSERVERITEMCONTEXTACTIONACK00B7","OPC-SERVER-SERVERITEMCONTEXTACTIONACK-00B7","WildStar64.exe","","ServerItemContextActionAck","Server opcode coverage","CoverageModelHandler","Source/NexusForever.Network.World/Message/Model/ServerClusterAuxPackets.cs","ServerItemContextActionAck","Correlated","","Decomp/Analysis/coverage/opcode_coverage_inventory.csv","Promote to Mapped only after native registration and payload functions are copied into this row from focused evidence.","2026-06-11"
"TRACE-OPCSERVERSERVERITEMDELETE0148","OPC-SERVER-SERVERITEMDELETE-0148","WildStar64.exe","","ServerItemDelete","Server opcode coverage","CoverageModelHandler","Source/NexusForever.Network.World/Message/Model/ServerItemDelete.cs","ServerItemDelete","Correlated","","Decomp/Analysis/coverage/opcode_coverage_inventory.csv","Promote to Mapped only after native registration and payload functions are copied into this row from focused evidence.","2026-06-11"
"TRACE-OPCSERVERSERVERITEMERROR056A","OPC-SERVER-SERVERITEMERROR-056A","WildStar64.exe","","ServerItemError","Server opcode coverage","CoverageModelHandler","Source/NexusForever.Network.World/Message/Model/ServerItemError.cs","ServerItemError","Observed","","Decomp/Analysis/coverage/opcode_coverage_inventory.csv","Native registration and payload evidence have not yet been recorded in coverage; run a focused decompile pass before semantic use.","2026-06-11"
"TRACE-OPCSERVERSERVERITEMGLYPHS056D","OPC-SERVER-SERVERITEMGLYPHS-056D","WildStar64.exe","","ServerItemGlyphs","Server opcode coverage","CoverageModelHandler","Source/NexusForever.Network.World/Message/Model/ServerClusterAuxPackets.cs","ServerItemGlyphs","Correlated","","Decomp/Analysis/coverage/opcode_coverage_inventory.csv","Promote to Mapped only after native registration and payload functions are copied into this row from focused evidence.","2026-06-11"
"TRACE-OPCSERVERSERVERITEMMICROCHIPS056C","OPC-SERVER-SERVERITEMMICROCHIPS-056C","WildStar64.exe","","ServerItemMicrochips","Server opcode coverage","CoverageModelHandler","Source/NexusForever.Network.World/Message/Model/ServerClusterAuxPackets.cs","ServerItemMicrochips","Correlated","","Decomp/Analysis/coverage/opcode_coverage_inventory.csv","Promote to Mapped only after native registration and payload functions are copied into this row from focused evidence.","2026-06-11"
"TRACE-OPCSERVERSERVERITEMMODDABLEDATA056B","OPC-SERVER-SERVERITEMMODDABLEDATA-056B","WildStar64.exe","","ServerItemModdableData","Server opcode coverage","CoverageModelHandler","Source/NexusForever.Network.World/Message/Model/ServerClusterAuxPackets.cs","ServerItemModdableData","Correlated","","Decomp/Analysis/coverage/opcode_coverage_inventory.csv","Promote to Mapped only after native registration and payload functions are copied into this row from focused evidence.","2026-06-11"
"TRACE-OPCSERVERSERVERITEMMOVE0569","OPC-SERVER-SERVERITEMMOVE-0569","WildStar64.exe","","ServerItemMove","Server opcode coverage","CoverageModelHandler","Source/NexusForever.Network.World/Message/Model/ServerItemMove.cs","ServerItemMove","Correlated","","Decomp/Analysis/coverage/opcode_coverage_inventory.csv","Promote to Mapped only after native registration and payload functions are copied into this row from focused evidence.","2026-06-11"
"TRACE-OPCSERVERSERVERITEMSTACKCOUNTUPDATE017F","OPC-SERVER-SERVERITEMSTACKCOUNTUPDATE-017F","WildStar64.exe","","ServerItemStackCountUpdate","Server opcode coverage","CoverageModelHandler","Source/NexusForever.Network.World/Message/Model/ServerItemStackCountUpdate.cs","ServerItemStackCountUpdate","Correlated","","Decomp/Analysis/coverage/opcode_coverage_inventory.csv","Promote to Mapped only after native registration and payload functions are copied into this row from focused evidence.","2026-06-11"
"TRACE-OPCSERVERSERVERITEMSWAP0568","OPC-SERVER-SERVERITEMSWAP-0568","WildStar64.exe","","ServerItemSwap","Server opcode coverage","CoverageModelHandler","Source/NexusForever.Network.World/Message/Model/ServerItemSwap.cs","ServerItemSwap","Observed","","Decomp/Analysis/coverage/opcode_coverage_inventory.csv","Native registration and payload evidence have not yet been recorded in coverage; run a focused decompile pass before semantic use.","2026-06-11"
"TRACE-OPCSERVERSERVERITEMSWAPAUX0567","OPC-SERVER-SERVERITEMSWAPAUX-0567","WildStar64.exe","","ServerItemSwapAux","Server opcode coverage","CoverageModelHandler","Source/NexusForever.Network.World/Message/Model/ServerClusterAuxPackets.cs","ServerItemSwapAux","Correlated","","Decomp/Analysis/coverage/opcode_coverage_inventory.csv","Promote to Mapped only after native registration and payload functions are copied into this row from focused evidence.","2026-06-11"
"TRACE-OPCSERVERSERVERITEMUNLOCKUINT32FLAG0183","OPC-SERVER-SERVERITEMUNLOCKUINT32FLAG-0183","WildStar64.exe","","ServerItemUnlockUInt32Flag","Server opcode coverage","CoverageModelHandler","Source/NexusForever.Network.World/Message/Model/ServerClusterAuxPackets.cs","ServerItemUnlockUInt32Flag","Correlated","","Decomp/Analysis/coverage/opcode_coverage_inventory.csv","Promote to Mapped only after native registration and payload functions are copied into this row from focused evidence.","2026-06-11"
"TRACE-OPCSERVERSERVERITEMVISUALUPDATE0933","OPC-SERVER-SERVERITEMVISUALUPDATE-0933","WildStar64.exe","","ServerItemVisualUpdate","Server opcode coverage","CoverageModelHandler","Source/NexusForever.Network.World/Message/Model/ServerItemVisualUpdate.cs","ServerItemVisualUpdate","Observed","","Decomp/Analysis/coverage/opcode_coverage_inventory.csv","Native registration and payload evidence have not yet been recorded in coverage; run a focused decompile pass before semantic use.","2026-06-11"
"TRACE-OPCSERVERSERVERLASOPENINGUINT1800B0","OPC-SERVER-SERVERLASOPENINGUINT18-00B0","WildStar64.exe","","ServerLasOpeningUInt18","Server opcode coverage","CoverageModelHandler","Source/NexusForever.Network.World/Message/Model/Abilities/ServerLasAuxPackets.cs","ServerLasOpeningUInt18","Correlated","","Decomp/Analysis/coverage/opcode_coverage_inventory.csv","Promote to Mapped only after native registration and payload functions are copied into this row from focused evidence.","2026-06-11"
"TRACE-OPCSERVERSERVERLEADERBOARDPVE0579","OPC-SERVER-SERVERLEADERBOARDPVE-0579","WildStar64.exe","","ServerLeaderboardPve","Server opcode coverage","CoverageModelHandler","Source/NexusForever.Network.World/Message/Model/Leaderboard/ServerLeaderboardPve.cs","ServerLeaderboardPve","Observed","","Decomp/Analysis/coverage/opcode_coverage_inventory.csv","Native registration and payload evidence have not yet been recorded in coverage; run a focused decompile pass before semantic use.","2026-06-11"
"TRACE-OPCSERVERSERVERLEADERBOARDPVP057A","OPC-SERVER-SERVERLEADERBOARDPVP-057A","WildStar64.exe","","ServerLeaderboardPvp","Server opcode coverage","CoverageModelHandler","Source/NexusForever.Network.World/Message/Model/Leaderboard/ServerLeaderboardPvp.cs","ServerLeaderboardPvp","Observed","","Decomp/Analysis/coverage/opcode_coverage_inventory.csv","Native registration and payload evidence have not yet been recorded in coverage; run a focused decompile pass before semantic use.","2026-06-11"
"TRACE-OPCSERVERSERVERLOADINGSCREEN083C","OPC-SERVER-SERVERLOADINGSCREEN-083C","WildStar64.exe","","ServerLoadingScreen","Server opcode coverage","CoverageModelHandler","Source/NexusForever.Network.World/Message/Model/ServerLoadingScreen.cs","ServerLoadingScreen","Observed","","Decomp/Analysis/coverage/opcode_coverage_inventory.csv","Native registration and payload evidence have not yet been recorded in coverage; run a focused decompile pass before semantic use.","2026-06-11"
"TRACE-OPCSERVERSERVERLOGOUT0594","OPC-SERVER-SERVERLOGOUT-0594","WildStar64.exe","","ServerLogout","Server opcode coverage","CoverageModelHandler","Source/NexusForever.Network.World/Message/Model/ServerLogout.cs","ServerLogout","Observed","","Decomp/Analysis/coverage/opcode_coverage_inventory.csv","Native registration and payload evidence have not yet been recorded in coverage; run a focused decompile pass before semantic use.","2026-06-11"
"TRACE-OPCSERVERSERVERLOGOUTUPDATE0092","OPC-SERVER-SERVERLOGOUTUPDATE-0092","WildStar64.exe","","ServerLogoutUpdate","Server opcode coverage","CoverageModelHandler","Source/NexusForever.Network.World/Message/Model/ServerLogoutUpdate.cs","ServerLogoutUpdate","Observed","","Decomp/Analysis/coverage/opcode_coverage_inventory.csv","Native registration and payload evidence have not yet been recorded in coverage; run a focused decompile pass before semantic use.","2026-06-11"
"TRACE-OPCSERVERSERVERLOOTAUXEMPTY014D","OPC-SERVER-SERVERLOOTAUXEMPTY-014D","WildStar64.exe","","ServerLootAuxEmpty","Server opcode coverage","CoverageModelHandler","Source/NexusForever.Network.World/Message/Model/ServerClusterAuxPackets.cs","ServerLootAuxEmpty","Correlated","","Decomp/Analysis/coverage/opcode_coverage_inventory.csv","Promote to Mapped only after native registration and payload functions are copied into this row from focused evidence.","2026-06-11"
"TRACE-OPCSERVERSERVERLOOTBINDONPICKUP011C","OPC-SERVER-SERVERLOOTBINDONPICKUP-011C","WildStar64.exe","","ServerLootBindOnPickup","Server opcode coverage","CoverageModelHandler","Source/NexusForever.Network.World/Message/Model/Loot/ServerLootBindOnPickup.cs","ServerLootBindOnPickup","Observed","","Decomp/Analysis/coverage/opcode_coverage_inventory.csv","Native registration and payload evidence have not yet been recorded in coverage; run a focused decompile pass before semantic use.","2026-06-11"
"TRACE-OPCSERVERSERVERLOOTCANLOOT089F","OPC-SERVER-SERVERLOOTCANLOOT-089F","WildStar64.exe","","ServerLootCanLoot","Server opcode coverage","CoverageModelHandler","Source/NexusForever.Network.World/Message/Model/Loot/ServerLootCanLoot.cs","ServerLootCanLoot","Correlated","","Decomp/Analysis/coverage/opcode_coverage_inventory.csv","Promote to Mapped only after native registration and payload functions are copied into this row from focused evidence.","2026-06-11"
"TRACE-OPCSERVERSERVERLOOTGRANT08A5","OPC-SERVER-SERVERLOOTGRANT-08A5","WildStar64.exe","","ServerLootGrant","Server opcode coverage","CoverageModelHandler","Source/NexusForever.Network.World/Message/Model/Loot/ServerLootGrant.cs","ServerLootGrant","Observed","","Decomp/Analysis/coverage/opcode_coverage_inventory.csv","Native registration and payload evidence have not yet been recorded in coverage; run a focused decompile pass before semantic use.","2026-06-11"
"TRACE-OPCSERVERSERVERLOOTITEMUPDATE08A0","OPC-SERVER-SERVERLOOTITEMUPDATE-08A0","WildStar64.exe","","ServerLootItemUpdate","Server opcode coverage","CoverageModelHandler","Source/NexusForever.Network.World/Message/Model/Loot/ServerLootItemUpdate.cs","ServerLootItemUpdate","Observed","","Decomp/Analysis/coverage/opcode_coverage_inventory.csv","Native registration and payload evidence have not yet been recorded in coverage; run a focused decompile pass before semantic use.","2026-06-11"
"TRACE-OPCSERVERSERVERLOOTNOTIFICATION08A6","OPC-SERVER-SERVERLOOTNOTIFICATION-08A6","WildStar64.exe","","ServerLootNotification","Server opcode coverage","CoverageModelHandler","Source/NexusForever.Network.World/Message/Model/Loot/ServerLootNotification.cs","ServerLootNotification","Observed","","Decomp/Analysis/coverage/opcode_coverage_inventory.csv","Native registration and payload evidence have not yet been recorded in coverage; run a focused decompile pass before semantic use.","2026-06-11"
"TRACE-OPCSERVERSERVERLOOTNOTIFY07F2","OPC-SERVER-SERVERLOOTNOTIFY-07F2","WildStar64.exe","","ServerLootNotify","Server opcode coverage","CoverageModelHandler","Source/NexusForever.Network.World/Message/Model/Loot/ServerLootNotify.cs","ServerLootNotify","Observed","","Decomp/Analysis/coverage/opcode_coverage_inventory.csv","Native registration and payload evidence have not yet been recorded in coverage; run a focused decompile pass before semantic use.","2026-06-11"
"TRACE-OPCSERVERSERVERLOOTREMOVE08A1","OPC-SERVER-SERVERLOOTREMOVE-08A1","WildStar64.exe","","ServerLootRemove","Server opcode coverage","CoverageModelHandler","Source/NexusForever.Network.World/Message/Model/Loot/ServerLootRemove.cs","ServerLootRemove","Observed","","Decomp/Analysis/coverage/opcode_coverage_inventory.csv","Native registration and payload evidence have not yet been recorded in coverage; run a focused decompile pass before semantic use.","2026-06-11"
"TRACE-OPCSERVERSERVERLOOTROLL08A2","OPC-SERVER-SERVERLOOTROLL-08A2","WildStar64.exe","","ServerLootRoll","Server opcode coverage","CoverageModelHandler","Source/NexusForever.Network.World/Message/Model/Loot/ServerLootRoll.cs","ServerLootRoll","Observed","","Decomp/Analysis/coverage/opcode_coverage_inventory.csv","Native registration and payload evidence have not yet been recorded in coverage; run a focused decompile pass before semantic use.","2026-06-11"
"TRACE-OPCSERVERSERVERLOOTWINNER08A3","OPC-SERVER-SERVERLOOTWINNER-08A3","WildStar64.exe","","ServerLootWinner","Server opcode coverage","CoverageModelHandler","Source/NexusForever.Network.World/Message/Model/Loot/ServerLootWinner.cs","ServerLootWinner","Observed","","Decomp/Analysis/coverage/opcode_coverage_inventory.csv","Native registration and payload evidence have not yet been recorded in coverage; run a focused decompile pass before semantic use.","2026-06-11"
"TRACE-OPCSERVERSERVERMAILAVAILABLE05A3","OPC-SERVER-SERVERMAILAVAILABLE-05A3","WildStar64.exe","","ServerMailAvailable","Server opcode coverage","CoverageModelHandler","Source/NexusForever.Network.World/Message/Model/Mail/ServerMailAvailable.cs","ServerMailAvailable","Observed","","Decomp/Analysis/coverage/opcode_coverage_inventory.csv","Native registration and payload evidence have not yet been recorded in coverage; run a focused decompile pass before semantic use.","2026-06-11"
"TRACE-OPCSERVERSERVERMAILITEMDEPRECATION0566","OPC-SERVER-SERVERMAILITEMDEPRECATION-0566","WildStar64.exe","","ServerMailItemDeprecation","Server opcode coverage","CoverageModelHandler","Source/NexusForever.Network.World/Message/Model/Mail/ServerMailItemDeprecation.cs","ServerMailItemDeprecation","Observed","","Decomp/Analysis/coverage/opcode_coverage_inventory.csv","Native registration and payload evidence have not yet been recorded in coverage; run a focused decompile pass before semantic use.","2026-06-11"
"TRACE-OPCSERVERSERVERMAILRESULT05A2","OPC-SERVER-SERVERMAILRESULT-05A2","WildStar64.exe","","ServerMailResult","Server opcode coverage","CoverageModelHandler","Source/NexusForever.Network.World/Message/Model/Mail/ServerMailResult.cs","ServerMailResult","Observed","","Decomp/Analysis/coverage/opcode_coverage_inventory.csv","Native registration and payload evidence have not yet been recorded in coverage; run a focused decompile pass before semantic use.","2026-06-11"
"TRACE-OPCSERVERSERVERMAILTAKEATTACHMENT05A8","OPC-SERVER-SERVERMAILTAKEATTACHMENT-05A8","WildStar64.exe","","ServerMailTakeAttachment","Server opcode coverage","CoverageModelHandler","Source/NexusForever.Network.World/Message/Model/Mail/ServerMailTakeAttachment.cs","ServerMailTakeAttachment","Observed","","Decomp/Analysis/coverage/opcode_coverage_inventory.csv","Native registration and payload evidence have not yet been recorded in coverage; run a focused decompile pass before semantic use.","2026-06-11"
"TRACE-OPCSERVERSERVERMAILUNAVAILABLE05A7","OPC-SERVER-SERVERMAILUNAVAILABLE-05A7","WildStar64.exe","","ServerMailUnavailable","Server opcode coverage","CoverageModelHandler","Source/NexusForever.Network.World/Message/Model/Mail/ServerMailUnavailable.cs","ServerMailUnavailable","Observed","","Decomp/Analysis/coverage/opcode_coverage_inventory.csv","Native registration and payload evidence have not yet been recorded in coverage; run a focused decompile pass before semantic use.","2026-06-11"
"TRACE-OPCSERVERSERVERMAPTRACKEDUNITDISABLE0848","OPC-SERVER-SERVERMAPTRACKEDUNITDISABLE-0848","WildStar64.exe","","ServerMapTrackedUnitDisable","Server opcode coverage","CoverageModelHandler","Source/NexusForever.Network.World/Message/Model/PublicEvent/ServerMapTrackedUnitDisable.cs","ServerMapTrackedUnitDisable","Observed","","Decomp/Analysis/coverage/opcode_coverage_inventory.csv","Native registration and payload evidence have not yet been recorded in coverage; run a focused decompile pass before semantic use.","2026-06-11"
"TRACE-OPCSERVERSERVERMAPTRACKEDUNITUPDATE0849","OPC-SERVER-SERVERMAPTRACKEDUNITUPDATE-0849","WildStar64.exe","","ServerMapTrackedUnitUpdate","Server opcode coverage","CoverageModelHandler","Source/NexusForever.Network.World/Message/Model/PublicEvent/ServerMapTrackedUnitUpdate.cs","ServerMapTrackedUnitUpdate","Observed","","Decomp/Analysis/coverage/opcode_coverage_inventory.csv","Native registration and payload evidence have not yet been recorded in coverage; run a focused decompile pass before semantic use.","2026-06-11"
"TRACE-OPCSERVERSERVERMAPUPDATEHEXGROUP0965","OPC-SERVER-SERVERMAPUPDATEHEXGROUP-0965","WildStar64.exe","","ServerMapUpdateHexGroup","Server opcode coverage","CoverageModelHandler","Source/NexusForever.Network.World/Message/Model/Map/ServerMapUpdateHexGroup.cs","ServerMapUpdateHexGroup","Observed","","Decomp/Analysis/coverage/opcode_coverage_inventory.csv","Native registration and payload evidence have not yet been recorded in coverage; run a focused decompile pass before semantic use.","2026-06-11"
"TRACE-OPCSERVERSERVERMARKETPLACESTATUS0640","OPC-SERVER-SERVERMARKETPLACESTATUS-0640","WildStar64.exe","","ServerMarketplaceStatus","Server opcode coverage","CoverageModelHandler","Source/NexusForever.Network.World/Message/Model/Marketplace/ServerMarketplaceStatus.cs","ServerMarketplaceStatus","Observed","","Decomp/Analysis/coverage/opcode_coverage_inventory.csv","Native registration and payload evidence have not yet been recorded in coverage; run a focused decompile pass before semantic use.","2026-06-11"
"TRACE-OPCSERVERSERVERMATCHING0X05CF05CF","OPC-SERVER-SERVERMATCHING0X05CF-05CF","WildStar64.exe","","ServerMatching0x05CF","Server opcode coverage","CoverageModelHandler","Source/NexusForever.Network.World/Message/Model/ServerMatching0x05CF.cs","ServerMatching0x05CF","Correlated","","Decomp/Analysis/coverage/opcode_coverage_inventory.csv","Promote to Mapped only after native registration and payload functions are copied into this row from focused evidence.","2026-06-11"
"TRACE-OPCSERVERSERVERMATCHINGAVERAGEWAITTIMEUPDATE0628","OPC-SERVER-SERVERMATCHINGAVERAGEWAITTIMEUPDATE-0628","WildStar64.exe","","ServerMatchingAverageWaitTimeUpdate","Server opcode coverage","CoverageModelHandler","Source/NexusForever.Network.World/Message/Model/ServerMatchingAverageWaitTimeUpdate.cs","ServerMatchingAverageWaitTimeUpdate","Correlated","","Decomp/Analysis/coverage/opcode_coverage_inventory.csv","Promote to Mapped only after native registration and payload functions are copied into this row from focused evidence.","2026-06-11"
"TRACE-OPCSERVERSERVERMATCHINGELIGIBILITYCHANGED05B8","OPC-SERVER-SERVERMATCHINGELIGIBILITYCHANGED-05B8","WildStar64.exe","","ServerMatchingEligibilityChanged","Server opcode coverage","CoverageModelHandler","Source/NexusForever.Network.World/Message/Model/ServerMatchingEligibilityChanged.cs","ServerMatchingEligibilityChanged","Correlated","","Decomp/Analysis/coverage/opcode_coverage_inventory.csv","Promote to Mapped only after native registration and payload functions are copied into this row from focused evidence.","2026-06-11"
"TRACE-OPCSERVERSERVERMATCHINGGROUPISQUEUED05F2","OPC-SERVER-SERVERMATCHINGGROUPISQUEUED-05F2","WildStar64.exe","","ServerMatchingGroupIsQueued","Server opcode coverage","CoverageModelHandler","Source/NexusForever.Network.World/Message/Model/ServerMatchingGroupIsQueued.cs","ServerMatchingGroupIsQueued","Correlated","","Decomp/Analysis/coverage/opcode_coverage_inventory.csv","Promote to Mapped only after native registration and payload functions are copied into this row from focused evidence.","2026-06-11"
"TRACE-OPCSERVERSERVERMATCHINGGROUPMEMBERROLESELECTION0600","OPC-SERVER-SERVERMATCHINGGROUPMEMBERROLESELECTION-0600","WildStar64.exe","","ServerMatchingGroupMemberRoleSelection","Server opcode coverage","CoverageModelHandler","Source/NexusForever.Network.World/Message/Model/ServerMatchingGroupMemberRoleSelection.cs","ServerMatchingGroupMemberRoleSelection","Correlated","","Decomp/Analysis/coverage/opcode_coverage_inventory.csv","Promote to Mapped only after native registration and payload functions are copied into this row from focused evidence.","2026-06-11"
"TRACE-OPCSERVERSERVERMATCHINGLEFTQUEUE0604","OPC-SERVER-SERVERMATCHINGLEFTQUEUE-0604","WildStar64.exe","","ServerMatchingLeftQueue","Server opcode coverage","CoverageModelHandler","Source/NexusForever.Network.World/Message/Model/ServerMatchingLeftQueue.cs","ServerMatchingLeftQueue","Correlated","","Decomp/Analysis/coverage/opcode_coverage_inventory.csv","Promote to Mapped only after native registration and payload functions are copied into this row from focused evidence.","2026-06-11"
"TRACE-OPCSERVERSERVERMATCHINGLISTPLAYERSQUEUEDFORMAP060A","OPC-SERVER-SERVERMATCHINGLISTPLAYERSQUEUEDFORMAP-060A","WildStar64.exe","","ServerMatchingListPlayersQueuedForMap","Server opcode coverage","CoverageModelHandler","Source/NexusForever.Network.World/Message/Model/ServerMatchingListPlayersQueuedForMap.cs","ServerMatchingListPlayersQueuedForMap","Correlated","","Decomp/Analysis/coverage/opcode_coverage_inventory.csv","Promote to Mapped only after native registration and payload functions are copied into this row from focused evidence.","2026-06-11"
"TRACE-OPCSERVERSERVERMATCHINGMANAGERFLAG05B0","OPC-SERVER-SERVERMATCHINGMANAGERFLAG-05B0","WildStar64.exe","","ServerMatchingManagerFlag","Server opcode coverage","CoverageModelHandler","Source/NexusForever.Network.World/Message/Model/ServerMatchingManagerFlag.cs","ServerMatchingManagerFlag","Correlated","","Decomp/Analysis/coverage/opcode_coverage_inventory.csv","Promote to Mapped only after native registration and payload functions are copied into this row from focused evidence.","2026-06-11"
"TRACE-OPCSERVERSERVERMATCHINGMATCHENTERED05BF","OPC-SERVER-SERVERMATCHINGMATCHENTERED-05BF","WildStar64.exe","","ServerMatchingMatchEntered","Server opcode coverage","CoverageModelHandler","Source/NexusForever.Network.World/Message/Model/ServerMatchingMatchEntered.cs","ServerMatchingMatchEntered","Correlated","","Decomp/Analysis/coverage/opcode_coverage_inventory.csv","Promote to Mapped only after native registration and payload functions are copied into this row from focused evidence.","2026-06-11"
"TRACE-OPCSERVERSERVERMATCHINGMATCHEXITED05C0","OPC-SERVER-SERVERMATCHINGMATCHEXITED-05C0","WildStar64.exe","","ServerMatchingMatchExited","Server opcode coverage","CoverageModelHandler","Source/NexusForever.Network.World/Message/Model/ServerMatchingMatchExited.cs","ServerMatchingMatchExited","Correlated","","Decomp/Analysis/coverage/opcode_coverage_inventory.csv","Promote to Mapped only after native registration and payload functions are copied into this row from focused evidence.","2026-06-11"
"TRACE-OPCSERVERSERVERMATCHINGMATCHFINISHED05BE","OPC-SERVER-SERVERMATCHINGMATCHFINISHED-05BE","WildStar64.exe","","ServerMatchingMatchFinished","Server opcode coverage","CoverageModelHandler","Source/NexusForever.Network.World/Message/Model/ServerMatchingMatchFinished.cs","ServerMatchingMatchFinished","Correlated","","Decomp/Analysis/coverage/opcode_coverage_inventory.csv","Promote to Mapped only after native registration and payload functions are copied into this row from focused evidence.","2026-06-11"
"TRACE-OPCSERVERSERVERMATCHINGMATCHINPROGRESSREADY05C4","OPC-SERVER-SERVERMATCHINGMATCHINPROGRESSREADY-05C4","WildStar64.exe","","ServerMatchingMatchInProgressReady","Server opcode coverage","CoverageModelHandler","Source/NexusForever.Network.World/Message/Model/ServerMatchingMatchInProgressReady.cs","ServerMatchingMatchInProgressReady","Correlated","","Decomp/Analysis/coverage/opcode_coverage_inventory.csv","Promote to Mapped only after native registration and payload functions are copied into this row from focused evidence.","2026-06-11"
"TRACE-OPCSERVERSERVERMATCHINGMATCHJOINED05C6","OPC-SERVER-SERVERMATCHINGMATCHJOINED-05C6","WildStar64.exe","","ServerMatchingMatchJoined","Server opcode coverage","CoverageModelHandler","Source/NexusForever.Network.World/Message/Model/ServerMatchingMatchJoined.cs","ServerMatchingMatchJoined","Correlated","","Decomp/Analysis/coverage/opcode_coverage_inventory.csv","Promote to Mapped only after native registration and payload functions are copied into this row from focused evidence.","2026-06-11"
"TRACE-OPCSERVERSERVERMATCHINGMATCHKICKCOOLDOWNUPDATE0616","OPC-SERVER-SERVERMATCHINGMATCHKICKCOOLDOWNUPDATE-0616","WildStar64.exe","","ServerMatchingMatchKickCooldownUpdate","Server opcode coverage","CoverageModelHandler","Source/NexusForever.Network.World/Message/Model/ServerMatchingMatchKickCooldownUpdate.cs","ServerMatchingMatchKickCooldownUpdate","Correlated","","Decomp/Analysis/coverage/opcode_coverage_inventory.csv","Promote to Mapped only after native registration and payload functions are copied into this row from focused evidence.","2026-06-11"
"TRACE-OPCSERVERSERVERMATCHINGMATCHLEFT05DC","OPC-SERVER-SERVERMATCHINGMATCHLEFT-05DC","WildStar64.exe","","ServerMatchingMatchLeft","Server opcode coverage","CoverageModelHandler","Source/NexusForever.Network.World/Message/Model/ServerMatchingMatchLeft.cs","ServerMatchingMatchLeft","Correlated","","Decomp/Analysis/coverage/opcode_coverage_inventory.csv","Promote to Mapped only after native registration and payload functions are copied into this row from focused evidence.","2026-06-11"
"TRACE-OPCSERVERSERVERMATCHINGMATCHOPERATIONRESULT0623","OPC-SERVER-SERVERMATCHINGMATCHOPERATIONRESULT-0623","WildStar64.exe","","ServerMatchingMatchOperationResult","Server opcode coverage","CoverageModelHandler","Source/NexusForever.Network.World/Message/Model/ServerMatchingMatchOperationResult.cs","ServerMatchingMatchOperationResult","Correlated","","Decomp/Analysis/coverage/opcode_coverage_inventory.csv","Promote to Mapped only after native registration and payload functions are copied into this row from focused evidence.","2026-06-11"
"TRACE-OPCSERVERSERVERMATCHINGMATCHPARTICIPANTCOUNTUPDATE05CC","OPC-SERVER-SERVERMATCHINGMATCHPARTICIPANTCOUNTUPDATE-05CC","WildStar64.exe","","ServerMatchingMatchParticipantCountUpdate","Server opcode coverage","CoverageModelHandler","Source/NexusForever.Network.World/Message/Model/ServerMatchingMatchParticipantCountUpdate.cs","ServerMatchingMatchParticipantCountUpdate","Correlated","","Decomp/Analysis/coverage/opcode_coverage_inventory.csv","Promote to Mapped only after native registration and payload functions are copied into this row from focused evidence.","2026-06-11"
"TRACE-OPCSERVERSERVERMATCHINGMATCHPVPFINISHED05E9","OPC-SERVER-SERVERMATCHINGMATCHPVPFINISHED-05E9","WildStar64.exe","","ServerMatchingMatchPvpFinished","Server opcode coverage","CoverageModelHandler","Source/NexusForever.Network.World/Message/Model/ServerMatchingMatchPvpFinished.cs","ServerMatchingMatchPvpFinished","Correlated","","Decomp/Analysis/coverage/opcode_coverage_inventory.csv","Promote to Mapped only after native registration and payload functions are copied into this row from focused evidence.","2026-06-11"
"TRACE-OPCSERVERSERVERMATCHINGMATCHPVPPOOLUPDATED05E5","OPC-SERVER-SERVERMATCHINGMATCHPVPPOOLUPDATED-05E5","WildStar64.exe","","ServerMatchingMatchPvpPoolUpdated","Server opcode coverage","CoverageModelHandler","Source/NexusForever.Network.World/Message/Model/ServerMatchingMatchPvpPoolUpdated.cs","ServerMatchingMatchPvpPoolUpdated","Correlated","","Decomp/Analysis/coverage/opcode_coverage_inventory.csv","Promote to Mapped only after native registration and payload functions are copied into this row from focused evidence.","2026-06-11"
"TRACE-OPCSERVERSERVERMATCHINGMATCHPVPSTATEINITIAL05E8","OPC-SERVER-SERVERMATCHINGMATCHPVPSTATEINITIAL-05E8","WildStar64.exe","","ServerMatchingMatchPvpStateInitial","Server opcode coverage","CoverageModelHandler","Source/NexusForever.Network.World/Message/Model/ServerMatchingMatchPvpStateInitial.cs","ServerMatchingMatchPvpStateInitial","Correlated","","Decomp/Analysis/coverage/opcode_coverage_inventory.csv","Promote to Mapped only after native registration and payload functions are copied into this row from focused evidence.","2026-06-11"
"TRACE-OPCSERVERSERVERMATCHINGMATCHPVPSTATEUPDATED05EA","OPC-SERVER-SERVERMATCHINGMATCHPVPSTATEUPDATED-05EA","WildStar64.exe","","ServerMatchingMatchPvpStateUpdated","Server opcode coverage","CoverageModelHandler","Source/NexusForever.Network.World/Message/Model/ServerMatchingMatchPvpStateUpdated.cs","ServerMatchingMatchPvpStateUpdated","Correlated","","Decomp/Analysis/coverage/opcode_coverage_inventory.csv","Promote to Mapped only after native registration and payload functions are copied into this row from focused evidence.","2026-06-11"
"TRACE-OPCSERVERSERVERMATCHINGMATCHREADY05CA","OPC-SERVER-SERVERMATCHINGMATCHREADY-05CA","WildStar64.exe","","ServerMatchingMatchReady","Server opcode coverage","CoverageModelHandler","Source/NexusForever.Network.World/Message/Model/ServerMatchingMatchReady.cs","ServerMatchingMatchReady","Correlated","","Decomp/Analysis/coverage/opcode_coverage_inventory.csv","Promote to Mapped only after native registration and payload functions are copied into this row from focused evidence.","2026-06-11"
"TRACE-OPCSERVERSERVERMATCHINGMATCHREADYCANCEL05BC","OPC-SERVER-SERVERMATCHINGMATCHREADYCANCEL-05BC","WildStar64.exe","","ServerMatchingMatchReadyCancel","Server opcode coverage","CoverageModelHandler","Source/NexusForever.Network.World/Message/Model/ServerMatchingMatchReadyCancel.cs","ServerMatchingMatchReadyCancel","Correlated","","Decomp/Analysis/coverage/opcode_coverage_inventory.csv","Promote to Mapped only after native registration and payload functions are copied into this row from focused evidence.","2026-06-11"
"TRACE-OPCSERVERSERVERMATCHINGMATCHVOTEKICKBEGIN0614","OPC-SERVER-SERVERMATCHINGMATCHVOTEKICKBEGIN-0614","WildStar64.exe","","ServerMatchingMatchVoteKickBegin","Server opcode coverage","CoverageModelHandler","Source/NexusForever.Network.World/Message/Model/ServerMatchingMatchVoteKickBegin.cs","ServerMatchingMatchVoteKickBegin","Correlated","","Decomp/Analysis/coverage/opcode_coverage_inventory.csv","Promote to Mapped only after native registration and payload functions are copied into this row from focused evidence.","2026-06-11"
"TRACE-OPCSERVERSERVERMATCHINGMATCHVOTEKICKCANCELLED060D","OPC-SERVER-SERVERMATCHINGMATCHVOTEKICKCANCELLED-060D","WildStar64.exe","","ServerMatchingMatchVoteKickCancelled","Server opcode coverage","CoverageModelHandler","Source/NexusForever.Network.World/Message/Model/ServerMatchingMatchVoteKickCancelled.cs","ServerMatchingMatchVoteKickCancelled","Correlated","","Decomp/Analysis/coverage/opcode_coverage_inventory.csv","Promote to Mapped only after native registration and payload functions are copied into this row from focused evidence.","2026-06-11"
"TRACE-OPCSERVERSERVERMATCHINGMATCHVOTEKICKFAILED0612","OPC-SERVER-SERVERMATCHINGMATCHVOTEKICKFAILED-0612","WildStar64.exe","","ServerMatchingMatchVoteKickFailed","Server opcode coverage","CoverageModelHandler","Source/NexusForever.Network.World/Message/Model/ServerMatchingMatchVoteKickFailed.cs","ServerMatchingMatchVoteKickFailed","Correlated","","Decomp/Analysis/coverage/opcode_coverage_inventory.csv","Promote to Mapped only after native registration and payload functions are copied into this row from focused evidence.","2026-06-11"
"TRACE-OPCSERVERSERVERMATCHINGMATCHVOTEKICKSUCCEEDED061A","OPC-SERVER-SERVERMATCHINGMATCHVOTEKICKSUCCEEDED-061A","WildStar64.exe","","ServerMatchingMatchVoteKickSucceeded","Server opcode coverage","CoverageModelHandler","Source/NexusForever.Network.World/Message/Model/ServerMatchingMatchVoteKickSucceeded.cs","ServerMatchingMatchVoteKickSucceeded","Correlated","","Decomp/Analysis/coverage/opcode_coverage_inventory.csv","Promote to Mapped only after native registration and payload functions are copied into this row from focused evidence.","2026-06-11"
"TRACE-OPCSERVERSERVERMATCHINGMATCHVOTESURRENDERBEGIN0621","OPC-SERVER-SERVERMATCHINGMATCHVOTESURRENDERBEGIN-0621","WildStar64.exe","","ServerMatchingMatchVoteSurrenderBegin","Server opcode coverage","CoverageModelHandler","Source/NexusForever.Network.World/Message/Model/ServerMatchingVoteSurrenderBegin.cs","ServerMatchingMatchVoteSurrenderBegin","Correlated","","Decomp/Analysis/coverage/opcode_coverage_inventory.csv","Promote to Mapped only after native registration and payload functions are copied into this row from focused evidence.","2026-06-11"
"TRACE-OPCSERVERSERVERMATCHINGMATCHVOTESURRENDERFAILED061F","OPC-SERVER-SERVERMATCHINGMATCHVOTESURRENDERFAILED-061F","WildStar64.exe","","ServerMatchingMatchVoteSurrenderFailed","Server opcode coverage","CoverageModelHandler","Source/NexusForever.Network.World/Message/Model/ServerMatchingMatchVoteSurrenderFailed.cs","ServerMatchingMatchVoteSurrenderFailed","Correlated","","Decomp/Analysis/coverage/opcode_coverage_inventory.csv","Promote to Mapped only after native registration and payload functions are copied into this row from focused evidence.","2026-06-11"
"TRACE-OPCSERVERSERVERMATCHINGPENALTYUPDATED05D9","OPC-SERVER-SERVERMATCHINGPENALTYUPDATED-05D9","WildStar64.exe","","ServerMatchingPenaltyUpdated","Server opcode coverage","CoverageModelHandler","Source/NexusForever.Network.World/Message/Model/ServerMatchingPenaltyUpdated.cs","ServerMatchingPenaltyUpdated","Correlated","","Decomp/Analysis/coverage/opcode_coverage_inventory.csv","Promote to Mapped only after native registration and payload functions are copied into this row from focused evidence.","2026-06-11"
"TRACE-OPCSERVERSERVERMATCHINGPVPINACTIVITYALERT05E6","OPC-SERVER-SERVERMATCHINGPVPINACTIVITYALERT-05E6","WildStar64.exe","","ServerMatchingPvpInactivityAlert","Server opcode coverage","CoverageModelHandler","Source/NexusForever.Network.World/Message/Model/ServerMatchingPvpInactivityAlert.cs","ServerMatchingPvpInactivityAlert","Correlated","","Decomp/Analysis/coverage/opcode_coverage_inventory.csv","Promote to Mapped only after native registration and payload functions are copied into this row from focused evidence.","2026-06-11"
"TRACE-OPCSERVERSERVERMATCHINGPVPKILLNOTIFICATION05E7","OPC-SERVER-SERVERMATCHINGPVPKILLNOTIFICATION-05E7","WildStar64.exe","","ServerMatchingPvpKillNotification","Server opcode coverage","CoverageModelHandler","Source/NexusForever.Network.World/Message/Model/ServerMatchingPvpKillNotification.cs","ServerMatchingPvpKillNotification","Correlated","","Decomp/Analysis/coverage/opcode_coverage_inventory.csv","Promote to Mapped only after native registration and payload functions are copied into this row from focused evidence.","2026-06-11"
"TRACE-OPCSERVERSERVERMATCHINGPVPRATINGUPDATED05ED","OPC-SERVER-SERVERMATCHINGPVPRATINGUPDATED-05ED","WildStar64.exe","","ServerMatchingPvpRatingUpdated","Server opcode coverage","CoverageModelHandler","Source/NexusForever.Network.World/Message/Model/ServerMatchingPvpRatingUpdated.cs","ServerMatchingPvpRatingUpdated","Correlated","","Decomp/Analysis/coverage/opcode_coverage_inventory.csv","Promote to Mapped only after native registration and payload functions are copied into this row from focused evidence.","2026-06-11"
"TRACE-OPCSERVERSERVERMATCHINGPVPTEAMINFOUPDATE05EE","OPC-SERVER-SERVERMATCHINGPVPTEAMINFOUPDATE-05EE","WildStar64.exe","","ServerMatchingPvpTeamInfoUpdate","Server opcode coverage","CoverageModelHandler","Source/NexusForever.Network.World/Message/Model/ServerMatchingPvpTeamInfoUpdate.cs","ServerMatchingPvpTeamInfoUpdate","Correlated","","Decomp/Analysis/coverage/opcode_coverage_inventory.csv","Promote to Mapped only after native registration and payload functions are copied into this row from focused evidence.","2026-06-11"
"TRACE-OPCSERVERSERVERMATCHINGQUEUEJOIN05DF","OPC-SERVER-SERVERMATCHINGQUEUEJOIN-05DF","WildStar64.exe","","ServerMatchingQueueJoin","Server opcode coverage","CoverageModelHandler","Source/NexusForever.Network.World/Message/Model/ServerMatchingQueueJoin.cs","ServerMatchingQueueJoin","Correlated","","Decomp/Analysis/coverage/opcode_coverage_inventory.csv","Promote to Mapped only after native registration and payload functions are copied into this row from focused evidence.","2026-06-11"
"TRACE-OPCSERVERSERVERMATCHINGQUEUERESULTANNOUNCE05E1","OPC-SERVER-SERVERMATCHINGQUEUERESULTANNOUNCE-05E1","WildStar64.exe","","ServerMatchingQueueResultAnnounce","Server opcode coverage","CoverageModelHandler","Source/NexusForever.Network.World/Message/Model/ServerMatchingQueueResultAnnounce.cs","ServerMatchingQueueResultAnnounce","Correlated","","Decomp/Analysis/coverage/opcode_coverage_inventory.csv","Promote to Mapped only after native registration and payload functions are copied into this row from focused evidence.","2026-06-11"
"TRACE-OPCSERVERSERVERMATCHINGQUEUESTATUS05E3","OPC-SERVER-SERVERMATCHINGQUEUESTATUS-05E3","WildStar64.exe","","ServerMatchingQueueStatus","Server opcode coverage","CoverageModelHandler","Source/NexusForever.Network.World/Message/Model/ServerMatchingStatus.cs","ServerMatchingQueueStatus","Correlated","","Decomp/Analysis/coverage/opcode_coverage_inventory.csv","Promote to Mapped only after native registration and payload functions are copied into this row from focused evidence.","2026-06-11"
"TRACE-OPCSERVERSERVERMATCHINGROLECHECKSTARTED05F1","OPC-SERVER-SERVERMATCHINGROLECHECKSTARTED-05F1","WildStar64.exe","","ServerMatchingRoleCheckStarted","Server opcode coverage","CoverageModelHandler","Source/NexusForever.Network.World/Message/Model/ServerMatchingRoleCheckStarted.cs","ServerMatchingRoleCheckStarted","Correlated","","Decomp/Analysis/coverage/opcode_coverage_inventory.csv","Promote to Mapped only after native registration and payload functions are copied into this row from focused evidence.","2026-06-11"
"TRACE-OPCSERVERSERVERMAXCHARACTERLEVELACHIEVED0036","OPC-SERVER-SERVERMAXCHARACTERLEVELACHIEVED-0036","WildStar64.exe","","ServerMaxCharacterLevelAchieved","Server opcode coverage","CoverageModelHandler","Source/NexusForever.Network.World/Message/Model/Pregame/ServerMaxCharacterLevelAchieved.cs","ServerMaxCharacterLevelAchieved","Observed","","Decomp/Analysis/coverage/opcode_coverage_inventory.csv","Native registration and payload evidence have not yet been recorded in coverage; run a focused decompile pass before semantic use.","2026-06-11"
"TRACE-OPCSERVERSERVERMOVEMENTCONTROL0636","OPC-SERVER-SERVERMOVEMENTCONTROL-0636","WildStar64.exe","","ServerMovementControl","Server opcode coverage","CoverageModelHandler","Source/NexusForever.Network.World/Message/Model/ServerMovementControl.cs","ServerMovementControl","Correlated","","Decomp/Analysis/coverage/opcode_coverage_inventory.csv","Promote to Mapped only after native registration and payload functions are copied into this row from focused evidence.","2026-06-11"
"TRACE-OPCSERVERSERVERMOVEMENTCONTROLREMOVE0639","OPC-SERVER-SERVERMOVEMENTCONTROLREMOVE-0639","WildStar64.exe","","ServerMovementControlRemove","Server opcode coverage","CoverageModelHandler","Source/NexusForever.Network.World/Message/Model/ServerMovementControlRemove.cs","ServerMovementControlRemove","Correlated","","Decomp/Analysis/coverage/opcode_coverage_inventory.csv","Promote to Mapped only after native registration and payload functions are copied into this row from focused evidence.","2026-06-11"
"TRACE-OPCSERVERSERVERNEWREALM07A1","OPC-SERVER-SERVERNEWREALM-07A1","WildStar64.exe","","ServerNewRealm","Server opcode coverage","CoverageModelHandler","Source/NexusForever.Network.World/Message/Model/Pregame/ServerNewRealm.cs","ServerNewRealm","Observed","","Decomp/Analysis/coverage/opcode_coverage_inventory.csv","Native registration and payload evidence have not yet been recorded in coverage; run a focused decompile pass before semantic use.","2026-06-11"
"TRACE-OPCSERVERSERVEROWNEDCOMMODITYORDERS064C","OPC-SERVER-SERVEROWNEDCOMMODITYORDERS-064C","WildStar64.exe","","ServerOwnedCommodityOrders","Server opcode coverage","CoverageModelHandler","Source/NexusForever.Network.World/Message/Model/Marketplace/ServerOwnedCommodityOrders.cs","ServerOwnedCommodityOrders","Observed","","Decomp/Analysis/coverage/opcode_coverage_inventory.csv","Native registration and payload evidence have not yet been recorded in coverage; run a focused decompile pass before semantic use.","2026-06-11"
"TRACE-OPCSERVERSERVEROWNEDITEMAUCTIONS064D","OPC-SERVER-SERVEROWNEDITEMAUCTIONS-064D","WildStar64.exe","","ServerOwnedItemAuctions","Server opcode coverage","CoverageModelHandler","Source/NexusForever.Network.World/Message/Model/Marketplace/ServerOwnedItemAuctions.cs","ServerOwnedItemAuctions","Observed","","Decomp/Analysis/coverage/opcode_coverage_inventory.csv","Native registration and payload evidence have not yet been recorded in coverage; run a focused decompile pass before semantic use.","2026-06-11"
"TRACE-OPCSERVERSERVERP2PTRADEINVITE0193","OPC-SERVER-SERVERP2PTRADEINVITE-0193","WildStar64.exe","","ServerP2PTradeInvite","Server opcode coverage","CoverageModelHandler","Source/NexusForever.Network.World/Message/Model/ServerP2PTradeInvite.cs","ServerP2PTradeInvite","Observed","","Decomp/Analysis/coverage/opcode_coverage_inventory.csv","Native registration and payload evidence have not yet been recorded in coverage; run a focused decompile pass before semantic use.","2026-06-11"
"TRACE-OPCSERVERSERVERP2PTRADEITEMREMOVED0195","OPC-SERVER-SERVERP2PTRADEITEMREMOVED-0195","WildStar64.exe","","ServerP2PTradeItemRemoved","Server opcode coverage","CoverageModelHandler","Source/NexusForever.Network.World/Message/Model/ServerP2PTradeItemRemoved.cs","ServerPTPTradeItemRemoved","Observed","","Decomp/Analysis/coverage/opcode_coverage_inventory.csv","Native registration and payload evidence have not yet been recorded in coverage; run a focused decompile pass before semantic use.","2026-06-11"
"TRACE-OPCSERVERSERVERP2PTRADERESULT0196","OPC-SERVER-SERVERP2PTRADERESULT-0196","WildStar64.exe","","ServerP2PTradeResult","Server opcode coverage","CoverageModelHandler","Source/NexusForever.Network.World/Message/Model/ServerP2PTradeResult.cs","ServerP2PTradeResult","Observed","","Decomp/Analysis/coverage/opcode_coverage_inventory.csv","Native registration and payload evidence have not yet been recorded in coverage; run a focused decompile pass before semantic use.","2026-06-11"
"TRACE-OPCSERVERSERVERP2PTRADEUPDATEITEM018E","OPC-SERVER-SERVERP2PTRADEUPDATEITEM-018E","WildStar64.exe","","ServerP2PTradeUpdateItem","Server opcode coverage","CoverageModelHandler","Source/NexusForever.Network.World/Message/Model/ServerP2PTradeUpdateItem.cs","ServerP2PTradeUpdateItem","Observed","","Decomp/Analysis/coverage/opcode_coverage_inventory.csv","Native registration and payload evidence have not yet been recorded in coverage; run a focused decompile pass before semantic use.","2026-06-11"
"TRACE-OPCSERVERSERVERP2PTRADEUPDATEMONEY0198","OPC-SERVER-SERVERP2PTRADEUPDATEMONEY-0198","WildStar64.exe","","ServerP2PTradeUpdateMoney","Server opcode coverage","CoverageModelHandler","Source/NexusForever.Network.World/Message/Model/ServerP2PTradeUpdateMoney.cs","ServerP2PTradeUpdateMoney","Observed","","Decomp/Analysis/coverage/opcode_coverage_inventory.csv","Native registration and payload evidence have not yet been recorded in coverage; run a focused decompile pass before semantic use.","2026-06-11"
"TRACE-OPCSERVERSERVERPATHCHANGERESULT06B3","OPC-SERVER-SERVERPATHCHANGERESULT-06B3","WildStar64.exe","","ServerPathChangeResult","Server opcode coverage","CoverageModelHandler","Source/NexusForever.Network.World/Message/Model/PlayerPath/ServerPathChangeResult.cs","ServerPathChangeResult","Observed","","Decomp/Analysis/coverage/opcode_coverage_inventory.csv","Native registration and payload evidence have not yet been recorded in coverage; run a focused decompile pass before semantic use.","2026-06-11"
"TRACE-OPCSERVERSERVERPATHEPISODEPROGRESS06B5","OPC-SERVER-SERVERPATHEPISODEPROGRESS-06B5","WildStar64.exe","","ServerPathEpisodeProgress","Server opcode coverage","CoverageModelHandler","Source/NexusForever.Network.World/Message/Model/PlayerPath/ServerPathEpisodeProgress.cs","ServerPathEpisodeProgress","Observed","","Decomp/Analysis/coverage/opcode_coverage_inventory.csv","Native registration and payload evidence have not yet been recorded in coverage; run a focused decompile pass before semantic use.","2026-06-11"
"TRACE-OPCSERVERSERVERPATHEXPLORERPOWERMAPENTERED00F6","OPC-SERVER-SERVERPATHEXPLORERPOWERMAPENTERED-00F6","WildStar64.exe","","ServerPathExplorerPowerMapEntered","Server opcode coverage","CoverageModelHandler","Source/NexusForever.Network.World/Message/Model/PlayerPath/ServerPathExplorerPowerMapEntered.cs","ServerPathExplorerPowerMapEntered","Observed","","Decomp/Analysis/coverage/opcode_coverage_inventory.csv","Native registration and payload evidence have not yet been recorded in coverage; run a focused decompile pass before semantic use.","2026-06-11"
"TRACE-OPCSERVERSERVERPATHEXPLORERPOWERMAPEXITED00F7","OPC-SERVER-SERVERPATHEXPLORERPOWERMAPEXITED-00F7","WildStar64.exe","","ServerPathExplorerPowerMapExited","Server opcode coverage","CoverageModelHandler","Source/NexusForever.Network.World/Message/Model/PlayerPath/ServerPathExplorerPowerMapExited.cs","ServerPathExplorerPowerMapExited","Observed","","Decomp/Analysis/coverage/opcode_coverage_inventory.csv","Native registration and payload evidence have not yet been recorded in coverage; run a focused decompile pass before semantic use.","2026-06-11"
"TRACE-OPCSERVERSERVERPATHEXPLORERPOWERMAPFAILED00F8","OPC-SERVER-SERVERPATHEXPLORERPOWERMAPFAILED-00F8","WildStar64.exe","","ServerPathExplorerPowerMapFailed","Server opcode coverage","CoverageModelHandler","Source/NexusForever.Network.World/Message/Model/PlayerPath/ServerPathExplorerPowerMapFailed.cs","ServerPathExplorerPowerMapFailed","Observed","","Decomp/Analysis/coverage/opcode_coverage_inventory.csv","Native registration and payload evidence have not yet been recorded in coverage; run a focused decompile pass before semantic use.","2026-06-11"
"TRACE-OPCSERVERSERVERPATHEXPLORERPOWERMAPSTARTED00F5","OPC-SERVER-SERVERPATHEXPLORERPOWERMAPSTARTED-00F5","WildStar64.exe","","ServerPathExplorerPowerMapStarted","Server opcode coverage","CoverageModelHandler","Source/NexusForever.Network.World/Message/Model/PlayerPath/ServerPathExplorerPowerMapStarted.cs","ServerPathExplorerPowerMapStarted","Observed","","Decomp/Analysis/coverage/opcode_coverage_inventory.csv","Native registration and payload evidence have not yet been recorded in coverage; run a focused decompile pass before semantic use.","2026-06-11"
"TRACE-OPCSERVERSERVERPATHEXPLORERPOWERMAPWAITING00FA","OPC-SERVER-SERVERPATHEXPLORERPOWERMAPWAITING-00FA","WildStar64.exe","","ServerPathExplorerPowerMapWaiting","Server opcode coverage","CoverageModelHandler","Source/NexusForever.Network.World/Message/Model/PlayerPath/ServerPathExplorerPowerMapWaiting.cs","ServerPathExplorerPowerMapWaiting","Observed","","Decomp/Analysis/coverage/opcode_coverage_inventory.csv","Native registration and payload evidence have not yet been recorded in coverage; run a focused decompile pass before semantic use.","2026-06-11"
"TRACE-OPCSERVERSERVERPATHEXPLORERSCAVENGERHUNTCLUEADDUNITLIST06B9","OPC-SERVER-SERVERPATHEXPLORERSCAVENGERHUNTCLUEADDUNITLIST-06B9","WildStar64.exe","","ServerPathExplorerScavengerHuntClueAddUnitList","Server opcode coverage","CoverageModelHandler","Source/NexusForever.Network.World/Message/Model/PlayerPath/ServerPathExplorerScavengerHuntClueAddUnitList.cs","ServerPathExplorerScavengerHuntClueAddUnitList","Observed","","Decomp/Analysis/coverage/opcode_coverage_inventory.csv","Native registration and payload evidence have not yet been recorded in coverage; run a focused decompile pass before semantic use.","2026-06-11"
"TRACE-OPCSERVERSERVERPATHEXPLORERSCAVENGERHUNTCLUEADDWORLDLOCATION06B8","OPC-SERVER-SERVERPATHEXPLORERSCAVENGERHUNTCLUEADDWORLDLOCATION-06B8","WildStar64.exe","","ServerPathExplorerScavengerHuntClueAddWorldLocation","Server opcode coverage","CoverageModelHandler","Source/NexusForever.Network.World/Message/Model/PlayerPath/ServerPathExplorerScavengerHuntClueAddWorldLocation.cs","ServerPathExplorerScavengerHuntClueAddWorldLocation","Observed","","Decomp/Analysis/coverage/opcode_coverage_inventory.csv","Native registration and payload evidence have not yet been recorded in coverage; run a focused decompile pass before semantic use.","2026-06-11"
"TRACE-OPCSERVERSERVERPATHEXPLORERSCAVENGERHUNTCLUEREMOVEBYCLUEID06B7","OPC-SERVER-SERVERPATHEXPLORERSCAVENGERHUNTCLUEREMOVEBYCLUEID-06B7","WildStar64.exe","","ServerPathExplorerScavengerHuntClueRemoveByClueId","Server opcode coverage","CoverageModelHandler","Source/NexusForever.Network.World/Message/Model/PlayerPath/ServerPathExplorerScavengerHuntClueRemoveByClueId.cs","ServerPathExplorerScavengerHuntClueRemoveByClueId","Observed","","Decomp/Analysis/coverage/opcode_coverage_inventory.csv","Native registration and payload evidence have not yet been recorded in coverage; run a focused decompile pass before semantic use.","2026-06-11"
"TRACE-OPCSERVERSERVERPATHEXPLORERSCAVENGERHUNTCLUEREMOVEBYCLUEIDANDUNITID06B6","OPC-SERVER-SERVERPATHEXPLORERSCAVENGERHUNTCLUEREMOVEBYCLUEIDANDUNITID-06B6","WildStar64.exe","","ServerPathExplorerScavengerHuntClueRemoveByClueIdAndUnitId","Server opcode coverage","CoverageModelHandler","Source/NexusForever.Network.World/Message/Model/PlayerPath/ServerPathExplorerScavengerHuntClueRemoveByClueIdAndUnitId.cs","ServerPathExplorerScavengerHuntClueRemoveByClueIdAndUnitId","Observed","","Decomp/Analysis/coverage/opcode_coverage_inventory.csv","Native registration and payload evidence have not yet been recorded in coverage; run a focused decompile pass before semantic use.","2026-06-11"
"TRACE-OPCSERVERSERVERPATHINITIALISE06BC","OPC-SERVER-SERVERPATHINITIALISE-06BC","WildStar64.exe","","ServerPathInitialise","Server opcode coverage","CoverageModelHandler","Source/NexusForever.Network.World/Message/Model/PlayerPath/ServerPathInitialise.cs","ServerPathInitialise","Observed","","Decomp/Analysis/coverage/opcode_coverage_inventory.csv","Native registration and payload evidence have not yet been recorded in coverage; run a focused decompile pass before semantic use.","2026-06-11"
"TRACE-OPCSERVERSERVERPATHMISSIONACTIVATE06BA","OPC-SERVER-SERVERPATHMISSIONACTIVATE-06BA","WildStar64.exe","","ServerPathMissionActivate","Server opcode coverage","CoverageModelHandler","Source/NexusForever.Network.World/Message/Model/PlayerPath/ServerPathMissionActivate.cs","ServerPathMissionActivate","Observed","","Decomp/Analysis/coverage/opcode_coverage_inventory.csv","Native registration and payload evidence have not yet been recorded in coverage; run a focused decompile pass before semantic use.","2026-06-11"
"TRACE-OPCSERVERSERVERPATHMISSIONADVANCED00F4","OPC-SERVER-SERVERPATHMISSIONADVANCED-00F4","WildStar64.exe","","ServerPathMissionAdvanced","Server opcode coverage","CoverageModelHandler","Source/NexusForever.Network.World/Message/Model/PlayerPath/ServerPathMissionAdvanced.cs","ServerPathMissionAdvanced","Observed","","Decomp/Analysis/coverage/opcode_coverage_inventory.csv","Native registration and payload evidence have not yet been recorded in coverage; run a focused decompile pass before semantic use.","2026-06-11"
"TRACE-OPCSERVERSERVERPATHMISSIONAUXEMPTY0160","OPC-SERVER-SERVERPATHMISSIONAUXEMPTY-0160","WildStar64.exe","","ServerPathMissionAuxEmpty","Server opcode coverage","CoverageModelHandler","Source/NexusForever.Network.World/Message/Model/ServerClusterAuxPackets.cs","ServerPathMissionAuxEmpty","Correlated","","Decomp/Analysis/coverage/opcode_coverage_inventory.csv","Promote to Mapped only after native registration and payload functions are copied into this row from focused evidence.","2026-06-11"
"TRACE-OPCSERVERSERVERPATHMISSIONUPDATE06BB","OPC-SERVER-SERVERPATHMISSIONUPDATE-06BB","WildStar64.exe","","ServerPathMissionUpdate","Server opcode coverage","CoverageModelHandler","Source/NexusForever.Network.World/Message/Model/PlayerPath/ServerPathMissionUpdate.cs","ServerPathMissionUpdate","Observed","","Decomp/Analysis/coverage/opcode_coverage_inventory.csv","Native registration and payload evidence have not yet been recorded in coverage; run a focused decompile pass before semantic use.","2026-06-11"
"TRACE-OPCSERVERSERVERPATHREFRESH06B4","OPC-SERVER-SERVERPATHREFRESH-06B4","WildStar64.exe","","ServerPathRefresh","Server opcode coverage","CoverageModelHandler","Source/NexusForever.Network.World/Message/Model/PlayerPath/ServerPathRefresh.cs","ServerPathRefresh","Observed","","Decomp/Analysis/coverage/opcode_coverage_inventory.csv","Native registration and payload evidence have not yet been recorded in coverage; run a focused decompile pass before semantic use.","2026-06-11"
"TRACE-OPCSERVERSERVERPATHSCIENTISTADDCREATUREINFOTOCREATURE08B2","OPC-SERVER-SERVERPATHSCIENTISTADDCREATUREINFOTOCREATURE-08B2","WildStar64.exe","","ServerPathScientistAddCreatureInfoToCreature","Server opcode coverage","CoverageModelHandler","Source/NexusForever.Network.World/Message/Model/PlayerPath/ServerPathScientistAddCreatureInfoToCreature.cs","ServerPathScientistAddCreatureInfoToCreature","Observed","","Decomp/Analysis/coverage/opcode_coverage_inventory.csv","Native registration and payload evidence have not yet been recorded in coverage; run a focused decompile pass before semantic use.","2026-06-11"
"TRACE-OPCSERVERSERVERPATHSCIENTISTADDFIELDSTUDYTOCREATURE08B5","OPC-SERVER-SERVERPATHSCIENTISTADDFIELDSTUDYTOCREATURE-08B5","WildStar64.exe","","ServerPathScientistAddFieldStudyToCreature","Server opcode coverage","CoverageModelHandler","Source/NexusForever.Network.World/Message/Model/PlayerPath/ServerPathScientistAddFieldStudyToCreature.cs","ServerPathScientistAddFieldStudyToCreature","Observed","","Decomp/Analysis/coverage/opcode_coverage_inventory.csv","Native registration and payload evidence have not yet been recorded in coverage; run a focused decompile pass before semantic use.","2026-06-11"
"TRACE-OPCSERVERSERVERPATHSCIENTISTADDSPECIMENSURVEYTOCREATURE08B4","OPC-SERVER-SERVERPATHSCIENTISTADDSPECIMENSURVEYTOCREATURE-08B4","WildStar64.exe","","ServerPathScientistAddSpecimenSurveyToCreature","Server opcode coverage","CoverageModelHandler","Source/NexusForever.Network.World/Message/Model/PlayerPath/ServerPathScientistAddSpecimenSurveyToCreature.cs","ServerPathScientistAddSpecimenSurveyToCreature","Observed","","Decomp/Analysis/coverage/opcode_coverage_inventory.csv","Native registration and payload evidence have not yet been recorded in coverage; run a focused decompile pass before semantic use.","2026-06-11"
"TRACE-OPCSERVERSERVERPATHSCIENTISTAUXUINT320181","OPC-SERVER-SERVERPATHSCIENTISTAUXUINT32-0181","WildStar64.exe","","ServerPathScientistAuxUInt32","Server opcode coverage","CoverageModelHandler","Source/NexusForever.Network.World/Message/Model/ServerClusterAuxPackets.cs","ServerPathScientistAuxUInt32","Correlated","","Decomp/Analysis/coverage/opcode_coverage_inventory.csv","Promote to Mapped only after native registration and payload functions are copied into this row from focused evidence.","2026-06-11"
"TRACE-OPCSERVERSERVERPATHSCIENTISTEXPERIMENTATIONINVOKE0667","OPC-SERVER-SERVERPATHSCIENTISTEXPERIMENTATIONINVOKE-0667","WildStar64.exe","","ServerPathScientistExperimentationInvoke","Server opcode coverage","CoverageModelHandler","Source/NexusForever.Network.World/Message/Model/PlayerPath/ServerPathScientistExperimentationInvoke.cs","ServerPathScientistExperimentationInvoke","Observed","","Decomp/Analysis/coverage/opcode_coverage_inventory.csv","Native registration and payload evidence have not yet been recorded in coverage; run a focused decompile pass before semantic use.","2026-06-11"
"TRACE-OPCSERVERSERVERPATHSCIENTISTSCANBOTSTATE0669","OPC-SERVER-SERVERPATHSCIENTISTSCANBOTSTATE-0669","WildStar64.exe","","ServerPathScientistScanbotState","Server opcode coverage","CoverageModelHandler","Source/NexusForever.Network.World/Message/Model/PlayerPath/ServerPathScientistScanbotState.cs","ServerPathScientistScanbotState","Observed","","Decomp/Analysis/coverage/opcode_coverage_inventory.csv","Native registration and payload evidence have not yet been recorded in coverage; run a focused decompile pass before semantic use.","2026-06-11"
"TRACE-OPCSERVERSERVERPATHSCIENTISTUNITSCANPARAMETERS08B3","OPC-SERVER-SERVERPATHSCIENTISTUNITSCANPARAMETERS-08B3","WildStar64.exe","","ServerPathScientistUnitScanParameters","Server opcode coverage","CoverageModelHandler","Source/NexusForever.Network.World/Message/Model/PlayerPath/ServerPathScientistUnitScanParameters.cs","ServerPathScientistUnitScanParameters","Observed","","Decomp/Analysis/coverage/opcode_coverage_inventory.csv","Native registration and payload evidence have not yet been recorded in coverage; run a focused decompile pass before semantic use.","2026-06-11"
"TRACE-OPCSERVERSERVERPATHSETCURRENTEPISODE06BF","OPC-SERVER-SERVERPATHSETCURRENTEPISODE-06BF","WildStar64.exe","","ServerPathSetCurrentEpisode","Server opcode coverage","CoverageModelHandler","Source/NexusForever.Network.World/Message/Model/PlayerPath/ServerPathCurrentEpisode.cs","ServerPathSetCurrentEpisode","Observed","","Decomp/Analysis/coverage/opcode_coverage_inventory.csv","Native registration and payload evidence have not yet been recorded in coverage; run a focused decompile pass before semantic use.","2026-06-11"
"TRACE-OPCSERVERSERVERPATHSETTLERADDIMPROVEMENTINFOTOUNIT08B6","OPC-SERVER-SERVERPATHSETTLERADDIMPROVEMENTINFOTOUNIT-08B6","WildStar64.exe","","ServerPathSettlerAddImprovementInfoToUnit","Server opcode coverage","CoverageModelHandler","Source/NexusForever.Network.World/Message/Model/PlayerPath/ServerPathSettlerAddImprovementInfoToUnit.cs","ServerPathSettlerAddImprovementInfoToUnit","Observed","","Decomp/Analysis/coverage/opcode_coverage_inventory.csv","Native registration and payload evidence have not yet been recorded in coverage; run a focused decompile pass before semantic use.","2026-06-11"
"TRACE-OPCSERVERSERVERPATHSETTLERBUILDINVOKE066D","OPC-SERVER-SERVERPATHSETTLERBUILDINVOKE-066D","WildStar64.exe","","ServerPathSettlerBuildInvoke","Server opcode coverage","CoverageModelHandler","Source/NexusForever.Network.World/Message/Model/PlayerPath/ServerPathSettlerBuildInvoke.cs","ServerPathSettlerBuildInvoke","Observed","","Decomp/Analysis/coverage/opcode_coverage_inventory.csv","Native registration and payload evidence have not yet been recorded in coverage; run a focused decompile pass before semantic use.","2026-06-11"
"TRACE-OPCSERVERSERVERPATHSETTLERBUILDRESULT066C","OPC-SERVER-SERVERPATHSETTLERBUILDRESULT-066C","WildStar64.exe","","ServerPathSettlerBuildResult","Server opcode coverage","CoverageModelHandler","Source/NexusForever.Network.World/Message/Model/PlayerPath/ServerPathSettlerBuildResult.cs","ServerPathSettlerBuildResult","Observed","","Decomp/Analysis/coverage/opcode_coverage_inventory.csv","Native registration and payload evidence have not yet been recorded in coverage; run a focused decompile pass before semantic use.","2026-06-11"
"TRACE-OPCSERVERSERVERPATHSETTLERBUILDSTATUS0671","OPC-SERVER-SERVERPATHSETTLERBUILDSTATUS-0671","WildStar64.exe","","ServerPathSettlerBuildStatus","Server opcode coverage","CoverageModelHandler","Source/NexusForever.Network.World/Message/Model/PlayerPath/ServerPathSettlerBuildStatus.cs","ServerPathSettlerBuildStatus","Observed","","Decomp/Analysis/coverage/opcode_coverage_inventory.csv","Native registration and payload evidence have not yet been recorded in coverage; run a focused decompile pass before semantic use.","2026-06-11"
"TRACE-OPCSERVERSERVERPATHSETTLERBUILDSTATUSLIST066E","OPC-SERVER-SERVERPATHSETTLERBUILDSTATUSLIST-066E","WildStar64.exe","","ServerPathSettlerBuildStatusList","Server opcode coverage","CoverageModelHandler","Source/NexusForever.Network.World/Message/Model/PlayerPath/ServerPathSettlerBuildStatusList.cs","ServerPathSettlerBuildStatusList","Observed","","Decomp/Analysis/coverage/opcode_coverage_inventory.csv","Native registration and payload evidence have not yet been recorded in coverage; run a focused decompile pass before semantic use.","2026-06-11"
"TRACE-OPCSERVERSERVERPATHSETTLERHUBREWARD066F","OPC-SERVER-SERVERPATHSETTLERHUBREWARD-066F","WildStar64.exe","","ServerPathSettlerHubReward","Server opcode coverage","CoverageModelHandler","Source/NexusForever.Network.World/Message/Model/PlayerPath/ServerPathSettlerHubReward.cs","ServerPathSettlerHubReward","Observed","","Decomp/Analysis/coverage/opcode_coverage_inventory.csv","Native registration and payload evidence have not yet been recorded in coverage; run a focused decompile pass before semantic use.","2026-06-11"
"TRACE-OPCSERVERSERVERPATHSETTLERHUBUPDATE08B7","OPC-SERVER-SERVERPATHSETTLERHUBUPDATE-08B7","WildStar64.exe","","ServerPathSettlerHubUpdate","Server opcode coverage","CoverageModelHandler","Source/NexusForever.Network.World/Message/Model/PlayerPath/ServerPathSettlerHubUpdate.cs","ServerPathSettlerHubUpdate","Observed","","Decomp/Analysis/coverage/opcode_coverage_inventory.csv","Native registration and payload evidence have not yet been recorded in coverage; run a focused decompile pass before semantic use.","2026-06-11"
"TRACE-OPCSERVERSERVERPATHSETTLERINFRASTRUCTURECOMPLETE0673","OPC-SERVER-SERVERPATHSETTLERINFRASTRUCTURECOMPLETE-0673","WildStar64.exe","","ServerPathSettlerInfrastructureComplete","Server opcode coverage","CoverageModelHandler","Source/NexusForever.Network.World/Message/Model/PlayerPath/ServerPathSettlerInfrastructureComplete.cs","ServerPathSettlerInfrastructureComplete","Observed","","Decomp/Analysis/coverage/opcode_coverage_inventory.csv","Native registration and payload evidence have not yet been recorded in coverage; run a focused decompile pass before semantic use.","2026-06-11"
"TRACE-OPCSERVERSERVERPATHSETTLERINFRASTRUCTURESTARTED0675","OPC-SERVER-SERVERPATHSETTLERINFRASTRUCTURESTARTED-0675","WildStar64.exe","","ServerPathSettlerInfrastructureStarted","Server opcode coverage","CoverageModelHandler","Source/NexusForever.Network.World/Message/Model/PlayerPath/ServerPathSettlerInfrastructureStarted.cs","ServerPathSettlerInfrastructureStarted","Observed","","Decomp/Analysis/coverage/opcode_coverage_inventory.csv","Native registration and payload evidence have not yet been recorded in coverage; run a focused decompile pass before semantic use.","2026-06-11"
"TRACE-OPCSERVERSERVERPATHSETTLERINFRASTRUCTUREUPDATED0674","OPC-SERVER-SERVERPATHSETTLERINFRASTRUCTUREUPDATED-0674","WildStar64.exe","","ServerPathSettlerInfrastructureUpdated","Server opcode coverage","CoverageModelHandler","Source/NexusForever.Network.World/Message/Model/PlayerPath/ServerPathSettlerInfrastructureUpdated.cs","ServerPathSettlerInfrastructureUpdated","Observed","","Decomp/Analysis/coverage/opcode_coverage_inventory.csv","Native registration and payload evidence have not yet been recorded in coverage; run a focused decompile pass before semantic use.","2026-06-11"
"TRACE-OPCSERVERSERVERPATHSETTLERNOTIFYUSE0672","OPC-SERVER-SERVERPATHSETTLERNOTIFYUSE-0672","WildStar64.exe","","ServerPathSettlerNotifyUse","Server opcode coverage","CoverageModelHandler","Source/NexusForever.Network.World/Message/Model/PlayerPath/ServerPathSettlerNotifyUse.cs","ServerPathSettlerNotifyUse","Observed","","Decomp/Analysis/coverage/opcode_coverage_inventory.csv","Native registration and payload evidence have not yet been recorded in coverage; run a focused decompile pass before semantic use.","2026-06-11"
"TRACE-OPCSERVERSERVERPATHSOLDIERADDTOWERDEFENSE0681","OPC-SERVER-SERVERPATHSOLDIERADDTOWERDEFENSE-0681","WildStar64.exe","","ServerPathSoldierAddTowerDefense","Server opcode coverage","CoverageModelHandler","Source/NexusForever.Network.World/Message/Model/PlayerPath/ServerPathSoldierAddTowerDefense.cs","ServerPathSoldierAddTowerDefense","Observed","","Decomp/Analysis/coverage/opcode_coverage_inventory.csv","Native registration and payload evidence have not yet been recorded in coverage; run a focused decompile pass before semantic use.","2026-06-11"
"TRACE-OPCSERVERSERVERPATHSOLDIERBUILDCREDITS0680","OPC-SERVER-SERVERPATHSOLDIERBUILDCREDITS-0680","WildStar64.exe","","ServerPathSoldierBuildCredits","Server opcode coverage","CoverageModelHandler","Source/NexusForever.Network.World/Message/Model/PlayerPath/ServerPathSoldierBuildCredits.cs","ServerPathSoldierBuildCredits","Observed","","Decomp/Analysis/coverage/opcode_coverage_inventory.csv","Native registration and payload evidence have not yet been recorded in coverage; run a focused decompile pass before semantic use.","2026-06-11"
"TRACE-OPCSERVERSERVERPATHSOLDIERHOLDOUTDEATH067F","OPC-SERVER-SERVERPATHSOLDIERHOLDOUTDEATH-067F","WildStar64.exe","","ServerPathSoldierHoldoutDeath","Server opcode coverage","CoverageModelHandler","Source/NexusForever.Network.World/Message/Model/PlayerPath/ServerPathSoldierHoldoutDeath.cs","ServerPathSoldierHoldoutDeath","Observed","","Decomp/Analysis/coverage/opcode_coverage_inventory.csv","Native registration and payload evidence have not yet been recorded in coverage; run a focused decompile pass before semantic use.","2026-06-11"
"TRACE-OPCSERVERSERVERPATHSOLDIERHOLDOUTEND067C","OPC-SERVER-SERVERPATHSOLDIERHOLDOUTEND-067C","WildStar64.exe","","ServerPathSoldierHoldoutEnd","Server opcode coverage","CoverageModelHandler","Source/NexusForever.Network.World/Message/Model/PlayerPath/ServerPathSoldierHoldoutEnd.cs","ServerPathSoldierHoldoutEnd","Observed","","Decomp/Analysis/coverage/opcode_coverage_inventory.csv","Native registration and payload evidence have not yet been recorded in coverage; run a focused decompile pass before semantic use.","2026-06-11"
"TRACE-OPCSERVERSERVERPATHSOLDIERHOLDOUTNEXTWAVE0679","OPC-SERVER-SERVERPATHSOLDIERHOLDOUTNEXTWAVE-0679","WildStar64.exe","","ServerPathSoldierHoldOutNextWave","Server opcode coverage","CoverageModelHandler","Source/NexusForever.Network.World/Message/Model/PlayerPath/ServerPathSoldierHoldOutNextWave.cs","ServerPathSoldierHoldOutNextWave","Observed","","Decomp/Analysis/coverage/opcode_coverage_inventory.csv","Native registration and payload evidence have not yet been recorded in coverage; run a focused decompile pass before semantic use.","2026-06-11"
"TRACE-OPCSERVERSERVERPATHSOLDIERHOLDOUTSTATUS067B","OPC-SERVER-SERVERPATHSOLDIERHOLDOUTSTATUS-067B","WildStar64.exe","","ServerPathSoldierHoldoutStatus","Server opcode coverage","CoverageModelHandler","Source/NexusForever.Network.World/Message/Model/PlayerPath/ServerPathSoldierHoldoutStatus.cs","ServerPathSoldierHoldoutStatus","Observed","","Decomp/Analysis/coverage/opcode_coverage_inventory.csv","Native registration and payload evidence have not yet been recorded in coverage; run a focused decompile pass before semantic use.","2026-06-11"
"TRACE-OPCSERVERSERVERPATHSOLDIERSOLDIERBUILDINVOKE0676","OPC-SERVER-SERVERPATHSOLDIERSOLDIERBUILDINVOKE-0676","WildStar64.exe","","ServerPathSoldierSoldierBuildInvoke","Server opcode coverage","CoverageModelHandler","Source/NexusForever.Network.World/Message/Model/PlayerPath/ServerPathSoldierSoldierBuildInvoke.cs","ServerPathSoldierSoldierBuildInvoke","Observed","","Decomp/Analysis/coverage/opcode_coverage_inventory.csv","Native registration and payload evidence have not yet been recorded in coverage; run a focused decompile pass before semantic use.","2026-06-11"
"TRACE-OPCSERVERSERVERPATHSOLDIERTOWERDEFENSEUNITREMOVE067A","OPC-SERVER-SERVERPATHSOLDIERTOWERDEFENSEUNITREMOVE-067A","WildStar64.exe","","ServerPathSoldierTowerDefenseUnitRemove","Server opcode coverage","CoverageModelHandler","Source/NexusForever.Network.World/Message/Model/PlayerPath/ServerPathSoldierTowerDefenseUnitRemove.cs","ServerPathSoldierTowerDefenseUnitRemove","Observed","","Decomp/Analysis/coverage/opcode_coverage_inventory.csv","Native registration and payload evidence have not yet been recorded in coverage; run a focused decompile pass before semantic use.","2026-06-11"
"TRACE-OPCSERVERSERVERPATHSOLDIERTOWERDEFENSEUNITUPDATE0678","OPC-SERVER-SERVERPATHSOLDIERTOWERDEFENSEUNITUPDATE-0678","WildStar64.exe","","ServerPathSoldierTowerDefenseUnitUpdate","Server opcode coverage","CoverageModelHandler","Source/NexusForever.Network.World/Message/Model/PlayerPath/ServerPathSoldierTowerDefenseUnitUpdate.cs","ServerPathSoldierTowerDefenseUnitUpdate","Observed","","Decomp/Analysis/coverage/opcode_coverage_inventory.csv","Native registration and payload evidence have not yet been recorded in coverage; run a focused decompile pass before semantic use.","2026-06-11"
"TRACE-OPCSERVERSERVERPATHSOLDIERTRIGGERORDERSTEXTONUNIT0677","OPC-SERVER-SERVERPATHSOLDIERTRIGGERORDERSTEXTONUNIT-0677","WildStar64.exe","","ServerPathSoldierTriggerOrdersTextOnUnit","Server opcode coverage","CoverageModelHandler","Source/NexusForever.Network.World/Message/Model/PlayerPath/ServerPathSoldierTriggerOrdersTextOnUnit.cs","ServerPathSoldierTriggerOrdersTextOnUnit","Observed","","Decomp/Analysis/coverage/opcode_coverage_inventory.csv","Native registration and payload evidence have not yet been recorded in coverage; run a focused decompile pass before semantic use.","2026-06-11"
"TRACE-OPCSERVERSERVERPATHSOLDIERWHACKAMOLEBURROWS067E","OPC-SERVER-SERVERPATHSOLDIERWHACKAMOLEBURROWS-067E","WildStar64.exe","","ServerPathSoldierWhackAMoleBurrows","Server opcode coverage","CoverageModelHandler","Source/NexusForever.Network.World/Message/Model/PlayerPath/ServerPathSoldierWhackAMoleBurrows.cs","ServerPathSoldierWhackAMoleBurrows","Correlated","","Decomp/Analysis/coverage/opcode_coverage_inventory.csv","Promote to Mapped only after native registration and payload functions are copied into this row from focused evidence.","2026-06-11"
"TRACE-OPCSERVERSERVERPATHUNLOCKRESULT06BE","OPC-SERVER-SERVERPATHUNLOCKRESULT-06BE","WildStar64.exe","","ServerPathUnlockResult","Server opcode coverage","CoverageModelHandler","Source/NexusForever.Network.World/Message/Model/PlayerPath/ServerPathUnlockResult.cs","ServerPathUnlockResult","Observed","","Decomp/Analysis/coverage/opcode_coverage_inventory.csv","Native registration and payload evidence have not yet been recorded in coverage; run a focused decompile pass before semantic use.","2026-06-11"
"TRACE-OPCSERVERSERVERPATHUPDATEXP01AA","OPC-SERVER-SERVERPATHUPDATEXP-01AA","WildStar64.exe","","ServerPathUpdateXP","Server opcode coverage","CoverageModelHandler","Source/NexusForever.Network.World/Message/Model/PlayerPath/ServerPathUpdateXP.cs","ServerPathUpdateXP","Observed","","Decomp/Analysis/coverage/opcode_coverage_inventory.csv","Native registration and payload evidence have not yet been recorded in coverage; run a focused decompile pass before semantic use.","2026-06-11"
"TRACE-OPCSERVERSERVERPENDINGWORLDREMOVAL0689","OPC-SERVER-SERVERPENDINGWORLDREMOVAL-0689","WildStar64.exe","","ServerPendingWorldRemoval","Server opcode coverage","CoverageModelHandler","Source/NexusForever.Network.World/Message/Model/ServerPendingWorldRemoval.cs","ServerPendingWorldRemoval","Observed","","Decomp/Analysis/coverage/opcode_coverage_inventory.csv","Native registration and payload evidence have not yet been recorded in coverage; run a focused decompile pass before semantic use.","2026-06-11"
"TRACE-OPCSERVERSERVERPENDINGWORLDREMOVALCANCEL0688","OPC-SERVER-SERVERPENDINGWORLDREMOVALCANCEL-0688","WildStar64.exe","","ServerPendingWorldRemovalCancel","Server opcode coverage","CoverageModelHandler","Source/NexusForever.Network.World/Message/Model/ServerPendingWorldRemovalCancel.cs","ServerPendingWorldRemovalCancel","Observed","","Decomp/Analysis/coverage/opcode_coverage_inventory.csv","Native registration and payload evidence have not yet been recorded in coverage; run a focused decompile pass before semantic use.","2026-06-11"
"TRACE-OPCSERVERSERVERPETCLEARFLAIR023B","OPC-SERVER-SERVERPETCLEARFLAIR-023B","WildStar64.exe","","ServerPetClearFlair","Server opcode coverage","CoverageModelHandler","Source/NexusForever.Network.World/Message/Model/Pet/ServerPetClearFlair.cs","ServerPetClearFlair","Observed","","Decomp/Analysis/coverage/opcode_coverage_inventory.csv","Native registration and payload evidence have not yet been recorded in coverage; run a focused decompile pass before semantic use.","2026-06-11"
"TRACE-OPCSERVERSERVERPETCUSTOMISATION012F","OPC-SERVER-SERVERPETCUSTOMISATION-012F","WildStar64.exe","","ServerPetCustomisation","Server opcode coverage","CoverageModelHandler","Source/NexusForever.Network.World/Message/Model/Pet/ServerPetCustomisation.cs","ServerPetCustomisation","Observed","","Decomp/Analysis/coverage/opcode_coverage_inventory.csv","Native registration and payload evidence have not yet been recorded in coverage; run a focused decompile pass before semantic use.","2026-06-11"
"TRACE-OPCSERVERSERVERPETCUSTOMISATIONFAILED068B","OPC-SERVER-SERVERPETCUSTOMISATIONFAILED-068B","WildStar64.exe","","ServerPetCustomisationFailed","Server opcode coverage","CoverageModelHandler","Source/NexusForever.Network.World/Message/Model/Pet/ServerPetCustomisationFailed.cs","ServerPetCustomisationFailed","Observed","","Decomp/Analysis/coverage/opcode_coverage_inventory.csv","Native registration and payload evidence have not yet been recorded in coverage; run a focused decompile pass before semantic use.","2026-06-11"
"TRACE-OPCSERVERSERVERPETCUSTOMISATIONLIST012E","OPC-SERVER-SERVERPETCUSTOMISATIONLIST-012E","WildStar64.exe","","ServerPetCustomisationList","Server opcode coverage","CoverageModelHandler","Source/NexusForever.Network.World/Message/Model/Pet/ServerPetCustomisationList.cs","ServerPetCustomisationList","Observed","","Decomp/Analysis/coverage/opcode_coverage_inventory.csv","Native registration and payload evidence have not yet been recorded in coverage; run a focused decompile pass before semantic use.","2026-06-11"
"TRACE-OPCSERVERSERVERPETDESPAWNED077F","OPC-SERVER-SERVERPETDESPAWNED-077F","WildStar64.exe","","ServerPetDespawned","Server opcode coverage","CoverageModelHandler","Source/NexusForever.Network.World/Message/Model/Pet/ServerPetDespawned.cs","ServerPetDespawned","Correlated","","Decomp/Analysis/coverage/opcode_coverage_inventory.csv","Promote to Mapped only after native registration and payload functions are copied into this row from focused evidence.","2026-06-11"
"TRACE-OPCSERVERSERVERPETSPAWNED0068","OPC-SERVER-SERVERPETSPAWNED-0068","WildStar64.exe","","ServerPetSpawned","Server opcode coverage","CoverageModelHandler","Source/NexusForever.Network.World/Message/Model/Pet/ServerPetSpawned.cs","ServerPetSpawned","Correlated","","Decomp/Analysis/coverage/opcode_coverage_inventory.csv","Promote to Mapped only after native registration and payload functions are copied into this row from focused evidence.","2026-06-11"
"TRACE-OPCSERVERSERVERPETSTANCECHANGED068F","OPC-SERVER-SERVERPETSTANCECHANGED-068F","WildStar64.exe","","ServerPetStanceChanged","Server opcode coverage","CoverageModelHandler","Source/NexusForever.Network.World/Message/Model/Pet/ServerPetStanceChanged.cs","ServerPetStanceChanged","Correlated","","Decomp/Analysis/coverage/opcode_coverage_inventory.csv","Promote to Mapped only after native registration and payload functions are copied into this row from focused evidence.","2026-06-11"
"TRACE-OPCSERVERSERVERPHASEVISIBILITYWORLDLOCATION0171","OPC-SERVER-SERVERPHASEVISIBILITYWORLDLOCATION-0171","WildStar64.exe","","ServerPhaseVisibilityWorldLocation","Server opcode coverage","CoverageModelHandler","Source/NexusForever.Network.World/Message/Model/ServerPhaseVisibilityWorldLocation.cs","ServerPhaseVisibilityWorldLocation","Observed","","Decomp/Analysis/coverage/opcode_coverage_inventory.csv","Native registration and payload evidence have not yet been recorded in coverage; run a focused decompile pass before semantic use.","2026-06-11"
"TRACE-OPCSERVERSERVERPLANEVISIBILITYSPELLSLINGERVOID0172","OPC-SERVER-SERVERPLANEVISIBILITYSPELLSLINGERVOID-0172","WildStar64.exe","","ServerPlaneVisibilitySpellSlingerVoid","Server opcode coverage","CoverageModelHandler","Source/NexusForever.Network.World/Message/Model/ServerPlaneVisibilitySpellSlingerVoid.cs","ServerPlaneVisibilitySpellSlingerVoid","Observed","","Decomp/Analysis/coverage/opcode_coverage_inventory.csv","Native registration and payload evidence have not yet been recorded in coverage; run a focused decompile pass before semantic use.","2026-06-11"
"TRACE-OPCSERVERSERVERPLAYEDRESPONSE0694","OPC-SERVER-SERVERPLAYEDRESPONSE-0694","WildStar64.exe","","ServerPlayedResponse","Server opcode coverage","CoverageModelHandler","Source/NexusForever.Network.World/Message/Model/Utility/ServerPlayedResponse.cs","ServerPlayedResponse","Observed","","Decomp/Analysis/coverage/opcode_coverage_inventory.csv","Native registration and payload evidence have not yet been recorded in coverage; run a focused decompile pass before semantic use.","2026-06-11"
"TRACE-OPCSERVERSERVERPLAYERCHANGED019B","OPC-SERVER-SERVERPLAYERCHANGED-019B","WildStar64.exe","","ServerPlayerChanged","Server opcode coverage","CoverageModelHandler","Source/NexusForever.Network.World/Message/Model/ServerPlayerChanged.cs","ServerPlayerChanged","Observed","","Decomp/Analysis/coverage/opcode_coverage_inventory.csv","Native registration and payload evidence have not yet been recorded in coverage; run a focused decompile pass before semantic use.","2026-06-11"
"TRACE-OPCSERVERSERVERPLAYERCREATE025E","OPC-SERVER-SERVERPLAYERCREATE-025E","WildStar64.exe","","ServerPlayerCreate","Server opcode coverage","CoverageModelHandler","Source/NexusForever.Network.World/Message/Model/ServerPlayerCreate.cs","ServerPlayerCreate","Observed","","Decomp/Analysis/coverage/opcode_coverage_inventory.csv","Native registration and payload evidence have not yet been recorded in coverage; run a focused decompile pass before semantic use.","2026-06-11"
"TRACE-OPCSERVERSERVERPLAYERENTEREDWORLD0061","OPC-SERVER-SERVERPLAYERENTEREDWORLD-0061","WildStar64.exe","","ServerPlayerEnteredWorld","Server opcode coverage","CoverageModelHandler","Source/NexusForever.Network.World/Message/Model/ServerPlayerEnteredWorld.cs","ServerPlayerEnteredWorld","Observed","","Decomp/Analysis/coverage/opcode_coverage_inventory.csv","Native registration and payload evidence have not yet been recorded in coverage; run a focused decompile pass before semantic use.","2026-06-11"
"TRACE-OPCSERVERSERVERPLAYERHEALTHUPDATE092F","OPC-SERVER-SERVERPLAYERHEALTHUPDATE-092F","WildStar64.exe","","ServerPlayerHealthUpdate","Server opcode coverage","CoverageModelHandler","Source/NexusForever.Network.World/Message/Model/ServerPlayerHealthUpdate.cs","ServerPlayerHealthUpdate","Observed","","Decomp/Analysis/coverage/opcode_coverage_inventory.csv","Native registration and payload evidence have not yet been recorded in coverage; run a focused decompile pass before semantic use.","2026-06-11"
"TRACE-OPCSERVERSERVERPLAYERINFOBASICRESPONSE0598","OPC-SERVER-SERVERPLAYERINFOBASICRESPONSE-0598","WildStar64.exe","","ServerPlayerInfoBasicResponse","Server opcode coverage","CoverageModelHandler","Source/NexusForever.Network.World/Message/Model/Info/ServerPlayerInfoBasicResponse.cs","ServerPlayerInfoBasicResponse","Observed","","Decomp/Analysis/coverage/opcode_coverage_inventory.csv","Native registration and payload evidence have not yet been recorded in coverage; run a focused decompile pass before semantic use.","2026-06-11"
"TRACE-OPCSERVERSERVERPLAYERINFOFULLRESPONSE0599","OPC-SERVER-SERVERPLAYERINFOFULLRESPONSE-0599","WildStar64.exe","","ServerPlayerInfoFullResponse","Server opcode coverage","CoverageModelHandler","Source/NexusForever.Network.World/Message/Model/Info/ServerPlayerInfoFullResponse.cs","ServerPlayerInfoFullResponse","Observed","","Decomp/Analysis/coverage/opcode_coverage_inventory.csv","Native registration and payload evidence have not yet been recorded in coverage; run a focused decompile pass before semantic use.","2026-06-11"
"TRACE-OPCSERVERSERVERPREREQUISITEFAILURE0642","OPC-SERVER-SERVERPREREQUISITEFAILURE-0642","WildStar64.exe","","ServerPrerequisiteFailure","Server opcode coverage","CoverageModelHandler","Source/NexusForever.Network.World/Message/Model/Info/ServerPrerequisiteFailure.cs","ServerPrerequisiteFailure","Observed","","Decomp/Analysis/coverage/opcode_coverage_inventory.csv","Native registration and payload evidence have not yet been recorded in coverage; run a focused decompile pass before semantic use.","2026-06-11"
"TRACE-OPCSERVERSERVERPROFESSIONMODIFIERS084C","OPC-SERVER-SERVERPROFESSIONMODIFIERS-084C","WildStar64.exe","","ServerProfessionModifiers","Server opcode coverage","CoverageModelHandler","Source/NexusForever.Network.World/Message/Model/Crafting/ServerProfessionModifiers.cs","ServerProfessionModifiers","Observed","","Decomp/Analysis/coverage/opcode_coverage_inventory.csv","Native registration and payload evidence have not yet been recorded in coverage; run a focused decompile pass before semantic use.","2026-06-11"
"TRACE-OPCSERVERSERVERPROFESSIONSLOAD0856","OPC-SERVER-SERVERPROFESSIONSLOAD-0856","WildStar64.exe","","ServerProfessionsLoad","Server opcode coverage","CoverageModelHandler","Source/NexusForever.Network.World/Message/Model/Crafting/ServerProfessionsLoad.cs","ServerProfessionsLoad","Observed","","Decomp/Analysis/coverage/opcode_coverage_inventory.csv","Native registration and payload evidence have not yet been recorded in coverage; run a focused decompile pass before semantic use.","2026-06-11"
"TRACE-OPCSERVERSERVERPROFESSIONUPDATE0860","OPC-SERVER-SERVERPROFESSIONUPDATE-0860","WildStar64.exe","","ServerProfessionUpdate","Server opcode coverage","CoverageModelHandler","Source/NexusForever.Network.World/Message/Model/Crafting/ServerProfessionUpdate.cs","ServerProfessionUpdate","Observed","","Decomp/Analysis/coverage/opcode_coverage_inventory.csv","Native registration and payload evidence have not yet been recorded in coverage; run a focused decompile pass before semantic use.","2026-06-11"
"TRACE-OPCSERVERSERVERPTRCHARACTERCOPYQUEUED06EA","OPC-SERVER-SERVERPTRCHARACTERCOPYQUEUED-06EA","WildStar64.exe","","ServerPtrCharacterCopyQueued","Server opcode coverage","CoverageModelHandler","Source/NexusForever.Network.World/Message/Model/Pregame/ServerPtrCharacterCopyQueued.cs","ServerPtrCharacterCopyQueued","Correlated","","Decomp/Analysis/coverage/opcode_coverage_inventory.csv","Promote to Mapped only after native registration and payload functions are copied into this row from focused evidence.","2026-06-11"
"TRACE-OPCSERVERSERVERPUBLICEVENTAUX0139","OPC-SERVER-SERVERPUBLICEVENTAUX-0139","WildStar64.exe","","ServerPublicEventAux","Server opcode coverage","CoverageModelHandler","Source/NexusForever.Network.World/Message/Model/ServerClusterAuxPackets.cs","ServerPublicEventAux","Correlated","","Decomp/Analysis/coverage/opcode_coverage_inventory.csv","Promote to Mapped only after native registration and payload functions are copied into this row from focused evidence.","2026-06-11"
"TRACE-OPCSERVERSERVERPUBLICEVENTBOMBDROPPED06F5","OPC-SERVER-SERVERPUBLICEVENTBOMBDROPPED-06F5","WildStar64.exe","","ServerPublicEventBombDropped","Server opcode coverage","CoverageModelHandler","Source/NexusForever.Network.World/Message/Model/PublicEvent/ServerPublicEventBombDropped.cs","ServerPublicEventBombDropped","Observed","","Decomp/Analysis/coverage/opcode_coverage_inventory.csv","Native registration and payload evidence have not yet been recorded in coverage; run a focused decompile pass before semantic use.","2026-06-11"
"TRACE-OPCSERVERSERVERPUBLICEVENTBOMBSTATUS06F6","OPC-SERVER-SERVERPUBLICEVENTBOMBSTATUS-06F6","WildStar64.exe","","ServerPublicEventBombStatus","Server opcode coverage","CoverageModelHandler","Source/NexusForever.Network.World/Message/Model/PublicEvent/ServerPublicEventBombStatus.cs","ServerPublicEventBombStatus","Observed","","Decomp/Analysis/coverage/opcode_coverage_inventory.csv","Native registration and payload evidence have not yet been recorded in coverage; run a focused decompile pass before semantic use.","2026-06-11"
"TRACE-OPCSERVERSERVERPUBLICEVENTDETAILEDVOTEINITIATE06FE","OPC-SERVER-SERVERPUBLICEVENTDETAILEDVOTEINITIATE-06FE","WildStar64.exe","","ServerPublicEventDetailedVoteInitiate","Server opcode coverage","CoverageModelHandler","Source/NexusForever.Network.World/Message/Model/PublicEvent/ServerPublicEventDetailedVoteInitiate.cs","ServerPublicEventDetailedVoteInitiate","Observed","","Decomp/Analysis/coverage/opcode_coverage_inventory.csv","Native registration and payload evidence have not yet been recorded in coverage; run a focused decompile pass before semantic use.","2026-06-11"
"TRACE-OPCSERVERSERVERPUBLICEVENTEND00D6","OPC-SERVER-SERVERPUBLICEVENTEND-00D6","WildStar64.exe","","ServerPublicEventEnd","Server opcode coverage","CoverageModelHandler","Source/NexusForever.Network.World/Message/Model/PublicEvent/ServerPublicEventEnd.cs","ServerPublicEventEnd","Observed","","Decomp/Analysis/coverage/opcode_coverage_inventory.csv","Native registration and payload evidence have not yet been recorded in coverage; run a focused decompile pass before semantic use.","2026-06-11"
"TRACE-OPCSERVERSERVERPUBLICEVENTLEAVE0113","OPC-SERVER-SERVERPUBLICEVENTLEAVE-0113","WildStar64.exe","","ServerPublicEventLeave","Server opcode coverage","CoverageModelHandler","Source/NexusForever.Network.World/Message/Model/PublicEvent/ServerPublicEventLeave.cs","ServerPublicEventLeave","Observed","","Decomp/Analysis/coverage/opcode_coverage_inventory.csv","Native registration and payload evidence have not yet been recorded in coverage; run a focused decompile pass before semantic use.","2026-06-11"
"TRACE-OPCSERVERSERVERPUBLICEVENTLOCATIONUPDATE0131","OPC-SERVER-SERVERPUBLICEVENTLOCATIONUPDATE-0131","WildStar64.exe","","ServerPublicEventLocationUpdate","Server opcode coverage","CoverageModelHandler","Source/NexusForever.Network.World/Message/Model/PublicEvent/ServerPublicEventLocationUpdate.cs","ServerPublicEventLocationUpdate","Observed","","Decomp/Analysis/coverage/opcode_coverage_inventory.csv","Native registration and payload evidence have not yet been recorded in coverage; run a focused decompile pass before semantic use.","2026-06-11"
"TRACE-OPCSERVERSERVERPUBLICEVENTMAPREGIONUPDATE0138","OPC-SERVER-SERVERPUBLICEVENTMAPREGIONUPDATE-0138","WildStar64.exe","","ServerPublicEventMapRegionUpdate","Server opcode coverage","CoverageModelHandler","Source/NexusForever.Network.World/Message/Model/PublicEvent/ServerPublicEventMapRegionUpdate.cs","ServerPublicEventMapRegionUpdate","Observed","","Decomp/Analysis/coverage/opcode_coverage_inventory.csv","Native registration and payload evidence have not yet been recorded in coverage; run a focused decompile pass before semantic use.","2026-06-11"
"TRACE-OPCSERVERSERVERPUBLICEVENTOBJECTIVENOTIFICATIONMODE0133","OPC-SERVER-SERVERPUBLICEVENTOBJECTIVENOTIFICATIONMODE-0133","WildStar64.exe","","ServerPublicEventObjectiveNotificationMode","Server opcode coverage","CoverageModelHandler","Source/NexusForever.Network.World/Message/Model/PublicEvent/ServerPublicEventObjectiveNotificationMode.cs","ServerPublicEventObjectiveNotificationMode","Observed","","Decomp/Analysis/coverage/opcode_coverage_inventory.csv","Native registration and payload evidence have not yet been recorded in coverage; run a focused decompile pass before semantic use.","2026-06-11"
"TRACE-OPCSERVERSERVERPUBLICEVENTOBJECTIVESTART06F9","OPC-SERVER-SERVERPUBLICEVENTOBJECTIVESTART-06F9","WildStar64.exe","","ServerPublicEventObjectiveStart","Server opcode coverage","CoverageModelHandler","Source/NexusForever.Network.World/Message/Model/PublicEvent/ServerPublicEventObjectiveStart.cs","ServerPublicEventObjectiveStart","Observed","","Decomp/Analysis/coverage/opcode_coverage_inventory.csv","Native registration and payload evidence have not yet been recorded in coverage; run a focused decompile pass before semantic use.","2026-06-11"
"TRACE-OPCSERVERSERVERPUBLICEVENTOBJECTIVESTATUSUPDATE0134","OPC-SERVER-SERVERPUBLICEVENTOBJECTIVESTATUSUPDATE-0134","WildStar64.exe","","ServerPublicEventObjectiveStatusUpdate","Server opcode coverage","CoverageModelHandler","Source/NexusForever.Network.World/Message/Model/PublicEvent/ServerPublicEventObjectiveStatusUpdate.cs","ServerPublicEventObjectiveStatusUpdate","Observed","","Decomp/Analysis/coverage/opcode_coverage_inventory.csv","Native registration and payload evidence have not yet been recorded in coverage; run a focused decompile pass before semantic use.","2026-06-11"
"TRACE-OPCSERVERSERVERPUBLICEVENTOBJECTIVEUPDATE0132","OPC-SERVER-SERVERPUBLICEVENTOBJECTIVEUPDATE-0132","WildStar64.exe","","ServerPublicEventObjectiveUpdate","Server opcode coverage","CoverageModelHandler","Source/NexusForever.Network.World/Message/Model/PublicEvent/ServerPublicEventObjectiveUpdate.cs","ServerPublicEventObjectiveUpdate","Correlated","","Decomp/Analysis/coverage/opcode_coverage_inventory.csv","Promote to Mapped only after native registration and payload functions are copied into this row from focused evidence.","2026-06-11"
"TRACE-OPCSERVERSERVERPUBLICEVENTPERSONALSTATSUPDATE0137","OPC-SERVER-SERVERPUBLICEVENTPERSONALSTATSUPDATE-0137","WildStar64.exe","","ServerPublicEventPersonalStatsUpdate","Server opcode coverage","CoverageModelHandler","Source/NexusForever.Network.World/Message/Model/PublicEvent/ServerPublicEventPersonalStatsUpdate.cs","ServerPublicEventPersonalStatsUpdate","Observed","","Decomp/Analysis/coverage/opcode_coverage_inventory.csv","Native registration and payload evidence have not yet been recorded in coverage; run a focused decompile pass before semantic use.","2026-06-11"
"TRACE-OPCSERVERSERVERPUBLICEVENTPERSONALSTATUPDATE013B","OPC-SERVER-SERVERPUBLICEVENTPERSONALSTATUPDATE-013B","WildStar64.exe","","ServerPublicEventPersonalStatUpdate","Server opcode coverage","CoverageModelHandler","Source/NexusForever.Network.World/Message/Model/PublicEvent/ServerPublicEventPersonalStatUpdate.cs","ServerPublicEventPersonalStatUpdate","Observed","","Decomp/Analysis/coverage/opcode_coverage_inventory.csv","Native registration and payload evidence have not yet been recorded in coverage; run a focused decompile pass before semantic use.","2026-06-11"
"TRACE-OPCSERVERSERVERPUBLICEVENTRESETOBJECTIVESTATE013A","OPC-SERVER-SERVERPUBLICEVENTRESETOBJECTIVESTATE-013A","WildStar64.exe","","ServerPublicEventResetObjectiveState","Server opcode coverage","CoverageModelHandler","Source/NexusForever.Network.World/Message/Model/PublicEvent/ServerPublicEventResetObjectiveState.cs","ServerPublicEventResetObjectiveState","Observed","","Decomp/Analysis/coverage/opcode_coverage_inventory.csv","Native registration and payload evidence have not yet been recorded in coverage; run a focused decompile pass before semantic use.","2026-06-11"
"TRACE-OPCSERVERSERVERPUBLICEVENTSTART0112","OPC-SERVER-SERVERPUBLICEVENTSTART-0112","WildStar64.exe","","ServerPublicEventStart","Server opcode coverage","CoverageModelHandler","Source/NexusForever.Network.World/Message/Model/PublicEvent/ServerPublicEventStart.cs","ServerPublicEventStart","Correlated","","Decomp/Analysis/coverage/opcode_coverage_inventory.csv","Promote to Mapped only after native registration and payload functions are copied into this row from focused evidence.","2026-06-11"
"TRACE-OPCSERVERSERVERPUBLICEVENTSTATSUPDATE0130","OPC-SERVER-SERVERPUBLICEVENTSTATSUPDATE-0130","WildStar64.exe","","ServerPublicEventStatsUpdate","Server opcode coverage","CoverageModelHandler","Source/NexusForever.Network.World/Message/Model/PublicEvent/ServerPublicEventStatsUpdate.cs","ServerPublicEventStatsUpdate","Observed","","Decomp/Analysis/coverage/opcode_coverage_inventory.csv","Native registration and payload evidence have not yet been recorded in coverage; run a focused decompile pass before semantic use.","2026-06-11"
"TRACE-OPCSERVERSERVERPUBLICEVENTTEAMMULTIPLIER0135","OPC-SERVER-SERVERPUBLICEVENTTEAMMULTIPLIER-0135","WildStar64.exe","","ServerPublicEventTeamMultiplier","Server opcode coverage","CoverageModelHandler","Source/NexusForever.Network.World/Message/Model/PublicEvent/ServerPublicEventTeamMultiplier.cs","ServerPublicEventTeamMultiplier","Observed","","Decomp/Analysis/coverage/opcode_coverage_inventory.csv","Native registration and payload evidence have not yet been recorded in coverage; run a focused decompile pass before semantic use.","2026-06-11"
"TRACE-OPCSERVERSERVERPUBLICEVENTTIMEUPDATE0136","OPC-SERVER-SERVERPUBLICEVENTTIMEUPDATE-0136","WildStar64.exe","","ServerPublicEventTimeUpdate","Server opcode coverage","CoverageModelHandler","Source/NexusForever.Network.World/Message/Model/PublicEvent/ServerPublicEventTimeUpdate.cs","ServerPublicEventTimeUpdate","Observed","","Decomp/Analysis/coverage/opcode_coverage_inventory.csv","Native registration and payload evidence have not yet been recorded in coverage; run a focused decompile pass before semantic use.","2026-06-11"
"TRACE-OPCSERVERSERVERPUBLICEVENTTRIGGERUIUPDATES0700","OPC-SERVER-SERVERPUBLICEVENTTRIGGERUIUPDATES-0700","WildStar64.exe","","ServerPublicEventTriggerUiUpdates","Server opcode coverage","CoverageModelHandler","Source/NexusForever.Network.World/Message/Model/PublicEvent/ServerPublicEventTriggerUiUpdates.cs","ServerPublicEventTriggerUiUpdates","Observed","","Decomp/Analysis/coverage/opcode_coverage_inventory.csv","Native registration and payload evidence have not yet been recorded in coverage; run a focused decompile pass before semantic use.","2026-06-11"
"TRACE-OPCSERVERSERVERPUBLICEVENTUNITADD08BB","OPC-SERVER-SERVERPUBLICEVENTUNITADD-08BB","WildStar64.exe","","ServerPublicEventUnitAdd","Server opcode coverage","CoverageModelHandler","Source/NexusForever.Network.World/Message/Model/PublicEvent/ServerPublicEventUnitAdd.cs","ServerPublicEventUnitAdd","Observed","","Decomp/Analysis/coverage/opcode_coverage_inventory.csv","Native registration and payload evidence have not yet been recorded in coverage; run a focused decompile pass before semantic use.","2026-06-11"
"TRACE-OPCSERVERSERVERPUBLICEVENTUNITUPDATE08BC","OPC-SERVER-SERVERPUBLICEVENTUNITUPDATE-08BC","WildStar64.exe","","ServerPublicEventUnitUpdate","Server opcode coverage","CoverageModelHandler","Source/NexusForever.Network.World/Message/Model/PublicEvent/ServerPublicEventUnitUpdate.cs","ServerPublicEventUnitUpdate","Observed","","Decomp/Analysis/coverage/opcode_coverage_inventory.csv","Native registration and payload evidence have not yet been recorded in coverage; run a focused decompile pass before semantic use.","2026-06-11"
"TRACE-OPCSERVERSERVERPUBLICEVENTVOTEAUX06F7","OPC-SERVER-SERVERPUBLICEVENTVOTEAUX-06F7","WildStar64.exe","","ServerPublicEventVoteAux","Server opcode coverage","CoverageModelHandler","Source/NexusForever.Network.World/Message/Model/ServerClusterAuxPackets.cs","ServerPublicEventVoteAux","Correlated","","Decomp/Analysis/coverage/opcode_coverage_inventory.csv","Promote to Mapped only after native registration and payload functions are copied into this row from focused evidence.","2026-06-11"
"TRACE-OPCSERVERSERVERPUBLICEVENTVOTEEND06FD","OPC-SERVER-SERVERPUBLICEVENTVOTEEND-06FD","WildStar64.exe","","ServerPublicEventVoteEnd","Server opcode coverage","CoverageModelHandler","Source/NexusForever.Network.World/Message/Model/PublicEvent/ServerPublicEventVoteEnd.cs","ServerPublicEventVoteEnd","Observed","","Decomp/Analysis/coverage/opcode_coverage_inventory.csv","Native registration and payload evidence have not yet been recorded in coverage; run a focused decompile pass before semantic use.","2026-06-11"
"TRACE-OPCSERVERSERVERPUBLICEVENTVOTEINITIATE06F1","OPC-SERVER-SERVERPUBLICEVENTVOTEINITIATE-06F1","WildStar64.exe","","ServerPublicEventVoteInitiate","Server opcode coverage","CoverageModelHandler","Source/NexusForever.Network.World/Message/Model/PublicEvent/ServerPublicEventVoteInitiate.cs","ServerPublicEventVoteInitiate","Correlated","","Decomp/Analysis/coverage/opcode_coverage_inventory.csv","Promote to Mapped only after native registration and payload functions are copied into this row from focused evidence.","2026-06-11"
"TRACE-OPCSERVERSERVERPUBLICEVENTVOTETALLY06FF","OPC-SERVER-SERVERPUBLICEVENTVOTETALLY-06FF","WildStar64.exe","","ServerPublicEventVoteTally","Server opcode coverage","CoverageModelHandler","Source/NexusForever.Network.World/Message/Model/PublicEvent/ServerPublicEventVoteTally.cs","ServerPublicEventVoteTally","Observed","","Decomp/Analysis/coverage/opcode_coverage_inventory.csv","Native registration and payload evidence have not yet been recorded in coverage; run a focused decompile pass before semantic use.","2026-06-11"
"TRACE-OPCSERVERSERVERPVERATINGUPDATE013C","OPC-SERVER-SERVERPVERATINGUPDATE-013C","WildStar64.exe","","ServerPveRatingUpdate","Server opcode coverage","CoverageModelHandler","Source/NexusForever.Network.World/Message/Model/ServerPveRatingUpdate.cs","ServerPveRatingUpdate","Observed","","Decomp/Analysis/coverage/opcode_coverage_inventory.csv","Native registration and payload evidence have not yet been recorded in coverage; run a focused decompile pass before semantic use.","2026-06-11"
"TRACE-OPCSERVERSERVERPVPCOOLDOWNCLEAR013D","OPC-SERVER-SERVERPVPCOOLDOWNCLEAR-013D","WildStar64.exe","","ServerPvpCooldownClear","Server opcode coverage","CoverageModelHandler","Source/NexusForever.Network.World/Message/Model/Pvp/ServerPvpCooldownClear.cs","ServerPvpCooldownClear","Correlated","","Decomp/Analysis/coverage/opcode_coverage_inventory.csv","Promote to Mapped only after native registration and payload functions are copied into this row from focused evidence.","2026-06-11"
"TRACE-OPCSERVERSERVERPVPCOOLDOWNUPDATE013E","OPC-SERVER-SERVERPVPCOOLDOWNUPDATE-013E","WildStar64.exe","","ServerPvpCooldownUpdate","Server opcode coverage","CoverageModelHandler","Source/NexusForever.Network.World/Message/Model/Pvp/ServerPvpCooldownUpdate.cs","ServerPvpCooldownUpdate","Correlated","","Decomp/Analysis/coverage/opcode_coverage_inventory.csv","Promote to Mapped only after native registration and payload functions are copied into this row from focused evidence.","2026-06-11"
"TRACE-OPCSERVERSERVERPVPRATINGUPDATE0140","OPC-SERVER-SERVERPVPRATINGUPDATE-0140","WildStar64.exe","","ServerPvpRatingUpdate","Server opcode coverage","CoverageModelHandler","Source/NexusForever.Network.World/Message/Model/ServerPvpRatingUpdate.cs","ServerPvpRatingUpdate","Observed","","Decomp/Analysis/coverage/opcode_coverage_inventory.csv","Native registration and payload evidence have not yet been recorded in coverage; run a focused decompile pass before semantic use.","2026-06-11"
"TRACE-OPCSERVERSERVERQUESTCONTRACTGOODQUALITYCHANGED0252","OPC-SERVER-SERVERQUESTCONTRACTGOODQUALITYCHANGED-0252","WildStar64.exe","","ServerQuestContractGoodQualityChanged","Server opcode coverage","CoverageModelHandler","Source/NexusForever.Network.World/Message/Model/ServerQuestContractGoodQualityChanged.cs","ServerQuestContractGoodQualityChanged","Observed","","Decomp/Analysis/coverage/opcode_coverage_inventory.csv","Native registration and payload evidence have not yet been recorded in coverage; run a focused decompile pass before semantic use.","2026-06-11"
"TRACE-OPCSERVERSERVERQUESTINIT035F","OPC-SERVER-SERVERQUESTINIT-035F","WildStar64.exe","","ServerQuestInit","Server opcode coverage","CoverageModelHandler","Source/NexusForever.Network.World/Message/Model/ServerQuestInit.cs","ServerQuestInit","Correlated","","Decomp/Analysis/coverage/opcode_coverage_inventory.csv","Promote to Mapped only after native registration and payload functions are copied into this row from focused evidence.","2026-06-11"
"TRACE-OPCSERVERSERVERQUESTLUAEVENT0359","OPC-SERVER-SERVERQUESTLUAEVENT-0359","WildStar64.exe","","ServerQuestLuaEvent","Server opcode coverage","CoverageModelHandler","Source/NexusForever.Network.World/Message/Model/ServerQuestLuaEvent.cs","ServerQuestLuaEvent","Correlated","","Decomp/Analysis/coverage/opcode_coverage_inventory.csv","Promote to Mapped only after native registration and payload functions are copied into this row from focused evidence.","2026-06-11"
"TRACE-OPCSERVERSERVERQUESTOBJECTIVEUPDATE0361","OPC-SERVER-SERVERQUESTOBJECTIVEUPDATE-0361","WildStar64.exe","","ServerQuestObjectiveUpdate","Server opcode coverage","CoverageModelHandler","Source/NexusForever.Network.World/Message/Model/ServerQuestObjectiveUpdate.cs","ServerQuestObjectiveUpdate","Correlated","","Decomp/Analysis/coverage/opcode_coverage_inventory.csv","Promote to Mapped only after native registration and payload functions are copied into this row from focused evidence.","2026-06-11"
"TRACE-OPCSERVERSERVERQUESTOBJECTIVEWORLDLOCATION012C","OPC-SERVER-SERVERQUESTOBJECTIVEWORLDLOCATION-012C","WildStar64.exe","","ServerQuestObjectiveWorldLocation","Server opcode coverage","CoverageModelHandler","Source/NexusForever.Network.World/Message/Model/ServerQuestObjectiveWorldLocation.cs","ServerQuestObjectiveWorldLocation","Observed","","Decomp/Analysis/coverage/opcode_coverage_inventory.csv","Native registration and payload evidence have not yet been recorded in coverage; run a focused decompile pass before semantic use.","2026-06-11"
"TRACE-OPCSERVERSERVERQUESTPERIODICRESET0362","OPC-SERVER-SERVERQUESTPERIODICRESET-0362","WildStar64.exe","","ServerQuestPeriodicReset","Server opcode coverage","CoverageModelHandler","Source/NexusForever.Network.World/Message/Model/ServerQuestPeriodicReset.cs","ServerQuestPeriodicReset","Observed","","Decomp/Analysis/coverage/opcode_coverage_inventory.csv","Native registration and payload evidence have not yet been recorded in coverage; run a focused decompile pass before semantic use.","2026-06-11"
"TRACE-OPCSERVERSERVERQUESTSHARED0363","OPC-SERVER-SERVERQUESTSHARED-0363","WildStar64.exe","","ServerQuestShared","Server opcode coverage","CoverageModelHandler","Source/NexusForever.Network.World/Message/Model/ServerQuestShared.cs","ServerQuestShared","Observed","","Decomp/Analysis/coverage/opcode_coverage_inventory.csv","Native registration and payload evidence have not yet been recorded in coverage; run a focused decompile pass before semantic use.","2026-06-11"
"TRACE-OPCSERVERSERVERQUESTSHARERESULT0461","OPC-SERVER-SERVERQUESTSHARERESULT-0461","WildStar64.exe","","ServerQuestShareResult","Server opcode coverage","CoverageModelHandler","Source/NexusForever.Network.World/Message/Model/ServerQuestShareResult.cs","ServerQuestShareResult","Correlated","","Decomp/Analysis/coverage/opcode_coverage_inventory.csv","Promote to Mapped only after native registration and payload functions are copied into this row from focused evidence.","2026-06-11"
"TRACE-OPCSERVERSERVERQUESTSPELLSHORTCUT0176","OPC-SERVER-SERVERQUESTSPELLSHORTCUT-0176","WildStar64.exe","","ServerQuestSpellShortcut","Server opcode coverage","CoverageModelHandler","Source/NexusForever.Network.World/Message/Model/ServerQuestSpellShortcut.cs","ServerQuestSpellShortcut","Observed","","Decomp/Analysis/coverage/opcode_coverage_inventory.csv","Native registration and payload evidence have not yet been recorded in coverage; run a focused decompile pass before semantic use.","2026-06-11"
"TRACE-OPCSERVERSERVERQUESTSTATECHANGE035C","OPC-SERVER-SERVERQUESTSTATECHANGE-035C","WildStar64.exe","","ServerQuestStateChange","Server opcode coverage","CoverageModelHandler","Source/NexusForever.Network.World/Message/Model/ServerQuestStateChange.cs","ServerQuestStateChange","Correlated","","Decomp/Analysis/coverage/opcode_coverage_inventory.csv","Promote to Mapped only after native registration and payload functions are copied into this row from focused evidence.","2026-06-11"
"TRACE-OPCSERVERSERVERQUEUEFINISH0715","OPC-SERVER-SERVERQUEUEFINISH-0715","WildStar64.exe","","ServerQueueFinish","Server opcode coverage","CoverageModelHandler","Source/NexusForever.Network.World/Message/Model/Pregame/ServerQueueFinish.cs","ServerQueueFinish","Observed","","Decomp/Analysis/coverage/opcode_coverage_inventory.csv","Native registration and payload evidence have not yet been recorded in coverage; run a focused decompile pass before semantic use.","2026-06-11"
"TRACE-OPCSERVERSERVERQUEUESTATUS0717","OPC-SERVER-SERVERQUEUESTATUS-0717","WildStar64.exe","","ServerQueueStatus","Server opcode coverage","CoverageModelHandler","Source/NexusForever.Network.World/Message/Model/Pregame/ServerQueueStatus.cs","ServerQueueStatus","Observed","","Decomp/Analysis/coverage/opcode_coverage_inventory.csv","Native registration and payload evidence have not yet been recorded in coverage; run a focused decompile pass before semantic use.","2026-06-11"
"TRACE-OPCSERVERSERVERRAIDINFORESPONSE071A","OPC-SERVER-SERVERRAIDINFORESPONSE-071A","WildStar64.exe","","ServerRaidInfoResponse","Server opcode coverage","CoverageModelHandler","Source/NexusForever.Network.World/Message/Model/Instance/ServerRaidInfoResponse.cs","ServerRaidInfoResponse","Observed","","Decomp/Analysis/coverage/opcode_coverage_inventory.csv","Native registration and payload evidence have not yet been recorded in coverage; run a focused decompile pass before semantic use.","2026-06-11"
"TRACE-OPCSERVERSERVERRAIDQUEUESTATUS0718","OPC-SERVER-SERVERRAIDQUEUESTATUS-0718","WildStar64.exe","","ServerRaidQueueStatus","Server opcode coverage","CoverageModelHandler","Source/NexusForever.Network.World/Message/Model/ServerRaidQueueStatus.cs","ServerRaidQueueStatus","Correlated","","Decomp/Analysis/coverage/opcode_coverage_inventory.csv","Promote to Mapped only after native registration and payload functions are copied into this row from focused evidence.","2026-06-11"
"TRACE-OPCSERVERSERVERRANDOMROLLRESPONSE071C","OPC-SERVER-SERVERRANDOMROLLRESPONSE-071C","WildStar64.exe","","ServerRandomRollResponse","Server opcode coverage","CoverageModelHandler","Source/NexusForever.Network.World/Message/Model/Utility/ServerRandomRollResponse.cs","ServerRandomRollResponse","Observed","","Decomp/Analysis/coverage/opcode_coverage_inventory.csv","Native registration and payload evidence have not yet been recorded in coverage; run a focused decompile pass before semantic use.","2026-06-11"
"TRACE-OPCSERVERSERVERREALMAUXUINT32TRIPLETLIST05A1","OPC-SERVER-SERVERREALMAUXUINT32TRIPLETLIST-05A1","WildStar64.exe","","ServerRealmAuxUInt32TripletList","Server opcode coverage","CoverageModelHandler","Source/NexusForever.Network.World/Message/Model/Pregame/ServerRealmAuxUInt32TripletList.cs","ServerRealmAuxUInt32TripletList","Correlated","","Decomp/Analysis/coverage/opcode_coverage_inventory.csv","Promote to Mapped only after native registration and payload functions are copied into this row from focused evidence.","2026-06-11"
"TRACE-OPCSERVERSERVERREALMBROADCAST03E1","OPC-SERVER-SERVERREALMBROADCAST-03E1","WildStar64.exe","","ServerRealmBroadcast","Server opcode coverage","CoverageModelHandler","Source/NexusForever.Network.World/Message/Model/ServerRealmBroadcast.cs","ServerRealmBroadcast","Observed","","Decomp/Analysis/coverage/opcode_coverage_inventory.csv","Native registration and payload evidence have not yet been recorded in coverage; run a focused decompile pass before semantic use.","2026-06-11"
"TRACE-OPCSERVERSERVERREALMENCRYPTED03DC","OPC-SERVER-SERVERREALMENCRYPTED-03DC","WildStar64.exe","","ServerRealmEncrypted","Server opcode coverage","CoverageModelHandler","Source/NexusForever.Network.World/Message/Model/ServerRealmEncrypted.cs","ServerRealmEncrypted","Observed","","Decomp/Analysis/coverage/opcode_coverage_inventory.csv","Native registration and payload evidence have not yet been recorded in coverage; run a focused decompile pass before semantic use.","2026-06-11"
"TRACE-OPCSERVERSERVERREALMFIRSTACHIEVEMENT075F","OPC-SERVER-SERVERREALMFIRSTACHIEVEMENT-075F","WildStar64.exe","","ServerRealmFirstAchievement","Server opcode coverage","CoverageModelHandler","Source/NexusForever.Network.World/Message/Model/Achievement/ServerRealmFirstAchievement.cs","ServerRealmFirstAchievement","Observed","","Decomp/Analysis/coverage/opcode_coverage_inventory.csv","Native registration and payload evidence have not yet been recorded in coverage; run a focused decompile pass before semantic use.","2026-06-11"
"TRACE-OPCSERVERSERVERREALMINFO03DB","OPC-SERVER-SERVERREALMINFO-03DB","WildStar64.exe","","ServerRealmInfo","Server opcode coverage","CoverageModelHandler","Source/NexusForever.Network.Auth/Message/Model/ServerRealmInfo.cs","ServerRealmInfo","Observed","","Decomp/Analysis/coverage/opcode_coverage_inventory.csv","Native registration and payload evidence have not yet been recorded in coverage; run a focused decompile pass before semantic use.","2026-06-11"
"TRACE-OPCSERVERSERVERREALMINFORESPONSE059D","OPC-SERVER-SERVERREALMINFORESPONSE-059D","WildStar64.exe","","ServerRealmInfoResponse","Server opcode coverage","CoverageModelHandler","Source/NexusForever.Network.World/Message/Model/Info/ServerRealmInfoResponse.cs","ServerRealmInfoResponse","Observed","","Decomp/Analysis/coverage/opcode_coverage_inventory.csv","Native registration and payload evidence have not yet been recorded in coverage; run a focused decompile pass before semantic use.","2026-06-11"
"TRACE-OPCSERVERSERVERREALMLIST0761","OPC-SERVER-SERVERREALMLIST-0761","WildStar64.exe","","ServerRealmList","Server opcode coverage","CoverageModelHandler","Source/NexusForever.Network.World/Message/Model/Pregame/ServerRealmList.cs","ServerRealmList","Observed","","Decomp/Analysis/coverage/opcode_coverage_inventory.csv","Native registration and payload evidence have not yet been recorded in coverage; run a focused decompile pass before semantic use.","2026-06-11"
"TRACE-OPCSERVERSERVERREALMMESSAGES0763","OPC-SERVER-SERVERREALMMESSAGES-0763","WildStar64.exe","","ServerRealmMessages","Server opcode coverage","CoverageModelHandler","Source/NexusForever.Network.Auth/Message/Model/ServerRealmMessages.cs","ServerRealmMessages","Observed","","Decomp/Analysis/coverage/opcode_coverage_inventory.csv","Native registration and payload evidence have not yet been recorded in coverage; run a focused decompile pass before semantic use.","2026-06-11"
"TRACE-OPCSERVERSERVERREALMTRANSFERDESTINATIONSAUX03EF","OPC-SERVER-SERVERREALMTRANSFERDESTINATIONSAUX-03EF","WildStar64.exe","","ServerRealmTransferDestinationsAux","Server opcode coverage","CoverageModelHandler","Source/NexusForever.Network.World/Message/Model/ServerClusterAuxPackets.cs","ServerRealmTransferDestinationsAux","Correlated","","Decomp/Analysis/coverage/opcode_coverage_inventory.csv","Promote to Mapped only after native registration and payload functions are copied into this row from focused evidence.","2026-06-11"
"TRACE-OPCSERVERSERVERREALMTRANSFERRESULT0765","OPC-SERVER-SERVERREALMTRANSFERRESULT-0765","WildStar64.exe","","ServerRealmTransferResult","Server opcode coverage","CoverageModelHandler","Source/NexusForever.Network.World/Message/Model/Pregame/ServerRealmTransferResult.cs","ServerRealmTransferResult","Observed","","Decomp/Analysis/coverage/opcode_coverage_inventory.csv","Native registration and payload evidence have not yet been recorded in coverage; run a focused decompile pass before semantic use.","2026-06-11"
"TRACE-OPCSERVERSERVERRECRUITMENTAUXUINT32LIST077E","OPC-SERVER-SERVERRECRUITMENTAUXUINT32LIST-077E","WildStar64.exe","","ServerRecruitmentAuxUInt32List","Server opcode coverage","CoverageModelHandler","Source/NexusForever.Network.World/Message/Model/ServerClusterAuxPackets.cs","ServerRecruitmentAuxUInt32List","Correlated","","Decomp/Analysis/coverage/opcode_coverage_inventory.csv","Promote to Mapped only after native registration and payload functions are copied into this row from focused evidence.","2026-06-11"
"TRACE-OPCSERVERSERVERRECRUITMENTGUILDDEMANDS0768","OPC-SERVER-SERVERRECRUITMENTGUILDDEMANDS-0768","WildStar64.exe","","ServerRecruitmentGuildDemands","Server opcode coverage","CoverageModelHandler","Source/NexusForever.Network.World/Message/Model/Guild/ServerRecruitmentGuildDemands.cs","ServerRecruitmentGuildDemands","Observed","","Decomp/Analysis/coverage/opcode_coverage_inventory.csv","Native registration and payload evidence have not yet been recorded in coverage; run a focused decompile pass before semantic use.","2026-06-11"
"TRACE-OPCSERVERSERVERRECRUITMENTGUILDDESCRIPTION0769","OPC-SERVER-SERVERRECRUITMENTGUILDDESCRIPTION-0769","WildStar64.exe","","ServerRecruitmentGuildDescription","Server opcode coverage","CoverageModelHandler","Source/NexusForever.Network.World/Message/Model/Guild/ServerRecruitmentGuildDescription.cs","ServerRecruitmentGuildDescription","Observed","","Decomp/Analysis/coverage/opcode_coverage_inventory.csv","Native registration and payload evidence have not yet been recorded in coverage; run a focused decompile pass before semantic use.","2026-06-11"
"TRACE-OPCSERVERSERVERRECRUITMENTGUILDDETAILS076A","OPC-SERVER-SERVERRECRUITMENTGUILDDETAILS-076A","WildStar64.exe","","ServerRecruitmentGuildDetails","Server opcode coverage","CoverageModelHandler","Source/NexusForever.Network.World/Message/Model/Guild/ServerRecruitmentGuildDetails.cs","ServerRecruitmentGuildDetails","Observed","","Decomp/Analysis/coverage/opcode_coverage_inventory.csv","Native registration and payload evidence have not yet been recorded in coverage; run a focused decompile pass before semantic use.","2026-06-11"
"TRACE-OPCSERVERSERVERRECRUITMENTGUILDMINLEVEL076C","OPC-SERVER-SERVERRECRUITMENTGUILDMINLEVEL-076C","WildStar64.exe","","ServerRecruitmentGuildMinLevel","Server opcode coverage","CoverageModelHandler","Source/NexusForever.Network.World/Message/Model/Guild/ServerRecruitmentGuildMinLevel.cs","ServerRecruitmentGuildMinLevel","Observed","","Decomp/Analysis/coverage/opcode_coverage_inventory.csv","Native registration and payload evidence have not yet been recorded in coverage; run a focused decompile pass before semantic use.","2026-06-11"
"TRACE-OPCSERVERSERVERRECRUITMENTGUILDSLIST0767","OPC-SERVER-SERVERRECRUITMENTGUILDSLIST-0767","WildStar64.exe","","ServerRecruitmentGuildsList","Server opcode coverage","CoverageModelHandler","Source/NexusForever.Network.World/Message/Model/Guild/ServerRecruitmentGuildsList.cs","ServerRecruitmentGuildsList","Observed","","Decomp/Analysis/coverage/opcode_coverage_inventory.csv","Native registration and payload evidence have not yet been recorded in coverage; run a focused decompile pass before semantic use.","2026-06-11"
"TRACE-OPCSERVERSERVERRECRUITMENTGUILDSRECRUITERS076D","OPC-SERVER-SERVERRECRUITMENTGUILDSRECRUITERS-076D","WildStar64.exe","","ServerRecruitmentGuildsRecruiters","Server opcode coverage","CoverageModelHandler","Source/NexusForever.Network.World/Message/Model/Guild/ServerRecruitmentGuildsRecruiters.cs","ServerRecruitmentGuildsRecruiters","Observed","","Decomp/Analysis/coverage/opcode_coverage_inventory.csv","Native registration and payload evidence have not yet been recorded in coverage; run a focused decompile pass before semantic use.","2026-06-11"
"TRACE-OPCSERVERSERVERRECRUITMENTGUILDSUPDATE076B","OPC-SERVER-SERVERRECRUITMENTGUILDSUPDATE-076B","WildStar64.exe","","ServerRecruitmentGuildsUpdate","Server opcode coverage","CoverageModelHandler","Source/NexusForever.Network.World/Message/Model/Guild/ServerRecruitmentGuildsUpdate.cs","ServerRecruitmentGuildsUpdate","Observed","","Decomp/Analysis/coverage/opcode_coverage_inventory.csv","Native registration and payload evidence have not yet been recorded in coverage; run a focused decompile pass before semantic use.","2026-06-11"
"TRACE-OPCSERVERSERVERREPUTATIONAUXUINT14UINT3201A9","OPC-SERVER-SERVERREPUTATIONAUXUINT14UINT32-01A9","WildStar64.exe","","ServerReputationAuxUInt14UInt32","Server opcode coverage","CoverageModelHandler","Source/NexusForever.Network.World/Message/Model/ServerClusterAuxPackets.cs","ServerReputationAuxUInt14UInt32","Correlated","","Decomp/Analysis/coverage/opcode_coverage_inventory.csv","Promote to Mapped only after native registration and payload functions are copied into this row from focused evidence.","2026-06-11"
"TRACE-OPCSERVERSERVERREPUTATIONAUXUINT3201A6","OPC-SERVER-SERVERREPUTATIONAUXUINT32-01A6","WildStar64.exe","","ServerReputationAuxUInt32","Server opcode coverage","CoverageModelHandler","Source/NexusForever.Network.World/Message/Model/ServerClusterAuxPackets.cs","ServerReputationAuxUInt32","Correlated","","Decomp/Analysis/coverage/opcode_coverage_inventory.csv","Promote to Mapped only after native registration and payload functions are copied into this row from focused evidence.","2026-06-11"
"TRACE-OPCSERVERSERVERREPUTATIONAUXUINT64UINT3201A7","OPC-SERVER-SERVERREPUTATIONAUXUINT64UINT32-01A7","WildStar64.exe","","ServerReputationAuxUInt64UInt32","Server opcode coverage","CoverageModelHandler","Source/NexusForever.Network.World/Message/Model/ServerClusterAuxPackets.cs","ServerReputationAuxUInt64UInt32","Correlated","","Decomp/Analysis/coverage/opcode_coverage_inventory.csv","Promote to Mapped only after native registration and payload functions are copied into this row from focused evidence.","2026-06-11"
"TRACE-OPCSERVERSERVERREPUTATIONAUXUINT64UINT32ALT01A8","OPC-SERVER-SERVERREPUTATIONAUXUINT64UINT32ALT-01A8","WildStar64.exe","","ServerReputationAuxUInt64UInt32Alt","Server opcode coverage","CoverageModelHandler","Source/NexusForever.Network.World/Message/Model/ServerClusterAuxPackets.cs","ServerReputationAuxUInt64UInt32Alt","Correlated","","Decomp/Analysis/coverage/opcode_coverage_inventory.csv","Promote to Mapped only after native registration and payload functions are copied into this row from focused evidence.","2026-06-11"
"TRACE-OPCSERVERSERVERREPUTATIONOVERRIDEADD08D7","OPC-SERVER-SERVERREPUTATIONOVERRIDEADD-08D7","WildStar64.exe","","ServerReputationOverrideAdd","Server opcode coverage","CoverageModelHandler","Source/NexusForever.Network.World/Message/Model/Reputation/ServerReputationOverrideAdd.cs","ServerReputationOverrideAdd","Observed","","Decomp/Analysis/coverage/opcode_coverage_inventory.csv","Native registration and payload evidence have not yet been recorded in coverage; run a focused decompile pass before semantic use.","2026-06-11"
"TRACE-OPCSERVERSERVERREPUTATIONOVERRIDEREMOVE0885","OPC-SERVER-SERVERREPUTATIONOVERRIDEREMOVE-0885","WildStar64.exe","","ServerReputationOverrideRemove","Server opcode coverage","CoverageModelHandler","Source/NexusForever.Network.World/Message/Model/Reputation/ServerReputationOverrideRemove.cs","ServerReputationOverrideRemove","Observed","","Decomp/Analysis/coverage/opcode_coverage_inventory.csv","Native registration and payload evidence have not yet been recorded in coverage; run a focused decompile pass before semantic use.","2026-06-11"
"TRACE-OPCSERVERSERVERREPUTATIONUPDATE01A5","OPC-SERVER-SERVERREPUTATIONUPDATE-01A5","WildStar64.exe","","ServerReputationUpdate","Server opcode coverage","CoverageModelHandler","Source/NexusForever.Network.World/Message/Model/Reputation/ServerReputationUpdate.cs","ServerReputationUpdate","Observed","","Decomp/Analysis/coverage/opcode_coverage_inventory.csv","Native registration and payload evidence have not yet been recorded in coverage; run a focused decompile pass before semantic use.","2026-06-11"
"TRACE-OPCSERVERSERVERRESURRECTIONAUXEMPTY0101","OPC-SERVER-SERVERRESURRECTIONAUXEMPTY-0101","WildStar64.exe","","ServerResurrectionAuxEmpty","Server opcode coverage","CoverageModelHandler","Source/NexusForever.Network.World/Message/Model/ServerClusterAuxPackets.cs","ServerResurrectionAuxEmpty","Correlated","","Decomp/Analysis/coverage/opcode_coverage_inventory.csv","Promote to Mapped only after native registration and payload functions are copied into this row from focused evidence.","2026-06-11"
"TRACE-OPCSERVERSERVERRESURRECTIONSHOW01B3","OPC-SERVER-SERVERRESURRECTIONSHOW-01B3","WildStar64.exe","","ServerResurrectionShow","Server opcode coverage","CoverageModelHandler","Source/NexusForever.Network.World/Message/Model/ServerResurrectionShow.cs","ServerResurrectionShow","Observed","","Decomp/Analysis/coverage/opcode_coverage_inventory.csv","Native registration and payload evidence have not yet been recorded in coverage; run a focused decompile pass before semantic use.","2026-06-11"
"TRACE-OPCSERVERSERVERRESURRECTIONSTATE0100","OPC-SERVER-SERVERRESURRECTIONSTATE-0100","WildStar64.exe","","ServerResurrectionState","Server opcode coverage","CoverageModelHandler","Source/NexusForever.Network.World/Message/Model/ServerResurrectionState.cs","ServerResurrectionState","Observed","","Decomp/Analysis/coverage/opcode_coverage_inventory.csv","Native registration and payload evidence have not yet been recorded in coverage; run a focused decompile pass before semantic use.","2026-06-11"
"TRACE-OPCSERVERSERVERRESURRECTIONUPDATE01AB","OPC-SERVER-SERVERRESURRECTIONUPDATE-01AB","WildStar64.exe","","ServerResurrectionUpdate","Server opcode coverage","CoverageModelHandler","Source/NexusForever.Network.World/Message/Model/ServerResurrectionUpdate.cs","ServerResurrectionUpdate","Observed","","Decomp/Analysis/coverage/opcode_coverage_inventory.csv","Native registration and payload evidence have not yet been recorded in coverage; run a focused decompile pass before semantic use.","2026-06-11"
"TRACE-OPCSERVERSERVERRESURRECTREQUEST015B","OPC-SERVER-SERVERRESURRECTREQUEST-015B","WildStar64.exe","","ServerResurrectRequest","Server opcode coverage","CoverageModelHandler","Source/NexusForever.Network.World/Message/Model/ServerResurrectRequest.cs","ServerResurrectRequest","Observed","","Decomp/Analysis/coverage/opcode_coverage_inventory.csv","Native registration and payload evidence have not yet been recorded in coverage; run a focused decompile pass before semantic use.","2026-06-11"
"TRACE-OPCSERVERSERVERREWARDPROPERTYSET092C","OPC-SERVER-SERVERREWARDPROPERTYSET-092C","WildStar64.exe","","ServerRewardPropertySet","Server opcode coverage","CoverageModelHandler","Source/NexusForever.Network.World/Message/Model/ServerRewardPropertySet.cs","ServerRewardPropertySet","Correlated","","Decomp/Analysis/coverage/opcode_coverage_inventory.csv","Promote to Mapped only after native registration and payload functions are copied into this row from focused evidence.","2026-06-11"
"TRACE-OPCSERVERSERVERREWARDROTATIONCONTENTCONTEXT07CD","OPC-SERVER-SERVERREWARDROTATIONCONTENTCONTEXT-07CD","WildStar64.exe","","ServerRewardRotationContentContext","Server opcode coverage","CoverageModelHandler","Source/NexusForever.Network.World/Message/Model/ServerRewardRotationContentContext.cs","ServerRewardRotationContentContext","Correlated","","Decomp/Analysis/coverage/opcode_coverage_inventory.csv","Promote to Mapped only after native registration and payload functions are copied into this row from focused evidence.","2026-06-11"
"TRACE-OPCSERVERSERVERREWARDROTATIONCONTENTCONTEXTARRAY07D3","OPC-SERVER-SERVERREWARDROTATIONCONTENTCONTEXTARRAY-07D3","WildStar64.exe","","ServerRewardRotationContentContextArray","Server opcode coverage","CoverageModelHandler","Source/NexusForever.Network.World/Message/Model/ServerRewardRotationContentContextArray.cs","ServerRewardRotationContentContextArray","Correlated","","Decomp/Analysis/coverage/opcode_coverage_inventory.csv","Promote to Mapped only after native registration and payload functions are copied into this row from focused evidence.","2026-06-11"
"TRACE-OPCSERVERSERVERREWARDROTATIONENTRYSTATEARRAY07C8","OPC-SERVER-SERVERREWARDROTATIONENTRYSTATEARRAY-07C8","WildStar64.exe","","ServerRewardRotationEntryStateArray","Server opcode coverage","CoverageModelHandler","Source/NexusForever.Network.World/Message/Model/ServerRewardRotationEntryStateArray.cs","ServerRewardRotationEntryStateArray","Observed","","Decomp/Analysis/coverage/opcode_coverage_inventory.csv","Native registration and payload evidence have not yet been recorded in coverage; run a focused decompile pass before semantic use.","2026-06-11"
"TRACE-OPCSERVERSERVERREWARDROTATIONENTRYSTATEREMOVE07CB","OPC-SERVER-SERVERREWARDROTATIONENTRYSTATEREMOVE-07CB","WildStar64.exe","","ServerRewardRotationEntryStateRemove","Server opcode coverage","CoverageModelHandler","Source/NexusForever.Network.World/Message/Model/ServerRewardRotationEntryStateRemove.cs","ServerRewardRotationEntryStateRemove","Correlated","","Decomp/Analysis/coverage/opcode_coverage_inventory.csv","Promote to Mapped only after native registration and payload functions are copied into this row from focused evidence.","2026-06-11"
"TRACE-OPCSERVERSERVERREWARDROTATIONENTRYSTATEUPDATE07C9","OPC-SERVER-SERVERREWARDROTATIONENTRYSTATEUPDATE-07C9","WildStar64.exe","","ServerRewardRotationEntryStateUpdate","Server opcode coverage","CoverageModelHandler","Source/NexusForever.Network.World/Message/Model/ServerRewardRotationEntryStateUpdate.cs","ServerRewardRotationEntryStateUpdate","Correlated","","Decomp/Analysis/coverage/opcode_coverage_inventory.csv","Promote to Mapped only after native registration and payload functions are copied into this row from focused evidence.","2026-06-11"
"TRACE-OPCSERVERSERVERREWARDROTATIONENTRYSTATEUPSERT07C7","OPC-SERVER-SERVERREWARDROTATIONENTRYSTATEUPSERT-07C7","WildStar64.exe","","ServerRewardRotationEntryStateUpsert","Server opcode coverage","CoverageModelHandler","Source/NexusForever.Network.World/Message/Model/ServerRewardRotationEntryStateUpsert.cs","ServerRewardRotationEntryStateUpsert","Correlated","","Decomp/Analysis/coverage/opcode_coverage_inventory.csv","Promote to Mapped only after native registration and payload functions are copied into this row from focused evidence.","2026-06-11"
"TRACE-OPCSERVERSERVERREWARDROTATIONSCHEDULEARRAY07CA","OPC-SERVER-SERVERREWARDROTATIONSCHEDULEARRAY-07CA","WildStar64.exe","","ServerRewardRotationScheduleArray","Server opcode coverage","CoverageModelHandler","Source/NexusForever.Network.World/Message/Model/ServerRewardRotationScheduleArray.cs","ServerRewardRotationScheduleArray","Observed","","Decomp/Analysis/coverage/opcode_coverage_inventory.csv","Native registration and payload evidence have not yet been recorded in coverage; run a focused decompile pass before semantic use.","2026-06-11"
"TRACE-OPCSERVERSERVERSCHEMATICADDLEARNED085F","OPC-SERVER-SERVERSCHEMATICADDLEARNED-085F","WildStar64.exe","","ServerSchematicAddLearned","Server opcode coverage","CoverageModelHandler","Source/NexusForever.Network.World/Message/Model/Crafting/ServerSchematicAddLearned.cs","ServerSchematicAddLearned","Observed","","Decomp/Analysis/coverage/opcode_coverage_inventory.csv","Native registration and payload evidence have not yet been recorded in coverage; run a focused decompile pass before semantic use.","2026-06-11"
"TRACE-OPCSERVERSERVERSCHEMATICREMOVELEARNED085E","OPC-SERVER-SERVERSCHEMATICREMOVELEARNED-085E","WildStar64.exe","","ServerSchematicRemoveLearned","Server opcode coverage","CoverageModelHandler","Source/NexusForever.Network.World/Message/Model/Crafting/ServerSchematicRemoveLearned.cs","ServerSchematicRemoveLearned","Observed","","Decomp/Analysis/coverage/opcode_coverage_inventory.csv","Native registration and payload evidence have not yet been recorded in coverage; run a focused decompile pass before semantic use.","2026-06-11"
"TRACE-OPCSERVERSERVERSETUNITPATHTYPE08B8","OPC-SERVER-SERVERSETUNITPATHTYPE-08B8","WildStar64.exe","","ServerSetUnitPathType","Server opcode coverage","CoverageModelHandler","Source/NexusForever.Network.World/Message/Model/ServerSetUnitPath.cs","ServerSetUnitPathType","Observed","","Decomp/Analysis/coverage/opcode_coverage_inventory.csv","Native registration and payload evidence have not yet been recorded in coverage; run a focused decompile pass before semantic use.","2026-06-11"
"TRACE-OPCSERVERSERVERSHOWINSTANCEGAMEMODEDIALOG0164","OPC-SERVER-SERVERSHOWINSTANCEGAMEMODEDIALOG-0164","WildStar64.exe","","ServerShowInstanceGameModeDialog","Server opcode coverage","CoverageModelHandler","Source/NexusForever.Network.World/Message/Model/Instance/ServerShowInstanceGameModeDialog.cs","ServerShowInstanceGameModeDialog","Observed","","Decomp/Analysis/coverage/opcode_coverage_inventory.csv","Native registration and payload evidence have not yet been recorded in coverage; run a focused decompile pass before semantic use.","2026-06-11"
"TRACE-OPCSERVERSERVERSHOWINSTANCERESTRICTEDDIALOG0158","OPC-SERVER-SERVERSHOWINSTANCERESTRICTEDDIALOG-0158","WildStar64.exe","","ServerShowInstanceRestrictedDialog","Server opcode coverage","CoverageModelHandler","Source/NexusForever.Network.World/Message/Model/Instance/ServerShowInstanceRestrictedDialog.cs","ServerShowInstanceRestrictedDialog","Observed","","Decomp/Analysis/coverage/opcode_coverage_inventory.csv","Native registration and payload evidence have not yet been recorded in coverage; run a focused decompile pass before semantic use.","2026-06-11"
"TRACE-OPCSERVERSERVERSOUNDTRIGGER0178","OPC-SERVER-SERVERSOUNDTRIGGER-0178","WildStar64.exe","","ServerSoundTrigger","Server opcode coverage","CoverageModelHandler","Source/NexusForever.Network.World/Message/Model/ServerSoundTrigger.cs","ServerSoundTrigger","Observed","","Decomp/Analysis/coverage/opcode_coverage_inventory.csv","Native registration and payload evidence have not yet been recorded in coverage; run a focused decompile pass before semantic use.","2026-06-11"
"TRACE-OPCSERVERSERVERSPECCHANGED0175","OPC-SERVER-SERVERSPECCHANGED-0175","WildStar64.exe","","ServerSpecChanged","Server opcode coverage","CoverageModelHandler","Source/NexusForever.Network.World/Message/Model/Abilities/ServerSpecChanged.cs","ServerSpecChanged","Observed","","Decomp/Analysis/coverage/opcode_coverage_inventory.csv","Native registration and payload evidence have not yet been recorded in coverage; run a focused decompile pass before semantic use.","2026-06-11"
"TRACE-OPCSERVERSERVERSPELLABILITYCHARGES0914","OPC-SERVER-SERVERSPELLABILITYCHARGES-0914","WildStar64.exe","","ServerSpellAbilityCharges","Server opcode coverage","CoverageModelHandler","Source/NexusForever.Network.World/Message/Model/ServerSpellAbilityCharges.cs","ServerSpellAbilityCharges","Observed","","Decomp/Analysis/coverage/opcode_coverage_inventory.csv","Native registration and payload evidence have not yet been recorded in coverage; run a focused decompile pass before semantic use.","2026-06-11"
"TRACE-OPCSERVERSERVERSPELLBUFFREMOVE0813","OPC-SERVER-SERVERSPELLBUFFREMOVE-0813","WildStar64.exe","","ServerSpellBuffRemove","Server opcode coverage","CoverageModelHandler","Source/NexusForever.Network.World/Message/Model/ServerSpellBuffRemove.cs","ServerSpellBuffRemove","Observed","","Decomp/Analysis/coverage/opcode_coverage_inventory.csv","Native registration and payload evidence have not yet been recorded in coverage; run a focused decompile pass before semantic use.","2026-06-11"
"TRACE-OPCSERVERSERVERSPELLCASTCANCEL07F9","OPC-SERVER-SERVERSPELLCASTCANCEL-07F9","WildStar64.exe","","ServerSpellCastCancel","Server opcode coverage","CoverageModelHandler","Source/NexusForever.Network.World/Message/Model/ServerSpellCastCancel.cs","ServerSpellCastCancel","Correlated","","Decomp/Analysis/coverage/opcode_coverage_inventory.csv","Promote to Mapped only after native registration and payload functions are copied into this row from focused evidence.","2026-06-11"
"TRACE-OPCSERVERSERVERSPELLCASTPOSITIONSYNC07FD","OPC-SERVER-SERVERSPELLCASTPOSITIONSYNC-07FD","WildStar64.exe","","ServerSpellCastPositionSync","Server opcode coverage","CoverageModelHandler","Source/NexusForever.Network.World/Message/Model/ServerSpellCastPositionSync.cs","ServerSpellCastPositionSync","Correlated","","Decomp/Analysis/coverage/opcode_coverage_inventory.csv","Promote to Mapped only after native registration and payload functions are copied into this row from focused evidence.","2026-06-11"
"TRACE-OPCSERVERSERVERSPELLCASTRESULT07FC","OPC-SERVER-SERVERSPELLCASTRESULT-07FC","WildStar64.exe","","ServerSpellCastResult","Server opcode coverage","CoverageModelHandler","Source/NexusForever.Network.World/Message/Model/ServerSpellCastResult.cs","ServerSpellCastResult","Observed","","Decomp/Analysis/coverage/opcode_coverage_inventory.csv","Native registration and payload evidence have not yet been recorded in coverage; run a focused decompile pass before semantic use.","2026-06-11"
"TRACE-OPCSERVERSERVERSPELLCASTTARGETLIST0811","OPC-SERVER-SERVERSPELLCASTTARGETLIST-0811","WildStar64.exe","","ServerSpellCastTargetList","Server opcode coverage","CoverageModelHandler","Source/NexusForever.Network.World/Message/Model/ServerSpellCastTargetList.cs","ServerSpellCastTargetList","Correlated","","Decomp/Analysis/coverage/opcode_coverage_inventory.csv","Promote to Mapped only after native registration and payload functions are copied into this row from focused evidence.","2026-06-11"
"TRACE-OPCSERVERSERVERSPELLCASTTARGETREPORT07FB","OPC-SERVER-SERVERSPELLCASTTARGETREPORT-07FB","WildStar64.exe","","ServerSpellCastTargetReport","Server opcode coverage","CoverageModelHandler","Source/NexusForever.Network.World/Message/Model/ServerSpellCastTargetReport.cs","ServerSpellCastTargetReport","Correlated","","Decomp/Analysis/coverage/opcode_coverage_inventory.csv","Promote to Mapped only after native registration and payload functions are copied into this row from focused evidence.","2026-06-11"
"TRACE-OPCSERVERSERVERSPELLCASTTARGETSTATUS07FA","OPC-SERVER-SERVERSPELLCASTTARGETSTATUS-07FA","WildStar64.exe","","ServerSpellCastTargetStatus","Server opcode coverage","CoverageModelHandler","Source/NexusForever.Network.World/Message/Model/ServerSpellCastTargetStatus.cs","ServerSpellCastTargetStatus","Correlated","","Decomp/Analysis/coverage/opcode_coverage_inventory.csv","Promote to Mapped only after native registration and payload functions are copied into this row from focused evidence.","2026-06-11"
"TRACE-OPCSERVERSERVERSPELLCASTTARGETUNIT07F5","OPC-SERVER-SERVERSPELLCASTTARGETUNIT-07F5","WildStar64.exe","","ServerSpellCastTargetUnit","Server opcode coverage","CoverageModelHandler","Source/NexusForever.Network.World/Message/Model/ServerSpellCastTargetUnit.cs","ServerSpellCastTargetUnit","Correlated","","Decomp/Analysis/coverage/opcode_coverage_inventory.csv","Promote to Mapped only after native registration and payload functions are copied into this row from focused evidence.","2026-06-11"
"TRACE-OPCSERVERSERVERSPELLCASTTARGETUNIT207F7","OPC-SERVER-SERVERSPELLCASTTARGETUNIT2-07F7","WildStar64.exe","","ServerSpellCastTargetUnit2","Server opcode coverage","CoverageModelHandler","Source/NexusForever.Network.World/Message/Model/ServerSpellCastTargetUnit2.cs","ServerSpellCastTargetUnit2","Correlated","","Decomp/Analysis/coverage/opcode_coverage_inventory.csv","Promote to Mapped only after native registration and payload functions are copied into this row from focused evidence.","2026-06-11"
"TRACE-OPCSERVERSERVERSPELLEFFECTDAMAGE07F6","OPC-SERVER-SERVERSPELLEFFECTDAMAGE-07F6","WildStar64.exe","","ServerSpellEffectDamage","Server opcode coverage","CoverageModelHandler","Source/NexusForever.Network.World/Message/Model/ServerSpellEffectDamage.cs","ServerSpellEffectDamage","Correlated","","Decomp/Analysis/coverage/opcode_coverage_inventory.csv","Promote to Mapped only after native registration and payload functions are copied into this row from focused evidence.","2026-06-11"
"TRACE-OPCSERVERSERVERSPELLEFFECTNESTEDTARGETS07F8","OPC-SERVER-SERVERSPELLEFFECTNESTEDTARGETS-07F8","WildStar64.exe","","ServerSpellEffectNestedTargets","Server opcode coverage","CoverageModelHandler","Source/NexusForever.Network.World/Message/Model/ServerSpellEffectNestedTargets.cs","ServerSpellEffectNestedTargets","Correlated","","Decomp/Analysis/coverage/opcode_coverage_inventory.csv","Promote to Mapped only after native registration and payload functions are copied into this row from focused evidence.","2026-06-11"
"TRACE-OPCSERVERSERVERSPELLFINISH07FE","OPC-SERVER-SERVERSPELLFINISH-07FE","WildStar64.exe","","ServerSpellFinish","Server opcode coverage","CoverageModelHandler","Source/NexusForever.Network.World/Message/Model/ServerSpellFinish.cs","ServerSpellFinish","Observed","","Decomp/Analysis/coverage/opcode_coverage_inventory.csv","Native registration and payload evidence have not yet been recorded in coverage; run a focused decompile pass before semantic use.","2026-06-11"
"TRACE-OPCSERVERSERVERSPELLFOURUINT320812","OPC-SERVER-SERVERSPELLFOURUINT32-0812","WildStar64.exe","","ServerSpellFourUInt32","Server opcode coverage","CoverageModelHandler","Source/NexusForever.Network.World/Message/Model/ServerSpellFourUInt32.cs","ServerSpellFourUInt32","Correlated","","Decomp/Analysis/coverage/opcode_coverage_inventory.csv","Promote to Mapped only after native registration and payload functions are copied into this row from focused evidence.","2026-06-11"
"TRACE-OPCSERVERSERVERSPELLGO07F4","OPC-SERVER-SERVERSPELLGO-07F4","WildStar64.exe","","ServerSpellGo","Server opcode coverage","CoverageModelHandler","Source/NexusForever.Network.World/Message/Model/ServerSpellGo.cs","ServerSpellGo","Observed","","Decomp/Analysis/coverage/opcode_coverage_inventory.csv","Native registration and payload evidence have not yet been recorded in coverage; run a focused decompile pass before semantic use.","2026-06-11"
"TRACE-OPCSERVERSERVERSPELLLIST0551","OPC-SERVER-SERVERSPELLLIST-0551","WildStar64.exe","","ServerSpellList","Server opcode coverage","CoverageModelHandler","Source/NexusForever.Network.World/Message/Model/Abilities/ServerSpellList.cs","ServerSpellList","Observed","","Decomp/Analysis/coverage/opcode_coverage_inventory.csv","Native registration and payload evidence have not yet been recorded in coverage; run a focused decompile pass before semantic use.","2026-06-11"
"TRACE-OPCSERVERSERVERSPELLSTART07FF","OPC-SERVER-SERVERSPELLSTART-07FF","WildStar64.exe","","ServerSpellStart","Server opcode coverage","CoverageModelHandler","Source/NexusForever.Network.World/Message/Model/ServerSpellStart.cs","ServerSpellStart","Observed","","Decomp/Analysis/coverage/opcode_coverage_inventory.csv","Native registration and payload evidence have not yet been recorded in coverage; run a focused decompile pass before semantic use.","2026-06-11"
"TRACE-OPCSERVERSERVERSPELLTHRESHOLDCLEAR0814","OPC-SERVER-SERVERSPELLTHRESHOLDCLEAR-0814","WildStar64.exe","","ServerSpellThresholdClear","Server opcode coverage","CoverageModelHandler","Source/NexusForever.Network.World/Message/Model/ServerSpellThresholdClear.cs","ServerSpellThresholdClear","Correlated","","Decomp/Analysis/coverage/opcode_coverage_inventory.csv","Promote to Mapped only after native registration and payload functions are copied into this row from focused evidence.","2026-06-11"
"TRACE-OPCSERVERSERVERSPELLTHRESHOLDSPELL40815","OPC-SERVER-SERVERSPELLTHRESHOLDSPELL4-0815","WildStar64.exe","","ServerSpellThresholdSpell4","Server opcode coverage","CoverageModelHandler","Source/NexusForever.Network.World/Message/Model/ServerSpellThresholdSpell4.cs","ServerSpellThresholdSpell4","Correlated","","Decomp/Analysis/coverage/opcode_coverage_inventory.csv","Promote to Mapped only after native registration and payload functions are copied into this row from focused evidence.","2026-06-11"
"TRACE-OPCSERVERSERVERSPELLTHRESHOLDSTART0816","OPC-SERVER-SERVERSPELLTHRESHOLDSTART-0816","WildStar64.exe","","ServerSpellThresholdStart","Server opcode coverage","CoverageModelHandler","Source/NexusForever.Network.World/Message/Model/ServerSpellThresholdStart.cs","ServerSpellThresholdStart","Correlated","","Decomp/Analysis/coverage/opcode_coverage_inventory.csv","Promote to Mapped only after native registration and payload functions are copied into this row from focused evidence.","2026-06-11"
"TRACE-OPCSERVERSERVERSPELLTHRESHOLDUPDATE0817","OPC-SERVER-SERVERSPELLTHRESHOLDUPDATE-0817","WildStar64.exe","","ServerSpellThresholdUpdate","Server opcode coverage","CoverageModelHandler","Source/NexusForever.Network.World/Message/Model/ServerSpellThresholdUpdate.cs","ServerSpellThresholdUpdate","Correlated","","Decomp/Analysis/coverage/opcode_coverage_inventory.csv","Promote to Mapped only after native registration and payload functions are copied into this row from focused evidence.","2026-06-11"
"TRACE-OPCSERVERSERVERSPELLUINT32TRIPLETLIST080F","OPC-SERVER-SERVERSPELLUINT32TRIPLETLIST-080F","WildStar64.exe","","ServerSpellUInt32TripletList","Server opcode coverage","CoverageModelHandler","Source/NexusForever.Network.World/Message/Model/ServerSpellUInt32TripletList.cs","ServerSpellUInt32TripletList","Correlated","","Decomp/Analysis/coverage/opcode_coverage_inventory.csv","Promote to Mapped only after native registration and payload functions are copied into this row from focused evidence.","2026-06-11"
"TRACE-OPCSERVERSERVERSPELLUINT32TRIPLETLISTVARIANT0810","OPC-SERVER-SERVERSPELLUINT32TRIPLETLISTVARIANT-0810","WildStar64.exe","","ServerSpellUInt32TripletListVariant","Server opcode coverage","CoverageModelHandler","Source/NexusForever.Network.World/Message/Model/ServerSpellUInt32TripletList.cs","ServerSpellUInt32TripletListVariant","Correlated","","Decomp/Analysis/coverage/opcode_coverage_inventory.csv","Promote to Mapped only after native registration and payload functions are copied into this row from focused evidence.","2026-06-11"
"TRACE-OPCSERVERSERVERSPELLUPDATE017B","OPC-SERVER-SERVERSPELLUPDATE-017B","WildStar64.exe","","ServerSpellUpdate","Server opcode coverage","CoverageModelHandler","Source/NexusForever.Network.World/Message/Model/Abilities/ServerSpellUpdate.cs","ServerSpellUpdate","Observed","","Decomp/Analysis/coverage/opcode_coverage_inventory.csv","Native registration and payload evidence have not yet been recorded in coverage; run a focused decompile pass before semantic use.","2026-06-11"
"TRACE-OPCSERVERSERVERSPELLWRAPPERNODEREMOVE0819","OPC-SERVER-SERVERSPELLWRAPPERNODEREMOVE-0819","WildStar64.exe","","ServerSpellWrapperNodeRemove","Server opcode coverage","CoverageModelHandler","Source/NexusForever.Network.World/Message/Model/ServerSpellWrapperNodeRemove.cs","ServerSpellWrapperNodeRemove","Correlated","","Decomp/Analysis/coverage/opcode_coverage_inventory.csv","Promote to Mapped only after native registration and payload functions are copied into this row from focused evidence.","2026-06-11"
"TRACE-OPCSERVERSERVERSPELLWRAPPERTIERENTRY0818","OPC-SERVER-SERVERSPELLWRAPPERTIERENTRY-0818","WildStar64.exe","","ServerSpellWrapperTierEntry","Server opcode coverage","CoverageModelHandler","Source/NexusForever.Network.World/Message/Model/ServerSpellWrapperTierEntry.cs","ServerSpellWrapperTierEntry","Correlated","","Decomp/Analysis/coverage/opcode_coverage_inventory.csv","Promote to Mapped only after native registration and payload functions are copied into this row from focused evidence.","2026-06-11"
"TRACE-OPCSERVERSERVERSTANCECHANGED019F","OPC-SERVER-SERVERSTANCECHANGED-019F","WildStar64.exe","","ServerStanceChanged","Server opcode coverage","CoverageModelHandler","Source/NexusForever.Network.World/Message/Model/Abilities/ServerStanceChanged.cs","ServerStanceChanged","Observed","","Decomp/Analysis/coverage/opcode_coverage_inventory.csv","Native registration and payload evidence have not yet been recorded in coverage; run a focused decompile pass before semantic use.","2026-06-11"
"TRACE-OPCSERVERSERVERSTORECATALOGUPDATED0989","OPC-SERVER-SERVERSTORECATALOGUPDATED-0989","WildStar64.exe","","ServerStoreCatalogUpdated","Server opcode coverage","CoverageModelHandler","Source/NexusForever.Network.World/Message/Model/ServerUnresolvedOutputPackets.cs","ServerStoreCatalogUpdated","Observed","","Decomp/Analysis/coverage/opcode_coverage_inventory.csv","Native registration and payload evidence have not yet been recorded in coverage; run a focused decompile pass before semantic use.","2026-06-11"
"TRACE-OPCSERVERSERVERSTORECATEGORIES0988","OPC-SERVER-SERVERSTORECATEGORIES-0988","WildStar64.exe","","ServerStoreCategories","Server opcode coverage","CoverageModelHandler","Source/NexusForever.Network.World/Message/Model/ServerStoreCategories.cs","ServerStoreCategories","Observed","","Decomp/Analysis/coverage/opcode_coverage_inventory.csv","Native registration and payload evidence have not yet been recorded in coverage; run a focused decompile pass before semantic use.","2026-06-11"
"TRACE-OPCSERVERSERVERSTORECOMPLETEORDERVIRTUALCURRENCYPACKAGERESULT0990","OPC-SERVER-SERVERSTORECOMPLETEORDERVIRTUALCURRENCYPACKAGERESULT-0990","WildStar64.exe","","ServerStoreCompleteOrderVirtualCurrencyPackageResult","Server opcode coverage","CoverageModelHandler","Source/NexusForever.Network.World/Message/Model/ServerUnresolvedOutputPackets.cs","ServerStoreCompleteOrderVirtualCurrencyPackageResult","Observed","","Decomp/Analysis/coverage/opcode_coverage_inventory.csv","Native registration and payload evidence have not yet been recorded in coverage; run a focused decompile pass before semantic use.","2026-06-11"
"TRACE-OPCSERVERSERVERSTORECURRENCYPACKAGEROW098F","OPC-SERVER-SERVERSTORECURRENCYPACKAGEROW-098F","WildStar64.exe","","ServerStoreCurrencyPackageRow","Server opcode coverage","CoverageModelHandler","Source/NexusForever.Network.World/Message/Model/ServerStoreCurrencyPackageRow.cs","ServerStoreCurrencyPackageRow","Correlated","","Decomp/Analysis/coverage/opcode_coverage_inventory.csv","Promote to Mapped only after native registration and payload functions are copied into this row from focused evidence.","2026-06-11"
"TRACE-OPCSERVERSERVERSTOREERROR098A","OPC-SERVER-SERVERSTOREERROR-098A","WildStar64.exe","","ServerStoreError","Server opcode coverage","CoverageModelHandler","Source/NexusForever.Network.World/Message/Model/ServerUnresolvedOutputPackets.cs","ServerStoreError","Observed","","Decomp/Analysis/coverage/opcode_coverage_inventory.csv","Native registration and payload evidence have not yet been recorded in coverage; run a focused decompile pass before semantic use.","2026-06-11"
"TRACE-OPCSERVERSERVERSTOREFINALISE0987","OPC-SERVER-SERVERSTOREFINALISE-0987","WildStar64.exe","","ServerStoreFinalise","Server opcode coverage","CoverageModelHandler","Source/NexusForever.Network.World/Message/Model/ServerStoreFinalise.cs","ServerStoreFinalise","Observed","","Decomp/Analysis/coverage/opcode_coverage_inventory.csv","Native registration and payload evidence have not yet been recorded in coverage; run a focused decompile pass before semantic use.","2026-06-11"
"TRACE-OPCSERVERSERVERSTOREOFFERS098B","OPC-SERVER-SERVERSTOREOFFERS-098B","WildStar64.exe","","ServerStoreOffers","Server opcode coverage","CoverageModelHandler","Source/NexusForever.Network.World/Message/Model/ServerStoreOffers.cs","ServerStoreOffers","Observed","","Decomp/Analysis/coverage/opcode_coverage_inventory.csv","Native registration and payload evidence have not yet been recorded in coverage; run a focused decompile pass before semantic use.","2026-06-11"
"TRACE-OPCSERVERSERVERSTOREPURCHASEHISTORYREADY098E","OPC-SERVER-SERVERSTOREPURCHASEHISTORYREADY-098E","WildStar64.exe","","ServerStorePurchaseHistoryReady","Server opcode coverage","CoverageModelHandler","Source/NexusForever.Network.World/Message/Model/ServerUnresolvedOutputPackets.cs","ServerStorePurchaseHistoryReady","Observed","","Decomp/Analysis/coverage/opcode_coverage_inventory.csv","Native registration and payload evidence have not yet been recorded in coverage; run a focused decompile pass before semantic use.","2026-06-11"
"TRACE-OPCSERVERSERVERSTOREPURCHASEOFFERRESULT098C","OPC-SERVER-SERVERSTOREPURCHASEOFFERRESULT-098C","WildStar64.exe","","ServerStorePurchaseOfferResult","Server opcode coverage","CoverageModelHandler","Source/NexusForever.Network.World/Message/Model/ServerStorePurchaseOfferResult.cs","ServerStorePurchaseOfferResult","Correlated","","Decomp/Analysis/coverage/opcode_coverage_inventory.csv","Promote to Mapped only after native registration and payload functions are copied into this row from focused evidence.","2026-06-11"
"TRACE-OPCSERVERSERVERSTOREPURCHASEOFFERRESULTVARIANT098D","OPC-SERVER-SERVERSTOREPURCHASEOFFERRESULTVARIANT-098D","WildStar64.exe","","ServerStorePurchaseOfferResultVariant","Server opcode coverage","CoverageModelHandler","Source/NexusForever.Network.World/Message/Model/ServerStorePurchaseOfferResultVariant.cs","ServerStorePurchaseOfferResultVariant","Correlated","","Decomp/Analysis/coverage/opcode_coverage_inventory.csv","Promote to Mapped only after native registration and payload functions are copied into this row from focused evidence.","2026-06-11"
"TRACE-OPCSERVERSERVERSTOREPURCHASEVIRTUALCURRENCYPACKAGERESULT0991","OPC-SERVER-SERVERSTOREPURCHASEVIRTUALCURRENCYPACKAGERESULT-0991","WildStar64.exe","","ServerStorePurchaseVirtualCurrencyPackageResult","Server opcode coverage","CoverageModelHandler","Source/NexusForever.Network.World/Message/Model/ServerUnresolvedOutputPackets.cs","ServerStorePurchaseVirtualCurrencyPackageResult","Observed","","Decomp/Analysis/coverage/opcode_coverage_inventory.csv","Native registration and payload evidence have not yet been recorded in coverage; run a focused decompile pass before semantic use.","2026-06-11"
"TRACE-OPCSERVERSERVERSTORYCOMMUNICATORAUX074A","OPC-SERVER-SERVERSTORYCOMMUNICATORAUX-074A","WildStar64.exe","","ServerStoryCommunicatorAux","Server opcode coverage","CoverageModelHandler","Source/NexusForever.Network.World/Message/Model/ServerClusterAuxPackets.cs","ServerStoryCommunicatorAux","Correlated","","Decomp/Analysis/coverage/opcode_coverage_inventory.csv","Promote to Mapped only after native registration and payload functions are copied into this row from focused evidence.","2026-06-11"
"TRACE-OPCSERVERSERVERSTORYPANELCUSTOMSHOW075B","OPC-SERVER-SERVERSTORYPANELCUSTOMSHOW-075B","WildStar64.exe","","ServerStoryPanelCustomShow","Server opcode coverage","CoverageModelHandler","Source/NexusForever.Network.World/Message/Model/Story/ServerStoryPanelCustomShow.cs","ServerStoryPanelCustomShow","Observed","","Decomp/Analysis/coverage/opcode_coverage_inventory.csv","Native registration and payload evidence have not yet been recorded in coverage; run a focused decompile pass before semantic use.","2026-06-11"
"TRACE-OPCSERVERSERVERSTORYPANELHIDE0759","OPC-SERVER-SERVERSTORYPANELHIDE-0759","WildStar64.exe","","ServerStoryPanelHide","Server opcode coverage","CoverageModelHandler","Source/NexusForever.Network.World/Message/Model/Story/ServerStoryPanelHide.cs","ServerStoryPanelHide","Observed","","Decomp/Analysis/coverage/opcode_coverage_inventory.csv","Native registration and payload evidence have not yet been recorded in coverage; run a focused decompile pass before semantic use.","2026-06-11"
"TRACE-OPCSERVERSERVERSTORYPANELSHOW075A","OPC-SERVER-SERVERSTORYPANELSHOW-075A","WildStar64.exe","","ServerStoryPanelShow","Server opcode coverage","CoverageModelHandler","Source/NexusForever.Network.World/Message/Model/Story/ServerStoryPanelShow.cs","ServerStoryPanelShow","Observed","","Decomp/Analysis/coverage/opcode_coverage_inventory.csv","Native registration and payload evidence have not yet been recorded in coverage; run a focused decompile pass before semantic use.","2026-06-11"
"TRACE-OPCSERVERSERVERSTORYTEXTCOMMUNICATOR073A","OPC-SERVER-SERVERSTORYTEXTCOMMUNICATOR-073A","WildStar64.exe","","ServerStoryTextCommunicator","Server opcode coverage","CoverageModelHandler","Source/NexusForever.Network.World/Message/Model/Story/ServerStoryTextCommunicator.cs","ServerStoryTextCommunicator","Observed","","Decomp/Analysis/coverage/opcode_coverage_inventory.csv","Native registration and payload evidence have not yet been recorded in coverage; run a focused decompile pass before semantic use.","2026-06-11"
"TRACE-OPCSERVERSERVERSTORYTEXTUNIT0753","OPC-SERVER-SERVERSTORYTEXTUNIT-0753","WildStar64.exe","","ServerStoryTextUnit","Server opcode coverage","CoverageModelHandler","Source/NexusForever.Network.World/Message/Model/Story/ServerStoryTextUnit.cs","ServerStoryTextUnit","Observed","","Decomp/Analysis/coverage/opcode_coverage_inventory.csv","Native registration and payload evidence have not yet been recorded in coverage; run a focused decompile pass before semantic use.","2026-06-11"
"TRACE-OPCSERVERSERVERSTORYTEXTUNITYELL075C","OPC-SERVER-SERVERSTORYTEXTUNITYELL-075C","WildStar64.exe","","ServerStoryTextUnitYell","Server opcode coverage","CoverageModelHandler","Source/NexusForever.Network.World/Message/Model/Story/ServerStoryTextUnitYell.cs","ServerStoryTextUnitYell","Observed","","Decomp/Analysis/coverage/opcode_coverage_inventory.csv","Native registration and payload evidence have not yet been recorded in coverage; run a focused decompile pass before semantic use.","2026-06-11"
"TRACE-OPCSERVERSERVERSUBSCRIPTIONINFO033D","OPC-SERVER-SERVERSUBSCRIPTIONINFO-033D","WildStar64.exe","","ServerSubscriptionInfo","Server opcode coverage","CoverageModelHandler","Source/NexusForever.Network.World/Message/Model/Pregame/ServerSubscriptionInfo.cs","ServerSubscriptionInfo","Observed","","Decomp/Analysis/coverage/opcode_coverage_inventory.csv","Native registration and payload evidence have not yet been recorded in coverage; run a focused decompile pass before semantic use.","2026-06-11"
"TRACE-OPCSERVERSERVERSUPPLYSATCHELAUX019A","OPC-SERVER-SERVERSUPPLYSATCHELAUX-019A","WildStar64.exe","","ServerSupplySatchelAux","Server opcode coverage","CoverageModelHandler","Source/NexusForever.Network.World/Message/Model/ServerClusterAuxPackets.cs","ServerSupplySatchelAux","Correlated","","Decomp/Analysis/coverage/opcode_coverage_inventory.csv","Promote to Mapped only after native registration and payload functions are copied into this row from focused evidence.","2026-06-11"
"TRACE-OPCSERVERSERVERSUPPLYSATCHELUPDATE0199","OPC-SERVER-SERVERSUPPLYSATCHELUPDATE-0199","WildStar64.exe","","ServerSupplySatchelUpdate","Server opcode coverage","CoverageModelHandler","Source/NexusForever.Network.World/Message/Model/ServerSupplySatchelUpdate.cs","ServerSupplySatchelUpdate","Observed","","Decomp/Analysis/coverage/opcode_coverage_inventory.csv","Native registration and payload evidence have not yet been recorded in coverage; run a focused decompile pass before semantic use.","2026-06-11"
"TRACE-OPCSERVERSERVERSUPPORTEMPTYACK3490349","OPC-SERVER-SERVERSUPPORTEMPTYACK349-0349","WildStar64.exe","","ServerSupportEmptyAck349","Server opcode coverage","CoverageModelHandler","Source/NexusForever.Network.World/Message/Model/Support/ServerSupportAuxPackets.cs","ServerSupportEmptyAck349","Correlated","","Decomp/Analysis/coverage/opcode_coverage_inventory.csv","Promote to Mapped only after native registration and payload functions are copied into this row from focused evidence.","2026-06-11"
"TRACE-OPCSERVERSERVERSUPPORTEMPTYACK34B034B","OPC-SERVER-SERVERSUPPORTEMPTYACK34B-034B","WildStar64.exe","","ServerSupportEmptyAck34B","Server opcode coverage","CoverageModelHandler","Source/NexusForever.Network.World/Message/Model/Support/ServerSupportAuxPackets.cs","ServerSupportEmptyAck34B","Correlated","","Decomp/Analysis/coverage/opcode_coverage_inventory.csv","Promote to Mapped only after native registration and payload functions are copied into this row from focused evidence.","2026-06-11"
"TRACE-OPCSERVERSERVERSUPPORTSURVEYLIST034E","OPC-SERVER-SERVERSUPPORTSURVEYLIST-034E","WildStar64.exe","","ServerSupportSurveyList","Server opcode coverage","CoverageModelHandler","Source/NexusForever.Network.World/Message/Model/Support/ServerSupportAuxPackets.cs","ServerSupportSurveyList","Correlated","","Decomp/Analysis/coverage/opcode_coverage_inventory.csv","Promote to Mapped only after native registration and payload functions are copied into this row from focused evidence.","2026-06-11"
"TRACE-OPCSERVERSERVERSUPPORTTICKETRESULT0972","OPC-SERVER-SERVERSUPPORTTICKETRESULT-0972","WildStar64.exe","","ServerSupportTicketResult","Server opcode coverage","CoverageModelHandler","Source/NexusForever.Network.World/Message/Model/Support/ServerSupportTicketResult.cs","ServerSupportTicketResult","Observed","","Decomp/Analysis/coverage/opcode_coverage_inventory.csv","Native registration and payload evidence have not yet been recorded in coverage; run a focused decompile pass before semantic use.","2026-06-11"
"TRACE-OPCSERVERSERVERSUPPORTUINT32ACK34A034A","OPC-SERVER-SERVERSUPPORTUINT32ACK34A-034A","WildStar64.exe","","ServerSupportUInt32Ack34A","Server opcode coverage","CoverageModelHandler","Source/NexusForever.Network.World/Message/Model/Support/ServerSupportAuxPackets.cs","ServerSupportUInt32Ack34A","Correlated","","Decomp/Analysis/coverage/opcode_coverage_inventory.csv","Promote to Mapped only after native registration and payload functions are copied into this row from focused evidence.","2026-06-11"
"TRACE-OPCSERVERSERVERSUPPORTUINT32ACK3500350","OPC-SERVER-SERVERSUPPORTUINT32ACK350-0350","WildStar64.exe","","ServerSupportUInt32Ack350","Server opcode coverage","CoverageModelHandler","Source/NexusForever.Network.World/Message/Model/Support/ServerSupportAuxPackets.cs","ServerSupportUInt32Ack350","Correlated","","Decomp/Analysis/coverage/opcode_coverage_inventory.csv","Promote to Mapped only after native registration and payload functions are copied into this row from focused evidence.","2026-06-11"
"TRACE-OPCSERVERSERVERSUPPORTUINT32ANDFLAGS034F","OPC-SERVER-SERVERSUPPORTUINT32ANDFLAGS-034F","WildStar64.exe","","ServerSupportUInt32AndFlags","Server opcode coverage","CoverageModelHandler","Source/NexusForever.Network.World/Message/Model/Support/ServerSupportAuxPackets.cs","ServerSupportUInt32AndFlags","Correlated","","Decomp/Analysis/coverage/opcode_coverage_inventory.csv","Promote to Mapped only after native registration and payload functions are copied into this row from focused evidence.","2026-06-11"
"TRACE-OPCSERVERSERVERSUPPORTUINT32ANDTWOTRIPLETS0351","OPC-SERVER-SERVERSUPPORTUINT32ANDTWOTRIPLETS-0351","WildStar64.exe","","ServerSupportUInt32AndTwoTriplets","Server opcode coverage","CoverageModelHandler","Source/NexusForever.Network.World/Message/Model/Support/ServerSupportAuxPackets.cs","ServerSupportUInt32AndTwoTriplets","Correlated","","Decomp/Analysis/coverage/opcode_coverage_inventory.csv","Promote to Mapped only after native registration and payload functions are copied into this row from focused evidence.","2026-06-11"
"TRACE-OPCSERVERSERVERSUPPORTUINT32HEADERANDFOURTRIPLETS034D","OPC-SERVER-SERVERSUPPORTUINT32HEADERANDFOURTRIPLETS-034D","WildStar64.exe","","ServerSupportUInt32HeaderAndFourTriplets","Server opcode coverage","CoverageModelHandler","Source/NexusForever.Network.World/Message/Model/Support/ServerSupportAuxPackets.cs","ServerSupportUInt32HeaderAndFourTriplets","Correlated","","Decomp/Analysis/coverage/opcode_coverage_inventory.csv","Promote to Mapped only after native registration and payload functions are copied into this row from focused evidence.","2026-06-11"
"TRACE-OPCSERVERSERVERSUPPORTUINT32HEADERANDTRIPLETS0348","OPC-SERVER-SERVERSUPPORTUINT32HEADERANDTRIPLETS-0348","WildStar64.exe","","ServerSupportUInt32HeaderAndTriplets","Server opcode coverage","CoverageModelHandler","Source/NexusForever.Network.World/Message/Model/Support/ServerSupportAuxPackets.cs","ServerSupportUInt32HeaderAndTriplets","Correlated","","Decomp/Analysis/coverage/opcode_coverage_inventory.csv","Promote to Mapped only after native registration and payload functions are copied into this row from focused evidence.","2026-06-11"
"TRACE-OPCSERVERSERVERSUPPORTUINT32WIDESTRING0347","OPC-SERVER-SERVERSUPPORTUINT32WIDESTRING-0347","WildStar64.exe","","ServerSupportUInt32WideString","Server opcode coverage","CoverageModelHandler","Source/NexusForever.Network.World/Message/Model/Support/ServerSupportAuxPackets.cs","ServerSupportUInt32WideString","Correlated","","Decomp/Analysis/coverage/opcode_coverage_inventory.csv","Promote to Mapped only after native registration and payload functions are copied into this row from focused evidence.","2026-06-11"
"TRACE-OPCSERVERSERVERSUPPORTUINT5ANDSIXUINT32034C","OPC-SERVER-SERVERSUPPORTUINT5ANDSIXUINT32-034C","WildStar64.exe","","ServerSupportUInt5AndSixUInt32","Server opcode coverage","CoverageModelHandler","Source/NexusForever.Network.World/Message/Model/Support/ServerSupportAuxPackets.cs","ServerSupportUInt5AndSixUInt32","Correlated","","Decomp/Analysis/coverage/opcode_coverage_inventory.csv","Promote to Mapped only after native registration and payload functions are copied into this row from focused evidence.","2026-06-11"
"TRACE-OPCSERVERSERVERTIMEOFDAY0845","OPC-SERVER-SERVERTIMEOFDAY-0845","WildStar64.exe","","ServerTimeOfDay","Server opcode coverage","CoverageModelHandler","Source/NexusForever.Network.World/Message/Model/Info/ServerTimeOfDay.cs","ServerTimeOfDay","Observed","","Decomp/Analysis/coverage/opcode_coverage_inventory.csv","Native registration and payload evidence have not yet been recorded in coverage; run a focused decompile pass before semantic use.","2026-06-11"
"TRACE-OPCSERVERSERVERTIMEOFDAYAUXUINT320846","OPC-SERVER-SERVERTIMEOFDAYAUXUINT32-0846","WildStar64.exe","","ServerTimeOfDayAuxUInt32","Server opcode coverage","CoverageModelHandler","Source/NexusForever.Network.World/Message/Model/ServerClusterAuxPackets.cs","ServerTimeOfDayAuxUInt32","Correlated","","Decomp/Analysis/coverage/opcode_coverage_inventory.csv","Promote to Mapped only after native registration and payload functions are copied into this row from focused evidence.","2026-06-11"
"TRACE-OPCSERVERSERVERTITLES018B","OPC-SERVER-SERVERTITLES-018B","WildStar64.exe","","ServerTitles","Server opcode coverage","CoverageModelHandler","Source/NexusForever.Network.World/Message/Model/ServerTitles.cs","ServerTitles","Observed","","Decomp/Analysis/coverage/opcode_coverage_inventory.csv","Native registration and payload evidence have not yet been recorded in coverage; run a focused decompile pass before semantic use.","2026-06-11"
"TRACE-OPCSERVERSERVERTITLESET0189","OPC-SERVER-SERVERTITLESET-0189","WildStar64.exe","","ServerTitleSet","Server opcode coverage","CoverageModelHandler","Source/NexusForever.Network.World/Message/Model/ServerTitleSet.cs","ServerTitleSet","Observed","","Decomp/Analysis/coverage/opcode_coverage_inventory.csv","Native registration and payload evidence have not yet been recorded in coverage; run a focused decompile pass before semantic use.","2026-06-11"
"TRACE-OPCSERVERSERVERTITLEUPDATE018A","OPC-SERVER-SERVERTITLEUPDATE-018A","WildStar64.exe","","ServerTitleUpdate","Server opcode coverage","CoverageModelHandler","Source/NexusForever.Network.World/Message/Model/ServerTitleUpdate.cs","ServerTitleUpdate","Observed","","Decomp/Analysis/coverage/opcode_coverage_inventory.csv","Native registration and payload evidence have not yet been recorded in coverage; run a focused decompile pass before semantic use.","2026-06-11"
"TRACE-OPCSERVERSERVERTRADESKILLRELEARNCOOLDOWN0861","OPC-SERVER-SERVERTRADESKILLRELEARNCOOLDOWN-0861","WildStar64.exe","","ServerTradeskillRelearnCooldown","Server opcode coverage","CoverageModelHandler","Source/NexusForever.Network.World/Message/Model/Crafting/ServerTradeskillRelearnCooldown.cs","ServerTradeskillRelearnCooldown","Observed","","Decomp/Analysis/coverage/opcode_coverage_inventory.csv","Native registration and payload evidence have not yet been recorded in coverage; run a focused decompile pass before semantic use.","2026-06-11"
"TRACE-OPCSERVERSERVERTRADESKILLSIGILRESULT085D","OPC-SERVER-SERVERTRADESKILLSIGILRESULT-085D","WildStar64.exe","","ServerTradeskillSigilResult","Server opcode coverage","CoverageModelHandler","Source/NexusForever.Network.World/Message/Model/Crafting/ServerTradeSkillSigilResult.cs","ServerTradeskillSigilResult","Observed","","Decomp/Analysis/coverage/opcode_coverage_inventory.csv","Native registration and payload evidence have not yet been recorded in coverage; run a focused decompile pass before semantic use.","2026-06-11"
"TRACE-OPCSERVERSERVERTRANSFERDESTINATIONREALMLIST0862","OPC-SERVER-SERVERTRANSFERDESTINATIONREALMLIST-0862","WildStar64.exe","","ServerTransferDestinationRealmList","Server opcode coverage","CoverageModelHandler","Source/NexusForever.Network.World/Message/Model/Pregame/ServerTransferDestinationRealmList.cs","ServerTransferDestinationRealmList","Observed","","Decomp/Analysis/coverage/opcode_coverage_inventory.csv","Native registration and payload evidence have not yet been recorded in coverage; run a focused decompile pass before semantic use.","2026-06-11"
"TRACE-OPCSERVERSERVERTUTORIAL0179","OPC-SERVER-SERVERTUTORIAL-0179","WildStar64.exe","","ServerTutorial","Server opcode coverage","CoverageModelHandler","Source/NexusForever.Network.World/Message/Model/ServerTutorial.cs","ServerTutorial","Observed","","Decomp/Analysis/coverage/opcode_coverage_inventory.csv","Native registration and payload evidence have not yet been recorded in coverage; run a focused decompile pass before semantic use.","2026-06-11"
"TRACE-OPCSERVERSERVERUIWINDOWSTATE0237","OPC-SERVER-SERVERUIWINDOWSTATE-0237","WildStar64.exe","","ServerUiWindowState","Server opcode coverage","CoverageModelHandler","Source/NexusForever.Network.World/Message/Model/ServerUiWindowState.cs","ServerUiWindowState","Correlated","","Decomp/Analysis/coverage/opcode_coverage_inventory.csv","Promote to Mapped only after native registration and payload functions are copied into this row from focused evidence.","2026-06-11"
"TRACE-OPCSERVERSERVERUNITENTEREDCOMBAT089A","OPC-SERVER-SERVERUNITENTEREDCOMBAT-089A","WildStar64.exe","","ServerUnitEnteredCombat","Server opcode coverage","CoverageModelHandler","Source/NexusForever.Network.World/Message/Model/ServerUnitEnteredCombat.cs","ServerUnitEnteredCombat","Observed","","Decomp/Analysis/coverage/opcode_coverage_inventory.csv","Native registration and payload evidence have not yet been recorded in coverage; run a focused decompile pass before semantic use.","2026-06-11"
"TRACE-OPCSERVERSERVERUNITGUILDNAMEPLATECHANGED04AE","OPC-SERVER-SERVERUNITGUILDNAMEPLATECHANGED-04AE","WildStar64.exe","","ServerUnitGuildNameplateChanged","Server opcode coverage","CoverageModelHandler","Source/NexusForever.Network.World/Message/Model/Guild/ServerUnitGuildNameplateChanged.cs","ServerUnitGuildNameplateChanged","Observed","","Decomp/Analysis/coverage/opcode_coverage_inventory.csv","Native registration and payload evidence have not yet been recorded in coverage; run a focused decompile pass before semantic use.","2026-06-11"
"TRACE-OPCSERVERSERVERUNITINUSE0755","OPC-SERVER-SERVERUNITINUSE-0755","WildStar64.exe","","ServerUnitInUse","Server opcode coverage","CoverageModelHandler","Source/NexusForever.Network.World/Message/Model/ServerUnitInUse.cs","ServerUnitInUse","Observed","","Decomp/Analysis/coverage/opcode_coverage_inventory.csv","Native registration and payload evidence have not yet been recorded in coverage; run a focused decompile pass before semantic use.","2026-06-11"
"TRACE-OPCSERVERSERVERUNITMEMBEROFGUILDCHANGE04D4","OPC-SERVER-SERVERUNITMEMBEROFGUILDCHANGE-04D4","WildStar64.exe","","ServerUnitMemberOfGuildChange","Server opcode coverage","CoverageModelHandler","Source/NexusForever.Network.World/Message/Model/Guild/ServerUnitMemberOfGuildChange.cs","ServerUnitMemberOfGuildChange","Observed","","Decomp/Analysis/coverage/opcode_coverage_inventory.csv","Native registration and payload evidence have not yet been recorded in coverage; run a focused decompile pass before semantic use.","2026-06-11"
"TRACE-OPCSERVERSERVERUNITPVPSTATECHANGE08BD","OPC-SERVER-SERVERUNITPVPSTATECHANGE-08BD","WildStar64.exe","","ServerUnitPvpStateChange","Server opcode coverage","CoverageModelHandler","Source/NexusForever.Network.World/Message/Model/Pvp/ServerUnitPvpStateChange.cs","ServerUnitPvpStateChange","Correlated","","Decomp/Analysis/coverage/opcode_coverage_inventory.csv","Promote to Mapped only after native registration and payload functions are copied into this row from focused evidence.","2026-06-11"
"TRACE-OPCSERVERSERVERUNITSETCHAIR08CF","OPC-SERVER-SERVERUNITSETCHAIR-08CF","WildStar64.exe","","ServerUnitSetChair","Server opcode coverage","CoverageModelHandler","Source/NexusForever.Network.World/Message/Model/ServerUnitSetChair.cs","ServerUnitSetChair","Observed","","Decomp/Analysis/coverage/opcode_coverage_inventory.csv","Native registration and payload evidence have not yet been recorded in coverage; run a focused decompile pass before semantic use.","2026-06-11"
"TRACE-OPCSERVERSERVERUNITUPDATEOBJECTIVEINDEX093B","OPC-SERVER-SERVERUNITUPDATEOBJECTIVEINDEX-093B","WildStar64.exe","","ServerUnitUpdateObjectiveIndex","Server opcode coverage","CoverageModelHandler","Source/NexusForever.Network.World/Message/Model/ServerUnitUpdateObjectiveIndex.cs","ServerUnitUpdateObjectiveIndex","Observed","","Decomp/Analysis/coverage/opcode_coverage_inventory.csv","Native registration and payload evidence have not yet been recorded in coverage; run a focused decompile pass before semantic use.","2026-06-11"
"TRACE-OPCSERVERSERVERUNLOCKMOUNT0129","OPC-SERVER-SERVERUNLOCKMOUNT-0129","WildStar64.exe","","ServerUnlockMount","Server opcode coverage","CoverageModelHandler","Source/NexusForever.Network.World/Message/Model/ServerUnlockMount.cs","ServerUnlockMount","Observed","","Decomp/Analysis/coverage/opcode_coverage_inventory.csv","Native registration and payload evidence have not yet been recorded in coverage; run a focused decompile pass before semantic use.","2026-06-11"
"TRACE-OPCSERVERSERVERUNLOCKPETFLAIR068D","OPC-SERVER-SERVERUNLOCKPETFLAIR-068D","WildStar64.exe","","ServerUnlockPetFlair","Server opcode coverage","CoverageModelHandler","Source/NexusForever.Network.World/Message/Model/Pet/ServerUnlockPetFlair.cs","ServerUnlockPetFlair","Observed","","Decomp/Analysis/coverage/opcode_coverage_inventory.csv","Native registration and payload evidence have not yet been recorded in coverage; run a focused decompile pass before semantic use.","2026-06-11"
"TRACE-OPCSERVERSERVERUNLOCKVANITYPET01AE","OPC-SERVER-SERVERUNLOCKVANITYPET-01AE","WildStar64.exe","","ServerUnlockVanityPet","Server opcode coverage","CoverageModelHandler","Source/NexusForever.Network.World/Message/Model/Pet/ServerUnlockVanityPet.cs","ServerUnlockVanityPet","Observed","","Decomp/Analysis/coverage/opcode_coverage_inventory.csv","Native registration and payload evidence have not yet been recorded in coverage; run a focused decompile pass before semantic use.","2026-06-11"
"TRACE-OPCSERVERSERVERVEHICLEEMBARKAUX01B2","OPC-SERVER-SERVERVEHICLEEMBARKAUX-01B2","WildStar64.exe","","ServerVehicleEmbarkAux","Server opcode coverage","CoverageModelHandler","Source/NexusForever.Network.World/Message/Model/ServerClusterAuxPackets.cs","ServerVehicleEmbarkAux","Correlated","","Decomp/Analysis/coverage/opcode_coverage_inventory.csv","Promote to Mapped only after native registration and payload functions are copied into this row from focused evidence.","2026-06-11"
"TRACE-OPCSERVERSERVERVEHICLEPASSENGERADD086F","OPC-SERVER-SERVERVEHICLEPASSENGERADD-086F","WildStar64.exe","","ServerVehiclePassengerAdd","Server opcode coverage","CoverageModelHandler","Source/NexusForever.Network.World/Message/Model/ServerVehiclePassengerAdd.cs","ServerVehiclePassengerAdd","Observed","","Decomp/Analysis/coverage/opcode_coverage_inventory.csv","Native registration and payload evidence have not yet been recorded in coverage; run a focused decompile pass before semantic use.","2026-06-11"
"TRACE-OPCSERVERSERVERVEHICLEPASSENGERREMOVE08C7","OPC-SERVER-SERVERVEHICLEPASSENGERREMOVE-08C7","WildStar64.exe","","ServerVehiclePassengerRemove","Server opcode coverage","CoverageModelHandler","Source/NexusForever.Network.World/Message/Model/ServerVehiclePassengerRemove.cs","ServerVehiclePassengerRemove","Observed","","Decomp/Analysis/coverage/opcode_coverage_inventory.csv","Native registration and payload evidence have not yet been recorded in coverage; run a focused decompile pass before semantic use.","2026-06-11"
"TRACE-OPCSERVERSERVERVEHICLEPASSENGERSELF089B","OPC-SERVER-SERVERVEHICLEPASSENGERSELF-089B","WildStar64.exe","","ServerVehiclePassengerSelf","Server opcode coverage","CoverageModelHandler","Source/NexusForever.Network.World/Message/Model/ServerVehiclePassengerSelf.cs","ServerVehiclePassengerSelf","Correlated","","Decomp/Analysis/coverage/opcode_coverage_inventory.csv","Promote to Mapped only after native registration and payload functions are copied into this row from focused evidence.","2026-06-11"
"TRACE-OPCSERVERSERVERVENDORITEMSUPDATED090B","OPC-SERVER-SERVERVENDORITEMSUPDATED-090B","WildStar64.exe","","ServerVendorItemsUpdated","Server opcode coverage","CoverageModelHandler","Source/NexusForever.Network.World/Message/Model/ServerVendorItemsUpdated.cs","ServerVendorItemsUpdated","Observed","","Decomp/Analysis/coverage/opcode_coverage_inventory.csv","Native registration and payload evidence have not yet been recorded in coverage; run a focused decompile pass before semantic use.","2026-06-11"
"TRACE-OPCSERVERSERVERWALLETUPDATE0980","OPC-SERVER-SERVERWALLETUPDATE-0980","WildStar64.exe","","ServerWalletUpdate","Server opcode coverage","CoverageModelHandler","Source/NexusForever.Network.World/Message/Model/ServerUnresolvedOutputPackets.cs","ServerWalletUpdate","Observed","","Decomp/Analysis/coverage/opcode_coverage_inventory.csv","Native registration and payload evidence have not yet been recorded in coverage; run a focused decompile pass before semantic use.","2026-06-11"
"TRACE-OPCSERVERSERVERWARPARTYBOSSTOKENS0951","OPC-SERVER-SERVERWARPARTYBOSSTOKENS-0951","WildStar64.exe","","ServerWarPartyBossTokens","Server opcode coverage","CoverageModelHandler","Source/NexusForever.Network.World/Message/Model/Guild/ServerWarPartyBossTokens.cs","ServerWarPartyBossTokens","Observed","","Decomp/Analysis/coverage/opcode_coverage_inventory.csv","Native registration and payload evidence have not yet been recorded in coverage; run a focused decompile pass before semantic use.","2026-06-11"
"TRACE-OPCSERVERSERVERWARPARTYMATCHRESULTS0954","OPC-SERVER-SERVERWARPARTYMATCHRESULTS-0954","WildStar64.exe","","ServerWarPartyMatchResults","Server opcode coverage","CoverageModelHandler","Source/NexusForever.Network.World/Message/Model/MatchingGame/ServerWarPartyMatchResults.cs","ServerWarPartyMatchResults","Observed","","Decomp/Analysis/coverage/opcode_coverage_inventory.csv","Native registration and payload evidence have not yet been recorded in coverage; run a focused decompile pass before semantic use.","2026-06-11"
"TRACE-OPCSERVERSERVERWARPLOTPLUGSTATE0958","OPC-SERVER-SERVERWARPLOTPLUGSTATE-0958","WildStar64.exe","","ServerWarPlotPlugState","Server opcode coverage","CoverageModelHandler","Source/NexusForever.Network.World/Message/Model/Housing/ServerWarPlotPlugState.cs","ServerWarPlotPlugState","Observed","","Decomp/Analysis/coverage/opcode_coverage_inventory.csv","Native registration and payload evidence have not yet been recorded in coverage; run a focused decompile pass before semantic use.","2026-06-11"
"TRACE-OPCSERVERSERVERWHORESPONSE095A","OPC-SERVER-SERVERWHORESPONSE-095A","WildStar64.exe","","ServerWhoResponse","Server opcode coverage","CoverageModelHandler","Source/NexusForever.Network.World/Message/Model/Who/ServerWhoResponse.cs","ServerWhoResponse","Observed","","Decomp/Analysis/coverage/opcode_coverage_inventory.csv","Native registration and payload evidence have not yet been recorded in coverage; run a focused decompile pass before semantic use.","2026-06-11"
"TRACE-OPCSERVERSERVERZONEMAP01B4","OPC-SERVER-SERVERZONEMAP-01B4","WildStar64.exe","","ServerZoneMap","Server opcode coverage","CoverageModelHandler","Source/NexusForever.Network.World/Message/Model/Map/ServerZoneMap.cs","ServerZoneMap","Observed","","Decomp/Analysis/coverage/opcode_coverage_inventory.csv","Native registration and payload evidence have not yet been recorded in coverage; run a focused decompile pass before semantic use.","2026-06-11"
