evidence_kind,source_map,source_row_id,public_event_id,public_event_name,public_event_link_status,public_event_type,linked_public_event_ids,linked_public_event_names,linked_public_event_objective_ids,objective_type,objective_object_id,script_references,evidence_status,evidence_sources,manual_validation,completion_status,related_creature2_id,related_creature_name,related_item2_id,related_item_name,related_virtual_item_id,related_virtual_item_name,related_spell4_id,related_spell_name,reward_property_id,data,offset,flags,stat_index,duration_ms,option_count,opposing_source_row_id,blocker_summary
public_event_custom_stat,client_source_publiceventcustomstat_map.csv,1,,,type_or_object_scoped,3,,,,,,,runtime_public_event_custom_stat_type_scoped_scoreboard_dependency_tested_pending_stat_producer_smoke,Tools/DataMapping/output/client_source_publiceventcustomstat_map.csv;Tools/DataMapping/map_wildstar_data.py;wildstar_client_mysql/PublicEvent*.tbl.sql;wildstar_client_mysql/PublicEventObjective.tbl.sql;Source/NexusForever.Game/PublicEvent;Source/NexusForever.Script.Instance,pending,not_retail_complete,,,,,,,,,,Masks Placed,,,0,,,,"Public-event custom stat table dependencies are runtime-backed for event-specific and type-scoped rows, including sparse StatIndex validation and scoreboard aggregation. Retail completion still needs per-event stat producer semantics, scoreboard presentation smoke, end-screen ranking, and event smoke."
public_event_custom_stat,client_source_publiceventcustomstat_map.csv,2,,,type_or_object_scoped,3,,,,,,,runtime_public_event_custom_stat_type_scoped_scoreboard_dependency_tested_pending_stat_producer_smoke,Tools/DataMapping/output/client_source_publiceventcustomstat_map.csv;Tools/DataMapping/map_wildstar_data.py;wildstar_client_mysql/PublicEvent*.tbl.sql;wildstar_client_mysql/PublicEventObjective.tbl.sql;Source/NexusForever.Game/PublicEvent;Source/NexusForever.Script.Instance,pending,not_retail_complete,,,,,,,,,,Masks Stolen,,,1,,,,"Public-event custom stat table dependencies are runtime-backed for event-specific and type-scoped rows, including sparse StatIndex validation and scoreboard aggregation. Retail completion still needs per-event stat producer semantics, scoreboard presentation smoke, end-screen ranking, and event smoke."
public_event_custom_stat,client_source_publiceventcustomstat_map.csv,3,,,type_or_object_scoped,4,,,,,,,runtime_public_event_custom_stat_type_scoped_scoreboard_dependency_tested_pending_stat_producer_smoke,Tools/DataMapping/output/client_source_publiceventcustomstat_map.csv;Tools/DataMapping/map_wildstar_data.py;wildstar_client_mysql/PublicEvent*.tbl.sql;wildstar_client_mysql/PublicEventObjective.tbl.sql;Source/NexusForever.Game/PublicEvent;Source/NexusForever.Script.Instance,pending,not_retail_complete,,,,,,,,,,Secondary Control Points Captured,,,0,,,,"Public-event custom stat table dependencies are runtime-backed for event-specific and type-scoped rows, including sparse StatIndex validation and scoreboard aggregation. Retail completion still needs per-event stat producer semantics, scoreboard presentation smoke, end-screen ranking, and event smoke."
public_event_custom_stat,client_source_publiceventcustomstat_map.csv,4,,,type_or_object_scoped,5,,,,,,,runtime_public_event_custom_stat_type_scoped_scoreboard_dependency_tested_pending_stat_producer_smoke,Tools/DataMapping/output/client_source_publiceventcustomstat_map.csv;Tools/DataMapping/map_wildstar_data.py;wildstar_client_mysql/PublicEvent*.tbl.sql;wildstar_client_mysql/PublicEventObjective.tbl.sql;Source/NexusForever.Game/PublicEvent;Source/NexusForever.Script.Instance,pending,not_retail_complete,,,,,,,,,,Resources Picked Up,,,0,,,,"Public-event custom stat table dependencies are runtime-backed for event-specific and type-scoped rows, including sparse StatIndex validation and scoreboard aggregation. Retail completion still needs per-event stat producer semantics, scoreboard presentation smoke, end-screen ranking, and event smoke."
public_event_custom_stat,client_source_publiceventcustomstat_map.csv,5,,,type_or_object_scoped,5,,,,,,,runtime_public_event_custom_stat_type_scoped_scoreboard_dependency_tested_pending_stat_producer_smoke,Tools/DataMapping/output/client_source_publiceventcustomstat_map.csv;Tools/DataMapping/map_wildstar_data.py;wildstar_client_mysql/PublicEvent*.tbl.sql;wildstar_client_mysql/PublicEventObjective.tbl.sql;Source/NexusForever.Game/PublicEvent;Source/NexusForever.Script.Instance,pending,not_retail_complete,,,,,,,,,,Resources Deposited,,,1,,,,"Public-event custom stat table dependencies are runtime-backed for event-specific and type-scoped rows, including sparse StatIndex validation and scoreboard aggregation. Retail completion still needs per-event stat producer semantics, scoreboard presentation smoke, end-screen ranking, and event smoke."
public_event_custom_stat,client_source_publiceventcustomstat_map.csv,6,,,type_or_object_scoped,6,,,,,,,runtime_public_event_custom_stat_type_scoped_scoreboard_dependency_tested_pending_stat_producer_smoke,Tools/DataMapping/output/client_source_publiceventcustomstat_map.csv;Tools/DataMapping/map_wildstar_data.py;wildstar_client_mysql/PublicEvent*.tbl.sql;wildstar_client_mysql/PublicEventObjective.tbl.sql;Source/NexusForever.Game/PublicEvent;Source/NexusForever.Script.Instance,pending,not_retail_complete,,,,,,,,,,Uplink Activated,,,0,,,,"Public-event custom stat table dependencies are runtime-backed for event-specific and type-scoped rows, including sparse StatIndex validation and scoreboard aggregation. Retail completion still needs per-event stat producer semantics, scoreboard presentation smoke, end-screen ranking, and event smoke."
public_event_custom_stat,client_source_publiceventcustomstat_map.csv,7,,,type_or_object_scoped,6,,,,,,,runtime_public_event_custom_stat_type_scoped_scoreboard_dependency_tested_pending_stat_producer_smoke,Tools/DataMapping/output/client_source_publiceventcustomstat_map.csv;Tools/DataMapping/map_wildstar_data.py;wildstar_client_mysql/PublicEvent*.tbl.sql;wildstar_client_mysql/PublicEventObjective.tbl.sql;Source/NexusForever.Game/PublicEvent;Source/NexusForever.Script.Instance,pending,not_retail_complete,,,,,,,,,,Bombs Placed,,,1,,,,"Public-event custom stat table dependencies are runtime-backed for event-specific and type-scoped rows, including sparse StatIndex validation and scoreboard aggregation. Retail completion still needs per-event stat producer semantics, scoreboard presentation smoke, end-screen ranking, and event smoke."
public_event_custom_stat,client_source_publiceventcustomstat_map.csv,8,,,type_or_object_scoped,7,,,,,,,runtime_public_event_custom_stat_type_scoped_scoreboard_dependency_tested_pending_stat_producer_smoke,Tools/DataMapping/output/client_source_publiceventcustomstat_map.csv;Tools/DataMapping/map_wildstar_data.py;wildstar_client_mysql/PublicEvent*.tbl.sql;wildstar_client_mysql/PublicEventObjective.tbl.sql;Source/NexusForever.Game/PublicEvent;Source/NexusForever.Script.Instance,pending,not_retail_complete,,,,,,,,,,Resources Collected,,,0,,,,"Public-event custom stat table dependencies are runtime-backed for event-specific and type-scoped rows, including sparse StatIndex validation and scoreboard aggregation. Retail completion still needs per-event stat producer semantics, scoreboard presentation smoke, end-screen ranking, and event smoke."
public_event_custom_stat,client_source_publiceventcustomstat_map.csv,11,,,type_or_object_scoped,0,,,,,,,runtime_public_event_custom_stat_type_scoped_scoreboard_dependency_tested_pending_stat_producer_smoke,Tools/DataMapping/output/client_source_publiceventcustomstat_map.csv;Tools/DataMapping/map_wildstar_data.py;wildstar_client_mysql/PublicEvent*.tbl.sql;wildstar_client_mysql/PublicEventObjective.tbl.sql;Source/NexusForever.Game/PublicEvent;Source/NexusForever.Script.Instance,pending,not_retail_complete,,,,,,,,,,,,,0,,,,"Public-event custom stat table dependencies are runtime-backed for event-specific and type-scoped rows, including sparse StatIndex validation and scoreboard aggregation. Retail completion still needs per-event stat producer semantics, scoreboard presentation smoke, end-screen ranking, and event smoke."
public_event_custom_stat,client_source_publiceventcustomstat_map.csv,12,,,type_or_object_scoped,7,,,,,,,runtime_public_event_custom_stat_type_scoped_scoreboard_dependency_tested_pending_stat_producer_smoke,Tools/DataMapping/output/client_source_publiceventcustomstat_map.csv;Tools/DataMapping/map_wildstar_data.py;wildstar_client_mysql/PublicEvent*.tbl.sql;wildstar_client_mysql/PublicEventObjective.tbl.sql;Source/NexusForever.Game/PublicEvent;Source/NexusForever.Script.Instance,pending,not_retail_complete,,,,,,,,,,Lost Caravan Members Rescued,,,1,,,,"Public-event custom stat table dependencies are runtime-backed for event-specific and type-scoped rows, including sparse StatIndex validation and scoreboard aggregation. Retail completion still needs per-event stat producer semantics, scoreboard presentation smoke, end-screen ranking, and event smoke."
public_event_custom_stat,client_source_publiceventcustomstat_map.csv,13,,,type_or_object_scoped,7,,,,,,,runtime_public_event_custom_stat_type_scoped_scoreboard_dependency_tested_pending_stat_producer_smoke,Tools/DataMapping/output/client_source_publiceventcustomstat_map.csv;Tools/DataMapping/map_wildstar_data.py;wildstar_client_mysql/PublicEvent*.tbl.sql;wildstar_client_mysql/PublicEventObjective.tbl.sql;Source/NexusForever.Game/PublicEvent;Source/NexusForever.Script.Instance,pending,not_retail_complete,,,,,,,,,,Camp Fires Extinguished,,,2,,,,"Public-event custom stat table dependencies are runtime-backed for event-specific and type-scoped rows, including sparse StatIndex validation and scoreboard aggregation. Retail completion still needs per-event stat producer semantics, scoreboard presentation smoke, end-screen ranking, and event smoke."
public_event_custom_stat,client_source_publiceventcustomstat_map.csv,14,,,type_or_object_scoped,7,,,,,,,runtime_public_event_custom_stat_type_scoped_scoreboard_dependency_tested_pending_stat_producer_smoke,Tools/DataMapping/output/client_source_publiceventcustomstat_map.csv;Tools/DataMapping/map_wildstar_data.py;wildstar_client_mysql/PublicEvent*.tbl.sql;wildstar_client_mysql/PublicEventObjective.tbl.sql;Source/NexusForever.Game/PublicEvent;Source/NexusForever.Script.Instance,pending,not_retail_complete,,,,,,,,,,Grismaran Flux Victims Cured,,,3,,,,"Public-event custom stat table dependencies are runtime-backed for event-specific and type-scoped rows, including sparse StatIndex validation and scoreboard aggregation. Retail completion still needs per-event stat producer semantics, scoreboard presentation smoke, end-screen ranking, and event smoke."
public_event_custom_stat,client_source_publiceventcustomstat_map.csv,15,,,type_or_object_scoped,7,,,,,,,runtime_public_event_custom_stat_type_scoped_scoreboard_dependency_tested_pending_stat_producer_smoke,Tools/DataMapping/output/client_source_publiceventcustomstat_map.csv;Tools/DataMapping/map_wildstar_data.py;wildstar_client_mysql/PublicEvent*.tbl.sql;wildstar_client_mysql/PublicEventObjective.tbl.sql;Source/NexusForever.Game/PublicEvent;Source/NexusForever.Script.Instance,pending,not_retail_complete,,,,,,,,,,Gorgefly Swarms Dispersed,,,4,,,,"Public-event custom stat table dependencies are runtime-backed for event-specific and type-scoped rows, including sparse StatIndex validation and scoreboard aggregation. Retail completion still needs per-event stat producer semantics, scoreboard presentation smoke, end-screen ranking, and event smoke."
public_event_custom_stat,client_source_publiceventcustomstat_map.csv,16,,,type_or_object_scoped,9,,,,,,,runtime_public_event_custom_stat_type_scoped_scoreboard_dependency_tested_pending_stat_producer_smoke,Tools/DataMapping/output/client_source_publiceventcustomstat_map.csv;Tools/DataMapping/map_wildstar_data.py;wildstar_client_mysql/PublicEvent*.tbl.sql;wildstar_client_mysql/PublicEventObjective.tbl.sql;Source/NexusForever.Game/PublicEvent;Source/NexusForever.Script.Instance,pending,not_retail_complete,,,,,,,,,,Activated Fuel Cells,,,0,,,,"Public-event custom stat table dependencies are runtime-backed for event-specific and type-scoped rows, including sparse StatIndex validation and scoreboard aggregation. Retail completion still needs per-event stat producer semantics, scoreboard presentation smoke, end-screen ranking, and event smoke."
public_event_custom_stat,client_source_publiceventcustomstat_map.csv,17,,,type_or_object_scoped,9,,,,,,,runtime_public_event_custom_stat_type_scoped_scoreboard_dependency_tested_pending_stat_producer_smoke,Tools/DataMapping/output/client_source_publiceventcustomstat_map.csv;Tools/DataMapping/map_wildstar_data.py;wildstar_client_mysql/PublicEvent*.tbl.sql;wildstar_client_mysql/PublicEventObjective.tbl.sql;Source/NexusForever.Game/PublicEvent;Source/NexusForever.Script.Instance,pending,not_retail_complete,,,,,,,,,,Activated Generators,,,1,,,,"Public-event custom stat table dependencies are runtime-backed for event-specific and type-scoped rows, including sparse StatIndex validation and scoreboard aggregation. Retail completion still needs per-event stat producer semantics, scoreboard presentation smoke, end-screen ranking, and event smoke."
public_event_custom_stat,client_source_publiceventcustomstat_map.csv,18,,,type_or_object_scoped,9,,,,,,,runtime_public_event_custom_stat_type_scoped_scoreboard_dependency_tested_pending_stat_producer_smoke,Tools/DataMapping/output/client_source_publiceventcustomstat_map.csv;Tools/DataMapping/map_wildstar_data.py;wildstar_client_mysql/PublicEvent*.tbl.sql;wildstar_client_mysql/PublicEventObjective.tbl.sql;Source/NexusForever.Game/PublicEvent;Source/NexusForever.Script.Instance,pending,not_retail_complete,,,,,,,,,,Activated Fuel Settler Depot,,,2,,,,"Public-event custom stat table dependencies are runtime-backed for event-specific and type-scoped rows, including sparse StatIndex validation and scoreboard aggregation. Retail completion still needs per-event stat producer semantics, scoreboard presentation smoke, end-screen ranking, and event smoke."
public_event_custom_stat,client_source_publiceventcustomstat_map.csv,19,,,type_or_object_scoped,9,,,,,,,runtime_public_event_custom_stat_type_scoped_scoreboard_dependency_tested_pending_stat_producer_smoke,Tools/DataMapping/output/client_source_publiceventcustomstat_map.csv;Tools/DataMapping/map_wildstar_data.py;wildstar_client_mysql/PublicEvent*.tbl.sql;wildstar_client_mysql/PublicEventObjective.tbl.sql;Source/NexusForever.Game/PublicEvent;Source/NexusForever.Script.Instance,pending,not_retail_complete,,,,,,,,,,You did things,,,3,,,,"Public-event custom stat table dependencies are runtime-backed for event-specific and type-scoped rows, including sparse StatIndex validation and scoreboard aggregation. Retail completion still needs per-event stat producer semantics, scoreboard presentation smoke, end-screen ranking, and event smoke."
public_event_custom_stat,client_source_publiceventcustomstat_map.csv,21,,,type_or_object_scoped,2,,,,,,,runtime_public_event_custom_stat_type_scoped_scoreboard_dependency_tested_pending_stat_producer_smoke,Tools/DataMapping/output/client_source_publiceventcustomstat_map.csv;Tools/DataMapping/map_wildstar_data.py;wildstar_client_mysql/PublicEvent*.tbl.sql;wildstar_client_mysql/PublicEventObjective.tbl.sql;Source/NexusForever.Game/PublicEvent;Source/NexusForever.Script.Instance,pending,not_retail_complete,,,,,,,,,,War Coin Contribution,,,0,,,,"Public-event custom stat table dependencies are runtime-backed for event-specific and type-scoped rows, including sparse StatIndex validation and scoreboard aggregation. Retail completion still needs per-event stat producer semantics, scoreboard presentation smoke, end-screen ranking, and event smoke."
public_event_custom_stat,client_source_publiceventcustomstat_map.csv,22,,,type_or_object_scoped,2,,,,,,,runtime_public_event_custom_stat_type_scoped_scoreboard_dependency_tested_pending_stat_producer_smoke,Tools/DataMapping/output/client_source_publiceventcustomstat_map.csv;Tools/DataMapping/map_wildstar_data.py;wildstar_client_mysql/PublicEvent*.tbl.sql;wildstar_client_mysql/PublicEventObjective.tbl.sql;Source/NexusForever.Game/PublicEvent;Source/NexusForever.Script.Instance,pending,not_retail_complete,,,,,,,,,,Warplot Nodes Captured,,,1,,,,"Public-event custom stat table dependencies are runtime-backed for event-specific and type-scoped rows, including sparse StatIndex validation and scoreboard aggregation. Retail completion still needs per-event stat producer semantics, scoreboard presentation smoke, end-screen ranking, and event smoke."
public_event_custom_stat,client_source_publiceventcustomstat_map.csv,23,,,type_or_object_scoped,2,,,,,,,runtime_public_event_custom_stat_type_scoped_scoreboard_dependency_tested_pending_stat_producer_smoke,Tools/DataMapping/output/client_source_publiceventcustomstat_map.csv;Tools/DataMapping/map_wildstar_data.py;wildstar_client_mysql/PublicEvent*.tbl.sql;wildstar_client_mysql/PublicEventObjective.tbl.sql;Source/NexusForever.Game/PublicEvent;Source/NexusForever.Script.Instance,pending,not_retail_complete,,,,,,,,,,Warplot Plug Kills,,,2,,,,"Public-event custom stat table dependencies are runtime-backed for event-specific and type-scoped rows, including sparse StatIndex validation and scoreboard aggregation. Retail completion still needs per-event stat producer semantics, scoreboard presentation smoke, end-screen ranking, and event smoke."
public_event_custom_stat,client_source_publiceventcustomstat_map.csv,24,733,Snowtron Smash,current_public_event,21,,,,,,,runtime_public_event_custom_stat_event_linked_scoreboard_dependency_tested_pending_stat_producer_smoke,Tools/DataMapping/output/client_source_publiceventcustomstat_map.csv;Tools/DataMapping/map_wildstar_data.py;wildstar_client_mysql/PublicEvent*.tbl.sql;wildstar_client_mysql/PublicEventObjective.tbl.sql;Source/NexusForever.Game/PublicEvent;Source/NexusForever.Script.Instance,pending,not_retail_complete,,,,,,,,,,Time In Snowtron 9000,IconSprites:Icon_ItemMisc_Icon_WfestSnow_NotHit,,0,,,,"Public-event custom stat table dependencies are runtime-backed for event-specific and type-scoped rows, including sparse StatIndex validation and scoreboard aggregation. Retail completion still needs per-event stat producer semantics, scoreboard presentation smoke, end-screen ranking, and event smoke."
public_event_custom_stat,client_source_publiceventcustomstat_map.csv,25,733,Snowtron Smash,current_public_event,21,,,,,,,runtime_public_event_custom_stat_event_linked_scoreboard_dependency_tested_pending_stat_producer_smoke,Tools/DataMapping/output/client_source_publiceventcustomstat_map.csv;Tools/DataMapping/map_wildstar_data.py;wildstar_client_mysql/PublicEvent*.tbl.sql;wildstar_client_mysql/PublicEventObjective.tbl.sql;Source/NexusForever.Game/PublicEvent;Source/NexusForever.Script.Instance,pending,not_retail_complete,,,,,,,,,,Snowball Hits,IconSprites:Icon_ItemMisc_Icon_WfestSnow_Hit,,1,,,,"Public-event custom stat table dependencies are runtime-backed for event-specific and type-scoped rows, including sparse StatIndex validation and scoreboard aggregation. Retail completion still needs per-event stat producer semantics, scoreboard presentation smoke, end-screen ranking, and event smoke."
public_event_custom_stat,client_source_publiceventcustomstat_map.csv,28,776,Snowtron Smash,current_public_event,21,,,,,,,runtime_public_event_custom_stat_event_linked_scoreboard_dependency_tested_pending_stat_producer_smoke,Tools/DataMapping/output/client_source_publiceventcustomstat_map.csv;Tools/DataMapping/map_wildstar_data.py;wildstar_client_mysql/PublicEvent*.tbl.sql;wildstar_client_mysql/PublicEventObjective.tbl.sql;Source/NexusForever.Game/PublicEvent;Source/NexusForever.Script.Instance,pending,not_retail_complete,,,,,,,,,,Time In Snowtron 9000,IconSprites:Icon_ItemMisc_Icon_WfestSnow_NotHit,,0,,,,"Public-event custom stat table dependencies are runtime-backed for event-specific and type-scoped rows, including sparse StatIndex validation and scoreboard aggregation. Retail completion still needs per-event stat producer semantics, scoreboard presentation smoke, end-screen ranking, and event smoke."
public_event_custom_stat,client_source_publiceventcustomstat_map.csv,29,776,Snowtron Smash,current_public_event,21,,,,,,,runtime_public_event_custom_stat_event_linked_scoreboard_dependency_tested_pending_stat_producer_smoke,Tools/DataMapping/output/client_source_publiceventcustomstat_map.csv;Tools/DataMapping/map_wildstar_data.py;wildstar_client_mysql/PublicEvent*.tbl.sql;wildstar_client_mysql/PublicEventObjective.tbl.sql;Source/NexusForever.Game/PublicEvent;Source/NexusForever.Script.Instance,pending,not_retail_complete,,,,,,,,,,Snowball Hits,IconSprites:Icon_ItemMisc_Icon_WfestSnow_Hit,,1,,,,"Public-event custom stat table dependencies are runtime-backed for event-specific and type-scoped rows, including sparse StatIndex validation and scoreboard aggregation. Retail completion still needs per-event stat producer semantics, scoreboard presentation smoke, end-screen ranking, and event smoke."
public_event_depot,public_event_depot_client_map.csv,1,,,type_or_object_scoped,,4,,6,7,1,,runtime_public_event_depot_virtual_item_choices_tested_pending_depot_interaction_smoke,Tools/DataMapping/output/public_event_depot_client_map.csv;Tools/DataMapping/map_wildstar_data.py;wildstar_client_mysql/PublicEvent*.tbl.sql;wildstar_client_mysql/PublicEventObjective.tbl.sql;Source/NexusForever.Game/PublicEvent;Source/NexusForever.Script.Instance;wildstar_client_mysql/PublicEventDepot.tbl.sql;wildstar_client_mysql/PublicEventVirtualItemDepot.tbl.sql;Source/NexusForever.Game/PublicEvent/PublicEventTemplate.cs;Source/NexusForever.Game/PublicEvent/PublicEventObjective.cs;Source/NexusForever.Game.Tests/PublicEvents/PublicEventDataBackedMetadataTests.cs,pending,not_retail_complete,19986,,12834,,,,,,,,,,,,,,"Public-event depot rows linked to InteractDepot objectives and matching virtual-item depot Creature2 rows now have runtime template/status metadata that sends virtual-item choices to clients. Retail completion still needs depot object placement, depot acquisition/deposit interaction ownership, objective credit from that interaction, UI state, and content smoke."
public_event_depot,public_event_depot_client_map.csv,2,,,type_or_object_scoped,,,,,7,2,,blocked_public_event_depot_unlinked_missing_objective_mapping,Tools/DataMapping/output/public_event_depot_client_map.csv;Tools/DataMapping/map_wildstar_data.py;wildstar_client_mysql/PublicEvent*.tbl.sql;wildstar_client_mysql/PublicEventObjective.tbl.sql;Source/NexusForever.Game/PublicEvent;Source/NexusForever.Script.Instance,pending,not_retail_complete,21131,Expedition Depot,13050,Expedition Supplies,,,,,,,,,,,,,"Public-event depot evidence is tracked, but retail completion needs depot object placement, carry/deposit item flow, objective credit, UI update, and content smoke."
public_event_depot,public_event_depot_client_map.csv,3,,,type_or_object_scoped,,87,Mining Woes,211,7,3,,blocked_public_event_depot_objective_linked_missing_depot_interaction_evidence,Tools/DataMapping/output/public_event_depot_client_map.csv;Tools/DataMapping/map_wildstar_data.py;wildstar_client_mysql/PublicEvent*.tbl.sql;wildstar_client_mysql/PublicEventObjective.tbl.sql;Source/NexusForever.Game/PublicEvent;Source/NexusForever.Script.Instance,pending,not_retail_complete,21592,Mining Cart,13078,Crystal Shards,,,,,,,,,,,,,"Public-event depot evidence is tracked, but retail completion needs depot object placement, carry/deposit item flow, objective credit, UI update, and content smoke."
public_event_depot,public_event_depot_client_map.csv,4,,,type_or_object_scoped,,89;468,Gather Power Cells;Destroy the Enemy's Base,215;2079,7,4,,blocked_public_event_depot_objective_linked_missing_depot_interaction_evidence,Tools/DataMapping/output/public_event_depot_client_map.csv;Tools/DataMapping/map_wildstar_data.py;wildstar_client_mysql/PublicEvent*.tbl.sql;wildstar_client_mysql/PublicEventObjective.tbl.sql;Source/NexusForever.Game/PublicEvent;Source/NexusForever.Script.Instance,pending,not_retail_complete,17085,PvP Dominion Cannon Depot - Boneshatter Ridge,12280,,,,,,,,,,,,,,"Public-event depot evidence is tracked, but retail completion needs depot object placement, carry/deposit item flow, objective credit, UI update, and content smoke."
public_event_depot,public_event_depot_client_map.csv,5,,,type_or_object_scoped,,168;468,Gather Power Cells;Destroy the Enemy's Base,465;2047,7,5,,blocked_public_event_depot_objective_linked_missing_depot_interaction_evidence,Tools/DataMapping/output/public_event_depot_client_map.csv;Tools/DataMapping/map_wildstar_data.py;wildstar_client_mysql/PublicEvent*.tbl.sql;wildstar_client_mysql/PublicEventObjective.tbl.sql;Source/NexusForever.Game/PublicEvent;Source/NexusForever.Script.Instance,pending,not_retail_complete,17083,PvP Exile Cannon Depot - Boneshatter Ridge,12280,,,,,,,,,,,,,,"Public-event depot evidence is tracked, but retail completion needs depot object placement, carry/deposit item flow, objective credit, UI update, and content smoke."
public_event_depot,public_event_depot_client_map.csv,6,,,type_or_object_scoped,,187,Help the community!,626,7,6,,blocked_public_event_depot_objective_linked_missing_depot_interaction_evidence,Tools/DataMapping/output/public_event_depot_client_map.csv;Tools/DataMapping/map_wildstar_data.py;wildstar_client_mysql/PublicEvent*.tbl.sql;wildstar_client_mysql/PublicEventObjective.tbl.sql;Source/NexusForever.Game/PublicEvent;Source/NexusForever.Script.Instance,pending,not_retail_complete,28292,PQI Settler Depot,15988,PQI Token,,,,,,,,,,,,,"Public-event depot evidence is tracked, but retail completion needs depot object placement, carry/deposit item flow, objective credit, UI update, and content smoke."
public_event_depot,public_event_depot_client_map.csv,7,,,type_or_object_scoped,,,,,7,7,,blocked_public_event_depot_unlinked_missing_objective_mapping,Tools/DataMapping/output/public_event_depot_client_map.csv;Tools/DataMapping/map_wildstar_data.py;wildstar_client_mysql/PublicEvent*.tbl.sql;wildstar_client_mysql/PublicEventObjective.tbl.sql;Source/NexusForever.Game/PublicEvent;Source/NexusForever.Script.Instance,pending,not_retail_complete,30759,Dominion Engineer,17232,Scrap Metal,,,,,,,,,,,,,"Public-event depot evidence is tracked, but retail completion needs depot object placement, carry/deposit item flow, objective credit, UI update, and content smoke."
public_event_depot,public_event_depot_client_map.csv,8,,,type_or_object_scoped,,203,Assault on Kel Voreth,704,7,8,,blocked_public_event_depot_objective_linked_missing_depot_interaction_evidence,Tools/DataMapping/output/public_event_depot_client_map.csv;Tools/DataMapping/map_wildstar_data.py;wildstar_client_mysql/PublicEvent*.tbl.sql;wildstar_client_mysql/PublicEventObjective.tbl.sql;Source/NexusForever.Game/PublicEvent;Source/NexusForever.Script.Instance,pending,not_retail_complete,31150,Alpha Depository,17390,Warbot Part,,,,,,,,,,,,,"Public-event depot evidence is tracked, but retail completion needs depot object placement, carry/deposit item flow, objective credit, UI update, and content smoke."
public_event_depot,public_event_depot_client_map.csv,9,,,type_or_object_scoped,,203,Assault on Kel Voreth,705,7,9,,blocked_public_event_depot_objective_linked_missing_depot_interaction_evidence,Tools/DataMapping/output/public_event_depot_client_map.csv;Tools/DataMapping/map_wildstar_data.py;wildstar_client_mysql/PublicEvent*.tbl.sql;wildstar_client_mysql/PublicEventObjective.tbl.sql;Source/NexusForever.Game/PublicEvent;Source/NexusForever.Script.Instance,pending,not_retail_complete,31158,Beta Depository,17390,Warbot Part,,,,,,,,,,,,,"Public-event depot evidence is tracked, but retail completion needs depot object placement, carry/deposit item flow, objective credit, UI update, and content smoke."
public_event_depot,public_event_depot_client_map.csv,10,,,type_or_object_scoped,,203,Assault on Kel Voreth,706,7,10,,blocked_public_event_depot_objective_linked_missing_depot_interaction_evidence,Tools/DataMapping/output/public_event_depot_client_map.csv;Tools/DataMapping/map_wildstar_data.py;wildstar_client_mysql/PublicEvent*.tbl.sql;wildstar_client_mysql/PublicEventObjective.tbl.sql;Source/NexusForever.Game/PublicEvent;Source/NexusForever.Script.Instance,pending,not_retail_complete,31159,Gamma Depository,17390,Warbot Part,,,,,,,,,,,,,"Public-event depot evidence is tracked, but retail completion needs depot object placement, carry/deposit item flow, objective credit, UI update, and content smoke."
public_event_depot,public_event_depot_client_map.csv,11,,,type_or_object_scoped,,203,Assault on Kel Voreth,707,7,11,,blocked_public_event_depot_objective_linked_missing_depot_interaction_evidence,Tools/DataMapping/output/public_event_depot_client_map.csv;Tools/DataMapping/map_wildstar_data.py;wildstar_client_mysql/PublicEvent*.tbl.sql;wildstar_client_mysql/PublicEventObjective.tbl.sql;Source/NexusForever.Game/PublicEvent;Source/NexusForever.Script.Instance,pending,not_retail_complete,31160,Delta Depository,17390,Warbot Part,,,,,,,,,,,,,"Public-event depot evidence is tracked, but retail completion needs depot object placement, carry/deposit item flow, objective credit, UI update, and content smoke."
public_event_depot,public_event_depot_client_map.csv,12,,,type_or_object_scoped,,222,Grand Theft Auto Parts,802,7,12,,blocked_public_event_depot_objective_linked_missing_depot_interaction_evidence,Tools/DataMapping/output/public_event_depot_client_map.csv;Tools/DataMapping/map_wildstar_data.py;wildstar_client_mysql/PublicEvent*.tbl.sql;wildstar_client_mysql/PublicEventObjective.tbl.sql;Source/NexusForever.Game/PublicEvent;Source/NexusForever.Script.Instance,pending,not_retail_complete,32896,Vehicle One Depository,18008,Vehicle Spare Part,,,,,,,,,,,,,"Public-event depot evidence is tracked, but retail completion needs depot object placement, carry/deposit item flow, objective credit, UI update, and content smoke."
public_event_depot,public_event_depot_client_map.csv,13,,,type_or_object_scoped,,222,Grand Theft Auto Parts,803,7,13,,blocked_public_event_depot_objective_linked_missing_depot_interaction_evidence,Tools/DataMapping/output/public_event_depot_client_map.csv;Tools/DataMapping/map_wildstar_data.py;wildstar_client_mysql/PublicEvent*.tbl.sql;wildstar_client_mysql/PublicEventObjective.tbl.sql;Source/NexusForever.Game/PublicEvent;Source/NexusForever.Script.Instance,pending,not_retail_complete,32898,Vehicle Two Depository,18008,Vehicle Spare Part,,,,,,,,,,,,,"Public-event depot evidence is tracked, but retail completion needs depot object placement, carry/deposit item flow, objective credit, UI update, and content smoke."
public_event_depot,public_event_depot_client_map.csv,14,,,type_or_object_scoped,,222,Grand Theft Auto Parts,804,7,14,,blocked_public_event_depot_objective_linked_missing_depot_interaction_evidence,Tools/DataMapping/output/public_event_depot_client_map.csv;Tools/DataMapping/map_wildstar_data.py;wildstar_client_mysql/PublicEvent*.tbl.sql;wildstar_client_mysql/PublicEventObjective.tbl.sql;Source/NexusForever.Game/PublicEvent;Source/NexusForever.Script.Instance,pending,not_retail_complete,32899,Vehicle Three Depository,18008,Vehicle Spare Part,,,,,,,,,,,,,"Public-event depot evidence is tracked, but retail completion needs depot object placement, carry/deposit item flow, objective credit, UI update, and content smoke."
public_event_depot,public_event_depot_client_map.csv,15,,,type_or_object_scoped,,230,,807,7,15,,blocked_public_event_depot_objective_linked_missing_depot_interaction_evidence,Tools/DataMapping/output/public_event_depot_client_map.csv;Tools/DataMapping/map_wildstar_data.py;wildstar_client_mysql/PublicEvent*.tbl.sql;wildstar_client_mysql/PublicEventObjective.tbl.sql;Source/NexusForever.Game/PublicEvent;Source/NexusForever.Script.Instance,pending,not_retail_complete,33005,[DEPRECATE],12280,,,,,,,,,,,,,,"Public-event depot evidence is tracked, but retail completion needs depot object placement, carry/deposit item flow, objective credit, UI update, and content smoke."
public_event_depot,public_event_depot_client_map.csv,16,,,type_or_object_scoped,,223,Hold Fast Supplies,825,7,16,,blocked_public_event_depot_objective_linked_missing_depot_interaction_evidence,Tools/DataMapping/output/public_event_depot_client_map.csv;Tools/DataMapping/map_wildstar_data.py;wildstar_client_mysql/PublicEvent*.tbl.sql;wildstar_client_mysql/PublicEventObjective.tbl.sql;Source/NexusForever.Game/PublicEvent;Source/NexusForever.Script.Instance,pending,not_retail_complete,33167,Storage Defense Turret,18074,Ammunition Supplies,,,,,,,,,,,,,"Public-event depot evidence is tracked, but retail completion needs depot object placement, carry/deposit item flow, objective credit, UI update, and content smoke."
public_event_depot,public_event_depot_client_map.csv,17,,,type_or_object_scoped,,,,,7,17,,blocked_public_event_depot_unlinked_missing_objective_mapping,Tools/DataMapping/output/public_event_depot_client_map.csv;Tools/DataMapping/map_wildstar_data.py;wildstar_client_mysql/PublicEvent*.tbl.sql;wildstar_client_mysql/PublicEventObjective.tbl.sql;Source/NexusForever.Game/PublicEvent;Source/NexusForever.Script.Instance,pending,not_retail_complete,33312,Storage Defense Turret,18074,Ammunition Supplies,,,,,,,,,,,,,"Public-event depot evidence is tracked, but retail completion needs depot object placement, carry/deposit item flow, objective credit, UI update, and content smoke."
public_event_depot,public_event_depot_client_map.csv,18,,,type_or_object_scoped,,223,Hold Fast Supplies,826,7,18,,blocked_public_event_depot_objective_linked_missing_depot_interaction_evidence,Tools/DataMapping/output/public_event_depot_client_map.csv;Tools/DataMapping/map_wildstar_data.py;wildstar_client_mysql/PublicEvent*.tbl.sql;wildstar_client_mysql/PublicEventObjective.tbl.sql;Source/NexusForever.Game/PublicEvent;Source/NexusForever.Script.Instance,pending,not_retail_complete,33313,Storage Defense Turret,18074,Ammunition Supplies,,,,,,,,,,,,,"Public-event depot evidence is tracked, but retail completion needs depot object placement, carry/deposit item flow, objective credit, UI update, and content smoke."
public_event_depot,public_event_depot_client_map.csv,19,,,type_or_object_scoped,,,,,7,19,,blocked_public_event_depot_unlinked_missing_objective_mapping,Tools/DataMapping/output/public_event_depot_client_map.csv;Tools/DataMapping/map_wildstar_data.py;wildstar_client_mysql/PublicEvent*.tbl.sql;wildstar_client_mysql/PublicEventObjective.tbl.sql;Source/NexusForever.Game/PublicEvent;Source/NexusForever.Script.Instance,pending,not_retail_complete,33314,Storage Defense Turret,18074,Ammunition Supplies,,,,,,,,,,,,,"Public-event depot evidence is tracked, but retail completion needs depot object placement, carry/deposit item flow, objective credit, UI update, and content smoke."
public_event_depot,public_event_depot_client_map.csv,20,,,type_or_object_scoped,,223,Hold Fast Supplies,827,7,20,,blocked_public_event_depot_objective_linked_missing_depot_interaction_evidence,Tools/DataMapping/output/public_event_depot_client_map.csv;Tools/DataMapping/map_wildstar_data.py;wildstar_client_mysql/PublicEvent*.tbl.sql;wildstar_client_mysql/PublicEventObjective.tbl.sql;Source/NexusForever.Game/PublicEvent;Source/NexusForever.Script.Instance,pending,not_retail_complete,33315,Storage Defense Turret,18074,Ammunition Supplies,,,,,,,,,,,,,"Public-event depot evidence is tracked, but retail completion needs depot object placement, carry/deposit item flow, objective credit, UI update, and content smoke."
public_event_depot,public_event_depot_client_map.csv,21,,,type_or_object_scoped,,,,,7,21,,blocked_public_event_depot_unlinked_missing_objective_mapping,Tools/DataMapping/output/public_event_depot_client_map.csv;Tools/DataMapping/map_wildstar_data.py;wildstar_client_mysql/PublicEvent*.tbl.sql;wildstar_client_mysql/PublicEventObjective.tbl.sql;Source/NexusForever.Game/PublicEvent;Source/NexusForever.Script.Instance,pending,not_retail_complete,33316,Storage Defense Turret,18074,Ammunition Supplies,,,,,,,,,,,,,"Public-event depot evidence is tracked, but retail completion needs depot object placement, carry/deposit item flow, objective credit, UI update, and content smoke."
public_event_depot,public_event_depot_client_map.csv,22,,,type_or_object_scoped,,223,Hold Fast Supplies,834,7,22,,blocked_public_event_depot_objective_linked_missing_depot_interaction_evidence,Tools/DataMapping/output/public_event_depot_client_map.csv;Tools/DataMapping/map_wildstar_data.py;wildstar_client_mysql/PublicEvent*.tbl.sql;wildstar_client_mysql/PublicEventObjective.tbl.sql;Source/NexusForever.Game/PublicEvent;Source/NexusForever.Script.Instance,pending,not_retail_complete,33448,Supply Loader,18077,Grimvoid Supplies,,,,,,,,,,,,,"Public-event depot evidence is tracked, but retail completion needs depot object placement, carry/deposit item flow, objective credit, UI update, and content smoke."
public_event_depot,public_event_depot_client_map.csv,23,,,type_or_object_scoped,,223,Hold Fast Supplies,835,7,23,,blocked_public_event_depot_objective_linked_missing_depot_interaction_evidence,Tools/DataMapping/output/public_event_depot_client_map.csv;Tools/DataMapping/map_wildstar_data.py;wildstar_client_mysql/PublicEvent*.tbl.sql;wildstar_client_mysql/PublicEventObjective.tbl.sql;Source/NexusForever.Game/PublicEvent;Source/NexusForever.Script.Instance,pending,not_retail_complete,33449,Supply Loader,18077,Grimvoid Supplies,,,,,,,,,,,,,"Public-event depot evidence is tracked, but retail completion needs depot object placement, carry/deposit item flow, objective credit, UI update, and content smoke."
public_event_depot,public_event_depot_client_map.csv,24,,,type_or_object_scoped,,223,Hold Fast Supplies,837,7,24,,blocked_public_event_depot_objective_linked_missing_depot_interaction_evidence,Tools/DataMapping/output/public_event_depot_client_map.csv;Tools/DataMapping/map_wildstar_data.py;wildstar_client_mysql/PublicEvent*.tbl.sql;wildstar_client_mysql/PublicEventObjective.tbl.sql;Source/NexusForever.Game/PublicEvent;Source/NexusForever.Script.Instance,pending,not_retail_complete,33450,Supply Loader,18077,Grimvoid Supplies,,,,,,,,,,,,,"Public-event depot evidence is tracked, but retail completion needs depot object placement, carry/deposit item flow, objective credit, UI update, and content smoke."
public_event_depot,public_event_depot_client_map.csv,25,,,type_or_object_scoped,,228,Is Anybody Out There?,855,7,25,,blocked_public_event_depot_objective_linked_missing_depot_interaction_evidence,Tools/DataMapping/output/public_event_depot_client_map.csv;Tools/DataMapping/map_wildstar_data.py;wildstar_client_mysql/PublicEvent*.tbl.sql;wildstar_client_mysql/PublicEventObjective.tbl.sql;Source/NexusForever.Game/PublicEvent;Source/NexusForever.Script.Instance,pending,not_retail_complete,33625,Tower Monitor A,18642,Red Power Crystal,,,,,,,,,,,,,"Public-event depot evidence is tracked, but retail completion needs depot object placement, carry/deposit item flow, objective credit, UI update, and content smoke."
public_event_depot,public_event_depot_client_map.csv,26,,,type_or_object_scoped,,228,Is Anybody Out There?,856,7,26,,blocked_public_event_depot_objective_linked_missing_depot_interaction_evidence,Tools/DataMapping/output/public_event_depot_client_map.csv;Tools/DataMapping/map_wildstar_data.py;wildstar_client_mysql/PublicEvent*.tbl.sql;wildstar_client_mysql/PublicEventObjective.tbl.sql;Source/NexusForever.Game/PublicEvent;Source/NexusForever.Script.Instance,pending,not_retail_complete,33644,Tower Monitor B,18642,Red Power Crystal,,,,,,,,,,,,,"Public-event depot evidence is tracked, but retail completion needs depot object placement, carry/deposit item flow, objective credit, UI update, and content smoke."
public_event_depot,public_event_depot_client_map.csv,27,,,type_or_object_scoped,,228,Is Anybody Out There?,857,7,27,,blocked_public_event_depot_objective_linked_missing_depot_interaction_evidence,Tools/DataMapping/output/public_event_depot_client_map.csv;Tools/DataMapping/map_wildstar_data.py;wildstar_client_mysql/PublicEvent*.tbl.sql;wildstar_client_mysql/PublicEventObjective.tbl.sql;Source/NexusForever.Game/PublicEvent;Source/NexusForever.Script.Instance,pending,not_retail_complete,33645,Tower Monitor C,18642,Red Power Crystal,,,,,,,,,,,,,"Public-event depot evidence is tracked, but retail completion needs depot object placement, carry/deposit item flow, objective credit, UI update, and content smoke."
public_event_depot,public_event_depot_client_map.csv,28,,,type_or_object_scoped,,224,Into the Eldan Webs,862,7,28,,blocked_public_event_depot_objective_linked_missing_depot_interaction_evidence,Tools/DataMapping/output/public_event_depot_client_map.csv;Tools/DataMapping/map_wildstar_data.py;wildstar_client_mysql/PublicEvent*.tbl.sql;wildstar_client_mysql/PublicEventObjective.tbl.sql;Source/NexusForever.Game/PublicEvent;Source/NexusForever.Script.Instance,pending,not_retail_complete,33585,Excavator T-30,18934,Thick Spider Webbing,,,,,,,,,,,,,"Public-event depot evidence is tracked, but retail completion needs depot object placement, carry/deposit item flow, objective credit, UI update, and content smoke."
public_event_depot,public_event_depot_client_map.csv,29,,,type_or_object_scoped,,,,,7,29,,blocked_public_event_depot_unlinked_missing_objective_mapping,Tools/DataMapping/output/public_event_depot_client_map.csv;Tools/DataMapping/map_wildstar_data.py;wildstar_client_mysql/PublicEvent*.tbl.sql;wildstar_client_mysql/PublicEventObjective.tbl.sql;Source/NexusForever.Game/PublicEvent;Source/NexusForever.Script.Instance,pending,not_retail_complete,35936,Collect-O-Matic 5000,20785,Protostar Broadcasting Equipment,,,,,,,,,,,,,"Public-event depot evidence is tracked, but retail completion needs depot object placement, carry/deposit item flow, objective credit, UI update, and content smoke."
public_event_depot,public_event_depot_client_map.csv,30,,,type_or_object_scoped,,396,[GROUP 20+] Critical Containment: Breaching The Facility,1639,7,30,,blocked_public_event_depot_objective_linked_missing_depot_interaction_evidence,Tools/DataMapping/output/public_event_depot_client_map.csv;Tools/DataMapping/map_wildstar_data.py;wildstar_client_mysql/PublicEvent*.tbl.sql;wildstar_client_mysql/PublicEventObjective.tbl.sql;Source/NexusForever.Game/PublicEvent;Source/NexusForever.Script.Instance,pending,not_retail_complete,46515,Facility Power Cell Depository,27903,Eldan Power Cell,,,,,,,,,,,,,"Public-event depot evidence is tracked, but retail completion needs depot object placement, carry/deposit item flow, objective credit, UI update, and content smoke."
public_event_depot,public_event_depot_client_map.csv,31,,,type_or_object_scoped,,396,[GROUP 20+] Critical Containment: Breaching The Facility,1648,7,31,,blocked_public_event_depot_objective_linked_missing_depot_interaction_evidence,Tools/DataMapping/output/public_event_depot_client_map.csv;Tools/DataMapping/map_wildstar_data.py;wildstar_client_mysql/PublicEvent*.tbl.sql;wildstar_client_mysql/PublicEventObjective.tbl.sql;Source/NexusForever.Game/PublicEvent;Source/NexusForever.Script.Instance,pending,not_retail_complete,46541,Eldan Nanocircuitry Depository,27935,Eldan Nanocircuitry,,,,,,,,,,,,,"Public-event depot evidence is tracked, but retail completion needs depot object placement, carry/deposit item flow, objective credit, UI update, and content smoke."
public_event_depot,public_event_depot_client_map.csv,32,,,type_or_object_scoped,,397,[GROUP 20+] Critical Containment: Breaching The Facility,1649,7,32,,blocked_public_event_depot_objective_linked_missing_depot_interaction_evidence,Tools/DataMapping/output/public_event_depot_client_map.csv;Tools/DataMapping/map_wildstar_data.py;wildstar_client_mysql/PublicEvent*.tbl.sql;wildstar_client_mysql/PublicEventObjective.tbl.sql;Source/NexusForever.Game/PublicEvent;Source/NexusForever.Script.Instance,pending,not_retail_complete,46518,Facility Power Cell Depository,27903,Eldan Power Cell,,,,,,,,,,,,,"Public-event depot evidence is tracked, but retail completion needs depot object placement, carry/deposit item flow, objective credit, UI update, and content smoke."
public_event_depot,public_event_depot_client_map.csv,33,,,type_or_object_scoped,,397,[GROUP 20+] Critical Containment: Breaching The Facility,1650,7,33,,blocked_public_event_depot_objective_linked_missing_depot_interaction_evidence,Tools/DataMapping/output/public_event_depot_client_map.csv;Tools/DataMapping/map_wildstar_data.py;wildstar_client_mysql/PublicEvent*.tbl.sql;wildstar_client_mysql/PublicEventObjective.tbl.sql;Source/NexusForever.Game/PublicEvent;Source/NexusForever.Script.Instance,pending,not_retail_complete,46542,Eldan Nanocircuitry Depository,27935,Eldan Nanocircuitry,,,,,,,,,,,,,"Public-event depot evidence is tracked, but retail completion needs depot object placement, carry/deposit item flow, objective credit, UI update, and content smoke."
public_event_depot,public_event_depot_client_map.csv,34,,,type_or_object_scoped,,,,1636,7,34,,blocked_public_event_depot_objective_linked_missing_depot_interaction_evidence,Tools/DataMapping/output/public_event_depot_client_map.csv;Tools/DataMapping/map_wildstar_data.py;wildstar_client_mysql/PublicEvent*.tbl.sql;wildstar_client_mysql/PublicEventObjective.tbl.sql;Source/NexusForever.Game/PublicEvent;Source/NexusForever.Script.Instance,pending,not_retail_complete,46640,Bot Disposal Unit,27937,Freebot Internal Combustion Dynamo,,,,,,,,,,,,,"Public-event depot evidence is tracked, but retail completion needs depot object placement, carry/deposit item flow, objective credit, UI update, and content smoke."
public_event_depot,public_event_depot_client_map.csv,35,,,type_or_object_scoped,,463,Logic Containment,1990,7,35,,blocked_public_event_depot_objective_linked_missing_depot_interaction_evidence,Tools/DataMapping/output/public_event_depot_client_map.csv;Tools/DataMapping/map_wildstar_data.py;wildstar_client_mysql/PublicEvent*.tbl.sql;wildstar_client_mysql/PublicEventObjective.tbl.sql;Source/NexusForever.Game/PublicEvent;Source/NexusForever.Script.Instance,pending,not_retail_complete,49747,Chaos Vacuum,29203,Chaos Data,,,,,,,,,,,,,"Public-event depot evidence is tracked, but retail completion needs depot object placement, carry/deposit item flow, objective credit, UI update, and content smoke."
public_event_depot,public_event_depot_client_map.csv,36,,,type_or_object_scoped,,150;169;177;372;491;586;590;593;641;847;852;855;870,Metal Maw [GROUP 20+];Kraggar the Earth-Render [GROUP 20+];Metal Maw Prime [GROUP 20+];Dethrone the King [GROUP 20+];Forgotten Trial of Tresayne [GROUP 20+];Mechathorn [GROUP 20+];Dreamspore [GROUP 20+];Grendelus the Guardian [GROUP 20+];Sulak the Xenophage [GROUP 20+];His Own Kingdom [GROUP 20+];Gargantua [GROUP 20+];Scorchwing [GROUP 20+];Tower-Engineer Renhakul [GROUP 20+],4993;4998;5005;5008;2174;5015;5021;5027;5256;4990;5038;5047;5143,7,36,,blocked_public_event_depot_objective_linked_missing_depot_interaction_evidence,Tools/DataMapping/output/public_event_depot_client_map.csv;Tools/DataMapping/map_wildstar_data.py;wildstar_client_mysql/PublicEvent*.tbl.sql;wildstar_client_mysql/PublicEventObjective.tbl.sql;Source/NexusForever.Game/PublicEvent;Source/NexusForever.Script.Instance,pending,not_retail_complete,71753,Progenitor Data Cache,81325,Progenitor Access Particle,,,,,,,,,,,,,"Public-event depot evidence is tracked, but retail completion needs depot object placement, carry/deposit item flow, objective credit, UI update, and content smoke."
public_event_objective_bomb_deployment,client_source_publiceventobjectivebombdeployment_map.csv,1,,,type_or_object_scoped,,6,,1034,31,1,,blocked_public_event_bomb_deployment_objective_linked_missing_carrier_deploy_evidence,Tools/DataMapping/output/client_source_publiceventobjectivebombdeployment_map.csv;Tools/DataMapping/map_wildstar_data.py;wildstar_client_mysql/PublicEvent*.tbl.sql;wildstar_client_mysql/PublicEventObjective.tbl.sql;Source/NexusForever.Game/PublicEvent;Source/NexusForever.Script.Instance,pending,not_retail_complete,37329,,,,,,28133,Nathan Test Spell 1,,,,,,,,,"Public-event bomb deployment evidence is tracked, but retail completion needs bomb pickup/carry spell, deployment target, objective credit, and PvP/event smoke."
public_event_objective_bomb_deployment,client_source_publiceventobjectivebombdeployment_map.csv,2,,,type_or_object_scoped,,438,Destroy the Enemy's Fusion Core,1530,31,2,,blocked_public_event_bomb_deployment_objective_linked_missing_carrier_deploy_evidence,Tools/DataMapping/output/client_source_publiceventobjectivebombdeployment_map.csv;Tools/DataMapping/map_wildstar_data.py;wildstar_client_mysql/PublicEvent*.tbl.sql;wildstar_client_mysql/PublicEventObjective.tbl.sql;Source/NexusForever.Game/PublicEvent;Source/NexusForever.Script.Instance,pending,not_retail_complete,11550,PvP Time Bomb,,,,,40862,Time Bomb,,,,,,,,,"Public-event bomb deployment evidence is tracked, but retail completion needs bomb pickup/carry spell, deployment target, objective credit, and PvP/event smoke."
public_event_objective_bomb_deployment,client_source_publiceventobjectivebombdeployment_map.csv,3,,,type_or_object_scoped,,246,Destroy the Enemy's Fusion Core,1447,31,3,,blocked_public_event_bomb_deployment_objective_linked_missing_carrier_deploy_evidence,Tools/DataMapping/output/client_source_publiceventobjectivebombdeployment_map.csv;Tools/DataMapping/map_wildstar_data.py;wildstar_client_mysql/PublicEvent*.tbl.sql;wildstar_client_mysql/PublicEventObjective.tbl.sql;Source/NexusForever.Game/PublicEvent;Source/NexusForever.Script.Instance,pending,not_retail_complete,47732,PvP Time Bomb,,,,,40862,Time Bomb,,,,,,,,,"Public-event bomb deployment evidence is tracked, but retail completion needs bomb pickup/carry spell, deployment target, objective credit, and PvP/event smoke."
public_event_objective_bomb_deployment,client_source_publiceventobjectivebombdeployment_map.csv,4,,,type_or_object_scoped,,246,Destroy the Enemy's Fusion Core,1725,31,4,,blocked_public_event_bomb_deployment_objective_linked_missing_carrier_deploy_evidence,Tools/DataMapping/output/client_source_publiceventobjectivebombdeployment_map.csv;Tools/DataMapping/map_wildstar_data.py;wildstar_client_mysql/PublicEvent*.tbl.sql;wildstar_client_mysql/PublicEventObjective.tbl.sql;Source/NexusForever.Game/PublicEvent;Source/NexusForever.Script.Instance,pending,not_retail_complete,47733,PvP Time Bomb,,,,,40862,Time Bomb,,,,,,,,,"Public-event bomb deployment evidence is tracked, but retail completion needs bomb pickup/carry spell, deployment target, objective credit, and PvP/event smoke."
public_event_objective_bomb_deployment,client_source_publiceventobjectivebombdeployment_map.csv,5,,,type_or_object_scoped,,438,Destroy the Enemy's Fusion Core,1839,31,5,,blocked_public_event_bomb_deployment_objective_linked_missing_carrier_deploy_evidence,Tools/DataMapping/output/client_source_publiceventobjectivebombdeployment_map.csv;Tools/DataMapping/map_wildstar_data.py;wildstar_client_mysql/PublicEvent*.tbl.sql;wildstar_client_mysql/PublicEventObjective.tbl.sql;Source/NexusForever.Game/PublicEvent;Source/NexusForever.Script.Instance,pending,not_retail_complete,47732,PvP Time Bomb,,,,,40862,Time Bomb,,,,,,,,,"Public-event bomb deployment evidence is tracked, but retail completion needs bomb pickup/carry spell, deployment target, objective credit, and PvP/event smoke."
public_event_objective_bomb_deployment,client_source_publiceventobjectivebombdeployment_map.csv,6,,,type_or_object_scoped,,438,Destroy the Enemy's Fusion Core,1840,31,6,,blocked_public_event_bomb_deployment_objective_linked_missing_carrier_deploy_evidence,Tools/DataMapping/output/client_source_publiceventobjectivebombdeployment_map.csv;Tools/DataMapping/map_wildstar_data.py;wildstar_client_mysql/PublicEvent*.tbl.sql;wildstar_client_mysql/PublicEventObjective.tbl.sql;Source/NexusForever.Game/PublicEvent;Source/NexusForever.Script.Instance,pending,not_retail_complete,47733,PvP Time Bomb,,,,,77132,Time Bomb,,,,,,,,,"Public-event bomb deployment evidence is tracked, but retail completion needs bomb pickup/carry spell, deployment target, objective credit, and PvP/event smoke."
public_event_objective_gather_resource,client_source_publiceventobjectivegatherresource_map.csv,4,,,type_or_object_scoped,,237,Collect Five Vortex Crystals,882,26,4,,blocked_public_event_gather_resource_objective_linked_missing_resource_carry_deposit_evidence,Tools/DataMapping/output/client_source_publiceventobjectivegatherresource_map.csv;Tools/DataMapping/map_wildstar_data.py;wildstar_client_mysql/PublicEvent*.tbl.sql;wildstar_client_mysql/PublicEventObjective.tbl.sql;Source/NexusForever.Game/PublicEvent;Source/NexusForever.Script.Instance,pending,not_retail_complete,10416,Blue Team Moodie Totem,,,3009,Moodie Mask,1495,Neutral - Dominion Moodie Mask Carrier,,1,,1,,,,5,"Public-event gather-resource evidence is tracked, but retail completion needs resource pickup/carry/drop, opposing-team behavior, objective credit, and PvP smoke."
public_event_objective_gather_resource,client_source_publiceventobjectivegatherresource_map.csv,5,,,type_or_object_scoped,,237,Collect Five Vortex Crystals,881,26,5,,blocked_public_event_gather_resource_objective_linked_missing_resource_carry_deposit_evidence,Tools/DataMapping/output/client_source_publiceventobjectivegatherresource_map.csv;Tools/DataMapping/map_wildstar_data.py;wildstar_client_mysql/PublicEvent*.tbl.sql;wildstar_client_mysql/PublicEventObjective.tbl.sql;Source/NexusForever.Game/PublicEvent;Source/NexusForever.Script.Instance,pending,not_retail_complete,10459,Red Team Moodie Totem,,,3009,Moodie Mask,1495,Neutral - Dominion Moodie Mask Carrier,,1,,1,,,,4,"Public-event gather-resource evidence is tracked, but retail completion needs resource pickup/carry/drop, opposing-team behavior, objective credit, and PvP smoke."
public_event_objective_gather_resource,client_source_publiceventobjectivegatherresource_map.csv,6,,,type_or_object_scoped,,217,Collect Five Moodie Masks,776,26,6,,blocked_public_event_gather_resource_objective_linked_missing_resource_carry_deposit_evidence,Tools/DataMapping/output/client_source_publiceventobjectivegatherresource_map.csv;Tools/DataMapping/map_wildstar_data.py;wildstar_client_mysql/PublicEvent*.tbl.sql;wildstar_client_mysql/PublicEventObjective.tbl.sql;Source/NexusForever.Game/PublicEvent;Source/NexusForever.Script.Instance,pending,not_retail_complete,10416,Blue Team Moodie Totem,,,3009,Moodie Mask,39857,Neutral - Moodie Mask Carrier,,1,,1,,,,7,"Public-event gather-resource evidence is tracked, but retail completion needs resource pickup/carry/drop, opposing-team behavior, objective credit, and PvP smoke."
public_event_objective_gather_resource,client_source_publiceventobjectivegatherresource_map.csv,7,,,type_or_object_scoped,,217,Collect Five Moodie Masks,775,26,7,,blocked_public_event_gather_resource_objective_linked_missing_resource_carry_deposit_evidence,Tools/DataMapping/output/client_source_publiceventobjectivegatherresource_map.csv;Tools/DataMapping/map_wildstar_data.py;wildstar_client_mysql/PublicEvent*.tbl.sql;wildstar_client_mysql/PublicEventObjective.tbl.sql;Source/NexusForever.Game/PublicEvent;Source/NexusForever.Script.Instance,pending,not_retail_complete,10459,Red Team Moodie Totem,,,3009,Moodie Mask,39857,Neutral - Moodie Mask Carrier,,1,,1,,,,6,"Public-event gather-resource evidence is tracked, but retail completion needs resource pickup/carry/drop, opposing-team behavior, objective credit, and PvP smoke."
public_event_objective_state,client_source_publiceventobjectivestate_map.csv,5,,,type_or_object_scoped,,2,,812,24,5,,blocked_public_event_state_objective_linked_missing_state_progression_evidence,Tools/DataMapping/output/client_source_publiceventobjectivestate_map.csv;Tools/DataMapping/map_wildstar_data.py;wildstar_client_mysql/PublicEvent*.tbl.sql;wildstar_client_mysql/PublicEventObjective.tbl.sql;Source/NexusForever.Game/PublicEvent;Source/NexusForever.Script.Instance,pending,not_retail_complete,,,,,,,,,,First state;Next test state;More testing;Testing a missing element,,,,,4,,"Public-event objective state evidence is tracked, but retail completion needs state transition semantics, objective payload proof, and event smoke."
public_event_reward_modifier,client_source_publiceventrewardmodifier_map.csv,2,782,Double XP X-Plosion!,current_public_event,,,,,,,,blocked_public_event_reward_modifier_event_linked_missing_reward_property_timing_evidence,Tools/DataMapping/output/client_source_publiceventrewardmodifier_map.csv;Tools/DataMapping/map_wildstar_data.py;wildstar_client_mysql/PublicEvent*.tbl.sql;wildstar_client_mysql/PublicEventObjective.tbl.sql;Source/NexusForever.Game/PublicEvent;Source/NexusForever.Script.Instance,pending,not_retail_complete,,,,,,,,,1,0,1,,,,,,"Public-event reward modifier evidence is tracked, but retail completion needs reward-property application timing, reward result proof, and event smoke."
public_event_reward_modifier,client_source_publiceventrewardmodifier_map.csv,3,783,"Power, Prestige, and PvP!",current_public_event,,,,,,,,blocked_public_event_reward_modifier_event_linked_missing_reward_property_timing_evidence,Tools/DataMapping/output/client_source_publiceventrewardmodifier_map.csv;Tools/DataMapping/map_wildstar_data.py;wildstar_client_mysql/PublicEvent*.tbl.sql;wildstar_client_mysql/PublicEventObjective.tbl.sql;Source/NexusForever.Game/PublicEvent;Source/NexusForever.Script.Instance,pending,not_retail_complete,,,,,,,,,2,5,1,,,,,,"Public-event reward modifier evidence is tracked, but retail completion needs reward-property application timing, reward result proof, and event smoke."
public_event_reward_modifier,client_source_publiceventrewardmodifier_map.csv,4,784,Glory Days!,current_public_event,,,,,,,,blocked_public_event_reward_modifier_event_linked_missing_reward_property_timing_evidence,Tools/DataMapping/output/client_source_publiceventrewardmodifier_map.csv;Tools/DataMapping/map_wildstar_data.py;wildstar_client_mysql/PublicEvent*.tbl.sql;wildstar_client_mysql/PublicEventObjective.tbl.sql;Source/NexusForever.Game/PublicEvent;Source/NexusForever.Script.Instance,pending,not_retail_complete,,,,,,,,,2,7,1,,,,,,"Public-event reward modifier evidence is tracked, but retail completion needs reward-property application timing, reward result proof, and event smoke."
public_event_reward_modifier,client_source_publiceventrewardmodifier_map.csv,5,918,Blessing of Essence,current_public_event,,,,,,,,blocked_public_event_reward_modifier_event_linked_missing_reward_property_timing_evidence,Tools/DataMapping/output/client_source_publiceventrewardmodifier_map.csv;Tools/DataMapping/map_wildstar_data.py;wildstar_client_mysql/PublicEvent*.tbl.sql;wildstar_client_mysql/PublicEventObjective.tbl.sql;Source/NexusForever.Game/PublicEvent;Source/NexusForever.Script.Instance,pending,not_retail_complete,,,,,,,,,39,15,0.5,,,,,,"Public-event reward modifier evidence is tracked, but retail completion needs reward-property application timing, reward result proof, and event smoke."
public_event_reward_modifier,client_source_publiceventrewardmodifier_map.csv,6,918,Blessing of Essence,current_public_event,,,,,,,,blocked_public_event_reward_modifier_event_linked_missing_reward_property_timing_evidence,Tools/DataMapping/output/client_source_publiceventrewardmodifier_map.csv;Tools/DataMapping/map_wildstar_data.py;wildstar_client_mysql/PublicEvent*.tbl.sql;wildstar_client_mysql/PublicEventObjective.tbl.sql;Source/NexusForever.Game/PublicEvent;Source/NexusForever.Script.Instance,pending,not_retail_complete,,,,,,,,,39,16,0.5,,,,,,"Public-event reward modifier evidence is tracked, but retail completion needs reward-property application timing, reward result proof, and event smoke."
public_event_reward_modifier,client_source_publiceventrewardmodifier_map.csv,7,918,Blessing of Essence,current_public_event,,,,,,,,blocked_public_event_reward_modifier_event_linked_missing_reward_property_timing_evidence,Tools/DataMapping/output/client_source_publiceventrewardmodifier_map.csv;Tools/DataMapping/map_wildstar_data.py;wildstar_client_mysql/PublicEvent*.tbl.sql;wildstar_client_mysql/PublicEventObjective.tbl.sql;Source/NexusForever.Game/PublicEvent;Source/NexusForever.Script.Instance,pending,not_retail_complete,,,,,,,,,39,17,0.5,,,,,,"Public-event reward modifier evidence is tracked, but retail completion needs reward-property application timing, reward result proof, and event smoke."
public_event_stat_display,client_source_publiceventstatdisplay_map.csv,2,,,type_or_object_scoped,1,,,,,,,runtime_public_event_stat_display_type_scoped_standard_combat_stats_tested_pending_event_mapping_flags_and_client_smoke,Tools/DataMapping/output/client_source_publiceventstatdisplay_map.csv;Tools/DataMapping/map_wildstar_data.py;wildstar_client_mysql/PublicEvent*.tbl.sql;wildstar_client_mysql/PublicEventObjective.tbl.sql;Source/NexusForever.Game/PublicEvent;Source/NexusForever.Script.Instance;Source/NexusForever.Game/Entity/UnitEntity.cs;Source/NexusForever.Game/PublicEvent/PublicEvent.cs;Source/NexusForever.Game/PublicEvent/PublicEventTeam.cs;Source/NexusForever.Game.Tests/Entity/UnitEntityDamageResultTests.cs;Source/NexusForever.Game.Tests/PublicEvents/PublicEventScoreboardTests.cs,pending,not_retail_complete,,,,,,,,,,,,433,,,,,"Public-event stat display rows now have runtime standard combat stat producers for damage, hits, kills, healing, and received damage/death counters through public-event membership. Retail completion still needs stat-display flag semantics, scoreboard/UI proof, end-screen ranking, and event smoke."
public_event_stat_display,client_source_publiceventstatdisplay_map.csv,3,,,type_or_object_scoped,0,,,,,,,runtime_public_event_stat_display_type_scoped_standard_combat_stats_tested_pending_event_mapping_flags_and_client_smoke,Tools/DataMapping/output/client_source_publiceventstatdisplay_map.csv;Tools/DataMapping/map_wildstar_data.py;wildstar_client_mysql/PublicEvent*.tbl.sql;wildstar_client_mysql/PublicEventObjective.tbl.sql;Source/NexusForever.Game/PublicEvent;Source/NexusForever.Script.Instance;Source/NexusForever.Game/Entity/UnitEntity.cs;Source/NexusForever.Game/PublicEvent/PublicEvent.cs;Source/NexusForever.Game/PublicEvent/PublicEventTeam.cs;Source/NexusForever.Game.Tests/Entity/UnitEntityDamageResultTests.cs;Source/NexusForever.Game.Tests/PublicEvents/PublicEventScoreboardTests.cs,pending,not_retail_complete,,,,,,,,,,,,481,,,,,"Public-event stat display rows now have runtime standard combat stat producers for damage, hits, kills, healing, and received damage/death counters through public-event membership. Retail completion still needs stat-display flag semantics, scoreboard/UI proof, end-screen ranking, and event smoke."
public_event_stat_display,client_source_publiceventstatdisplay_map.csv,4,,,type_or_object_scoped,6,,,,,,,runtime_public_event_stat_display_type_scoped_standard_combat_stats_tested_pending_event_mapping_flags_and_client_smoke,Tools/DataMapping/output/client_source_publiceventstatdisplay_map.csv;Tools/DataMapping/map_wildstar_data.py;wildstar_client_mysql/PublicEvent*.tbl.sql;wildstar_client_mysql/PublicEventObjective.tbl.sql;Source/NexusForever.Game/PublicEvent;Source/NexusForever.Script.Instance;Source/NexusForever.Game/Entity/UnitEntity.cs;Source/NexusForever.Game/PublicEvent/PublicEvent.cs;Source/NexusForever.Game/PublicEvent/PublicEventTeam.cs;Source/NexusForever.Game.Tests/Entity/UnitEntityDamageResultTests.cs;Source/NexusForever.Game.Tests/PublicEvents/PublicEventScoreboardTests.cs,pending,not_retail_complete,,,,,,,,,,,,133049,,,,,"Public-event stat display rows now have runtime standard combat stat producers for damage, hits, kills, healing, and received damage/death counters through public-event membership. Retail completion still needs stat-display flag semantics, scoreboard/UI proof, end-screen ranking, and event smoke."
public_event_stat_display,client_source_publiceventstatdisplay_map.csv,5,,,type_or_object_scoped,3,,,,,,,runtime_public_event_stat_display_type_scoped_standard_combat_stats_tested_pending_event_mapping_flags_and_client_smoke,Tools/DataMapping/output/client_source_publiceventstatdisplay_map.csv;Tools/DataMapping/map_wildstar_data.py;wildstar_client_mysql/PublicEvent*.tbl.sql;wildstar_client_mysql/PublicEventObjective.tbl.sql;Source/NexusForever.Game/PublicEvent;Source/NexusForever.Script.Instance;Source/NexusForever.Game/Entity/UnitEntity.cs;Source/NexusForever.Game/PublicEvent/PublicEvent.cs;Source/NexusForever.Game/PublicEvent/PublicEventTeam.cs;Source/NexusForever.Game.Tests/Entity/UnitEntityDamageResultTests.cs;Source/NexusForever.Game.Tests/PublicEvents/PublicEventScoreboardTests.cs,pending,not_retail_complete,,,,,,,,,,,,133049,,,,,"Public-event stat display rows now have runtime standard combat stat producers for damage, hits, kills, healing, and received damage/death counters through public-event membership. Retail completion still needs stat-display flag semantics, scoreboard/UI proof, end-screen ranking, and event smoke."
public_event_stat_display,client_source_publiceventstatdisplay_map.csv,6,,,type_or_object_scoped,4,,,,,,,runtime_public_event_stat_display_type_scoped_standard_combat_stats_tested_pending_event_mapping_flags_and_client_smoke,Tools/DataMapping/output/client_source_publiceventstatdisplay_map.csv;Tools/DataMapping/map_wildstar_data.py;wildstar_client_mysql/PublicEvent*.tbl.sql;wildstar_client_mysql/PublicEventObjective.tbl.sql;Source/NexusForever.Game/PublicEvent;Source/NexusForever.Script.Instance;Source/NexusForever.Game/Entity/UnitEntity.cs;Source/NexusForever.Game/PublicEvent/PublicEvent.cs;Source/NexusForever.Game/PublicEvent/PublicEventTeam.cs;Source/NexusForever.Game.Tests/Entity/UnitEntityDamageResultTests.cs;Source/NexusForever.Game.Tests/PublicEvents/PublicEventScoreboardTests.cs,pending,not_retail_complete,,,,,,,,,,,,133049,,,,,"Public-event stat display rows now have runtime standard combat stat producers for damage, hits, kills, healing, and received damage/death counters through public-event membership. Retail completion still needs stat-display flag semantics, scoreboard/UI proof, end-screen ranking, and event smoke."
public_event_stat_display,client_source_publiceventstatdisplay_map.csv,7,,,type_or_object_scoped,2,,,,,,,runtime_public_event_stat_display_type_scoped_standard_combat_stats_tested_pending_event_mapping_flags_and_client_smoke,Tools/DataMapping/output/client_source_publiceventstatdisplay_map.csv;Tools/DataMapping/map_wildstar_data.py;wildstar_client_mysql/PublicEvent*.tbl.sql;wildstar_client_mysql/PublicEventObjective.tbl.sql;Source/NexusForever.Game/PublicEvent;Source/NexusForever.Script.Instance;Source/NexusForever.Game/Entity/UnitEntity.cs;Source/NexusForever.Game/PublicEvent/PublicEvent.cs;Source/NexusForever.Game/PublicEvent/PublicEventTeam.cs;Source/NexusForever.Game.Tests/Entity/UnitEntityDamageResultTests.cs;Source/NexusForever.Game.Tests/PublicEvents/PublicEventScoreboardTests.cs,pending,not_retail_complete,,,,,,,,,,,,133049,,,,,"Public-event stat display rows now have runtime standard combat stat producers for damage, hits, kills, healing, and received damage/death counters through public-event membership. Retail completion still needs stat-display flag semantics, scoreboard/UI proof, end-screen ranking, and event smoke."
public_event_stat_display,client_source_publiceventstatdisplay_map.csv,8,,,type_or_object_scoped,10,,,,,,,runtime_public_event_stat_display_type_scoped_standard_combat_stats_tested_pending_event_mapping_flags_and_client_smoke,Tools/DataMapping/output/client_source_publiceventstatdisplay_map.csv;Tools/DataMapping/map_wildstar_data.py;wildstar_client_mysql/PublicEvent*.tbl.sql;wildstar_client_mysql/PublicEventObjective.tbl.sql;Source/NexusForever.Game/PublicEvent;Source/NexusForever.Script.Instance;Source/NexusForever.Game/Entity/UnitEntity.cs;Source/NexusForever.Game/PublicEvent/PublicEvent.cs;Source/NexusForever.Game/PublicEvent/PublicEventTeam.cs;Source/NexusForever.Game.Tests/Entity/UnitEntityDamageResultTests.cs;Source/NexusForever.Game.Tests/PublicEvents/PublicEventScoreboardTests.cs,pending,not_retail_complete,,,,,,,,,,,,1977,,,,,"Public-event stat display rows now have runtime standard combat stat producers for damage, hits, kills, healing, and received damage/death counters through public-event membership. Retail completion still needs stat-display flag semantics, scoreboard/UI proof, end-screen ranking, and event smoke."
public_event_stat_display,client_source_publiceventstatdisplay_map.csv,9,,,type_or_object_scoped,21,,,,,,,runtime_public_event_stat_display_type_scoped_standard_combat_stats_tested_pending_event_mapping_flags_and_client_smoke,Tools/DataMapping/output/client_source_publiceventstatdisplay_map.csv;Tools/DataMapping/map_wildstar_data.py;wildstar_client_mysql/PublicEvent*.tbl.sql;wildstar_client_mysql/PublicEventObjective.tbl.sql;Source/NexusForever.Game/PublicEvent;Source/NexusForever.Script.Instance;Source/NexusForever.Game/Entity/UnitEntity.cs;Source/NexusForever.Game/PublicEvent/PublicEvent.cs;Source/NexusForever.Game/PublicEvent/PublicEventTeam.cs;Source/NexusForever.Game.Tests/Entity/UnitEntityDamageResultTests.cs;Source/NexusForever.Game.Tests/PublicEvents/PublicEventScoreboardTests.cs,pending,not_retail_complete,,,,,,,,,,,,64,,,,,"Public-event stat display rows now have runtime standard combat stat producers for damage, hits, kills, healing, and received damage/death counters through public-event membership. Retail completion still needs stat-display flag semantics, scoreboard/UI proof, end-screen ranking, and event smoke."
public_event_stat_display,client_source_publiceventstatdisplay_map.csv,12,733,Snowtron Smash,current_public_event,21,,,,,,,runtime_public_event_stat_display_event_linked_standard_combat_stats_tested_pending_display_flags_and_client_smoke,Tools/DataMapping/output/client_source_publiceventstatdisplay_map.csv;Tools/DataMapping/map_wildstar_data.py;wildstar_client_mysql/PublicEvent*.tbl.sql;wildstar_client_mysql/PublicEventObjective.tbl.sql;Source/NexusForever.Game/PublicEvent;Source/NexusForever.Script.Instance;Source/NexusForever.Game/Entity/UnitEntity.cs;Source/NexusForever.Game/PublicEvent/PublicEvent.cs;Source/NexusForever.Game/PublicEvent/PublicEventTeam.cs;Source/NexusForever.Game.Tests/Entity/UnitEntityDamageResultTests.cs;Source/NexusForever.Game.Tests/PublicEvents/PublicEventScoreboardTests.cs,pending,not_retail_complete,,,,,,,,,,,,0,,,,,"Public-event stat display rows now have runtime standard combat stat producers for damage, hits, kills, healing, and received damage/death counters through public-event membership. Retail completion still needs stat-display flag semantics, scoreboard/UI proof, end-screen ranking, and event smoke."
public_event_stat_display,client_source_publiceventstatdisplay_map.csv,13,776,Snowtron Smash,current_public_event,21,,,,,,,runtime_public_event_stat_display_event_linked_standard_combat_stats_tested_pending_display_flags_and_client_smoke,Tools/DataMapping/output/client_source_publiceventstatdisplay_map.csv;Tools/DataMapping/map_wildstar_data.py;wildstar_client_mysql/PublicEvent*.tbl.sql;wildstar_client_mysql/PublicEventObjective.tbl.sql;Source/NexusForever.Game/PublicEvent;Source/NexusForever.Script.Instance;Source/NexusForever.Game/Entity/UnitEntity.cs;Source/NexusForever.Game/PublicEvent/PublicEvent.cs;Source/NexusForever.Game/PublicEvent/PublicEventTeam.cs;Source/NexusForever.Game.Tests/Entity/UnitEntityDamageResultTests.cs;Source/NexusForever.Game.Tests/PublicEvents/PublicEventScoreboardTests.cs,pending,not_retail_complete,,,,,,,,,,,,0,,,,,"Public-event stat display rows now have runtime standard combat stat producers for damage, hits, kills, healing, and received damage/death counters through public-event membership. Retail completion still needs stat-display flag semantics, scoreboard/UI proof, end-screen ranking, and event smoke."
public_event_virtual_item_depot,public_event_virtual_item_depot_client_map.csv,1,,,type_or_object_scoped,,4,,6,7,1,,runtime_public_event_virtual_item_depot_interact_depot_choices_tested_pending_depot_acquisition_smoke,Tools/DataMapping/output/public_event_virtual_item_depot_client_map.csv;Tools/DataMapping/map_wildstar_data.py;wildstar_client_mysql/PublicEvent*.tbl.sql;wildstar_client_mysql/PublicEventObjective.tbl.sql;Source/NexusForever.Game/PublicEvent;Source/NexusForever.Script.Instance;wildstar_client_mysql/PublicEventDepot.tbl.sql;wildstar_client_mysql/PublicEventVirtualItemDepot.tbl.sql;Source/NexusForever.Game/PublicEvent/PublicEventTemplate.cs;Source/NexusForever.Game/PublicEvent/PublicEventObjective.cs;Source/NexusForever.Game.Tests/PublicEvents/PublicEventDataBackedMetadataTests.cs,pending,not_retail_complete,19986,,,,1,JVB Fury,,,,0,,,,,,,"Public-event virtual item depot rows referenced by linked InteractDepot depots now have runtime template/status metadata that sends virtual-item depot choices to clients. Retail completion still needs depot acquisition/interaction ownership, objective credit from that interaction, UI state, and event smoke."
public_event_virtual_item_depot,public_event_virtual_item_depot_client_map.csv,2,,,type_or_object_scoped,,,,,22,838,,blocked_public_event_virtual_item_depot_unlinked_missing_objective_or_depot_mapping,Tools/DataMapping/output/public_event_virtual_item_depot_client_map.csv;Tools/DataMapping/map_wildstar_data.py;wildstar_client_mysql/PublicEvent*.tbl.sql;wildstar_client_mysql/PublicEventObjective.tbl.sql;Source/NexusForever.Game/PublicEvent;Source/NexusForever.Script.Instance,pending,not_retail_complete,47943,Spiny Fragment Depot,,,838,Spiny Fragment,,,,0,,,,,,,"Public-event virtual item depot evidence is tracked, but retail completion needs virtual-item acquisition, objective credit, UI state, and event smoke."
public_event_virtual_item_depot,public_event_virtual_item_depot_client_map.csv,3,,,type_or_object_scoped,,,,,22,842,,blocked_public_event_virtual_item_depot_unlinked_missing_objective_or_depot_mapping,Tools/DataMapping/output/public_event_virtual_item_depot_client_map.csv;Tools/DataMapping/map_wildstar_data.py;wildstar_client_mysql/PublicEvent*.tbl.sql;wildstar_client_mysql/PublicEventObjective.tbl.sql;Source/NexusForever.Game/PublicEvent;Source/NexusForever.Script.Instance,pending,not_retail_complete,48112,Spiny Fragment Depot,,,842,Spiny Fragment,,,,0,,,,,,,"Public-event virtual item depot evidence is tracked, but retail completion needs virtual-item acquisition, objective credit, UI state, and event smoke."
public_event_virtual_item_depot,public_event_virtual_item_depot_client_map.csv,4,,,type_or_object_scoped,,,,,22,853,,blocked_public_event_virtual_item_depot_unlinked_missing_objective_or_depot_mapping,Tools/DataMapping/output/public_event_virtual_item_depot_client_map.csv;Tools/DataMapping/map_wildstar_data.py;wildstar_client_mysql/PublicEvent*.tbl.sql;wildstar_client_mysql/PublicEventObjective.tbl.sql;Source/NexusForever.Game/PublicEvent;Source/NexusForever.Script.Instance,pending,not_retail_complete,49193,Elixir Cauldron,,,853,Alchemical Reagent,,,,0,,,,,,,"Public-event virtual item depot evidence is tracked, but retail completion needs virtual-item acquisition, objective credit, UI state, and event smoke."
public_event_virtual_item_depot,public_event_virtual_item_depot_client_map.csv,5,,,type_or_object_scoped,,,,,22,854,,blocked_public_event_virtual_item_depot_unlinked_missing_objective_or_depot_mapping,Tools/DataMapping/output/public_event_virtual_item_depot_client_map.csv;Tools/DataMapping/map_wildstar_data.py;wildstar_client_mysql/PublicEvent*.tbl.sql;wildstar_client_mysql/PublicEventObjective.tbl.sql;Source/NexusForever.Game/PublicEvent;Source/NexusForever.Script.Instance,pending,not_retail_complete,49398,Primal Sequencer,,,854,Primal Imprint Sample,,,,0,,,,,,,"Public-event virtual item depot evidence is tracked, but retail completion needs virtual-item acquisition, objective credit, UI state, and event smoke."
public_event_virtual_item_depot,public_event_virtual_item_depot_client_map.csv,6,,,type_or_object_scoped,,,,,22,852,,blocked_public_event_virtual_item_depot_unlinked_missing_objective_or_depot_mapping,Tools/DataMapping/output/public_event_virtual_item_depot_client_map.csv;Tools/DataMapping/map_wildstar_data.py;wildstar_client_mysql/PublicEvent*.tbl.sql;wildstar_client_mysql/PublicEventObjective.tbl.sql;Source/NexusForever.Game/PublicEvent;Source/NexusForever.Script.Instance,pending,not_retail_complete,49418,Decryption Station,,,852,Encrypted Access Codes,,,,0,,,,,,,"Public-event virtual item depot evidence is tracked, but retail completion needs virtual-item acquisition, objective credit, UI state, and event smoke."
public_event_virtual_item_depot,public_event_virtual_item_depot_client_map.csv,7,,,type_or_object_scoped,,,,,22,864,,blocked_public_event_virtual_item_depot_unlinked_missing_objective_or_depot_mapping,Tools/DataMapping/output/public_event_virtual_item_depot_client_map.csv;Tools/DataMapping/map_wildstar_data.py;wildstar_client_mysql/PublicEvent*.tbl.sql;wildstar_client_mysql/PublicEventObjective.tbl.sql;Source/NexusForever.Game/PublicEvent;Source/NexusForever.Script.Instance,pending,not_retail_complete,49723,Energy Cannon Depository,,,864,Seeker Power Core,,,,0,,,,,,,"Public-event virtual item depot evidence is tracked, but retail completion needs virtual-item acquisition, objective credit, UI state, and event smoke."
public_event_virtual_item_depot,public_event_virtual_item_depot_client_map.csv,9,,,type_or_object_scoped,,,,,22,876,,blocked_public_event_virtual_item_depot_unlinked_missing_objective_or_depot_mapping,Tools/DataMapping/output/public_event_virtual_item_depot_client_map.csv;Tools/DataMapping/map_wildstar_data.py;wildstar_client_mysql/PublicEvent*.tbl.sql;wildstar_client_mysql/PublicEventObjective.tbl.sql;Source/NexusForever.Game/PublicEvent;Source/NexusForever.Script.Instance,pending,not_retail_complete,21131,Expedition Depot,,,876,Expedition Supplies,,,,0,,,,,,,"Public-event virtual item depot evidence is tracked, but retail completion needs virtual-item acquisition, objective credit, UI state, and event smoke."
public_event_virtual_item_depot,public_event_virtual_item_depot_client_map.csv,10,,,type_or_object_scoped,,,,,22,1031,,blocked_public_event_virtual_item_depot_unlinked_missing_objective_or_depot_mapping,Tools/DataMapping/output/public_event_virtual_item_depot_client_map.csv;Tools/DataMapping/map_wildstar_data.py;wildstar_client_mysql/PublicEvent*.tbl.sql;wildstar_client_mysql/PublicEventObjective.tbl.sql;Source/NexusForever.Game/PublicEvent;Source/NexusForever.Script.Instance,pending,not_retail_complete,58396,Star-Comm Depot,,,1031,Corrupted Sample,,,,0,,,,,,,"Public-event virtual item depot evidence is tracked, but retail completion needs virtual-item acquisition, objective credit, UI state, and event smoke."
public_event_virtual_item_depot,public_event_virtual_item_depot_client_map.csv,12,,,type_or_object_scoped,,597,Shade's Eve ,3094,22,1143,,runtime_public_event_virtual_item_depot_objective_linked_virtual_collect_credit_tested_pending_depot_acquisition_smoke,Tools/DataMapping/output/public_event_virtual_item_depot_client_map.csv;Tools/DataMapping/map_wildstar_data.py;wildstar_client_mysql/PublicEvent*.tbl.sql;wildstar_client_mysql/PublicEventObjective.tbl.sql;Source/NexusForever.Game/PublicEvent;Source/NexusForever.Script.Instance;Source/NexusForever.Game/Loot/LootInstanceItem.cs;Source/NexusForever.Game/PublicEvent/PublicEvent.cs;Source/NexusForever.Game/PublicEvent/PublicEventTeam.cs;Source/NexusForever.Game.Tests/Loot/LootInstanceDeliveryTests.cs;Source/NexusForever.Game.Tests/PublicEvents/PublicEventFlowTests.cs,pending,not_retail_complete,65222,Festival Tools,,,1143,Crowbar,,,,0,,,,,,,"Public-event virtual item depot rows linked to VirtualCollect objectives now have runtime credit routing from virtual-item loot grants into public-event type/object updates, with the active objective completion path covered separately. Retail completion still needs depot acquisition/interaction ownership, UI state, and event smoke."
public_event_virtual_item_depot,public_event_virtual_item_depot_client_map.csv,13,,,type_or_object_scoped,,,,,22,1170,,blocked_public_event_virtual_item_depot_unlinked_missing_objective_or_depot_mapping,Tools/DataMapping/output/public_event_virtual_item_depot_client_map.csv;Tools/DataMapping/map_wildstar_data.py;wildstar_client_mysql/PublicEvent*.tbl.sql;wildstar_client_mysql/PublicEventObjective.tbl.sql;Source/NexusForever.Game/PublicEvent;Source/NexusForever.Script.Instance,pending,not_retail_complete,67797,Soulrot Containment Basin,,,1170,Soulrot Waste,,,,0,,,,,,,"Public-event virtual item depot evidence is tracked, but retail completion needs virtual-item acquisition, objective credit, UI state, and event smoke."
public_event_vote,client_source_publiceventvote_map.csv,1,,,type_or_object_scoped,,,,,,,,blocked_public_event_vote_row_unlinked_missing_script_mapping,Tools/DataMapping/output/client_source_publiceventvote_map.csv;Tools/DataMapping/map_wildstar_data.py;wildstar_client_mysql/PublicEvent*.tbl.sql;wildstar_client_mysql/PublicEventObjective.tbl.sql;Source/NexusForever.Game/PublicEvent;Source/NexusForever.Script.Instance,pending,not_retail_complete,,,,,,Test Vote,,,,This is a test!,,,,30000,5,,"Public-event vote evidence is tracked, but retail completion needs script routing, choice result semantics, vote UI flow, and event smoke."
public_event_vote,client_source_publiceventvote_map.csv,2,,,type_or_object_scoped,,,,,,,,blocked_public_event_vote_row_unlinked_missing_script_mapping,Tools/DataMapping/output/client_source_publiceventvote_map.csv;Tools/DataMapping/map_wildstar_data.py;wildstar_client_mysql/PublicEvent*.tbl.sql;wildstar_client_mysql/PublicEventObjective.tbl.sql;Source/NexusForever.Game/PublicEvent;Source/NexusForever.Script.Instance,pending,not_retail_complete,,,,,,Choose Your Path,,,,Choose the next destination for the caravan:,,,,90000,4,,"Public-event vote evidence is tracked, but retail completion needs script routing, choice result semantics, vote UI flow, and event smoke."
public_event_vote,client_source_publiceventvote_map.csv,3,,,type_or_object_scoped,,,,,,,,blocked_public_event_vote_row_unlinked_missing_script_mapping,Tools/DataMapping/output/client_source_publiceventvote_map.csv;Tools/DataMapping/map_wildstar_data.py;wildstar_client_mysql/PublicEvent*.tbl.sql;wildstar_client_mysql/PublicEventObjective.tbl.sql;Source/NexusForever.Game/PublicEvent;Source/NexusForever.Script.Instance,pending,not_retail_complete,,,,,,Choose Your Path,,,,Choose the next destination for the caravan:,,,,50000,2,,"Public-event vote evidence is tracked, but retail completion needs script routing, choice result semantics, vote UI flow, and event smoke."
public_event_vote,client_source_publiceventvote_map.csv,4,,,type_or_object_scoped,,,,,,,,blocked_public_event_vote_row_unlinked_missing_script_mapping,Tools/DataMapping/output/client_source_publiceventvote_map.csv;Tools/DataMapping/map_wildstar_data.py;wildstar_client_mysql/PublicEvent*.tbl.sql;wildstar_client_mysql/PublicEventObjective.tbl.sql;Source/NexusForever.Game/PublicEvent;Source/NexusForever.Script.Instance,pending,not_retail_complete,,,,,,Choose Your Path,,,,Choose the next destination for the caravan:,,,,50000,2,,"Public-event vote evidence is tracked, but retail completion needs script routing, choice result semantics, vote UI flow, and event smoke."
public_event_vote,client_source_publiceventvote_map.csv,5,,,type_or_object_scoped,,,,,,,,blocked_public_event_vote_row_unlinked_missing_script_mapping,Tools/DataMapping/output/client_source_publiceventvote_map.csv;Tools/DataMapping/map_wildstar_data.py;wildstar_client_mysql/PublicEvent*.tbl.sql;wildstar_client_mysql/PublicEventObjective.tbl.sql;Source/NexusForever.Game/PublicEvent;Source/NexusForever.Script.Instance,pending,not_retail_complete,,,,,,Choose Your Path,,,,Choose the next destination for the caravan:,,,,50000,2,,"Public-event vote evidence is tracked, but retail completion needs script routing, choice result semantics, vote UI flow, and event smoke."
public_event_vote,client_source_publiceventvote_map.csv,6,,,type_or_object_scoped,,,,,,,,blocked_public_event_vote_row_unlinked_missing_script_mapping,Tools/DataMapping/output/client_source_publiceventvote_map.csv;Tools/DataMapping/map_wildstar_data.py;wildstar_client_mysql/PublicEvent*.tbl.sql;wildstar_client_mysql/PublicEventObjective.tbl.sql;Source/NexusForever.Game/PublicEvent;Source/NexusForever.Script.Instance,pending,not_retail_complete,,,,,,Choose Your Path,,,,Choose the next destination for the caravan:,,,,50000,2,,"Public-event vote evidence is tracked, but retail completion needs script routing, choice result semantics, vote UI flow, and event smoke."
public_event_vote,client_source_publiceventvote_map.csv,7,,,type_or_object_scoped,,,,,,,,blocked_public_event_vote_row_unlinked_missing_script_mapping,Tools/DataMapping/output/client_source_publiceventvote_map.csv;Tools/DataMapping/map_wildstar_data.py;wildstar_client_mysql/PublicEvent*.tbl.sql;wildstar_client_mysql/PublicEventObjective.tbl.sql;Source/NexusForever.Game/PublicEvent;Source/NexusForever.Script.Instance,pending,not_retail_complete,,,,,,Choose Your Path,,,,Choose the next destination for the caravan:,,,,50000,2,,"Public-event vote evidence is tracked, but retail completion needs script routing, choice result semantics, vote UI flow, and event smoke."
public_event_vote,client_source_publiceventvote_map.csv,8,,,type_or_object_scoped,,,,,,,,blocked_public_event_vote_row_unlinked_missing_script_mapping,Tools/DataMapping/output/client_source_publiceventvote_map.csv;Tools/DataMapping/map_wildstar_data.py;wildstar_client_mysql/PublicEvent*.tbl.sql;wildstar_client_mysql/PublicEventObjective.tbl.sql;Source/NexusForever.Game/PublicEvent;Source/NexusForever.Script.Instance,pending,not_retail_complete,,,,,,Choose Your Path,,,,Choose the next destination for the caravan:,,,,50000,2,,"Public-event vote evidence is tracked, but retail completion needs script routing, choice result semantics, vote UI flow, and event smoke."
public_event_vote,client_source_publiceventvote_map.csv,9,,,type_or_object_scoped,,,,,,,,blocked_public_event_vote_row_unlinked_missing_script_mapping,Tools/DataMapping/output/client_source_publiceventvote_map.csv;Tools/DataMapping/map_wildstar_data.py;wildstar_client_mysql/PublicEvent*.tbl.sql;wildstar_client_mysql/PublicEventObjective.tbl.sql;Source/NexusForever.Game/PublicEvent;Source/NexusForever.Script.Instance,pending,not_retail_complete,,,,,,Choose Your Path,,,,Choose the next destination for the caravan:,,,,70000,3,,"Public-event vote evidence is tracked, but retail completion needs script routing, choice result semantics, vote UI flow, and event smoke."
public_event_vote,client_source_publiceventvote_map.csv,10,,,type_or_object_scoped,,,,,,,,blocked_public_event_vote_row_unlinked_missing_script_mapping,Tools/DataMapping/output/client_source_publiceventvote_map.csv;Tools/DataMapping/map_wildstar_data.py;wildstar_client_mysql/PublicEvent*.tbl.sql;wildstar_client_mysql/PublicEventObjective.tbl.sql;Source/NexusForever.Game/PublicEvent;Source/NexusForever.Script.Instance,pending,not_retail_complete,,,,,,Choose Your Path,,,,Choose the next destination for the caravan:,,,,70000,3,,"Public-event vote evidence is tracked, but retail completion needs script routing, choice result semantics, vote UI flow, and event smoke."
public_event_vote,client_source_publiceventvote_map.csv,11,,,type_or_object_scoped,,,,,,,,blocked_public_event_vote_row_unlinked_missing_script_mapping,Tools/DataMapping/output/client_source_publiceventvote_map.csv;Tools/DataMapping/map_wildstar_data.py;wildstar_client_mysql/PublicEvent*.tbl.sql;wildstar_client_mysql/PublicEventObjective.tbl.sql;Source/NexusForever.Game/PublicEvent;Source/NexusForever.Script.Instance,pending,not_retail_complete,,,,,,Choose Your Path,,,,Choose the next destination for the caravan:,,,,70000,3,,"Public-event vote evidence is tracked, but retail completion needs script routing, choice result semantics, vote UI flow, and event smoke."
public_event_vote,client_source_publiceventvote_map.csv,12,,,type_or_object_scoped,,,,,,,,blocked_public_event_vote_row_unlinked_missing_script_mapping,Tools/DataMapping/output/client_source_publiceventvote_map.csv;Tools/DataMapping/map_wildstar_data.py;wildstar_client_mysql/PublicEvent*.tbl.sql;wildstar_client_mysql/PublicEventObjective.tbl.sql;Source/NexusForever.Game/PublicEvent;Source/NexusForever.Script.Instance,pending,not_retail_complete,,,,,,Choose Your Path,,,,Choose the next destination for the caravan:,,,,70000,3,,"Public-event vote evidence is tracked, but retail completion needs script routing, choice result semantics, vote UI flow, and event smoke."
public_event_vote,client_source_publiceventvote_map.csv,13,,,type_or_object_scoped,,,,,,,,blocked_public_event_vote_row_unlinked_missing_script_mapping,Tools/DataMapping/output/client_source_publiceventvote_map.csv;Tools/DataMapping/map_wildstar_data.py;wildstar_client_mysql/PublicEvent*.tbl.sql;wildstar_client_mysql/PublicEventObjective.tbl.sql;Source/NexusForever.Game/PublicEvent;Source/NexusForever.Script.Instance,pending,not_retail_complete,,,,,,Choose Your Path,,,,Choose the next destination for the caravan:,,,,70000,3,,"Public-event vote evidence is tracked, but retail completion needs script routing, choice result semantics, vote UI flow, and event smoke."
public_event_vote,client_source_publiceventvote_map.csv,14,,,type_or_object_scoped,,,,,,,,blocked_public_event_vote_row_unlinked_missing_script_mapping,Tools/DataMapping/output/client_source_publiceventvote_map.csv;Tools/DataMapping/map_wildstar_data.py;wildstar_client_mysql/PublicEvent*.tbl.sql;wildstar_client_mysql/PublicEventObjective.tbl.sql;Source/NexusForever.Game/PublicEvent;Source/NexusForever.Script.Instance,pending,not_retail_complete,,,,,,Choose Your Path,,,,Choose the next destination for the caravan:,,,,70000,3,,"Public-event vote evidence is tracked, but retail completion needs script routing, choice result semantics, vote UI flow, and event smoke."
public_event_vote,client_source_publiceventvote_map.csv,15,,,type_or_object_scoped,,,,,,,,blocked_public_event_vote_row_unlinked_missing_script_mapping,Tools/DataMapping/output/client_source_publiceventvote_map.csv;Tools/DataMapping/map_wildstar_data.py;wildstar_client_mysql/PublicEvent*.tbl.sql;wildstar_client_mysql/PublicEventObjective.tbl.sql;Source/NexusForever.Game/PublicEvent;Source/NexusForever.Script.Instance,pending,not_retail_complete,,,,,,Choose Your Path,,,,Choose the next destination for the caravan:,,,,70000,3,,"Public-event vote evidence is tracked, but retail completion needs script routing, choice result semantics, vote UI flow, and event smoke."
public_event_vote,client_source_publiceventvote_map.csv,16,,,type_or_object_scoped,,,,,,,,blocked_public_event_vote_row_unlinked_missing_script_mapping,Tools/DataMapping/output/client_source_publiceventvote_map.csv;Tools/DataMapping/map_wildstar_data.py;wildstar_client_mysql/PublicEvent*.tbl.sql;wildstar_client_mysql/PublicEventObjective.tbl.sql;Source/NexusForever.Game/PublicEvent;Source/NexusForever.Script.Instance,pending,not_retail_complete,,,,,,Choose Your Path,,,,Choose the next destination for the caravan:,,,,70000,2,,"Public-event vote evidence is tracked, but retail completion needs script routing, choice result semantics, vote UI flow, and event smoke."
public_event_vote,client_source_publiceventvote_map.csv,17,,,type_or_object_scoped,,,,,,,,blocked_public_event_vote_row_unlinked_missing_script_mapping,Tools/DataMapping/output/client_source_publiceventvote_map.csv;Tools/DataMapping/map_wildstar_data.py;wildstar_client_mysql/PublicEvent*.tbl.sql;wildstar_client_mysql/PublicEventObjective.tbl.sql;Source/NexusForever.Game/PublicEvent;Source/NexusForever.Script.Instance,pending,not_retail_complete,,,,,,Choose Your Path,,,,Choose the next destination for the caravan:,,,,70000,2,,"Public-event vote evidence is tracked, but retail completion needs script routing, choice result semantics, vote UI flow, and event smoke."
public_event_vote,client_source_publiceventvote_map.csv,18,,,type_or_object_scoped,,,,,,,,blocked_public_event_vote_row_unlinked_missing_script_mapping,Tools/DataMapping/output/client_source_publiceventvote_map.csv;Tools/DataMapping/map_wildstar_data.py;wildstar_client_mysql/PublicEvent*.tbl.sql;wildstar_client_mysql/PublicEventObjective.tbl.sql;Source/NexusForever.Game/PublicEvent;Source/NexusForever.Script.Instance,pending,not_retail_complete,,,,,,Choose Your Path,,,,Choose the next destination for the caravan:,,,,70000,2,,"Public-event vote evidence is tracked, but retail completion needs script routing, choice result semantics, vote UI flow, and event smoke."
public_event_vote,client_source_publiceventvote_map.csv,19,,,type_or_object_scoped,,,,,,,,blocked_public_event_vote_row_unlinked_missing_script_mapping,Tools/DataMapping/output/client_source_publiceventvote_map.csv;Tools/DataMapping/map_wildstar_data.py;wildstar_client_mysql/PublicEvent*.tbl.sql;wildstar_client_mysql/PublicEventObjective.tbl.sql;Source/NexusForever.Game/PublicEvent;Source/NexusForever.Script.Instance,pending,not_retail_complete,,,,,,Choose Your Path,,,,Choose the next destination for the caravan:,,,,70000,2,,"Public-event vote evidence is tracked, but retail completion needs script routing, choice result semantics, vote UI flow, and event smoke."
public_event_vote,client_source_publiceventvote_map.csv,20,,,type_or_object_scoped,,,,,,,,blocked_public_event_vote_row_unlinked_missing_script_mapping,Tools/DataMapping/output/client_source_publiceventvote_map.csv;Tools/DataMapping/map_wildstar_data.py;wildstar_client_mysql/PublicEvent*.tbl.sql;wildstar_client_mysql/PublicEventObjective.tbl.sql;Source/NexusForever.Game/PublicEvent;Source/NexusForever.Script.Instance,pending,not_retail_complete,,,,,,Camp Here?,,,,"Make camp, or keep moving?",,,,50000,0,,"Public-event vote evidence is tracked, but retail completion needs script routing, choice result semantics, vote UI flow, and event smoke."
public_event_vote,client_source_publiceventvote_map.csv,21,,,type_or_object_scoped,,,,,,,,blocked_public_event_vote_row_unlinked_missing_script_mapping,Tools/DataMapping/output/client_source_publiceventvote_map.csv;Tools/DataMapping/map_wildstar_data.py;wildstar_client_mysql/PublicEvent*.tbl.sql;wildstar_client_mysql/PublicEventObjective.tbl.sql;Source/NexusForever.Game/PublicEvent;Source/NexusForever.Script.Instance,pending,not_retail_complete,,,,,,Break Camp?,,,,"Break camp, or stay here?",,,,50000,0,,"Public-event vote evidence is tracked, but retail completion needs script routing, choice result semantics, vote UI flow, and event smoke."
public_event_vote,client_source_publiceventvote_map.csv,22,,,type_or_object_scoped,,,,,,,,blocked_public_event_vote_row_unlinked_missing_script_mapping,Tools/DataMapping/output/client_source_publiceventvote_map.csv;Tools/DataMapping/map_wildstar_data.py;wildstar_client_mysql/PublicEvent*.tbl.sql;wildstar_client_mysql/PublicEventObjective.tbl.sql;Source/NexusForever.Game/PublicEvent;Source/NexusForever.Script.Instance,pending,not_retail_complete,,,,,,Choose Your Path,,,,Choose the next destination for the caravan:,,,,70000,3,,"Public-event vote evidence is tracked, but retail completion needs script routing, choice result semantics, vote UI flow, and event smoke."
public_event_vote,client_source_publiceventvote_map.csv,23,,,type_or_object_scoped,,,,,,,,blocked_public_event_vote_row_unlinked_missing_script_mapping,Tools/DataMapping/output/client_source_publiceventvote_map.csv;Tools/DataMapping/map_wildstar_data.py;wildstar_client_mysql/PublicEvent*.tbl.sql;wildstar_client_mysql/PublicEventObjective.tbl.sql;Source/NexusForever.Game/PublicEvent;Source/NexusForever.Script.Instance,pending,not_retail_complete,,,,,,Which Faction Will You Aid?,,,,Two Draken factions have asked for your help in their conflict. Which will you aid?,,,,50000,2,,"Public-event vote evidence is tracked, but retail completion needs script routing, choice result semantics, vote UI flow, and event smoke."
public_event_vote,client_source_publiceventvote_map.csv,24,,,type_or_object_scoped,,,,,,,,blocked_public_event_vote_row_unlinked_missing_script_mapping,Tools/DataMapping/output/client_source_publiceventvote_map.csv;Tools/DataMapping/map_wildstar_data.py;wildstar_client_mysql/PublicEvent*.tbl.sql;wildstar_client_mysql/PublicEventObjective.tbl.sql;Source/NexusForever.Game/PublicEvent;Source/NexusForever.Script.Instance,pending,not_retail_complete,,,,,,Retaliation,,,,Decide which gang is responsible:,,,,90000,3,,"Public-event vote evidence is tracked, but retail completion needs script routing, choice result semantics, vote UI flow, and event smoke."
public_event_vote,client_source_publiceventvote_map.csv,28,,,type_or_object_scoped,,,,,,,,blocked_public_event_vote_row_unlinked_missing_script_mapping,Tools/DataMapping/output/client_source_publiceventvote_map.csv;Tools/DataMapping/map_wildstar_data.py;wildstar_client_mysql/PublicEvent*.tbl.sql;wildstar_client_mysql/PublicEventObjective.tbl.sql;Source/NexusForever.Game/PublicEvent;Source/NexusForever.Script.Instance,pending,not_retail_complete,,,,,,What's Next?,,,,Choose what your gang will do next:,,,,60000,2,,"Public-event vote evidence is tracked, but retail completion needs script routing, choice result semantics, vote UI flow, and event smoke."
public_event_vote,client_source_publiceventvote_map.csv,29,,,type_or_object_scoped,,,,,,,,blocked_public_event_vote_row_unlinked_missing_script_mapping,Tools/DataMapping/output/client_source_publiceventvote_map.csv;Tools/DataMapping/map_wildstar_data.py;wildstar_client_mysql/PublicEvent*.tbl.sql;wildstar_client_mysql/PublicEventObjective.tbl.sql;Source/NexusForever.Game/PublicEvent;Source/NexusForever.Script.Instance,pending,not_retail_complete,,,,,,What's Next?,,,,Choose what your gang will do next:,,,,60000,2,,"Public-event vote evidence is tracked, but retail completion needs script routing, choice result semantics, vote UI flow, and event smoke."
public_event_vote,client_source_publiceventvote_map.csv,30,,,type_or_object_scoped,,,,,,,,blocked_public_event_vote_row_unlinked_missing_script_mapping,Tools/DataMapping/output/client_source_publiceventvote_map.csv;Tools/DataMapping/map_wildstar_data.py;wildstar_client_mysql/PublicEvent*.tbl.sql;wildstar_client_mysql/PublicEventObjective.tbl.sql;Source/NexusForever.Game/PublicEvent;Source/NexusForever.Script.Instance,pending,not_retail_complete,,,,,,What's Next?,,,,Choose what your gang will do next:,,,,60000,2,,"Public-event vote evidence is tracked, but retail completion needs script routing, choice result semantics, vote UI flow, and event smoke."
public_event_vote,client_source_publiceventvote_map.csv,31,,,type_or_object_scoped,,,,,,,,blocked_public_event_vote_row_unlinked_missing_script_mapping,Tools/DataMapping/output/client_source_publiceventvote_map.csv;Tools/DataMapping/map_wildstar_data.py;wildstar_client_mysql/PublicEvent*.tbl.sql;wildstar_client_mysql/PublicEventObjective.tbl.sql;Source/NexusForever.Game/PublicEvent;Source/NexusForever.Script.Instance,pending,not_retail_complete,,,,,,What's Next?,,,,Choose what your gang will do next:,,,,60000,2,,"Public-event vote evidence is tracked, but retail completion needs script routing, choice result semantics, vote UI flow, and event smoke."
public_event_vote,client_source_publiceventvote_map.csv,32,,,type_or_object_scoped,,,,,,,,blocked_public_event_vote_row_unlinked_missing_script_mapping,Tools/DataMapping/output/client_source_publiceventvote_map.csv;Tools/DataMapping/map_wildstar_data.py;wildstar_client_mysql/PublicEvent*.tbl.sql;wildstar_client_mysql/PublicEventObjective.tbl.sql;Source/NexusForever.Game/PublicEvent;Source/NexusForever.Script.Instance,pending,not_retail_complete,,,,,,What's Next?,,,,Choose what your gang will do next:,,,,60000,2,,"Public-event vote evidence is tracked, but retail completion needs script routing, choice result semantics, vote UI flow, and event smoke."
public_event_vote,client_source_publiceventvote_map.csv,33,,,type_or_object_scoped,,,,,,,,blocked_public_event_vote_row_unlinked_missing_script_mapping,Tools/DataMapping/output/client_source_publiceventvote_map.csv;Tools/DataMapping/map_wildstar_data.py;wildstar_client_mysql/PublicEvent*.tbl.sql;wildstar_client_mysql/PublicEventObjective.tbl.sql;Source/NexusForever.Game/PublicEvent;Source/NexusForever.Script.Instance,pending,not_retail_complete,,,,,,What's Next?,,,,Choose what your gang will do next:,,,,60000,2,,"Public-event vote evidence is tracked, but retail completion needs script routing, choice result semantics, vote UI flow, and event smoke."
public_event_vote,client_source_publiceventvote_map.csv,34,,,type_or_object_scoped,,,,,,,,blocked_public_event_vote_row_unlinked_missing_script_mapping,Tools/DataMapping/output/client_source_publiceventvote_map.csv;Tools/DataMapping/map_wildstar_data.py;wildstar_client_mysql/PublicEvent*.tbl.sql;wildstar_client_mysql/PublicEventObjective.tbl.sql;Source/NexusForever.Game/PublicEvent;Source/NexusForever.Script.Instance,pending,not_retail_complete,,,,,,Which Gang?,,,,Choose which gang you'd like to improve your relationship with:,,,,60000,3,,"Public-event vote evidence is tracked, but retail completion needs script routing, choice result semantics, vote UI flow, and event smoke."
public_event_vote,client_source_publiceventvote_map.csv,35,,,type_or_object_scoped,,,,,,,,blocked_public_event_vote_row_unlinked_missing_script_mapping,Tools/DataMapping/output/client_source_publiceventvote_map.csv;Tools/DataMapping/map_wildstar_data.py;wildstar_client_mysql/PublicEvent*.tbl.sql;wildstar_client_mysql/PublicEventObjective.tbl.sql;Source/NexusForever.Game/PublicEvent;Source/NexusForever.Script.Instance,pending,not_retail_complete,,,,,,Which Gang?,,,,Choose which gang you'd like to improve your relationship with:,,,,60000,2,,"Public-event vote evidence is tracked, but retail completion needs script routing, choice result semantics, vote UI flow, and event smoke."
public_event_vote,client_source_publiceventvote_map.csv,36,,,type_or_object_scoped,,,,,,,,blocked_public_event_vote_row_unlinked_missing_script_mapping,Tools/DataMapping/output/client_source_publiceventvote_map.csv;Tools/DataMapping/map_wildstar_data.py;wildstar_client_mysql/PublicEvent*.tbl.sql;wildstar_client_mysql/PublicEventObjective.tbl.sql;Source/NexusForever.Game/PublicEvent;Source/NexusForever.Script.Instance,pending,not_retail_complete,,,,,,Which Gang?,,,,Choose which gang you'd like to improve your relationship with:,,,,60000,2,,"Public-event vote evidence is tracked, but retail completion needs script routing, choice result semantics, vote UI flow, and event smoke."
public_event_vote,client_source_publiceventvote_map.csv,37,,,type_or_object_scoped,,,,,,,,blocked_public_event_vote_row_unlinked_missing_script_mapping,Tools/DataMapping/output/client_source_publiceventvote_map.csv;Tools/DataMapping/map_wildstar_data.py;wildstar_client_mysql/PublicEvent*.tbl.sql;wildstar_client_mysql/PublicEventObjective.tbl.sql;Source/NexusForever.Game/PublicEvent;Source/NexusForever.Script.Instance,pending,not_retail_complete,,,,,,Which Gang?,,,,Choose which gang you'd like to improve your relationship with:,,,,60000,2,,"Public-event vote evidence is tracked, but retail completion needs script routing, choice result semantics, vote UI flow, and event smoke."
public_event_vote,client_source_publiceventvote_map.csv,38,,,type_or_object_scoped,,,,,,,,blocked_public_event_vote_row_unlinked_missing_script_mapping,Tools/DataMapping/output/client_source_publiceventvote_map.csv;Tools/DataMapping/map_wildstar_data.py;wildstar_client_mysql/PublicEvent*.tbl.sql;wildstar_client_mysql/PublicEventObjective.tbl.sql;Source/NexusForever.Game/PublicEvent;Source/NexusForever.Script.Instance,pending,not_retail_complete,,,,,,Rematch?,,,,Will you face the fury of the Octagon again?,,,,90000,2,,"Public-event vote evidence is tracked, but retail completion needs script routing, choice result semantics, vote UI flow, and event smoke."
public_event_vote,client_source_publiceventvote_map.csv,39,,,type_or_object_scoped,,,,,,,,blocked_public_event_vote_row_unlinked_missing_script_mapping,Tools/DataMapping/output/client_source_publiceventvote_map.csv;Tools/DataMapping/map_wildstar_data.py;wildstar_client_mysql/PublicEvent*.tbl.sql;wildstar_client_mysql/PublicEventObjective.tbl.sql;Source/NexusForever.Game/PublicEvent;Source/NexusForever.Script.Instance,pending,not_retail_complete,,,,,,Question The First,,,,What is the best process for debugging a computerized system?,,,,60000,0,,"Public-event vote evidence is tracked, but retail completion needs script routing, choice result semantics, vote UI flow, and event smoke."
public_event_vote,client_source_publiceventvote_map.csv,40,,,type_or_object_scoped,,,,,,,,blocked_public_event_vote_row_unlinked_missing_script_mapping,Tools/DataMapping/output/client_source_publiceventvote_map.csv;Tools/DataMapping/map_wildstar_data.py;wildstar_client_mysql/PublicEvent*.tbl.sql;wildstar_client_mysql/PublicEventObjective.tbl.sql;Source/NexusForever.Game/PublicEvent;Source/NexusForever.Script.Instance,pending,not_retail_complete,,,,,,Question The Second,,,,"Which is the most powerful function - to Control, to Alternate, or to Delete?",,,,60000,0,,"Public-event vote evidence is tracked, but retail completion needs script routing, choice result semantics, vote UI flow, and event smoke."
public_event_vote,client_source_publiceventvote_map.csv,41,,,type_or_object_scoped,,,,,,,,blocked_public_event_vote_row_unlinked_missing_script_mapping,Tools/DataMapping/output/client_source_publiceventvote_map.csv;Tools/DataMapping/map_wildstar_data.py;wildstar_client_mysql/PublicEvent*.tbl.sql;wildstar_client_mysql/PublicEventObjective.tbl.sql;Source/NexusForever.Game/PublicEvent;Source/NexusForever.Script.Instance,pending,not_retail_complete,,,,,,Question The Third,,,,What is the fundamental flaw of the Freebot Code?,,,,60000,0,,"Public-event vote evidence is tracked, but retail completion needs script routing, choice result semantics, vote UI flow, and event smoke."
public_event_vote,client_source_publiceventvote_map.csv,42,,,type_or_object_scoped,,,,,,,,blocked_public_event_vote_row_unlinked_missing_script_mapping,Tools/DataMapping/output/client_source_publiceventvote_map.csv;Tools/DataMapping/map_wildstar_data.py;wildstar_client_mysql/PublicEvent*.tbl.sql;wildstar_client_mysql/PublicEventObjective.tbl.sql;Source/NexusForever.Game/PublicEvent;Source/NexusForever.Script.Instance,pending,not_retail_complete,,,,,,Secure the Astrovoid,,,,Which problem would you like to tackle?,,,,45000,3,,"Public-event vote evidence is tracked, but retail completion needs script routing, choice result semantics, vote UI flow, and event smoke."
public_event_vote,client_source_publiceventvote_map.csv,43,,,type_or_object_scoped,,,,,,,,blocked_public_event_vote_row_unlinked_missing_script_mapping,Tools/DataMapping/output/client_source_publiceventvote_map.csv;Tools/DataMapping/map_wildstar_data.py;wildstar_client_mysql/PublicEvent*.tbl.sql;wildstar_client_mysql/PublicEventObjective.tbl.sql;Source/NexusForever.Game/PublicEvent;Source/NexusForever.Script.Instance,pending,not_retail_complete,,,,,,Secure the Astrovoid,,,,Which problem would you like to tackle?,,,,45000,3,,"Public-event vote evidence is tracked, but retail completion needs script routing, choice result semantics, vote UI flow, and event smoke."
public_event_vote,client_source_publiceventvote_map.csv,44,,,type_or_object_scoped,,,,,,,,blocked_public_event_vote_row_unlinked_missing_script_mapping,Tools/DataMapping/output/client_source_publiceventvote_map.csv;Tools/DataMapping/map_wildstar_data.py;wildstar_client_mysql/PublicEvent*.tbl.sql;wildstar_client_mysql/PublicEventObjective.tbl.sql;Source/NexusForever.Game/PublicEvent;Source/NexusForever.Script.Instance,pending,not_retail_complete,,,,,,Secure the Astrovoid,,,,Which problem would you like to tackle?,,,,45000,2,,"Public-event vote evidence is tracked, but retail completion needs script routing, choice result semantics, vote UI flow, and event smoke."
public_event_vote,client_source_publiceventvote_map.csv,45,,,type_or_object_scoped,,,,,,,,blocked_public_event_vote_row_unlinked_missing_script_mapping,Tools/DataMapping/output/client_source_publiceventvote_map.csv;Tools/DataMapping/map_wildstar_data.py;wildstar_client_mysql/PublicEvent*.tbl.sql;wildstar_client_mysql/PublicEventObjective.tbl.sql;Source/NexusForever.Game/PublicEvent;Source/NexusForever.Script.Instance,pending,not_retail_complete,,,,,,The Hycrest Insurrection,,,,Choose your mission:,,,,45000,3,,"Public-event vote evidence is tracked, but retail completion needs script routing, choice result semantics, vote UI flow, and event smoke."
public_event_vote,client_source_publiceventvote_map.csv,46,,,type_or_object_scoped,,,,,,,,blocked_public_event_vote_row_unlinked_missing_script_mapping,Tools/DataMapping/output/client_source_publiceventvote_map.csv;Tools/DataMapping/map_wildstar_data.py;wildstar_client_mysql/PublicEvent*.tbl.sql;wildstar_client_mysql/PublicEventObjective.tbl.sql;Source/NexusForever.Game/PublicEvent;Source/NexusForever.Script.Instance,pending,not_retail_complete,,,,,,The Hycrest Insurrection,,,,Choose your mission:,,,,45000,3,,"Public-event vote evidence is tracked, but retail completion needs script routing, choice result semantics, vote UI flow, and event smoke."
public_event_vote,client_source_publiceventvote_map.csv,47,,,type_or_object_scoped,,,,,,,,blocked_public_event_vote_row_unlinked_missing_script_mapping,Tools/DataMapping/output/client_source_publiceventvote_map.csv;Tools/DataMapping/map_wildstar_data.py;wildstar_client_mysql/PublicEvent*.tbl.sql;wildstar_client_mysql/PublicEventObjective.tbl.sql;Source/NexusForever.Game/PublicEvent;Source/NexusForever.Script.Instance,pending,not_retail_complete,,,,,,The Hycrest Insurrection,,,,Choose your mission:,,,,45000,3,,"Public-event vote evidence is tracked, but retail completion needs script routing, choice result semantics, vote UI flow, and event smoke."
public_event_vote,client_source_publiceventvote_map.csv,48,,,type_or_object_scoped,,,,,,,,blocked_public_event_vote_row_unlinked_missing_script_mapping,Tools/DataMapping/output/client_source_publiceventvote_map.csv;Tools/DataMapping/map_wildstar_data.py;wildstar_client_mysql/PublicEvent*.tbl.sql;wildstar_client_mysql/PublicEventObjective.tbl.sql;Source/NexusForever.Game/PublicEvent;Source/NexusForever.Script.Instance,pending,not_retail_complete,,,,,,The Hycrest Insurrection,,,,Choose your mission:,,,,45000,2,,"Public-event vote evidence is tracked, but retail completion needs script routing, choice result semantics, vote UI flow, and event smoke."
public_event_vote,client_source_publiceventvote_map.csv,49,,,type_or_object_scoped,,,,,,,,blocked_public_event_vote_row_unlinked_missing_script_mapping,Tools/DataMapping/output/client_source_publiceventvote_map.csv;Tools/DataMapping/map_wildstar_data.py;wildstar_client_mysql/PublicEvent*.tbl.sql;wildstar_client_mysql/PublicEventObjective.tbl.sql;Source/NexusForever.Game/PublicEvent;Source/NexusForever.Script.Instance,pending,not_retail_complete,,,,,,The Hycrest Insurrection,,,,Choose your mission:,,,,45000,2,,"Public-event vote evidence is tracked, but retail completion needs script routing, choice result semantics, vote UI flow, and event smoke."
public_event_vote,client_source_publiceventvote_map.csv,50,,,type_or_object_scoped,,,,,,,,blocked_public_event_vote_row_unlinked_missing_script_mapping,Tools/DataMapping/output/client_source_publiceventvote_map.csv;Tools/DataMapping/map_wildstar_data.py;wildstar_client_mysql/PublicEvent*.tbl.sql;wildstar_client_mysql/PublicEventObjective.tbl.sql;Source/NexusForever.Game/PublicEvent;Source/NexusForever.Script.Instance,pending,not_retail_complete,,,,,,Secure the Astrovoid,,,,Which problem would you like to tackle?,,,,45000,2,,"Public-event vote evidence is tracked, but retail completion needs script routing, choice result semantics, vote UI flow, and event smoke."
public_event_vote,client_source_publiceventvote_map.csv,51,,,type_or_object_scoped,,,,,,,,blocked_public_event_vote_row_unlinked_missing_script_mapping,Tools/DataMapping/output/client_source_publiceventvote_map.csv;Tools/DataMapping/map_wildstar_data.py;wildstar_client_mysql/PublicEvent*.tbl.sql;wildstar_client_mysql/PublicEventObjective.tbl.sql;Source/NexusForever.Game/PublicEvent;Source/NexusForever.Script.Instance,pending,not_retail_complete,,,,,,Secure the Astrovoid,,,,Which problem would you like to tackle?,,,,45000,2,,"Public-event vote evidence is tracked, but retail completion needs script routing, choice result semantics, vote UI flow, and event smoke."
public_event_vote,client_source_publiceventvote_map.csv,52,,,type_or_object_scoped,,,,,,,,blocked_public_event_vote_row_unlinked_missing_script_mapping,Tools/DataMapping/output/client_source_publiceventvote_map.csv;Tools/DataMapping/map_wildstar_data.py;wildstar_client_mysql/PublicEvent*.tbl.sql;wildstar_client_mysql/PublicEventObjective.tbl.sql;Source/NexusForever.Game/PublicEvent;Source/NexusForever.Script.Instance,pending,not_retail_complete,,,,,,Augmented Powers,,,,Practice your new powers before beginning the test?,,,,30000,2,,"Public-event vote evidence is tracked, but retail completion needs script routing, choice result semantics, vote UI flow, and event smoke."
public_event_vote,client_source_publiceventvote_map.csv,53,,,type_or_object_scoped,,,,,,,,blocked_public_event_vote_row_unlinked_missing_script_mapping,Tools/DataMapping/output/client_source_publiceventvote_map.csv;Tools/DataMapping/map_wildstar_data.py;wildstar_client_mysql/PublicEvent*.tbl.sql;wildstar_client_mysql/PublicEventObjective.tbl.sql;Source/NexusForever.Game/PublicEvent;Source/NexusForever.Script.Instance,pending,not_retail_complete,,,,,,Issue a Verdict,,,,Is the accused guilty or innocent?,,,,60000,2,,"Public-event vote evidence is tracked, but retail completion needs script routing, choice result semantics, vote UI flow, and event smoke."
public_event_vote,client_source_publiceventvote_map.csv,54,,,type_or_object_scoped,,,,,,,,blocked_public_event_vote_row_unlinked_missing_script_mapping,Tools/DataMapping/output/client_source_publiceventvote_map.csv;Tools/DataMapping/map_wildstar_data.py;wildstar_client_mysql/PublicEvent*.tbl.sql;wildstar_client_mysql/PublicEventObjective.tbl.sql;Source/NexusForever.Game/PublicEvent;Source/NexusForever.Script.Instance,pending,not_retail_complete,,,,,,Bypass Intro,,,,Would you like to bypass the intro sequence?,,,,45000,2,,"Public-event vote evidence is tracked, but retail completion needs script routing, choice result semantics, vote UI flow, and event smoke."
public_event_vote,client_source_publiceventvote_map.csv,55,,,type_or_object_scoped,,,,,,,,blocked_public_event_vote_row_unlinked_missing_script_mapping,Tools/DataMapping/output/client_source_publiceventvote_map.csv;Tools/DataMapping/map_wildstar_data.py;wildstar_client_mysql/PublicEvent*.tbl.sql;wildstar_client_mysql/PublicEventObjective.tbl.sql;Source/NexusForever.Game/PublicEvent;Source/NexusForever.Script.Instance,pending,not_retail_complete,,,,,,Choose Your Path,,,,Choose the caravan's next destination:,,,,70000,2,,"Public-event vote evidence is tracked, but retail completion needs script routing, choice result semantics, vote UI flow, and event smoke."
public_event_vote,client_source_publiceventvote_map.csv,56,,,type_or_object_scoped,,,,,,,,blocked_public_event_vote_row_unlinked_missing_script_mapping,Tools/DataMapping/output/client_source_publiceventvote_map.csv;Tools/DataMapping/map_wildstar_data.py;wildstar_client_mysql/PublicEvent*.tbl.sql;wildstar_client_mysql/PublicEventObjective.tbl.sql;Source/NexusForever.Game/PublicEvent;Source/NexusForever.Script.Instance,pending,not_retail_complete,,,,,,Choose Your Path,,,,Choose how to proceed through the Access Tunnels,,,,60000,2,,"Public-event vote evidence is tracked, but retail completion needs script routing, choice result semantics, vote UI flow, and event smoke."
public_event_vote,client_source_publiceventvote_map.csv,57,,,type_or_object_scoped,,,,,,,,blocked_public_event_vote_row_unlinked_missing_script_mapping,Tools/DataMapping/output/client_source_publiceventvote_map.csv;Tools/DataMapping/map_wildstar_data.py;wildstar_client_mysql/PublicEvent*.tbl.sql;wildstar_client_mysql/PublicEventObjective.tbl.sql;Source/NexusForever.Game/PublicEvent;Source/NexusForever.Script.Instance,pending,not_retail_complete,,,,,,Choose Your Path,,,,Choose how to proceed through the Access Tunnels,,,,60000,2,,"Public-event vote evidence is tracked, but retail completion needs script routing, choice result semantics, vote UI flow, and event smoke."
public_event_vote,client_source_publiceventvote_map.csv,58,,,type_or_object_scoped,,,,,,,,blocked_public_event_vote_row_unlinked_missing_script_mapping,Tools/DataMapping/output/client_source_publiceventvote_map.csv;Tools/DataMapping/map_wildstar_data.py;wildstar_client_mysql/PublicEvent*.tbl.sql;wildstar_client_mysql/PublicEventObjective.tbl.sql;Source/NexusForever.Game/PublicEvent;Source/NexusForever.Script.Instance,pending,not_retail_complete,,,,,,Choose Your Path,,,,Choose your role in unlocking the Power Continuum door,,,,60000,2,,"Public-event vote evidence is tracked, but retail completion needs script routing, choice result semantics, vote UI flow, and event smoke."
public_event_vote,client_source_publiceventvote_map.csv,59,,,type_or_object_scoped,,,,,,,,blocked_public_event_vote_row_unlinked_missing_script_mapping,Tools/DataMapping/output/client_source_publiceventvote_map.csv;Tools/DataMapping/map_wildstar_data.py;wildstar_client_mysql/PublicEvent*.tbl.sql;wildstar_client_mysql/PublicEventObjective.tbl.sql;Source/NexusForever.Game/PublicEvent;Source/NexusForever.Script.Instance,pending,not_retail_complete,,,,,,Shade's Eve Guest of Honor,,,,Choose the best candidate to be the Shade's Eve Guest of Honor.,,,,60000,4,,"Public-event vote evidence is tracked, but retail completion needs script routing, choice result semantics, vote UI flow, and event smoke."
public_event_vote,client_source_publiceventvote_map.csv,60,,,type_or_object_scoped,,,,,,,,blocked_public_event_vote_row_unlinked_missing_script_mapping,Tools/DataMapping/output/client_source_publiceventvote_map.csv;Tools/DataMapping/map_wildstar_data.py;wildstar_client_mysql/PublicEvent*.tbl.sql;wildstar_client_mysql/PublicEventObjective.tbl.sql;Source/NexusForever.Game/PublicEvent;Source/NexusForever.Script.Instance,pending,not_retail_complete,,,,,,Is the first number of the code 0 or 1,,,,Is the first number of the code 0 or 1,,,,60000,2,,"Public-event vote evidence is tracked, but retail completion needs script routing, choice result semantics, vote UI flow, and event smoke."
public_event_vote,client_source_publiceventvote_map.csv,61,,,type_or_object_scoped,,,,,,,,blocked_public_event_vote_row_unlinked_missing_script_mapping,Tools/DataMapping/output/client_source_publiceventvote_map.csv;Tools/DataMapping/map_wildstar_data.py;wildstar_client_mysql/PublicEvent*.tbl.sql;wildstar_client_mysql/PublicEventObjective.tbl.sql;Source/NexusForever.Game/PublicEvent;Source/NexusForever.Script.Instance,pending,not_retail_complete,,,,,,Is the second number of the code 0 or 1,,,,Is the second number of the code 0 or 1,,,,60000,2,,"Public-event vote evidence is tracked, but retail completion needs script routing, choice result semantics, vote UI flow, and event smoke."
public_event_vote,client_source_publiceventvote_map.csv,62,,,type_or_object_scoped,,,,,,,,blocked_public_event_vote_row_unlinked_missing_script_mapping,Tools/DataMapping/output/client_source_publiceventvote_map.csv;Tools/DataMapping/map_wildstar_data.py;wildstar_client_mysql/PublicEvent*.tbl.sql;wildstar_client_mysql/PublicEventObjective.tbl.sql;Source/NexusForever.Game/PublicEvent;Source/NexusForever.Script.Instance,pending,not_retail_complete,,,,,,Is the third number of the code 0 or 1,,,,Is the third number of the code 0 or 1,,,,60000,2,,"Public-event vote evidence is tracked, but retail completion needs script routing, choice result semantics, vote UI flow, and event smoke."
public_event_vote,client_source_publiceventvote_map.csv,63,,,type_or_object_scoped,,,,,,,,blocked_public_event_vote_row_unlinked_missing_script_mapping,Tools/DataMapping/output/client_source_publiceventvote_map.csv;Tools/DataMapping/map_wildstar_data.py;wildstar_client_mysql/PublicEvent*.tbl.sql;wildstar_client_mysql/PublicEventObjective.tbl.sql;Source/NexusForever.Game/PublicEvent;Source/NexusForever.Script.Instance,pending,not_retail_complete,,,,,,Is the fourth number of the code 0 or 1,,,,Is the fourth number of the code 0 or 1,,,,60000,2,,"Public-event vote evidence is tracked, but retail completion needs script routing, choice result semantics, vote UI flow, and event smoke."
public_event_vote,client_source_publiceventvote_map.csv,64,,,type_or_object_scoped,,,,,,,Source\NexusForever.Script.Instance\EventInstance\ShadesEve\ShadesEveMainEventScript.cs:114,runtime_public_event_vote_script_referenced_vote_flow_tested_pending_choice_semantics_and_client_smoke,Tools/DataMapping/output/client_source_publiceventvote_map.csv;Tools/DataMapping/map_wildstar_data.py;wildstar_client_mysql/PublicEvent*.tbl.sql;wildstar_client_mysql/PublicEventObjective.tbl.sql;Source/NexusForever.Game/PublicEvent;Source/NexusForever.Script.Instance;Source/NexusForever.Game.Tests/PublicEvents/PublicEventVoteTests.cs;Source/NexusForever.Game.Tests/PublicEvents/ClientPublicEventVoteHandlerTests.cs;Source/NexusForever.Game.Tests/Instances/ShadesEveEventScriptTests.cs,pending,not_retail_complete,,,,,,Choose your path...,,,,"Will you help the villagers with their preparations, or is there something sinister going on that you should investigate?",,,,60000,2,,"Public-event vote script routing and runtime vote flow are test-backed for script-referenced rows, including table-backed choices, client vote packet delegation, tally/end packets, timeout defaults, duplicate/invalid response guards, and team-id envelope rejection. Retail completion still needs choice result semantics, vote UI flow, follow-up routing, and event smoke."
public_event_vote,client_source_publiceventvote_map.csv,65,,,type_or_object_scoped,,,,,,,,blocked_public_event_vote_row_unlinked_missing_script_mapping,Tools/DataMapping/output/client_source_publiceventvote_map.csv;Tools/DataMapping/map_wildstar_data.py;wildstar_client_mysql/PublicEvent*.tbl.sql;wildstar_client_mysql/PublicEventObjective.tbl.sql;Source/NexusForever.Game/PublicEvent;Source/NexusForever.Script.Instance,pending,not_retail_complete,,,,,,Escape Plan,,,,Choose an escape plan.,,,,60000,2,,"Public-event vote evidence is tracked, but retail completion needs script routing, choice result semantics, vote UI flow, and event smoke."
public_event_vote,client_source_publiceventvote_map.csv,66,,,type_or_object_scoped,,,,,,,,blocked_public_event_vote_row_unlinked_missing_script_mapping,Tools/DataMapping/output/client_source_publiceventvote_map.csv;Tools/DataMapping/map_wildstar_data.py;wildstar_client_mysql/PublicEvent*.tbl.sql;wildstar_client_mysql/PublicEventObjective.tbl.sql;Source/NexusForever.Game/PublicEvent;Source/NexusForever.Script.Instance,pending,not_retail_complete,,,,,,Escape Plan,,,,Choose an escape plan.,,,,60000,2,,"Public-event vote evidence is tracked, but retail completion needs script routing, choice result semantics, vote UI flow, and event smoke."
public_event_vote,client_source_publiceventvote_map.csv,68,,,type_or_object_scoped,,,,,,,,blocked_public_event_vote_row_unlinked_missing_script_mapping,Tools/DataMapping/output/client_source_publiceventvote_map.csv;Tools/DataMapping/map_wildstar_data.py;wildstar_client_mysql/PublicEvent*.tbl.sql;wildstar_client_mysql/PublicEventObjective.tbl.sql;Source/NexusForever.Game/PublicEvent;Source/NexusForever.Script.Instance,pending,not_retail_complete,,,,,,Skip Dialogue,,,,Would you like to skip some of the dialogue in OMNICore-1?,,,,120000,2,,"Public-event vote evidence is tracked, but retail completion needs script routing, choice result semantics, vote UI flow, and event smoke."
