evidence_kind,source_table,source_row_id,instance_portal_id,instance_portal_name,instance_portal_type,portal_min_level,portal_max_level,expected_completion_time,portal_link_status,creature2_id,creature_name,creature_min_level,creature_max_level,datamapping_bridge_status,datamapping_bridge_count,jabbithole_creature_ids,datamapping_match_statuses,datamapping_review_decisions,source_names,world_ids,world_zone_ids,zone_ids,runtime_placement_status,runtime_entity_id,runtime_source_coordinate_id,runtime_world_id,runtime_area_id,evidence_status,evidence_sources,manual_validation,completion_status,blocker_summary
instance_portal_creature,Creature2.tbl.sql,14032,4,Morek Throg's Lair,0,10,12,15,client_creature_linked,14032,Morek Throg's Lair,10,10,missing_datamapping_creature_bridge,0,,,,,,,,not_runtime_seed_reviewed,,,,,client_instance_portal_creature_link_pending_world_placement_review,wildstar_client_mysql/InstancePortal.tbl.sql;wildstar_client_mysql/Creature2.tbl.sql;Tools/DataMapping/output/client_source_instanceportal_map.csv;Tools/DataMapping/output/creature_map.csv;Source/NexusForever.Game/Entity/InstancePortalEntity.cs;Source/NexusForever.WorldServer/Network/Message/Handler/Instance,pending,not_retail_complete,"Instance portal Creature2 link is tracked, but retail completion needs portal placement review, level/prerequisite behavior, entry/exit or difficulty handling, queue/instance selection where relevant, and client smoke."
instance_portal_creature,Creature2.tbl.sql,17855,6,Leave Morek Throg's Lair,2,0,0,0,client_creature_linked,17855,Morek Throg's Lair,10,10,missing_datamapping_creature_bridge,0,,,,,,,,not_runtime_seed_reviewed,,,,,client_instance_portal_creature_link_pending_world_placement_review,wildstar_client_mysql/InstancePortal.tbl.sql;wildstar_client_mysql/Creature2.tbl.sql;Tools/DataMapping/output/client_source_instanceportal_map.csv;Tools/DataMapping/output/creature_map.csv;Source/NexusForever.Game/Entity/InstancePortalEntity.cs;Source/NexusForever.WorldServer/Network/Message/Handler/Instance,pending,not_retail_complete,"Instance portal Creature2 link is tracked, but retail completion needs portal placement review, level/prerequisite behavior, entry/exit or difficulty handling, queue/instance selection where relevant, and client smoke."
instance_portal_creature,Creature2.tbl.sql,22988,7,Blue Sparrow and X-82 Cargo Ship,1,17,24,15,client_creature_linked,22988,Transport to Blue Sparrow,1,1,reviewed_datamapping_creature_bridge,2,1362;852,ambiguous_name;reviewed,approved,Transport to Blue Sparrow,22;51,41;984,12;5,not_runtime_seed_reviewed,,,,,reviewed_instance_portal_creature_pending_entry_smoke,wildstar_client_mysql/InstancePortal.tbl.sql;wildstar_client_mysql/Creature2.tbl.sql;Tools/DataMapping/output/client_source_instanceportal_map.csv;Tools/DataMapping/output/creature_map.csv;Source/NexusForever.Game/Entity/InstancePortalEntity.cs;Source/NexusForever.WorldServer/Network/Message/Handler/Instance,pending,not_retail_complete,"Instance portal Creature2 link is tracked, but retail completion needs portal placement review, level/prerequisite behavior, entry/exit or difficulty handling, queue/instance selection where relevant, and client smoke."
instance_portal_creature,Creature2.tbl.sql,22806,8,Leave the Blue Sparrow,3,0,0,0,client_creature_linked,22806,Return to Nexus,1,1,missing_datamapping_creature_bridge,0,,,,,,,,not_runtime_seed_reviewed,,,,,client_instance_portal_creature_link_pending_world_placement_review,wildstar_client_mysql/InstancePortal.tbl.sql;wildstar_client_mysql/Creature2.tbl.sql;Tools/DataMapping/output/client_source_instanceportal_map.csv;Tools/DataMapping/output/creature_map.csv;Source/NexusForever.Game/Entity/InstancePortalEntity.cs;Source/NexusForever.WorldServer/Network/Message/Handler/Instance,pending,not_retail_complete,"Instance portal Creature2 link is tracked, but retail completion needs portal placement review, level/prerequisite behavior, entry/exit or difficulty handling, queue/instance selection where relevant, and client smoke."
instance_portal_creature,Creature2.tbl.sql,23004,9,Collapsed Mine,1,9,12,15,client_creature_linked,23004,Cave Entrance,1,1,missing_datamapping_creature_bridge,0,,,,,,,,not_runtime_seed_reviewed,,,,,client_instance_portal_creature_link_pending_world_placement_review,wildstar_client_mysql/InstancePortal.tbl.sql;wildstar_client_mysql/Creature2.tbl.sql;Tools/DataMapping/output/client_source_instanceportal_map.csv;Tools/DataMapping/output/creature_map.csv;Source/NexusForever.Game/Entity/InstancePortalEntity.cs;Source/NexusForever.WorldServer/Network/Message/Handler/Instance,pending,not_retail_complete,"Instance portal Creature2 link is tracked, but retail completion needs portal placement review, level/prerequisite behavior, entry/exit or difficulty handling, queue/instance selection where relevant, and client smoke."
instance_portal_creature,Creature2.tbl.sql,21509,10,Exit,3,0,0,0,client_creature_linked,21509,Escape Ladder,1,1,missing_datamapping_creature_bridge,0,,,,,,,,not_runtime_seed_reviewed,,,,,client_instance_portal_creature_link_pending_world_placement_review,wildstar_client_mysql/InstancePortal.tbl.sql;wildstar_client_mysql/Creature2.tbl.sql;Tools/DataMapping/output/client_source_instanceportal_map.csv;Tools/DataMapping/output/creature_map.csv;Source/NexusForever.Game/Entity/InstancePortalEntity.cs;Source/NexusForever.WorldServer/Network/Message/Handler/Instance,pending,not_retail_complete,"Instance portal Creature2 link is tracked, but retail completion needs portal placement review, level/prerequisite behavior, entry/exit or difficulty handling, queue/instance selection where relevant, and client smoke."
instance_portal_creature,Creature2.tbl.sql,32246,10,Exit,3,0,0,0,client_creature_linked,32246,Return to Nexus,1,1,missing_datamapping_creature_bridge,0,,,,,,,,not_runtime_seed_reviewed,,,,,client_instance_portal_creature_link_pending_world_placement_review,wildstar_client_mysql/InstancePortal.tbl.sql;wildstar_client_mysql/Creature2.tbl.sql;Tools/DataMapping/output/client_source_instanceportal_map.csv;Tools/DataMapping/output/creature_map.csv;Source/NexusForever.Game/Entity/InstancePortalEntity.cs;Source/NexusForever.WorldServer/Network/Message/Handler/Instance,pending,not_retail_complete,"Instance portal Creature2 link is tracked, but retail completion needs portal placement review, level/prerequisite behavior, entry/exit or difficulty handling, queue/instance selection where relevant, and client smoke."
instance_portal_creature,Creature2.tbl.sql,23614,11,Instance Portal to Designer Island,0,1,60,0,client_creature_linked,23614,,13,13,missing_datamapping_creature_bridge,0,,,,,,,,not_runtime_seed_reviewed,,,,,client_instance_portal_creature_link_pending_world_placement_review,wildstar_client_mysql/InstancePortal.tbl.sql;wildstar_client_mysql/Creature2.tbl.sql;Tools/DataMapping/output/client_source_instanceportal_map.csv;Tools/DataMapping/output/creature_map.csv;Source/NexusForever.Game/Entity/InstancePortalEntity.cs;Source/NexusForever.WorldServer/Network/Message/Handler/Instance,pending,not_retail_complete,"Instance portal Creature2 link is tracked, but retail completion needs portal placement review, level/prerequisite behavior, entry/exit or difficulty handling, queue/instance selection where relevant, and client smoke."
instance_portal_creature,Creature2.tbl.sql,23613,12,Instance Portal to Quest Test Island,0,1,60,0,client_creature_linked,23613,Instance Portal - Designer Island,13,13,missing_datamapping_creature_bridge,0,,,,,,,,not_runtime_seed_reviewed,,,,,client_instance_portal_creature_link_pending_world_placement_review,wildstar_client_mysql/InstancePortal.tbl.sql;wildstar_client_mysql/Creature2.tbl.sql;Tools/DataMapping/output/client_source_instanceportal_map.csv;Tools/DataMapping/output/creature_map.csv;Source/NexusForever.Game/Entity/InstancePortalEntity.cs;Source/NexusForever.WorldServer/Network/Message/Handler/Instance,pending,not_retail_complete,"Instance portal Creature2 link is tracked, but retail completion needs portal placement review, level/prerequisite behavior, entry/exit or difficulty handling, queue/instance selection where relevant, and client smoke."
instance_portal_creature,Creature2.tbl.sql,23700,13,Enter Stormtalon's Lair,0,17,20,35,client_creature_linked,23700,Stormtalon's Lair,21,21,reviewed_datamapping_creature_bridge,2,1100;554,ambiguous_name;reviewed,approved,Stormtalon's Lair,382;51,271;945,12;15,not_runtime_seed_reviewed,,,,,reviewed_instance_portal_creature_pending_entry_smoke,wildstar_client_mysql/InstancePortal.tbl.sql;wildstar_client_mysql/Creature2.tbl.sql;Tools/DataMapping/output/client_source_instanceportal_map.csv;Tools/DataMapping/output/creature_map.csv;Source/NexusForever.Game/Entity/InstancePortalEntity.cs;Source/NexusForever.WorldServer/Network/Message/Handler/Instance,pending,not_retail_complete,"Instance portal Creature2 link is tracked, but retail completion needs portal placement review, level/prerequisite behavior, entry/exit or difficulty handling, queue/instance selection where relevant, and client smoke."
instance_portal_creature,Creature2.tbl.sql,23701,14,Leave Stormtalon's Lair,2,0,0,0,client_creature_linked,23701,Stormtalon's Lair,21,21,missing_datamapping_creature_bridge,0,,,,,,,,not_runtime_seed_reviewed,,,,,client_instance_portal_creature_link_pending_world_placement_review,wildstar_client_mysql/InstancePortal.tbl.sql;wildstar_client_mysql/Creature2.tbl.sql;Tools/DataMapping/output/client_source_instanceportal_map.csv;Tools/DataMapping/output/creature_map.csv;Source/NexusForever.Game/Entity/InstancePortalEntity.cs;Source/NexusForever.WorldServer/Network/Message/Handler/Instance,pending,not_retail_complete,"Instance portal Creature2 link is tracked, but retail completion needs portal placement review, level/prerequisite behavior, entry/exit or difficulty handling, queue/instance selection where relevant, and client smoke."
instance_portal_creature,Creature2.tbl.sql,23765,15,Steady Traveler,1,12,16,15,client_creature_linked,23765,Transport to Steady Traveler,1,1,missing_datamapping_creature_bridge,0,,,,,,,,not_runtime_seed_reviewed,,,,,client_instance_portal_creature_link_pending_world_placement_review,wildstar_client_mysql/InstancePortal.tbl.sql;wildstar_client_mysql/Creature2.tbl.sql;Tools/DataMapping/output/client_source_instanceportal_map.csv;Tools/DataMapping/output/creature_map.csv;Source/NexusForever.Game/Entity/InstancePortalEntity.cs;Source/NexusForever.WorldServer/Network/Message/Handler/Instance,pending,not_retail_complete,"Instance portal Creature2 link is tracked, but retail completion needs portal placement review, level/prerequisite behavior, entry/exit or difficulty handling, queue/instance selection where relevant, and client smoke."
instance_portal_creature,Creature2.tbl.sql,51752,15,Steady Traveler,1,12,16,15,client_creature_linked,51752,Transport to Steady Traveler,1,1,candidate_datamapping_creature_bridge,2,4450;5579,ambiguous_name,,Transport to Steady Traveler,22,327;620,11;6,not_runtime_seed_reviewed,,,,,datamapping_instance_portal_creature_pending_review_and_entry_smoke,wildstar_client_mysql/InstancePortal.tbl.sql;wildstar_client_mysql/Creature2.tbl.sql;Tools/DataMapping/output/client_source_instanceportal_map.csv;Tools/DataMapping/output/creature_map.csv;Source/NexusForever.Game/Entity/InstancePortalEntity.cs;Source/NexusForever.WorldServer/Network/Message/Handler/Instance,pending,not_retail_complete,"Instance portal Creature2 link is tracked, but retail completion needs portal placement review, level/prerequisite behavior, entry/exit or difficulty handling, queue/instance selection where relevant, and client smoke."
instance_portal_creature,Creature2.tbl.sql,23596,16,Exit,3,0,0,0,client_creature_linked,23596,Return to Nexus,1,1,candidate_datamapping_creature_bridge,5,17435;4439;5066;5690;929,ambiguous_name,,Return to Nexus,1232;1319;1627;2183,1158;1184;1540;1658;2620,100;109;21;75;98,mapped_only_current_coordinate_ambiguous_between_two_portal16_models,,,,,mapped_gauntlet_return_portal_placement_blocked_two_portal16_models,wildstar_client_mysql/InstancePortal.tbl.sql;wildstar_client_mysql/Creature2.tbl.sql;Tools/DataMapping/output/client_source_instanceportal_map.csv;Tools/DataMapping/output/creature_map.csv;Tools/DataMapping/output/creature_spawn_map.csv;Tools/DataMapping/output/public_event_zone_map.csv;Tools/DataMapping/output/creature_public_event_map.csv;Tools/DataMapping/output/world_location_client_map.csv;Source/NexusForever.Game/Entity/InstancePortalEntity.cs;Source/NexusForever.WorldServer/Network/Message/Handler/Instance,pending,not_retail_complete,"Gauntlet Jabbithole creature 17435 has current-last-seen-7 source coordinate 964413 at (532, 3, -491) in world 2183 / area 2620, and PublicEvent 144 maps to build-16042 PublicEvent 446 (Expedition: The Gauntlet). Its exact-name Return to Nexus bridge remains ambiguous: Creature2 23596 and Creature2 36660 both link to InstancePortal 16 with difficulty 0, but use different control-panel (display 24632 / model 4241) and ladder (display 22991 / model 4066) assets. The source row has no model/display discriminator, so runtime entity 1000964413 is not promoted until client placement or equivalent asset evidence selects the exact Creature2. Portal activation, destination/return behavior, prerequisite handling, and client smoke also remain blocked."
instance_portal_creature,Creature2.tbl.sql,23611,16,Exit,3,0,0,0,client_creature_linked,23611,Taxi to Deradune,1,1,missing_datamapping_creature_bridge,0,,,,,,,,not_runtime_seed_reviewed,,,,,client_instance_portal_creature_link_pending_world_placement_review,wildstar_client_mysql/InstancePortal.tbl.sql;wildstar_client_mysql/Creature2.tbl.sql;Tools/DataMapping/output/client_source_instanceportal_map.csv;Tools/DataMapping/output/creature_map.csv;Source/NexusForever.Game/Entity/InstancePortalEntity.cs;Source/NexusForever.WorldServer/Network/Message/Handler/Instance,pending,not_retail_complete,"Instance portal Creature2 link is tracked, but retail completion needs portal placement review, level/prerequisite behavior, entry/exit or difficulty handling, queue/instance selection where relevant, and client smoke."
instance_portal_creature,Creature2.tbl.sql,36660,16,Exit,3,0,0,0,client_creature_linked,36660,Return to Nexus,1,1,missing_datamapping_creature_bridge,0,,,,,,,,not_runtime_seed_reviewed,,,,,client_instance_portal_creature_link_pending_world_placement_review,wildstar_client_mysql/InstancePortal.tbl.sql;wildstar_client_mysql/Creature2.tbl.sql;Tools/DataMapping/output/client_source_instanceportal_map.csv;Tools/DataMapping/output/creature_map.csv;Source/NexusForever.Game/Entity/InstancePortalEntity.cs;Source/NexusForever.WorldServer/Network/Message/Handler/Instance,pending,not_retail_complete,"Instance portal Creature2 link is tracked, but retail completion needs portal placement review, level/prerequisite behavior, entry/exit or difficulty handling, queue/instance selection where relevant, and client smoke."
instance_portal_creature,Creature2.tbl.sql,13306,17,Leave the Skull's Eye,1,0,0,0,client_creature_linked,13306,Skull's Eye Escape Pod Terminal,1,1,candidate_datamapping_creature_bridge,1,11897,unique_name,,Skull's Eye Escape Pod Terminal,930,695,116,not_runtime_seed_reviewed,,,,,datamapping_instance_portal_creature_pending_review_and_entry_smoke,wildstar_client_mysql/InstancePortal.tbl.sql;wildstar_client_mysql/Creature2.tbl.sql;Tools/DataMapping/output/client_source_instanceportal_map.csv;Tools/DataMapping/output/creature_map.csv;Source/NexusForever.Game/Entity/InstancePortalEntity.cs;Source/NexusForever.WorldServer/Network/Message/Handler/Instance,pending,not_retail_complete,"Instance portal Creature2 link is tracked, but retail completion needs portal placement review, level/prerequisite behavior, entry/exit or difficulty handling, queue/instance selection where relevant, and client smoke."
instance_portal_creature,Creature2.tbl.sql,28534,18,The Doomfarer,1,50,0,15,client_creature_linked,28534,Doomfarer Cargo Bay Access,13,13,missing_datamapping_creature_bridge,0,,,,,,,,not_runtime_seed_reviewed,,,,,client_instance_portal_creature_link_pending_world_placement_review,wildstar_client_mysql/InstancePortal.tbl.sql;wildstar_client_mysql/Creature2.tbl.sql;Tools/DataMapping/output/client_source_instanceportal_map.csv;Tools/DataMapping/output/creature_map.csv;Source/NexusForever.Game/Entity/InstancePortalEntity.cs;Source/NexusForever.WorldServer/Network/Message/Handler/Instance,pending,not_retail_complete,"Instance portal Creature2 link is tracked, but retail completion needs portal placement review, level/prerequisite behavior, entry/exit or difficulty handling, queue/instance selection where relevant, and client smoke."
instance_portal_creature,Creature2.tbl.sql,28537,19,Exit to Halon Ring,3,0,0,0,client_creature_linked,28537,Doomfarer Cargo Bay Access,13,13,missing_datamapping_creature_bridge,0,,,,,,,,not_runtime_seed_reviewed,,,,,client_instance_portal_creature_link_pending_world_placement_review,wildstar_client_mysql/InstancePortal.tbl.sql;wildstar_client_mysql/Creature2.tbl.sql;Tools/DataMapping/output/client_source_instanceportal_map.csv;Tools/DataMapping/output/creature_map.csv;Source/NexusForever.Game/Entity/InstancePortalEntity.cs;Source/NexusForever.WorldServer/Network/Message/Handler/Instance,pending,not_retail_complete,"Instance portal Creature2 link is tracked, but retail completion needs portal placement review, level/prerequisite behavior, entry/exit or difficulty handling, queue/instance selection where relevant, and client smoke."
instance_portal_creature,Creature2.tbl.sql,30851,20,Exile Ship,0,6,60,5,client_creature_linked,30851,,13,13,missing_datamapping_creature_bridge,0,,,,,,,,not_runtime_seed_reviewed,,,,,client_instance_portal_creature_link_pending_world_placement_review,wildstar_client_mysql/InstancePortal.tbl.sql;wildstar_client_mysql/Creature2.tbl.sql;Tools/DataMapping/output/client_source_instanceportal_map.csv;Tools/DataMapping/output/creature_map.csv;Source/NexusForever.Game/Entity/InstancePortalEntity.cs;Source/NexusForever.WorldServer/Network/Message/Handler/Instance,pending,not_retail_complete,"Instance portal Creature2 link is tracked, but retail completion needs portal placement review, level/prerequisite behavior, entry/exit or difficulty handling, queue/instance selection where relevant, and client smoke."
instance_portal_creature,Creature2.tbl.sql,23358,21,Collapsed Mine,1,9,12,15,client_creature_linked,23358,Cave Entrance,1,1,missing_datamapping_creature_bridge,0,,,,,,,,not_runtime_seed_reviewed,,,,,client_instance_portal_creature_link_pending_world_placement_review,wildstar_client_mysql/InstancePortal.tbl.sql;wildstar_client_mysql/Creature2.tbl.sql;Tools/DataMapping/output/client_source_instanceportal_map.csv;Tools/DataMapping/output/creature_map.csv;Source/NexusForever.Game/Entity/InstancePortalEntity.cs;Source/NexusForever.WorldServer/Network/Message/Handler/Instance,pending,not_retail_complete,"Instance portal Creature2 link is tracked, but retail completion needs portal placement review, level/prerequisite behavior, entry/exit or difficulty handling, queue/instance selection where relevant, and client smoke."
instance_portal_creature,Creature2.tbl.sql,30841,22,Leave Arkos's Ship,3,0,0,0,client_creature_linked,30841,Control Panel,10,10,missing_datamapping_creature_bridge,0,,,,,,,,not_runtime_seed_reviewed,,,,,client_instance_portal_creature_link_pending_world_placement_review,wildstar_client_mysql/InstancePortal.tbl.sql;wildstar_client_mysql/Creature2.tbl.sql;Tools/DataMapping/output/client_source_instanceportal_map.csv;Tools/DataMapping/output/creature_map.csv;Source/NexusForever.Game/Entity/InstancePortalEntity.cs;Source/NexusForever.WorldServer/Network/Message/Handler/Instance,pending,not_retail_complete,"Instance portal Creature2 link is tracked, but retail completion needs portal placement review, level/prerequisite behavior, entry/exit or difficulty handling, queue/instance selection where relevant, and client smoke."
instance_portal_creature,Creature2.tbl.sql,30889,22,Leave Arkos's Ship,3,0,0,0,client_creature_linked,30889,,13,13,missing_datamapping_creature_bridge,0,,,,,,,,not_runtime_seed_reviewed,,,,,client_instance_portal_creature_link_pending_world_placement_review,wildstar_client_mysql/InstancePortal.tbl.sql;wildstar_client_mysql/Creature2.tbl.sql;Tools/DataMapping/output/client_source_instanceportal_map.csv;Tools/DataMapping/output/creature_map.csv;Source/NexusForever.Game/Entity/InstancePortalEntity.cs;Source/NexusForever.WorldServer/Network/Message/Handler/Instance,pending,not_retail_complete,"Instance portal Creature2 link is tracked, but retail completion needs portal placement review, level/prerequisite behavior, entry/exit or difficulty handling, queue/instance selection where relevant, and client smoke."
instance_portal_creature,Creature2.tbl.sql,31905,23,The Enigmatic Tryst,1,10,16,15,client_creature_linked,31905,Transport to The Enigmatic Tryst,1,1,missing_datamapping_creature_bridge,0,,,,,,,,not_runtime_seed_reviewed,,,,,client_instance_portal_creature_link_pending_world_placement_review,wildstar_client_mysql/InstancePortal.tbl.sql;wildstar_client_mysql/Creature2.tbl.sql;Tools/DataMapping/output/client_source_instanceportal_map.csv;Tools/DataMapping/output/creature_map.csv;Source/NexusForever.Game/Entity/InstancePortalEntity.cs;Source/NexusForever.WorldServer/Network/Message/Handler/Instance,pending,not_retail_complete,"Instance portal Creature2 link is tracked, but retail completion needs portal placement review, level/prerequisite behavior, entry/exit or difficulty handling, queue/instance selection where relevant, and client smoke."
instance_portal_creature,Creature2.tbl.sql,31906,23,The Enigmatic Tryst,1,10,16,15,client_creature_linked,31906,Return to Nexus,1,1,missing_datamapping_creature_bridge,0,,,,,,,,not_runtime_seed_reviewed,,,,,client_instance_portal_creature_link_pending_world_placement_review,wildstar_client_mysql/InstancePortal.tbl.sql;wildstar_client_mysql/Creature2.tbl.sql;Tools/DataMapping/output/client_source_instanceportal_map.csv;Tools/DataMapping/output/creature_map.csv;Source/NexusForever.Game/Entity/InstancePortalEntity.cs;Source/NexusForever.WorldServer/Network/Message/Handler/Instance,pending,not_retail_complete,"Instance portal Creature2 link is tracked, but retail completion needs portal placement review, level/prerequisite behavior, entry/exit or difficulty handling, queue/instance selection where relevant, and client smoke."
instance_portal_creature,Creature2.tbl.sql,46862,23,The Enigmatic Tryst,1,10,16,15,client_creature_linked,46862,Transport to The Enigmatic Tryst,1,1,missing_datamapping_creature_bridge,0,,,,,,,,not_runtime_seed_reviewed,,,,,client_instance_portal_creature_link_pending_world_placement_review,wildstar_client_mysql/InstancePortal.tbl.sql;wildstar_client_mysql/Creature2.tbl.sql;Tools/DataMapping/output/client_source_instanceportal_map.csv;Tools/DataMapping/output/creature_map.csv;Source/NexusForever.Game/Entity/InstancePortalEntity.cs;Source/NexusForever.WorldServer/Network/Message/Handler/Instance,pending,not_retail_complete,"Instance portal Creature2 link is tracked, but retail completion needs portal placement review, level/prerequisite behavior, entry/exit or difficulty handling, queue/instance selection where relevant, and client smoke."
instance_portal_creature,Creature2.tbl.sql,32244,24,Rage Logic: The Positron,1,26,32,30,client_creature_linked,32244,Transport to the Positron,1,1,candidate_datamapping_creature_bridge,1,400,unique_name,,Transport to the Positron,51,1343,2,not_runtime_seed_reviewed,,,,,datamapping_instance_portal_creature_pending_review_and_entry_smoke,wildstar_client_mysql/InstancePortal.tbl.sql;wildstar_client_mysql/Creature2.tbl.sql;Tools/DataMapping/output/client_source_instanceportal_map.csv;Tools/DataMapping/output/creature_map.csv;Source/NexusForever.Game/Entity/InstancePortalEntity.cs;Source/NexusForever.WorldServer/Network/Message/Handler/Instance,pending,not_retail_complete,"Instance portal Creature2 link is tracked, but retail completion needs portal placement review, level/prerequisite behavior, entry/exit or difficulty handling, queue/instance selection where relevant, and client smoke."
instance_portal_creature,Creature2.tbl.sql,32247,24,Rage Logic: The Positron,1,26,32,30,client_creature_linked,32247,Transport to Nexus,1,1,candidate_datamapping_creature_bridge,1,17353,unique_name,,Transport to Nexus,1627,1643,81,not_runtime_seed_reviewed,,,,,datamapping_instance_portal_creature_pending_review_and_entry_smoke,wildstar_client_mysql/InstancePortal.tbl.sql;wildstar_client_mysql/Creature2.tbl.sql;Tools/DataMapping/output/client_source_instanceportal_map.csv;Tools/DataMapping/output/creature_map.csv;Source/NexusForever.Game/Entity/InstancePortalEntity.cs;Source/NexusForever.WorldServer/Network/Message/Handler/Instance,pending,not_retail_complete,"Instance portal Creature2 link is tracked, but retail completion needs portal placement review, level/prerequisite behavior, entry/exit or difficulty handling, queue/instance selection where relevant, and client smoke."
instance_portal_creature,Creature2.tbl.sql,33525,25,Leave the Ruins of Kel Voreth,2,0,0,0,client_creature_linked,33525,Exit to Auroria,1,1,missing_datamapping_creature_bridge,0,,,,,,,,not_runtime_seed_reviewed,,,,,client_instance_portal_creature_link_pending_world_placement_review,wildstar_client_mysql/InstancePortal.tbl.sql;wildstar_client_mysql/Creature2.tbl.sql;Tools/DataMapping/output/client_source_instanceportal_map.csv;Tools/DataMapping/output/creature_map.csv;Source/NexusForever.Game/Entity/InstancePortalEntity.cs;Source/NexusForever.WorldServer/Network/Message/Handler/Instance,pending,not_retail_complete,"Instance portal Creature2 link is tracked, but retail completion needs portal placement review, level/prerequisite behavior, entry/exit or difficulty handling, queue/instance selection where relevant, and client smoke."
instance_portal_creature,Creature2.tbl.sql,33528,26,Enter the Ruins of Kel Voreth,0,22,25,35,client_creature_linked,33528,Enter the Ruins of Kel Voreth,1,1,missing_datamapping_creature_bridge,0,,,,,,,,not_runtime_seed_reviewed,,,,,client_instance_portal_creature_link_pending_world_placement_review,wildstar_client_mysql/InstancePortal.tbl.sql;wildstar_client_mysql/Creature2.tbl.sql;Tools/DataMapping/output/client_source_instanceportal_map.csv;Tools/DataMapping/output/creature_map.csv;Source/NexusForever.Game/Entity/InstancePortalEntity.cs;Source/NexusForever.WorldServer/Network/Message/Handler/Instance,pending,not_retail_complete,"Instance portal Creature2 link is tracked, but retail completion needs portal placement review, level/prerequisite behavior, entry/exit or difficulty handling, queue/instance selection where relevant, and client smoke."
instance_portal_creature,Creature2.tbl.sql,32419,27,Leave Skullcano,3,0,0,0,client_creature_linked,32419,Leave Skullcano,1,1,reviewed_datamapping_creature_bridge,1,12396,scored_name,,Leave Skullcano,1263,1220,16,reviewed_runtime_seed_placement_pending_exit_behavior_client_smoke,1000285998;1000415265,285998;415265,1263,1220,implemented_instance_portal_placement_model_pending_exit_behavior_client_smoke,wildstar_client_mysql/InstancePortal.tbl.sql;wildstar_client_mysql/Creature2.tbl.sql;Tools/DataMapping/output/client_source_instanceportal_map.csv;Tools/DataMapping/output/creature_map.csv;Tools/DataMapping/creature_bridge_overrides.csv;Tools/DataMapping/sql/apply_safe_world_imports_from_staging.sql;Tools/DataMapping/export_runtime_world_seed.py;Tools/DataMapping/sql/runtime_world_seed.sql;Tools/DataMapping/sql/verify_safe_world_imports.sql;Tools/DataMapping/test_safe_world_import_source_coordinate_filter.py;Source/NexusForever.Game/Entity/InstancePortalEntity.cs;Source/NexusForever.WorldServer/Network/Message/Handler/Instance,pending,not_retail_complete,"Runtime-owned placement and InstancePortal model availability are implemented for entities 1000285998;1000415265 at world 1263 / area 1220, but retail completion remains blocked on portal activation/exit semantics, destination/return behavior, difficulty or prerequisite handling, and client smoke."
instance_portal_creature,Creature2.tbl.sql,32444,28,Travel to Skullcano,1,32,35,45,client_creature_linked,32444,Travel to Skullcano,35,35,candidate_datamapping_creature_bridge,1,5508,unique_name,,Travel to Skullcano,51,1223,2,not_runtime_seed_reviewed,,,,,datamapping_instance_portal_creature_pending_review_and_entry_smoke,wildstar_client_mysql/InstancePortal.tbl.sql;wildstar_client_mysql/Creature2.tbl.sql;Tools/DataMapping/output/client_source_instanceportal_map.csv;Tools/DataMapping/output/creature_map.csv;Source/NexusForever.Game/Entity/InstancePortalEntity.cs;Source/NexusForever.WorldServer/Network/Message/Handler/Instance,pending,not_retail_complete,"Instance portal Creature2 link is tracked, but retail completion needs portal placement review, level/prerequisite behavior, entry/exit or difficulty handling, queue/instance selection where relevant, and client smoke."
instance_portal_creature,Creature2.tbl.sql,36642,29,Steady Traveler,1,12,16,15,client_creature_linked,36642,Transport to Steady Traveler,1,1,reviewed_datamapping_creature_bridge,1,5848,reviewed,approved,Transport to Steady Traveler,51,28,13,not_runtime_seed_reviewed,,,,,reviewed_instance_portal_creature_pending_entry_smoke,wildstar_client_mysql/InstancePortal.tbl.sql;wildstar_client_mysql/Creature2.tbl.sql;Tools/DataMapping/output/client_source_instanceportal_map.csv;Tools/DataMapping/output/creature_map.csv;Source/NexusForever.Game/Entity/InstancePortalEntity.cs;Source/NexusForever.WorldServer/Network/Message/Handler/Instance,pending,not_retail_complete,"Instance portal Creature2 link is tracked, but retail completion needs portal placement review, level/prerequisite behavior, entry/exit or difficulty handling, queue/instance selection where relevant, and client smoke."
instance_portal_creature,Creature2.tbl.sql,51805,29,Steady Traveler,1,12,16,15,client_creature_linked,51805,Transport to Steady Traveler,1,1,reviewed_datamapping_creature_bridge,1,6372,reviewed,approved,Transport to Steady Traveler,51,1756,4,not_runtime_seed_reviewed,,,,,reviewed_instance_portal_creature_pending_entry_smoke,wildstar_client_mysql/InstancePortal.tbl.sql;wildstar_client_mysql/Creature2.tbl.sql;Tools/DataMapping/output/client_source_instanceportal_map.csv;Tools/DataMapping/output/creature_map.csv;Source/NexusForever.Game/Entity/InstancePortalEntity.cs;Source/NexusForever.WorldServer/Network/Message/Handler/Instance,pending,not_retail_complete,"Instance portal Creature2 link is tracked, but retail completion needs portal placement review, level/prerequisite behavior, entry/exit or difficulty handling, queue/instance selection where relevant, and client smoke."
instance_portal_creature,Creature2.tbl.sql,36831,31,Blue Sparrow and X-82 Cargo Ship,1,17,24,15,client_creature_linked,36831,Transport to Blue Sparrow,1,1,missing_datamapping_creature_bridge,0,,,,,,,,not_runtime_seed_reviewed,,,,,client_instance_portal_creature_link_pending_world_placement_review,wildstar_client_mysql/InstancePortal.tbl.sql;wildstar_client_mysql/Creature2.tbl.sql;Tools/DataMapping/output/client_source_instanceportal_map.csv;Tools/DataMapping/output/creature_map.csv;Source/NexusForever.Game/Entity/InstancePortalEntity.cs;Source/NexusForever.WorldServer/Network/Message/Handler/Instance,pending,not_retail_complete,"Instance portal Creature2 link is tracked, but retail completion needs portal placement review, level/prerequisite behavior, entry/exit or difficulty handling, queue/instance selection where relevant, and client smoke."
instance_portal_creature,Creature2.tbl.sql,36869,33,Exit Simulation,3,0,0,0,client_creature_linked,36869,Exit Simulation,1,1,candidate_datamapping_creature_bridge,9,14890;15410;1930;2070;30684;31147;31464;5308;5589,unique_name,,Exit Simulation,1149;1181;1233;1323;1393;1437;3176,1292;1731;2244;2741;4123;4355;4361;4599;4643,19;20;27;28;293;30;31;401;407,not_runtime_seed_reviewed,,,,,datamapping_instance_portal_creature_pending_review_and_entry_smoke,wildstar_client_mysql/InstancePortal.tbl.sql;wildstar_client_mysql/Creature2.tbl.sql;Tools/DataMapping/output/client_source_instanceportal_map.csv;Tools/DataMapping/output/creature_map.csv;Source/NexusForever.Game/Entity/InstancePortalEntity.cs;Source/NexusForever.WorldServer/Network/Message/Handler/Instance,pending,not_retail_complete,"Instance portal Creature2 link is tracked, but retail completion needs portal placement review, level/prerequisite behavior, entry/exit or difficulty handling, queue/instance selection where relevant, and client smoke."
instance_portal_creature,Creature2.tbl.sql,37367,34,Exo-Lab XC42,0,0,0,15,client_creature_linked,37367,Exo-Lab XC42,1,1,missing_datamapping_creature_bridge,0,,,,,,,,not_runtime_seed_reviewed,,,,,client_instance_portal_creature_link_pending_world_placement_review,wildstar_client_mysql/InstancePortal.tbl.sql;wildstar_client_mysql/Creature2.tbl.sql;Tools/DataMapping/output/client_source_instanceportal_map.csv;Tools/DataMapping/output/creature_map.csv;Source/NexusForever.Game/Entity/InstancePortalEntity.cs;Source/NexusForever.WorldServer/Network/Message/Handler/Instance,pending,not_retail_complete,"Instance portal Creature2 link is tracked, but retail completion needs portal placement review, level/prerequisite behavior, entry/exit or difficulty handling, queue/instance selection where relevant, and client smoke."
instance_portal_creature,Creature2.tbl.sql,37523,35,Exit to Malgrave,2,0,0,0,client_creature_linked,37523,Malgrave,1,1,missing_datamapping_creature_bridge,0,,,,,,,,not_runtime_seed_reviewed,,,,,client_instance_portal_creature_link_pending_world_placement_review,wildstar_client_mysql/InstancePortal.tbl.sql;wildstar_client_mysql/Creature2.tbl.sql;Tools/DataMapping/output/client_source_instanceportal_map.csv;Tools/DataMapping/output/creature_map.csv;Source/NexusForever.Game/Entity/InstancePortalEntity.cs;Source/NexusForever.WorldServer/Network/Message/Handler/Instance,pending,not_retail_complete,"Instance portal Creature2 link is tracked, but retail completion needs portal placement review, level/prerequisite behavior, entry/exit or difficulty handling, queue/instance selection where relevant, and client smoke."
instance_portal_creature,Creature2.tbl.sql,38326,36,Exit Instance,3,0,0,0,client_creature_linked,38326,Exit Instance,1,1,missing_datamapping_creature_bridge,0,,,,,,,,not_runtime_seed_reviewed,,,,,client_instance_portal_creature_link_pending_world_placement_review,wildstar_client_mysql/InstancePortal.tbl.sql;wildstar_client_mysql/Creature2.tbl.sql;Tools/DataMapping/output/client_source_instanceportal_map.csv;Tools/DataMapping/output/creature_map.csv;Source/NexusForever.Game/Entity/InstancePortalEntity.cs;Source/NexusForever.WorldServer/Network/Message/Handler/Instance,pending,not_retail_complete,"Instance portal Creature2 link is tracked, but retail completion needs portal placement review, level/prerequisite behavior, entry/exit or difficulty handling, queue/instance selection where relevant, and client smoke."
instance_portal_creature,Creature2.tbl.sql,39014,37,Exit to back to housing,3,0,0,0,client_creature_linked,39014,Hideout Door,1,1,missing_datamapping_creature_bridge,0,,,,,,,,not_runtime_seed_reviewed,,,,,client_instance_portal_creature_link_pending_world_placement_review,wildstar_client_mysql/InstancePortal.tbl.sql;wildstar_client_mysql/Creature2.tbl.sql;Tools/DataMapping/output/client_source_instanceportal_map.csv;Tools/DataMapping/output/creature_map.csv;Source/NexusForever.Game/Entity/InstancePortalEntity.cs;Source/NexusForever.WorldServer/Network/Message/Handler/Instance,pending,not_retail_complete,"Instance portal Creature2 link is tracked, but retail completion needs portal placement review, level/prerequisite behavior, entry/exit or difficulty handling, queue/instance selection where relevant, and client smoke."
instance_portal_creature,Creature2.tbl.sql,39393,38,Entrance to Greylight Grapplefest Housing Expedition,1,6,0,0,client_creature_linked,39393,Instance Portal,1,1,candidate_datamapping_creature_bridge,4,12454;14351;22299;4340,ambiguous_name,,Instance Portal,1892;1894,2811;2816,111;40;48;51,not_runtime_seed_reviewed,,,,,datamapping_instance_portal_creature_pending_review_and_entry_smoke,wildstar_client_mysql/InstancePortal.tbl.sql;wildstar_client_mysql/Creature2.tbl.sql;Tools/DataMapping/output/client_source_instanceportal_map.csv;Tools/DataMapping/output/creature_map.csv;Source/NexusForever.Game/Entity/InstancePortalEntity.cs;Source/NexusForever.WorldServer/Network/Message/Handler/Instance,pending,not_retail_complete,"Instance portal Creature2 link is tracked, but retail completion needs portal placement review, level/prerequisite behavior, entry/exit or difficulty handling, queue/instance selection where relevant, and client smoke."
instance_portal_creature,Creature2.tbl.sql,39528,39,Entrance to the Kel Voreth Underforge Housing Expedition,0,6,0,0,client_creature_linked,39528,Kel Voreth Underforge Entrance,1,1,candidate_datamapping_creature_bridge,1,27497,unique_name,,Kel Voreth Underforge Entrance,1229,1136,40,not_runtime_seed_reviewed,,,,,datamapping_instance_portal_creature_pending_review_and_entry_smoke,wildstar_client_mysql/InstancePortal.tbl.sql;wildstar_client_mysql/Creature2.tbl.sql;Tools/DataMapping/output/client_source_instanceportal_map.csv;Tools/DataMapping/output/creature_map.csv;Source/NexusForever.Game/Entity/InstancePortalEntity.cs;Source/NexusForever.WorldServer/Network/Message/Handler/Instance,pending,not_retail_complete,"Instance portal Creature2 link is tracked, but retail completion needs portal placement review, level/prerequisite behavior, entry/exit or difficulty handling, queue/instance selection where relevant, and client smoke."
instance_portal_creature,Creature2.tbl.sql,39636,40,Exit back to housing,2,6,0,0,client_creature_linked,39636,Instance Portal,1,1,missing_datamapping_creature_bridge,0,,,,,,,,not_runtime_seed_reviewed,,,,,client_instance_portal_creature_link_pending_world_placement_review,wildstar_client_mysql/InstancePortal.tbl.sql;wildstar_client_mysql/Creature2.tbl.sql;Tools/DataMapping/output/client_source_instanceportal_map.csv;Tools/DataMapping/output/creature_map.csv;Source/NexusForever.Game/Entity/InstancePortalEntity.cs;Source/NexusForever.WorldServer/Network/Message/Handler/Instance,pending,not_retail_complete,"Instance portal Creature2 link is tracked, but retail completion needs portal placement review, level/prerequisite behavior, entry/exit or difficulty handling, queue/instance selection where relevant, and client smoke."
instance_portal_creature,Creature2.tbl.sql,40770,41,Leave Stormtalon's Lair,3,0,0,0,client_creature_linked,40770,Leave Stormtalon's Lair,1,1,reviewed_datamapping_creature_bridge,1,788,unique_name,,Leave Stormtalon's Lair,382,271,15,reviewed_runtime_seed_placement_pending_exit_behavior_client_smoke,1000003084,3084,382,271,implemented_instance_portal_placement_model_pending_exit_behavior_client_smoke,wildstar_client_mysql/InstancePortal.tbl.sql;wildstar_client_mysql/Creature2.tbl.sql;Tools/DataMapping/output/client_source_instanceportal_map.csv;Tools/DataMapping/output/creature_map.csv;Tools/DataMapping/creature_bridge_overrides.csv;Tools/DataMapping/sql/apply_safe_world_imports_from_staging.sql;Tools/DataMapping/export_runtime_world_seed.py;Tools/DataMapping/sql/runtime_world_seed.sql;Tools/DataMapping/sql/verify_safe_world_imports.sql;Tools/DataMapping/test_safe_world_import_source_coordinate_filter.py;Source/NexusForever.Game/Entity/InstancePortalEntity.cs;Source/NexusForever.WorldServer/Network/Message/Handler/Instance,pending,not_retail_complete,"Runtime-owned placement and InstancePortal model availability are implemented for entity 1000003084 at world 382 / area 271, but retail completion remains blocked on portal activation/exit semantics, destination/return behavior, difficulty or prerequisite handling, and client smoke."
instance_portal_creature,Creature2.tbl.sql,40771,42,Leave the Ruins of Kel Voreth,3,0,0,0,client_creature_linked,40771,Leave the Ruins of Kel Voreth,1,1,reviewed_datamapping_creature_bridge,1,1961,unique_name,,Leave the Ruins of Kel Voreth,1336,1661,17,reviewed_runtime_seed_placement_pending_exit_behavior_client_smoke,1000009115,9115,1336,1661,implemented_instance_portal_placement_model_pending_exit_behavior_client_smoke,wildstar_client_mysql/InstancePortal.tbl.sql;wildstar_client_mysql/Creature2.tbl.sql;Tools/DataMapping/output/client_source_instanceportal_map.csv;Tools/DataMapping/output/creature_map.csv;Tools/DataMapping/creature_bridge_overrides.csv;Tools/DataMapping/sql/apply_safe_world_imports_from_staging.sql;Tools/DataMapping/export_runtime_world_seed.py;Tools/DataMapping/sql/runtime_world_seed.sql;Tools/DataMapping/sql/verify_safe_world_imports.sql;Tools/DataMapping/test_safe_world_import_source_coordinate_filter.py;Source/NexusForever.Game/Entity/InstancePortalEntity.cs;Source/NexusForever.WorldServer/Network/Message/Handler/Instance,pending,not_retail_complete,"Runtime-owned placement and InstancePortal model availability are implemented for entity 1000009115 at world 1336 / area 1661, but retail completion remains blocked on portal activation/exit semantics, destination/return behavior, difficulty or prerequisite handling, and client smoke."
instance_portal_creature,Creature2.tbl.sql,40772,43,Leave Skullcano,3,0,0,0,client_creature_linked,40772,Leave Skullcano,1,1,missing_datamapping_creature_bridge,0,,,,,,,,not_runtime_seed_reviewed,,,,,client_instance_portal_creature_link_pending_world_placement_review,wildstar_client_mysql/InstancePortal.tbl.sql;wildstar_client_mysql/Creature2.tbl.sql;Tools/DataMapping/output/client_source_instanceportal_map.csv;Tools/DataMapping/output/creature_map.csv;Source/NexusForever.Game/Entity/InstancePortalEntity.cs;Source/NexusForever.WorldServer/Network/Message/Handler/Instance,pending,not_retail_complete,"Instance portal Creature2 link is tracked, but retail completion needs portal placement review, level/prerequisite behavior, entry/exit or difficulty handling, queue/instance selection where relevant, and client smoke."
instance_portal_creature,Creature2.tbl.sql,40860,44,Entrance to the Spider Tomb Housing Expedition,1,6,0,0,client_creature_linked,40860,Instance Portal,1,1,missing_datamapping_creature_bridge,0,,,,,,,,not_runtime_seed_reviewed,,,,,client_instance_portal_creature_link_pending_world_placement_review,wildstar_client_mysql/InstancePortal.tbl.sql;wildstar_client_mysql/Creature2.tbl.sql;Tools/DataMapping/output/client_source_instanceportal_map.csv;Tools/DataMapping/output/creature_map.csv;Source/NexusForever.Game/Entity/InstancePortalEntity.cs;Source/NexusForever.WorldServer/Network/Message/Handler/Instance,pending,not_retail_complete,"Instance portal Creature2 link is tracked, but retail completion needs portal placement review, level/prerequisite behavior, entry/exit or difficulty handling, queue/instance selection where relevant, and client smoke."
instance_portal_creature,Creature2.tbl.sql,40862,45,Exit back to housing,2,6,0,0,client_creature_linked,40862,Instance Portal,1,1,missing_datamapping_creature_bridge,0,,,,,,,,not_runtime_seed_reviewed,,,,,client_instance_portal_creature_link_pending_world_placement_review,wildstar_client_mysql/InstancePortal.tbl.sql;wildstar_client_mysql/Creature2.tbl.sql;Tools/DataMapping/output/client_source_instanceportal_map.csv;Tools/DataMapping/output/creature_map.csv;Source/NexusForever.Game/Entity/InstancePortalEntity.cs;Source/NexusForever.WorldServer/Network/Message/Handler/Instance,pending,not_retail_complete,"Instance portal Creature2 link is tracked, but retail completion needs portal placement review, level/prerequisite behavior, entry/exit or difficulty handling, queue/instance selection where relevant, and client smoke."
instance_portal_creature,Creature2.tbl.sql,40887,46,Entrance to the Abandoned Test Lab Housing Expedition,0,6,0,0,client_creature_linked,40887,Eldan Test Lab Entrance,1,1,candidate_datamapping_creature_bridge,1,31097,unique_name,,Eldan Test Lab Entrance,1229,1136,40,not_runtime_seed_reviewed,,,,,datamapping_instance_portal_creature_pending_review_and_entry_smoke,wildstar_client_mysql/InstancePortal.tbl.sql;wildstar_client_mysql/Creature2.tbl.sql;Tools/DataMapping/output/client_source_instanceportal_map.csv;Tools/DataMapping/output/creature_map.csv;Source/NexusForever.Game/Entity/InstancePortalEntity.cs;Source/NexusForever.WorldServer/Network/Message/Handler/Instance,pending,not_retail_complete,"Instance portal Creature2 link is tracked, but retail completion needs portal placement review, level/prerequisite behavior, entry/exit or difficulty handling, queue/instance selection where relevant, and client smoke."
instance_portal_creature,Creature2.tbl.sql,40888,47,Exit back to housing,3,6,0,0,client_creature_linked,40888,Eldan Test Lab Exit,1,1,candidate_datamapping_creature_bridge,1,27313,unique_name,,Eldan Test Lab Exit,1894,2816,111,not_runtime_seed_reviewed,,,,,datamapping_instance_portal_creature_pending_review_and_entry_smoke,wildstar_client_mysql/InstancePortal.tbl.sql;wildstar_client_mysql/Creature2.tbl.sql;Tools/DataMapping/output/client_source_instanceportal_map.csv;Tools/DataMapping/output/creature_map.csv;Source/NexusForever.Game/Entity/InstancePortalEntity.cs;Source/NexusForever.WorldServer/Network/Message/Handler/Instance,pending,not_retail_complete,"Instance portal Creature2 link is tracked, but retail completion needs portal placement review, level/prerequisite behavior, entry/exit or difficulty handling, queue/instance selection where relevant, and client smoke."
instance_portal_creature,Creature2.tbl.sql,40917,49,Entrance to the Melting Pot Housing Expedition,0,6,0,0,client_creature_linked,40917,Melting Pot Entrance,1,1,candidate_datamapping_creature_bridge,1,27421,unique_name,,Melting Pot Entrance,1229,1136,40,not_runtime_seed_reviewed,,,,,datamapping_instance_portal_creature_pending_review_and_entry_smoke,wildstar_client_mysql/InstancePortal.tbl.sql;wildstar_client_mysql/Creature2.tbl.sql;Tools/DataMapping/output/client_source_instanceportal_map.csv;Tools/DataMapping/output/creature_map.csv;Source/NexusForever.Game/Entity/InstancePortalEntity.cs;Source/NexusForever.WorldServer/Network/Message/Handler/Instance,pending,not_retail_complete,"Instance portal Creature2 link is tracked, but retail completion needs portal placement review, level/prerequisite behavior, entry/exit or difficulty handling, queue/instance selection where relevant, and client smoke."
instance_portal_creature,Creature2.tbl.sql,40918,50,Exit back to housing,2,0,0,0,client_creature_linked,40918,Melting Pot Exit,1,1,candidate_datamapping_creature_bridge,1,27402,unique_name,,Melting Pot Exit,1896,2098,49,not_runtime_seed_reviewed,,,,,datamapping_instance_portal_creature_pending_review_and_entry_smoke,wildstar_client_mysql/InstancePortal.tbl.sql;wildstar_client_mysql/Creature2.tbl.sql;Tools/DataMapping/output/client_source_instanceportal_map.csv;Tools/DataMapping/output/creature_map.csv;Source/NexusForever.Game/Entity/InstancePortalEntity.cs;Source/NexusForever.WorldServer/Network/Message/Handler/Instance,pending,not_retail_complete,"Instance portal Creature2 link is tracked, but retail completion needs portal placement review, level/prerequisite behavior, entry/exit or difficulty handling, queue/instance selection where relevant, and client smoke."
instance_portal_creature,Creature2.tbl.sql,68088,50,Exit back to housing,2,0,0,0,client_creature_linked,68088,Instance Portal - Invisible Unit,1,1,missing_datamapping_creature_bridge,0,,,,,,,,not_runtime_seed_reviewed,,,,,client_instance_portal_creature_link_pending_world_placement_review,wildstar_client_mysql/InstancePortal.tbl.sql;wildstar_client_mysql/Creature2.tbl.sql;Tools/DataMapping/output/client_source_instanceportal_map.csv;Tools/DataMapping/output/creature_map.csv;Source/NexusForever.Game/Entity/InstancePortalEntity.cs;Source/NexusForever.WorldServer/Network/Message/Handler/Instance,pending,not_retail_complete,"Instance portal Creature2 link is tracked, but retail completion needs portal placement review, level/prerequisite behavior, entry/exit or difficulty handling, queue/instance selection where relevant, and client smoke."
instance_portal_creature,Creature2.tbl.sql,52412,51,Leave the Sanctuary of the Swordmaiden,2,0,0,0,client_creature_linked,52412,Exit the Sanctuary of the Swordmaiden,1,1,candidate_datamapping_creature_bridge,1,20057,unique_name,,Exit the Sanctuary of the Swordmaiden,1271,1553,53,mapped_only_multiple_noncurrent_coordinate_candidates,,,,,mapped_sanctuary_exit_portal_placement_blocked_multiple_noncurrent_coordinates,wildstar_client_mysql/InstancePortal.tbl.sql;wildstar_client_mysql/Creature2.tbl.sql;Tools/DataMapping/output/client_source_instanceportal_map.csv;Tools/DataMapping/output/creature_map.csv;Tools/DataMapping/output/creature_spawn_map.csv;Tools/DataMapping/output/public_event_zone_map.csv;Tools/DataMapping/output/creature_public_event_map.csv;Tools/DataMapping/output/world_location_client_map.csv;Source/NexusForever.Game/Entity/InstancePortalEntity.cs;Source/NexusForever.WorldServer/Network/Message/Handler/Instance,pending,not_retail_complete,"InstancePortal 51 / Creature2 52412 has a unique Creature2 bridge but two near-duplicate Jabbithole/DataMapping placement candidates: source coordinate 1846955 at (4259, -826, -4264), coordinate_last_seen_in 5, and source coordinate 2558908 at (4259, -824, -4264), coordinate_last_seen_in 4, both in world 1271 / area 1553. Neither row is current-last-seen 7, so no runtime placement is promoted until client/live evidence selects or rejects the exact coordinate. Portal activation, destination/return behavior, prerequisite handling, and client smoke also remain blocked."
instance_portal_creature,Creature2.tbl.sql,52411,52,Enter the Sanctuary of the Swordmaiden,0,37,40,45,client_creature_linked,52411,Enter the Sanctuary of the Swordmaiden,1,1,candidate_datamapping_creature_bridge,1,15541,unique_name,,Enter the Sanctuary of the Swordmaiden,22,2818,22,not_runtime_seed_reviewed,,,,,datamapping_instance_portal_creature_pending_review_and_entry_smoke,wildstar_client_mysql/InstancePortal.tbl.sql;wildstar_client_mysql/Creature2.tbl.sql;Tools/DataMapping/output/client_source_instanceportal_map.csv;Tools/DataMapping/output/creature_map.csv;Source/NexusForever.Game/Entity/InstancePortalEntity.cs;Source/NexusForever.WorldServer/Network/Message/Handler/Instance,pending,not_retail_complete,"Instance portal Creature2 link is tracked, but retail completion needs portal placement review, level/prerequisite behavior, entry/exit or difficulty handling, queue/instance selection where relevant, and client smoke."
instance_portal_creature,Creature2.tbl.sql,41148,53,Leave the Sanctuary of the Swordmaiden,3,0,0,0,client_creature_linked,41148,Leave the Sanctuary of the Swordmaiden,1,1,reviewed_datamapping_creature_bridge,1,6860,unique_name,,Leave the Sanctuary of the Swordmaiden,1271,2260,53,reviewed_runtime_seed_placement_pending_exit_behavior_client_smoke,1005221261,5221261,1271,2260,implemented_instance_portal_placement_model_pending_exit_behavior_client_smoke,wildstar_client_mysql/InstancePortal.tbl.sql;wildstar_client_mysql/Creature2.tbl.sql;Tools/DataMapping/output/client_source_instanceportal_map.csv;Tools/DataMapping/output/creature_map.csv;Tools/DataMapping/creature_bridge_overrides.csv;Tools/DataMapping/sql/apply_safe_world_imports_from_staging.sql;Tools/DataMapping/export_runtime_world_seed.py;Tools/DataMapping/sql/runtime_world_seed.sql;Tools/DataMapping/sql/verify_safe_world_imports.sql;Tools/DataMapping/test_safe_world_import_source_coordinate_filter.py;Source/NexusForever.Game/Entity/InstancePortalEntity.cs;Source/NexusForever.WorldServer/Network/Message/Handler/Instance,pending,not_retail_complete,"Runtime-owned placement and InstancePortal model availability are implemented for entity 1005221261 at world 1271 / area 2260, but retail completion remains blocked on portal activation/exit semantics, destination/return behavior, difficulty or prerequisite handling, and client smoke."
instance_portal_creature,Creature2.tbl.sql,46182,54,Ship to the Halon Ring,1,50,0,0,client_creature_linked,46182,Ship to Halon Ring,13,13,missing_datamapping_creature_bridge,0,,,,,,,,not_runtime_seed_reviewed,,,,,client_instance_portal_creature_link_pending_world_placement_review,wildstar_client_mysql/InstancePortal.tbl.sql;wildstar_client_mysql/Creature2.tbl.sql;Tools/DataMapping/output/client_source_instanceportal_map.csv;Tools/DataMapping/output/creature_map.csv;Source/NexusForever.Game/Entity/InstancePortalEntity.cs;Source/NexusForever.WorldServer/Network/Message/Handler/Instance,pending,not_retail_complete,"Instance portal Creature2 link is tracked, but retail completion needs portal placement review, level/prerequisite behavior, entry/exit or difficulty handling, queue/instance selection where relevant, and client smoke."
instance_portal_creature,Creature2.tbl.sql,46183,55,Ship to the Halon Ring,1,50,0,0,client_creature_linked,46183,Ship to Halon Ring,13,13,missing_datamapping_creature_bridge,0,,,,,,,,not_runtime_seed_reviewed,,,,,client_instance_portal_creature_link_pending_world_placement_review,wildstar_client_mysql/InstancePortal.tbl.sql;wildstar_client_mysql/Creature2.tbl.sql;Tools/DataMapping/output/client_source_instanceportal_map.csv;Tools/DataMapping/output/creature_map.csv;Source/NexusForever.Game/Entity/InstancePortalEntity.cs;Source/NexusForever.WorldServer/Network/Message/Handler/Instance,pending,not_retail_complete,"Instance portal Creature2 link is tracked, but retail completion needs portal placement review, level/prerequisite behavior, entry/exit or difficulty handling, queue/instance selection where relevant, and client smoke."
instance_portal_creature,Creature2.tbl.sql,46184,56,Ship to Illium,1,0,0,0,client_creature_linked,46184,Ship to Illium,13,13,missing_datamapping_creature_bridge,0,,,,,,,,not_runtime_seed_reviewed,,,,,client_instance_portal_creature_link_pending_world_placement_review,wildstar_client_mysql/InstancePortal.tbl.sql;wildstar_client_mysql/Creature2.tbl.sql;Tools/DataMapping/output/client_source_instanceportal_map.csv;Tools/DataMapping/output/creature_map.csv;Source/NexusForever.Game/Entity/InstancePortalEntity.cs;Source/NexusForever.WorldServer/Network/Message/Handler/Instance,pending,not_retail_complete,"Instance portal Creature2 link is tracked, but retail completion needs portal placement review, level/prerequisite behavior, entry/exit or difficulty handling, queue/instance selection where relevant, and client smoke."
instance_portal_creature,Creature2.tbl.sql,46185,57,Ship to Thayd,1,0,0,0,client_creature_linked,46185,Ship to Thayd,13,13,missing_datamapping_creature_bridge,0,,,,,,,,not_runtime_seed_reviewed,,,,,client_instance_portal_creature_link_pending_world_placement_review,wildstar_client_mysql/InstancePortal.tbl.sql;wildstar_client_mysql/Creature2.tbl.sql;Tools/DataMapping/output/client_source_instanceportal_map.csv;Tools/DataMapping/output/creature_map.csv;Source/NexusForever.Game/Entity/InstancePortalEntity.cs;Source/NexusForever.WorldServer/Network/Message/Handler/Instance,pending,not_retail_complete,"Instance portal Creature2 link is tracked, but retail completion needs portal placement review, level/prerequisite behavior, entry/exit or difficulty handling, queue/instance selection where relevant, and client smoke."
instance_portal_creature,Creature2.tbl.sql,46546,58,Exit back to housing,2,6,0,0,client_creature_linked,46546,Kel Voreth Underforge Exit,1,1,missing_datamapping_creature_bridge,0,,,,,,,,not_runtime_seed_reviewed,,,,,client_instance_portal_creature_link_pending_world_placement_review,wildstar_client_mysql/InstancePortal.tbl.sql;wildstar_client_mysql/Creature2.tbl.sql;Tools/DataMapping/output/client_source_instanceportal_map.csv;Tools/DataMapping/output/creature_map.csv;Source/NexusForever.Game/Entity/InstancePortalEntity.cs;Source/NexusForever.WorldServer/Network/Message/Handler/Instance,pending,not_retail_complete,"Instance portal Creature2 link is tracked, but retail completion needs portal placement review, level/prerequisite behavior, entry/exit or difficulty handling, queue/instance selection where relevant, and client smoke."
instance_portal_creature,Creature2.tbl.sql,46688,59,Exit back to housing,2,6,0,0,client_creature_linked,46688,Kel Voreth Underforge Exit,1,1,missing_datamapping_creature_bridge,0,,,,,,,,not_runtime_seed_reviewed,,,,,client_instance_portal_creature_link_pending_world_placement_review,wildstar_client_mysql/InstancePortal.tbl.sql;wildstar_client_mysql/Creature2.tbl.sql;Tools/DataMapping/output/client_source_instanceportal_map.csv;Tools/DataMapping/output/creature_map.csv;Source/NexusForever.Game/Entity/InstancePortalEntity.cs;Source/NexusForever.WorldServer/Network/Message/Handler/Instance,pending,not_retail_complete,"Instance portal Creature2 link is tracked, but retail completion needs portal placement review, level/prerequisite behavior, entry/exit or difficulty handling, queue/instance selection where relevant, and client smoke."
instance_portal_creature,Creature2.tbl.sql,46003,60,Space Station Venture,1,30,36,45,client_creature_linked,46003,Transport to Space Station Venture,1,1,candidate_datamapping_creature_bridge,1,617,ambiguous_name,,Transport to Space Station Venture,1421,1490,24,not_runtime_seed_reviewed,,,,,datamapping_instance_portal_creature_pending_review_and_entry_smoke,wildstar_client_mysql/InstancePortal.tbl.sql;wildstar_client_mysql/Creature2.tbl.sql;Tools/DataMapping/output/client_source_instanceportal_map.csv;Tools/DataMapping/output/creature_map.csv;Source/NexusForever.Game/Entity/InstancePortalEntity.cs;Source/NexusForever.WorldServer/Network/Message/Handler/Instance,pending,not_retail_complete,"Instance portal Creature2 link is tracked, but retail completion needs portal placement review, level/prerequisite behavior, entry/exit or difficulty handling, queue/instance selection where relevant, and client smoke."
instance_portal_creature,Creature2.tbl.sql,51705,60,Space Station Venture,1,30,36,45,client_creature_linked,51705,Transport to Space Station Venture,1,1,missing_datamapping_creature_bridge,0,,,,,,,,not_runtime_seed_reviewed,,,,,client_instance_portal_creature_link_pending_world_placement_review,wildstar_client_mysql/InstancePortal.tbl.sql;wildstar_client_mysql/Creature2.tbl.sql;Tools/DataMapping/output/client_source_instanceportal_map.csv;Tools/DataMapping/output/creature_map.csv;Source/NexusForever.Game/Entity/InstancePortalEntity.cs;Source/NexusForever.WorldServer/Network/Message/Handler/Instance,pending,not_retail_complete,"Instance portal Creature2 link is tracked, but retail completion needs portal placement review, level/prerequisite behavior, entry/exit or difficulty handling, queue/instance selection where relevant, and client smoke."
instance_portal_creature,Creature2.tbl.sql,46014,62,Exit,3,0,0,0,client_creature_linked,46014,Leave Space Station Venture,1,1,candidate_datamapping_creature_bridge,1,734,ambiguous_name,,Leave Space Station Venture,2149,2483,63,mapped_only_current_coordinate_ambiguous_between_two_flag_variants,,,,,mapped_space_madness_exit_portal_placement_blocked_two_flag_variants,wildstar_client_mysql/InstancePortal.tbl.sql;wildstar_client_mysql/Creature2.tbl.sql;Tools/DataMapping/output/client_source_instanceportal_map.csv;Tools/DataMapping/output/creature_map.csv;Tools/DataMapping/output/creature_spawn_map.csv;Tools/DataMapping/output/public_event_zone_map.csv;Tools/DataMapping/output/creature_public_event_map.csv;Tools/DataMapping/output/world_location_client_map.csv;Source/NexusForever.Game/Entity/InstancePortalEntity.cs;Source/NexusForever.WorldServer/Network/Message/Handler/Instance,pending,not_retail_complete,"Space Madness Jabbithole creature 734 has current-last-seen-7 source coordinate 16830 at (-10, 6, 352) in world 2149 / area 2483. Its exact-name Leave Space Station Venture bridge ties Creature2 46014 and Creature2 46015: both link to InstancePortal 62 and share difficulty 1, display 23861, and the same six-button shiphand control-panel asset, but Creature2 46014 uses flags 77971 / uiFlags 47 while Creature2 46015 uses flags 16855443 / uiFlags 4271. The source row has no flags/UI discriminator, so runtime entity 1000016830 is not promoted until client interaction or equivalent flag-semantics evidence selects the exact variant. Portal activation, destination/return behavior, prerequisite handling, and client smoke also remain blocked."
instance_portal_creature,Creature2.tbl.sql,46015,62,Exit,3,0,0,0,client_creature_linked,46015,Leave Space Station Venture,1,1,missing_datamapping_creature_bridge,0,,,,,,,,not_runtime_seed_reviewed,,,,,client_instance_portal_creature_link_pending_world_placement_review,wildstar_client_mysql/InstancePortal.tbl.sql;wildstar_client_mysql/Creature2.tbl.sql;Tools/DataMapping/output/client_source_instanceportal_map.csv;Tools/DataMapping/output/creature_map.csv;Source/NexusForever.Game/Entity/InstancePortalEntity.cs;Source/NexusForever.WorldServer/Network/Message/Handler/Instance,pending,not_retail_complete,"Instance portal Creature2 link is tracked, but retail completion needs portal placement review, level/prerequisite behavior, entry/exit or difficulty handling, queue/instance selection where relevant, and client smoke."
instance_portal_creature,Creature2.tbl.sql,47606,65,Fly to Illium,1,0,0,0,client_creature_linked,47606,Ship to Illium,13,13,missing_datamapping_creature_bridge,0,,,,,,,,not_runtime_seed_reviewed,,,,,client_instance_portal_creature_link_pending_world_placement_review,wildstar_client_mysql/InstancePortal.tbl.sql;wildstar_client_mysql/Creature2.tbl.sql;Tools/DataMapping/output/client_source_instanceportal_map.csv;Tools/DataMapping/output/creature_map.csv;Source/NexusForever.Game/Entity/InstancePortalEntity.cs;Source/NexusForever.WorldServer/Network/Message/Handler/Instance,pending,not_retail_complete,"Instance portal Creature2 link is tracked, but retail completion needs portal placement review, level/prerequisite behavior, entry/exit or difficulty handling, queue/instance selection where relevant, and client smoke."
instance_portal_creature,Creature2.tbl.sql,50789,65,Fly to Illium,1,0,0,0,client_creature_linked,50789,Ship to Illium,40,40,missing_datamapping_creature_bridge,0,,,,,,,,not_runtime_seed_reviewed,,,,,client_instance_portal_creature_link_pending_world_placement_review,wildstar_client_mysql/InstancePortal.tbl.sql;wildstar_client_mysql/Creature2.tbl.sql;Tools/DataMapping/output/client_source_instanceportal_map.csv;Tools/DataMapping/output/creature_map.csv;Source/NexusForever.Game/Entity/InstancePortalEntity.cs;Source/NexusForever.WorldServer/Network/Message/Handler/Instance,pending,not_retail_complete,"Instance portal Creature2 link is tracked, but retail completion needs portal placement review, level/prerequisite behavior, entry/exit or difficulty handling, queue/instance selection where relevant, and client smoke."
instance_portal_creature,Creature2.tbl.sql,47605,66,Journey to Thayd,1,0,0,0,client_creature_linked,47605,Ship to Thayd,13,13,missing_datamapping_creature_bridge,0,,,,,,,,not_runtime_seed_reviewed,,,,,client_instance_portal_creature_link_pending_world_placement_review,wildstar_client_mysql/InstancePortal.tbl.sql;wildstar_client_mysql/Creature2.tbl.sql;Tools/DataMapping/output/client_source_instanceportal_map.csv;Tools/DataMapping/output/creature_map.csv;Source/NexusForever.Game/Entity/InstancePortalEntity.cs;Source/NexusForever.WorldServer/Network/Message/Handler/Instance,pending,not_retail_complete,"Instance portal Creature2 link is tracked, but retail completion needs portal placement review, level/prerequisite behavior, entry/exit or difficulty handling, queue/instance selection where relevant, and client smoke."
instance_portal_creature,Creature2.tbl.sql,50776,66,Journey to Thayd,1,0,0,0,client_creature_linked,50776,Ship to Thayd,40,40,missing_datamapping_creature_bridge,0,,,,,,,,not_runtime_seed_reviewed,,,,,client_instance_portal_creature_link_pending_world_placement_review,wildstar_client_mysql/InstancePortal.tbl.sql;wildstar_client_mysql/Creature2.tbl.sql;Tools/DataMapping/output/client_source_instanceportal_map.csv;Tools/DataMapping/output/creature_map.csv;Source/NexusForever.Game/Entity/InstancePortalEntity.cs;Source/NexusForever.WorldServer/Network/Message/Handler/Instance,pending,not_retail_complete,"Instance portal Creature2 link is tracked, but retail completion needs portal placement review, level/prerequisite behavior, entry/exit or difficulty handling, queue/instance selection where relevant, and client smoke."
instance_portal_creature,Creature2.tbl.sql,48856,67,Shuttle to the Galactic Observer,1,31,37,45,client_creature_linked,48856,Expedition Shuttle,60,60,missing_datamapping_creature_bridge,0,,,,,,,,not_runtime_seed_reviewed,,,,,client_instance_portal_creature_link_pending_world_placement_review,wildstar_client_mysql/InstancePortal.tbl.sql;wildstar_client_mysql/Creature2.tbl.sql;Tools/DataMapping/output/client_source_instanceportal_map.csv;Tools/DataMapping/output/creature_map.csv;Source/NexusForever.Game/Entity/InstancePortalEntity.cs;Source/NexusForever.WorldServer/Network/Message/Handler/Instance,pending,not_retail_complete,"Instance portal Creature2 link is tracked, but retail completion needs portal placement review, level/prerequisite behavior, entry/exit or difficulty handling, queue/instance selection where relevant, and client smoke."
instance_portal_creature,Creature2.tbl.sql,48857,68,Shuttle to the Galactic Observer,1,31,37,45,client_creature_linked,48857,Expedition Shuttle,60,60,missing_datamapping_creature_bridge,0,,,,,,,,not_runtime_seed_reviewed,,,,,client_instance_portal_creature_link_pending_world_placement_review,wildstar_client_mysql/InstancePortal.tbl.sql;wildstar_client_mysql/Creature2.tbl.sql;Tools/DataMapping/output/client_source_instanceportal_map.csv;Tools/DataMapping/output/creature_map.csv;Source/NexusForever.Game/Entity/InstancePortalEntity.cs;Source/NexusForever.WorldServer/Network/Message/Handler/Instance,pending,not_retail_complete,"Instance portal Creature2 link is tracked, but retail completion needs portal placement review, level/prerequisite behavior, entry/exit or difficulty handling, queue/instance selection where relevant, and client smoke."
instance_portal_creature,Creature2.tbl.sql,48927,69,Exit,3,0,0,0,client_creature_linked,48927,Shuttle Exit Controls,60,60,candidate_datamapping_creature_bridge,2,10154;17316,unique_name,,Shuttle Exit Controls,2188,2637,114;115,not_runtime_seed_reviewed,,,,,datamapping_instance_portal_creature_pending_review_and_entry_smoke,wildstar_client_mysql/InstancePortal.tbl.sql;wildstar_client_mysql/Creature2.tbl.sql;Tools/DataMapping/output/client_source_instanceportal_map.csv;Tools/DataMapping/output/creature_map.csv;Source/NexusForever.Game/Entity/InstancePortalEntity.cs;Source/NexusForever.WorldServer/Network/Message/Handler/Instance,pending,not_retail_complete,"Instance portal Creature2 link is tracked, but retail completion needs portal placement review, level/prerequisite behavior, entry/exit or difficulty handling, queue/instance selection where relevant, and client smoke."
instance_portal_creature,Creature2.tbl.sql,49827,70,The Gauntlet,1,40,46,30,client_creature_linked,49827,Nightflare Ladder,1,1,candidate_datamapping_creature_bridge,1,9398,unique_name,,Nightflare Ladder,1061,1860,35,not_runtime_seed_reviewed,,,,,datamapping_instance_portal_creature_pending_review_and_entry_smoke,wildstar_client_mysql/InstancePortal.tbl.sql;wildstar_client_mysql/Creature2.tbl.sql;Tools/DataMapping/output/client_source_instanceportal_map.csv;Tools/DataMapping/output/creature_map.csv;Source/NexusForever.Game/Entity/InstancePortalEntity.cs;Source/NexusForever.WorldServer/Network/Message/Handler/Instance,pending,not_retail_complete,"Instance portal Creature2 link is tracked, but retail completion needs portal placement review, level/prerequisite behavior, entry/exit or difficulty handling, queue/instance selection where relevant, and client smoke."
instance_portal_creature,Creature2.tbl.sql,48473,71,Exit,3,0,0,0,client_creature_linked,48473,Return to Nexus,1,1,missing_datamapping_creature_bridge,0,,,,,,,,not_runtime_seed_reviewed,,,,,client_instance_portal_creature_link_pending_world_placement_review,wildstar_client_mysql/InstancePortal.tbl.sql;wildstar_client_mysql/Creature2.tbl.sql;Tools/DataMapping/output/client_source_instanceportal_map.csv;Tools/DataMapping/output/creature_map.csv;Source/NexusForever.Game/Entity/InstancePortalEntity.cs;Source/NexusForever.WorldServer/Network/Message/Handler/Instance,pending,not_retail_complete,"Instance portal Creature2 link is tracked, but retail completion needs portal placement review, level/prerequisite behavior, entry/exit or difficulty handling, queue/instance selection where relevant, and client smoke."
instance_portal_creature,Creature2.tbl.sql,48933,71,Exit,3,0,0,0,client_creature_linked,48933,Leave The Gauntlet,1,1,reviewed_datamapping_creature_bridge,1,9475,unique_name,,Leave The Gauntlet,2183,2613,110,reviewed_runtime_seed_placement_pending_exit_behavior_client_smoke,1000107802,107802,2183,2613,implemented_instance_portal_placement_model_pending_exit_behavior_client_smoke,wildstar_client_mysql/InstancePortal.tbl.sql;wildstar_client_mysql/Creature2.tbl.sql;Tools/DataMapping/output/client_source_instanceportal_map.csv;Tools/DataMapping/output/creature_map.csv;Tools/DataMapping/creature_bridge_overrides.csv;Tools/DataMapping/sql/apply_safe_world_imports_from_staging.sql;Tools/DataMapping/export_runtime_world_seed.py;Tools/DataMapping/sql/runtime_world_seed.sql;Tools/DataMapping/sql/verify_safe_world_imports.sql;Tools/DataMapping/test_safe_world_import_source_coordinate_filter.py;Source/NexusForever.Game/Entity/InstancePortalEntity.cs;Source/NexusForever.WorldServer/Network/Message/Handler/Instance,pending,not_retail_complete,"Runtime-owned placement and InstancePortal model availability are implemented for entity 1000107802 at world 2183 / area 2613, but retail completion remains blocked on portal activation/exit semantics, destination/return behavior, difficulty or prerequisite handling, and client smoke."
instance_portal_creature,Creature2.tbl.sql,50161,72,Entrance to the Creepy Cave Housing Expedition,0,6,0,0,client_creature_linked,50161,Creepy Cave Entrance,1,1,missing_datamapping_creature_bridge,0,,,,,,,,not_runtime_seed_reviewed,,,,,client_instance_portal_creature_link_pending_world_placement_review,wildstar_client_mysql/InstancePortal.tbl.sql;wildstar_client_mysql/Creature2.tbl.sql;Tools/DataMapping/output/client_source_instanceportal_map.csv;Tools/DataMapping/output/creature_map.csv;Source/NexusForever.Game/Entity/InstancePortalEntity.cs;Source/NexusForever.WorldServer/Network/Message/Handler/Instance,pending,not_retail_complete,"Instance portal Creature2 link is tracked, but retail completion needs portal placement review, level/prerequisite behavior, entry/exit or difficulty handling, queue/instance selection where relevant, and client smoke."
instance_portal_creature,Creature2.tbl.sql,50162,73,Exit back to housing,2,6,0,0,client_creature_linked,50162,Creepy Cave Exit,1,1,missing_datamapping_creature_bridge,0,,,,,,,,not_runtime_seed_reviewed,,,,,client_instance_portal_creature_link_pending_world_placement_review,wildstar_client_mysql/InstancePortal.tbl.sql;wildstar_client_mysql/Creature2.tbl.sql;Tools/DataMapping/output/client_source_instanceportal_map.csv;Tools/DataMapping/output/creature_map.csv;Source/NexusForever.Game/Entity/InstancePortalEntity.cs;Source/NexusForever.WorldServer/Network/Message/Handler/Instance,pending,not_retail_complete,"Instance portal Creature2 link is tracked, but retail completion needs portal placement review, level/prerequisite behavior, entry/exit or difficulty handling, queue/instance selection where relevant, and client smoke."
instance_portal_creature,Creature2.tbl.sql,50164,74,Entrance to the Mayday Housing Expedition,1,6,0,0,client_creature_linked,50164,Transport Ship,1,1,missing_datamapping_creature_bridge,0,,,,,,,,not_runtime_seed_reviewed,,,,,client_instance_portal_creature_link_pending_world_placement_review,wildstar_client_mysql/InstancePortal.tbl.sql;wildstar_client_mysql/Creature2.tbl.sql;Tools/DataMapping/output/client_source_instanceportal_map.csv;Tools/DataMapping/output/creature_map.csv;Source/NexusForever.Game/Entity/InstancePortalEntity.cs;Source/NexusForever.WorldServer/Network/Message/Handler/Instance,pending,not_retail_complete,"Instance portal Creature2 link is tracked, but retail completion needs portal placement review, level/prerequisite behavior, entry/exit or difficulty handling, queue/instance selection where relevant, and client smoke."
instance_portal_creature,Creature2.tbl.sql,50165,75,Exit back to housing,3,6,0,0,client_creature_linked,50165,Docking Bay,1,1,candidate_datamapping_creature_bridge,1,14074,unique_name,,Docking Bay,1901,2792,50,not_runtime_seed_reviewed,,,,,datamapping_instance_portal_creature_pending_review_and_entry_smoke,wildstar_client_mysql/InstancePortal.tbl.sql;wildstar_client_mysql/Creature2.tbl.sql;Tools/DataMapping/output/client_source_instanceportal_map.csv;Tools/DataMapping/output/creature_map.csv;Source/NexusForever.Game/Entity/InstancePortalEntity.cs;Source/NexusForever.WorldServer/Network/Message/Handler/Instance,pending,not_retail_complete,"Instance portal Creature2 link is tracked, but retail completion needs portal placement review, level/prerequisite behavior, entry/exit or difficulty handling, queue/instance selection where relevant, and client smoke."
instance_portal_creature,Creature2.tbl.sql,50270,76,Entrance to the Chronium Lab Housing Expedition,0,6,0,0,client_creature_linked,50270,Instance Portal,1,1,missing_datamapping_creature_bridge,0,,,,,,,,not_runtime_seed_reviewed,,,,,client_instance_portal_creature_link_pending_world_placement_review,wildstar_client_mysql/InstancePortal.tbl.sql;wildstar_client_mysql/Creature2.tbl.sql;Tools/DataMapping/output/client_source_instanceportal_map.csv;Tools/DataMapping/output/creature_map.csv;Source/NexusForever.Game/Entity/InstancePortalEntity.cs;Source/NexusForever.WorldServer/Network/Message/Handler/Instance,pending,not_retail_complete,"Instance portal Creature2 link is tracked, but retail completion needs portal placement review, level/prerequisite behavior, entry/exit or difficulty handling, queue/instance selection where relevant, and client smoke."
instance_portal_creature,Creature2.tbl.sql,50271,77,Exit back to housing,2,6,0,0,client_creature_linked,50271,Instance Portal,1,1,missing_datamapping_creature_bridge,0,,,,,,,,not_runtime_seed_reviewed,,,,,client_instance_portal_creature_link_pending_world_placement_review,wildstar_client_mysql/InstancePortal.tbl.sql;wildstar_client_mysql/Creature2.tbl.sql;Tools/DataMapping/output/client_source_instanceportal_map.csv;Tools/DataMapping/output/creature_map.csv;Source/NexusForever.Game/Entity/InstancePortalEntity.cs;Source/NexusForever.WorldServer/Network/Message/Handler/Instance,pending,not_retail_complete,"Instance portal Creature2 link is tracked, but retail completion needs portal placement review, level/prerequisite behavior, entry/exit or difficulty handling, queue/instance selection where relevant, and client smoke."
instance_portal_creature,Creature2.tbl.sql,50377,78,Mysterious Portal,1,22,50,30,client_creature_linked,50377,Mysterious Portal,1,1,missing_datamapping_creature_bridge,0,,,,,,,,not_runtime_seed_reviewed,,,,,client_instance_portal_creature_link_pending_world_placement_review,wildstar_client_mysql/InstancePortal.tbl.sql;wildstar_client_mysql/Creature2.tbl.sql;Tools/DataMapping/output/client_source_instanceportal_map.csv;Tools/DataMapping/output/creature_map.csv;Source/NexusForever.Game/Entity/InstancePortalEntity.cs;Source/NexusForever.WorldServer/Network/Message/Handler/Instance,pending,not_retail_complete,"Instance portal Creature2 link is tracked, but retail completion needs portal placement review, level/prerequisite behavior, entry/exit or difficulty handling, queue/instance selection where relevant, and client smoke."
instance_portal_creature,Creature2.tbl.sql,50402,79,Mysterious Portal,1,22,50,30,client_creature_linked,50402,Mysterious Portal,1,1,missing_datamapping_creature_bridge,0,,,,,,,,not_runtime_seed_reviewed,,,,,client_instance_portal_creature_link_pending_world_placement_review,wildstar_client_mysql/InstancePortal.tbl.sql;wildstar_client_mysql/Creature2.tbl.sql;Tools/DataMapping/output/client_source_instanceportal_map.csv;Tools/DataMapping/output/creature_map.csv;Source/NexusForever.Game/Entity/InstancePortalEntity.cs;Source/NexusForever.WorldServer/Network/Message/Handler/Instance,pending,not_retail_complete,"Instance portal Creature2 link is tracked, but retail completion needs portal placement review, level/prerequisite behavior, entry/exit or difficulty handling, queue/instance selection where relevant, and client smoke."
instance_portal_creature,Creature2.tbl.sql,50431,80,Drusera Portal,1,28,50,30,client_creature_linked,50431,Mysterious Portal,1,1,missing_datamapping_creature_bridge,0,,,,,,,,not_runtime_seed_reviewed,,,,,client_instance_portal_creature_link_pending_world_placement_review,wildstar_client_mysql/InstancePortal.tbl.sql;wildstar_client_mysql/Creature2.tbl.sql;Tools/DataMapping/output/client_source_instanceportal_map.csv;Tools/DataMapping/output/creature_map.csv;Source/NexusForever.Game/Entity/InstancePortalEntity.cs;Source/NexusForever.WorldServer/Network/Message/Handler/Instance,pending,not_retail_complete,"Instance portal Creature2 link is tracked, but retail completion needs portal placement review, level/prerequisite behavior, entry/exit or difficulty handling, queue/instance selection where relevant, and client smoke."
instance_portal_creature,Creature2.tbl.sql,50439,81,Mysterious Portal,1,28,50,30,client_creature_linked,50439,Mysterious Portal,1,1,missing_datamapping_creature_bridge,0,,,,,,,,not_runtime_seed_reviewed,,,,,client_instance_portal_creature_link_pending_world_placement_review,wildstar_client_mysql/InstancePortal.tbl.sql;wildstar_client_mysql/Creature2.tbl.sql;Tools/DataMapping/output/client_source_instanceportal_map.csv;Tools/DataMapping/output/creature_map.csv;Source/NexusForever.Game/Entity/InstancePortalEntity.cs;Source/NexusForever.WorldServer/Network/Message/Handler/Instance,pending,not_retail_complete,"Instance portal Creature2 link is tracked, but retail completion needs portal placement review, level/prerequisite behavior, entry/exit or difficulty handling, queue/instance selection where relevant, and client smoke."
instance_portal_creature,Creature2.tbl.sql,51185,83,Entrance to Datascape,0,50,0,0,client_creature_linked,51185,Instance Portal,1,1,missing_datamapping_creature_bridge,0,,,,,,,,not_runtime_seed_reviewed,,,,,client_instance_portal_creature_link_pending_world_placement_review,wildstar_client_mysql/InstancePortal.tbl.sql;wildstar_client_mysql/Creature2.tbl.sql;Tools/DataMapping/output/client_source_instanceportal_map.csv;Tools/DataMapping/output/creature_map.csv;Source/NexusForever.Game/Entity/InstancePortalEntity.cs;Source/NexusForever.WorldServer/Network/Message/Handler/Instance,pending,not_retail_complete,"Instance portal Creature2 link is tracked, but retail completion needs portal placement review, level/prerequisite behavior, entry/exit or difficulty handling, queue/instance selection where relevant, and client smoke."
instance_portal_creature,Creature2.tbl.sql,44779,85,Ship to Illium,1,0,0,0,client_creature_linked,44779,Ship to Illium,28,29,missing_datamapping_creature_bridge,0,,,,,,,,not_runtime_seed_reviewed,,,,,client_instance_portal_creature_link_pending_world_placement_review,wildstar_client_mysql/InstancePortal.tbl.sql;wildstar_client_mysql/Creature2.tbl.sql;Tools/DataMapping/output/client_source_instanceportal_map.csv;Tools/DataMapping/output/creature_map.csv;Source/NexusForever.Game/Entity/InstancePortalEntity.cs;Source/NexusForever.WorldServer/Network/Message/Handler/Instance,pending,not_retail_complete,"Instance portal Creature2 link is tracked, but retail completion needs portal placement review, level/prerequisite behavior, entry/exit or difficulty handling, queue/instance selection where relevant, and client smoke."
instance_portal_creature,Creature2.tbl.sql,51204,85,Ship to Illium,1,0,0,0,client_creature_linked,51204,Ship to Illium,13,13,missing_datamapping_creature_bridge,0,,,,,,,,not_runtime_seed_reviewed,,,,,client_instance_portal_creature_link_pending_world_placement_review,wildstar_client_mysql/InstancePortal.tbl.sql;wildstar_client_mysql/Creature2.tbl.sql;Tools/DataMapping/output/client_source_instanceportal_map.csv;Tools/DataMapping/output/creature_map.csv;Source/NexusForever.Game/Entity/InstancePortalEntity.cs;Source/NexusForever.WorldServer/Network/Message/Handler/Instance,pending,not_retail_complete,"Instance portal Creature2 link is tracked, but retail completion needs portal placement review, level/prerequisite behavior, entry/exit or difficulty handling, queue/instance selection where relevant, and client smoke."
instance_portal_creature,Creature2.tbl.sql,44777,87,Ship to Thayd,1,0,0,0,client_creature_linked,44777,Ship to Thayd,28,29,candidate_datamapping_creature_bridge,2,1910;26549,ambiguous_name,,Ship to Thayd,1421,1491;2086,24;84,not_runtime_seed_reviewed,,,,,datamapping_instance_portal_creature_pending_review_and_entry_smoke,wildstar_client_mysql/InstancePortal.tbl.sql;wildstar_client_mysql/Creature2.tbl.sql;Tools/DataMapping/output/client_source_instanceportal_map.csv;Tools/DataMapping/output/creature_map.csv;Source/NexusForever.Game/Entity/InstancePortalEntity.cs;Source/NexusForever.WorldServer/Network/Message/Handler/Instance,pending,not_retail_complete,"Instance portal Creature2 link is tracked, but retail completion needs portal placement review, level/prerequisite behavior, entry/exit or difficulty handling, queue/instance selection where relevant, and client smoke."
instance_portal_creature,Creature2.tbl.sql,51208,87,Ship to Thayd,1,0,0,0,client_creature_linked,51208,Ship to Thayd,13,13,missing_datamapping_creature_bridge,0,,,,,,,,not_runtime_seed_reviewed,,,,,client_instance_portal_creature_link_pending_world_placement_review,wildstar_client_mysql/InstancePortal.tbl.sql;wildstar_client_mysql/Creature2.tbl.sql;Tools/DataMapping/output/client_source_instanceportal_map.csv;Tools/DataMapping/output/creature_map.csv;Source/NexusForever.Game/Entity/InstancePortalEntity.cs;Source/NexusForever.WorldServer/Network/Message/Handler/Instance,pending,not_retail_complete,"Instance portal Creature2 link is tracked, but retail completion needs portal placement review, level/prerequisite behavior, entry/exit or difficulty handling, queue/instance selection where relevant, and client smoke."
instance_portal_creature,Creature2.tbl.sql,51545,88,The Siege of Tempest Refuge,1,27,50,35,client_creature_linked,51545,Instance Portal,1,1,missing_datamapping_creature_bridge,0,,,,,,,,not_runtime_seed_reviewed,,,,,client_instance_portal_creature_link_pending_world_placement_review,wildstar_client_mysql/InstancePortal.tbl.sql;wildstar_client_mysql/Creature2.tbl.sql;Tools/DataMapping/output/client_source_instanceportal_map.csv;Tools/DataMapping/output/creature_map.csv;Source/NexusForever.Game/Entity/InstancePortalEntity.cs;Source/NexusForever.WorldServer/Network/Message/Handler/Instance,pending,not_retail_complete,"Instance portal Creature2 link is tracked, but retail completion needs portal placement review, level/prerequisite behavior, entry/exit or difficulty handling, queue/instance selection where relevant, and client smoke."
instance_portal_creature,Creature2.tbl.sql,51593,89,The Siege of Tempest Refuge,0,30,50,35,client_creature_linked,51593,Simulation Entrance,1,1,missing_datamapping_creature_bridge,0,,,,,,,,not_runtime_seed_reviewed,,,,,client_instance_portal_creature_link_pending_world_placement_review,wildstar_client_mysql/InstancePortal.tbl.sql;wildstar_client_mysql/Creature2.tbl.sql;Tools/DataMapping/output/client_source_instanceportal_map.csv;Tools/DataMapping/output/creature_map.csv;Source/NexusForever.Game/Entity/InstancePortalEntity.cs;Source/NexusForever.WorldServer/Network/Message/Handler/Instance,pending,not_retail_complete,"Instance portal Creature2 link is tracked, but retail completion needs portal placement review, level/prerequisite behavior, entry/exit or difficulty handling, queue/instance selection where relevant, and client smoke."
instance_portal_creature,Creature2.tbl.sql,51707,90,,,,,,creature_references_missing_portal_definition,51707,Simulation Entrance,1,1,missing_datamapping_creature_bridge,0,,,,,,,,not_runtime_seed_reviewed,,,,,client_instance_portal_creature_link_pending_world_placement_review,wildstar_client_mysql/InstancePortal.tbl.sql;wildstar_client_mysql/Creature2.tbl.sql;Tools/DataMapping/output/client_source_instanceportal_map.csv;Tools/DataMapping/output/creature_map.csv;Source/NexusForever.Game/Entity/InstancePortalEntity.cs;Source/NexusForever.WorldServer/Network/Message/Handler/Instance,pending,not_retail_complete,"Instance portal Creature2 link is tracked, but retail completion needs portal placement review, level/prerequisite behavior, entry/exit or difficulty handling, queue/instance selection where relevant, and client smoke."
instance_portal_creature,Creature2.tbl.sql,51915,92,Crimelords of Whitevale,0,40,0,70,client_creature_linked,51915,Simulation Entrance,1,1,missing_datamapping_creature_bridge,0,,,,,,,,not_runtime_seed_reviewed,,,,,client_instance_portal_creature_link_pending_world_placement_review,wildstar_client_mysql/InstancePortal.tbl.sql;wildstar_client_mysql/Creature2.tbl.sql;Tools/DataMapping/output/client_source_instanceportal_map.csv;Tools/DataMapping/output/creature_map.csv;Source/NexusForever.Game/Entity/InstancePortalEntity.cs;Source/NexusForever.WorldServer/Network/Message/Handler/Instance,pending,not_retail_complete,"Instance portal Creature2 link is tracked, but retail completion needs portal placement review, level/prerequisite behavior, entry/exit or difficulty handling, queue/instance selection where relevant, and client smoke."
instance_portal_creature,Creature2.tbl.sql,52541,94,War of the Wilds,0,25,0,30,client_creature_linked,52541,Simulation Entrance,1,1,missing_datamapping_creature_bridge,0,,,,,,,,not_runtime_seed_reviewed,,,,,client_instance_portal_creature_link_pending_world_placement_review,wildstar_client_mysql/InstancePortal.tbl.sql;wildstar_client_mysql/Creature2.tbl.sql;Tools/DataMapping/output/client_source_instanceportal_map.csv;Tools/DataMapping/output/creature_map.csv;Source/NexusForever.Game/Entity/InstancePortalEntity.cs;Source/NexusForever.WorldServer/Network/Message/Handler/Instance,pending,not_retail_complete,"Instance portal Creature2 link is tracked, but retail completion needs portal placement review, level/prerequisite behavior, entry/exit or difficulty handling, queue/instance selection where relevant, and client smoke."
instance_portal_creature,Creature2.tbl.sql,53083,95,The Malgrave Trail,0,45,0,90,client_creature_linked,53083,Simulation Entrance,1,1,missing_datamapping_creature_bridge,0,,,,,,,,not_runtime_seed_reviewed,,,,,client_instance_portal_creature_link_pending_world_placement_review,wildstar_client_mysql/InstancePortal.tbl.sql;wildstar_client_mysql/Creature2.tbl.sql;Tools/DataMapping/output/client_source_instanceportal_map.csv;Tools/DataMapping/output/creature_map.csv;Source/NexusForever.Game/Entity/InstancePortalEntity.cs;Source/NexusForever.WorldServer/Network/Message/Handler/Instance,pending,not_retail_complete,"Instance portal Creature2 link is tracked, but retail completion needs portal placement review, level/prerequisite behavior, entry/exit or difficulty handling, queue/instance selection where relevant, and client smoke."
instance_portal_creature,Creature2.tbl.sql,53117,96,The Hycrest Insurrection,0,15,0,30,client_creature_linked,53117,Simulation Entrance,1,1,missing_datamapping_creature_bridge,0,,,,,,,,not_runtime_seed_reviewed,,,,,client_instance_portal_creature_link_pending_world_placement_review,wildstar_client_mysql/InstancePortal.tbl.sql;wildstar_client_mysql/Creature2.tbl.sql;Tools/DataMapping/output/client_source_instanceportal_map.csv;Tools/DataMapping/output/creature_map.csv;Source/NexusForever.Game/Entity/InstancePortalEntity.cs;Source/NexusForever.WorldServer/Network/Message/Handler/Instance,pending,not_retail_complete,"Instance portal Creature2 link is tracked, but retail completion needs portal placement review, level/prerequisite behavior, entry/exit or difficulty handling, queue/instance selection where relevant, and client smoke."
instance_portal_creature,Creature2.tbl.sql,53342,97,Beta Only - Datascape Zone-in,1,50,50,0,client_creature_linked,53342,Raid Teleporter: Datascape,1,1,missing_datamapping_creature_bridge,0,,,,,,,,not_runtime_seed_reviewed,,,,,client_instance_portal_creature_link_pending_world_placement_review,wildstar_client_mysql/InstancePortal.tbl.sql;wildstar_client_mysql/Creature2.tbl.sql;Tools/DataMapping/output/client_source_instanceportal_map.csv;Tools/DataMapping/output/creature_map.csv;Source/NexusForever.Game/Entity/InstancePortalEntity.cs;Source/NexusForever.WorldServer/Network/Message/Handler/Instance,pending,not_retail_complete,"Instance portal Creature2 link is tracked, but retail completion needs portal placement review, level/prerequisite behavior, entry/exit or difficulty handling, queue/instance selection where relevant, and client smoke."
instance_portal_creature,Creature2.tbl.sql,53446,99,Riot in the Void,0,15,0,30,client_creature_linked,53446,Simulation Entrance,1,1,missing_datamapping_creature_bridge,0,,,,,,,,not_runtime_seed_reviewed,,,,,client_instance_portal_creature_link_pending_world_placement_review,wildstar_client_mysql/InstancePortal.tbl.sql;wildstar_client_mysql/Creature2.tbl.sql;Tools/DataMapping/output/client_source_instanceportal_map.csv;Tools/DataMapping/output/creature_map.csv;Source/NexusForever.Game/Entity/InstancePortalEntity.cs;Source/NexusForever.WorldServer/Network/Message/Handler/Instance,pending,not_retail_complete,"Instance portal Creature2 link is tracked, but retail completion needs portal placement review, level/prerequisite behavior, entry/exit or difficulty handling, queue/instance selection where relevant, and client smoke."
instance_portal_creature,Creature2.tbl.sql,50854,100,Mysterious Portal,1,34,50,30,client_creature_linked,50854,Mysterious Portal,1,1,missing_datamapping_creature_bridge,0,,,,,,,,not_runtime_seed_reviewed,,,,,client_instance_portal_creature_link_pending_world_placement_review,wildstar_client_mysql/InstancePortal.tbl.sql;wildstar_client_mysql/Creature2.tbl.sql;Tools/DataMapping/output/client_source_instanceportal_map.csv;Tools/DataMapping/output/creature_map.csv;Source/NexusForever.Game/Entity/InstancePortalEntity.cs;Source/NexusForever.WorldServer/Network/Message/Handler/Instance,pending,not_retail_complete,"Instance portal Creature2 link is tracked, but retail completion needs portal placement review, level/prerequisite behavior, entry/exit or difficulty handling, queue/instance selection where relevant, and client smoke."
instance_portal_creature,Creature2.tbl.sql,50853,101,Mysterious Portal,1,34,50,30,client_creature_linked,50853,Mysterious Portal,1,1,missing_datamapping_creature_bridge,0,,,,,,,,not_runtime_seed_reviewed,,,,,client_instance_portal_creature_link_pending_world_placement_review,wildstar_client_mysql/InstancePortal.tbl.sql;wildstar_client_mysql/Creature2.tbl.sql;Tools/DataMapping/output/client_source_instanceportal_map.csv;Tools/DataMapping/output/creature_map.csv;Source/NexusForever.Game/Entity/InstancePortalEntity.cs;Source/NexusForever.WorldServer/Network/Message/Handler/Instance,pending,not_retail_complete,"Instance portal Creature2 link is tracked, but retail completion needs portal placement review, level/prerequisite behavior, entry/exit or difficulty handling, queue/instance selection where relevant, and client smoke."
instance_portal_creature,Creature2.tbl.sql,59199,102,Portal to the Genetic Archives,1,50,50,0,client_creature_linked,59199,Genetic Archives Access Panel,1,1,reviewed_datamapping_creature_bridge,2,14683;18283,ambiguous_name;reviewed,approved,Genetic Archives Access Panel,1061;1462,2770;4244,122;44,not_runtime_seed_reviewed,,,,,reviewed_instance_portal_creature_pending_entry_smoke,wildstar_client_mysql/InstancePortal.tbl.sql;wildstar_client_mysql/Creature2.tbl.sql;Tools/DataMapping/output/client_source_instanceportal_map.csv;Tools/DataMapping/output/creature_map.csv;Source/NexusForever.Game/Entity/InstancePortalEntity.cs;Source/NexusForever.WorldServer/Network/Message/Handler/Instance,pending,not_retail_complete,"Instance portal Creature2 link is tracked, but retail completion needs portal placement review, level/prerequisite behavior, entry/exit or difficulty handling, queue/instance selection where relevant, and client smoke."
instance_portal_creature,Creature2.tbl.sql,54969,106,Leave Genetic Archives,3,0,0,0,client_creature_linked,54969,Genetic Archives Zone Out,1,1,candidate_datamapping_creature_bridge,1,23803,unique_name,,Genetic Archives Zone Out,1462,2768,123,not_runtime_seed_reviewed,,,,,datamapping_instance_portal_creature_pending_review_and_entry_smoke,wildstar_client_mysql/InstancePortal.tbl.sql;wildstar_client_mysql/Creature2.tbl.sql;Tools/DataMapping/output/client_source_instanceportal_map.csv;Tools/DataMapping/output/creature_map.csv;Source/NexusForever.Game/Entity/InstancePortalEntity.cs;Source/NexusForever.WorldServer/Network/Message/Handler/Instance,pending,not_retail_complete,"Instance portal Creature2 link is tracked, but retail completion needs portal placement review, level/prerequisite behavior, entry/exit or difficulty handling, queue/instance selection where relevant, and client smoke."
instance_portal_creature,Creature2.tbl.sql,56258,107,Mysterious Portal,1,40,50,30,client_creature_linked,56258,Mysterious Portal,1,1,missing_datamapping_creature_bridge,0,,,,,,,,not_runtime_seed_reviewed,,,,,client_instance_portal_creature_link_pending_world_placement_review,wildstar_client_mysql/InstancePortal.tbl.sql;wildstar_client_mysql/Creature2.tbl.sql;Tools/DataMapping/output/client_source_instanceportal_map.csv;Tools/DataMapping/output/creature_map.csv;Source/NexusForever.Game/Entity/InstancePortalEntity.cs;Source/NexusForever.WorldServer/Network/Message/Handler/Instance,pending,not_retail_complete,"Instance portal Creature2 link is tracked, but retail completion needs portal placement review, level/prerequisite behavior, entry/exit or difficulty handling, queue/instance selection where relevant, and client smoke."
instance_portal_creature,Creature2.tbl.sql,56259,108,Mysterious Portal,1,40,50,30,client_creature_linked,56259,Mysterious Portal,1,1,missing_datamapping_creature_bridge,0,,,,,,,,not_runtime_seed_reviewed,,,,,client_instance_portal_creature_link_pending_world_placement_review,wildstar_client_mysql/InstancePortal.tbl.sql;wildstar_client_mysql/Creature2.tbl.sql;Tools/DataMapping/output/client_source_instanceportal_map.csv;Tools/DataMapping/output/creature_map.csv;Source/NexusForever.Game/Entity/InstancePortalEntity.cs;Source/NexusForever.WorldServer/Network/Message/Handler/Instance,pending,not_retail_complete,"Instance portal Creature2 link is tracked, but retail completion needs portal placement review, level/prerequisite behavior, entry/exit or difficulty handling, queue/instance selection where relevant, and client smoke."
instance_portal_creature,Creature2.tbl.sql,56260,109,Mysterious Portal,1,45,50,30,client_creature_linked,56260,Mysterious Portal,1,1,missing_datamapping_creature_bridge,0,,,,,,,,not_runtime_seed_reviewed,,,,,client_instance_portal_creature_link_pending_world_placement_review,wildstar_client_mysql/InstancePortal.tbl.sql;wildstar_client_mysql/Creature2.tbl.sql;Tools/DataMapping/output/client_source_instanceportal_map.csv;Tools/DataMapping/output/creature_map.csv;Source/NexusForever.Game/Entity/InstancePortalEntity.cs;Source/NexusForever.WorldServer/Network/Message/Handler/Instance,pending,not_retail_complete,"Instance portal Creature2 link is tracked, but retail completion needs portal placement review, level/prerequisite behavior, entry/exit or difficulty handling, queue/instance selection where relevant, and client smoke."
instance_portal_creature,Creature2.tbl.sql,56261,110,Mysterious Portal,1,45,50,30,client_creature_linked,56261,Mysterious Portal,1,1,missing_datamapping_creature_bridge,0,,,,,,,,not_runtime_seed_reviewed,,,,,client_instance_portal_creature_link_pending_world_placement_review,wildstar_client_mysql/InstancePortal.tbl.sql;wildstar_client_mysql/Creature2.tbl.sql;Tools/DataMapping/output/client_source_instanceportal_map.csv;Tools/DataMapping/output/creature_map.csv;Source/NexusForever.Game/Entity/InstancePortalEntity.cs;Source/NexusForever.WorldServer/Network/Message/Handler/Instance,pending,not_retail_complete,"Instance portal Creature2 link is tracked, but retail completion needs portal placement review, level/prerequisite behavior, entry/exit or difficulty handling, queue/instance selection where relevant, and client smoke."
instance_portal_creature,Creature2.tbl.sql,56500,111,Portal to Crimson Isle,1,50,0,0,client_creature_linked,56500,Crimson Badlands Portal,1,1,candidate_datamapping_creature_bridge,1,17991,ambiguous_name,,Crimson Badlands Portal,1229,1136,40,not_runtime_seed_reviewed,,,,,datamapping_instance_portal_creature_pending_review_and_entry_smoke,wildstar_client_mysql/InstancePortal.tbl.sql;wildstar_client_mysql/Creature2.tbl.sql;Tools/DataMapping/output/client_source_instanceportal_map.csv;Tools/DataMapping/output/creature_map.csv;Source/NexusForever.Game/Entity/InstancePortalEntity.cs;Source/NexusForever.WorldServer/Network/Message/Handler/Instance,pending,not_retail_complete,"Instance portal Creature2 link is tracked, but retail completion needs portal placement review, level/prerequisite behavior, entry/exit or difficulty handling, queue/instance selection where relevant, and client smoke."
instance_portal_creature,Creature2.tbl.sql,56631,112,Portal to Crimson Isle,1,50,0,0,client_creature_linked,56631,Crimson Badlands Portal,1,1,missing_datamapping_creature_bridge,0,,,,,,,,not_runtime_seed_reviewed,,,,,client_instance_portal_creature_link_pending_world_placement_review,wildstar_client_mysql/InstancePortal.tbl.sql;wildstar_client_mysql/Creature2.tbl.sql;Tools/DataMapping/output/client_source_instanceportal_map.csv;Tools/DataMapping/output/creature_map.csv;Source/NexusForever.Game/Entity/InstancePortalEntity.cs;Source/NexusForever.WorldServer/Network/Message/Handler/Instance,pending,not_retail_complete,"Instance portal Creature2 link is tracked, but retail completion needs portal placement review, level/prerequisite behavior, entry/exit or difficulty handling, queue/instance selection where relevant, and client smoke."
instance_portal_creature,Creature2.tbl.sql,56516,113,Portal to the Northern Wilds,1,50,0,0,client_creature_linked,56516,Northern Wastes Portal,1,1,candidate_datamapping_creature_bridge,1,22325,ambiguous_name,,Northern Wastes Portal,1229,1136,40,not_runtime_seed_reviewed,,,,,datamapping_instance_portal_creature_pending_review_and_entry_smoke,wildstar_client_mysql/InstancePortal.tbl.sql;wildstar_client_mysql/Creature2.tbl.sql;Tools/DataMapping/output/client_source_instanceportal_map.csv;Tools/DataMapping/output/creature_map.csv;Source/NexusForever.Game/Entity/InstancePortalEntity.cs;Source/NexusForever.WorldServer/Network/Message/Handler/Instance,pending,not_retail_complete,"Instance portal Creature2 link is tracked, but retail completion needs portal placement review, level/prerequisite behavior, entry/exit or difficulty handling, queue/instance selection where relevant, and client smoke."
instance_portal_creature,Creature2.tbl.sql,56623,114,Portal to the Northern Wilds,1,50,0,0,client_creature_linked,56623,Northern Wastes Portal,1,1,missing_datamapping_creature_bridge,0,,,,,,,,not_runtime_seed_reviewed,,,,,client_instance_portal_creature_link_pending_world_placement_review,wildstar_client_mysql/InstancePortal.tbl.sql;wildstar_client_mysql/Creature2.tbl.sql;Tools/DataMapping/output/client_source_instanceportal_map.csv;Tools/DataMapping/output/creature_map.csv;Source/NexusForever.Game/Entity/InstancePortalEntity.cs;Source/NexusForever.WorldServer/Network/Message/Handler/Instance,pending,not_retail_complete,"Instance portal Creature2 link is tracked, but retail completion needs portal placement review, level/prerequisite behavior, entry/exit or difficulty handling, queue/instance selection where relevant, and client smoke."
instance_portal_creature,Creature2.tbl.sql,56525,115,Portal to Algoroc,1,14,0,0,client_creature_linked,56525,Algoroc Portal,1,1,candidate_datamapping_creature_bridge,1,17354,unique_name,,Algoroc Portal,1229,1136,40,not_runtime_seed_reviewed,,,,,datamapping_instance_portal_creature_pending_review_and_entry_smoke,wildstar_client_mysql/InstancePortal.tbl.sql;wildstar_client_mysql/Creature2.tbl.sql;Tools/DataMapping/output/client_source_instanceportal_map.csv;Tools/DataMapping/output/creature_map.csv;Source/NexusForever.Game/Entity/InstancePortalEntity.cs;Source/NexusForever.WorldServer/Network/Message/Handler/Instance,pending,not_retail_complete,"Instance portal Creature2 link is tracked, but retail completion needs portal placement review, level/prerequisite behavior, entry/exit or difficulty handling, queue/instance selection where relevant, and client smoke."
instance_portal_creature,Creature2.tbl.sql,56526,116,Portal to Celestion,1,14,0,0,client_creature_linked,56526,Celestion Portal,1,1,candidate_datamapping_creature_bridge,1,17968,unique_name,,Celestion Portal,1229,1136,40,not_runtime_seed_reviewed,,,,,datamapping_instance_portal_creature_pending_review_and_entry_smoke,wildstar_client_mysql/InstancePortal.tbl.sql;wildstar_client_mysql/Creature2.tbl.sql;Tools/DataMapping/output/client_source_instanceportal_map.csv;Tools/DataMapping/output/creature_map.csv;Source/NexusForever.Game/Entity/InstancePortalEntity.cs;Source/NexusForever.WorldServer/Network/Message/Handler/Instance,pending,not_retail_complete,"Instance portal Creature2 link is tracked, but retail completion needs portal placement review, level/prerequisite behavior, entry/exit or difficulty handling, queue/instance selection where relevant, and client smoke."
instance_portal_creature,Creature2.tbl.sql,56527,117,Portal to Deradune,1,14,0,0,client_creature_linked,56527,Deradune Portal,1,1,candidate_datamapping_creature_bridge,1,19304,unique_name,,Deradune Portal,1229,1136,40,not_runtime_seed_reviewed,,,,,datamapping_instance_portal_creature_pending_review_and_entry_smoke,wildstar_client_mysql/InstancePortal.tbl.sql;wildstar_client_mysql/Creature2.tbl.sql;Tools/DataMapping/output/client_source_instanceportal_map.csv;Tools/DataMapping/output/creature_map.csv;Source/NexusForever.Game/Entity/InstancePortalEntity.cs;Source/NexusForever.WorldServer/Network/Message/Handler/Instance,pending,not_retail_complete,"Instance portal Creature2 link is tracked, but retail completion needs portal placement review, level/prerequisite behavior, entry/exit or difficulty handling, queue/instance selection where relevant, and client smoke."
instance_portal_creature,Creature2.tbl.sql,56528,118,Portal to Ellevar,1,14,0,0,client_creature_linked,56528,Ellevar Portal,1,1,candidate_datamapping_creature_bridge,1,10292,unique_name,,Ellevar Portal,1229,1136,40,not_runtime_seed_reviewed,,,,,datamapping_instance_portal_creature_pending_review_and_entry_smoke,wildstar_client_mysql/InstancePortal.tbl.sql;wildstar_client_mysql/Creature2.tbl.sql;Tools/DataMapping/output/client_source_instanceportal_map.csv;Tools/DataMapping/output/creature_map.csv;Source/NexusForever.Game/Entity/InstancePortalEntity.cs;Source/NexusForever.WorldServer/Network/Message/Handler/Instance,pending,not_retail_complete,"Instance portal Creature2 link is tracked, but retail completion needs portal placement review, level/prerequisite behavior, entry/exit or difficulty handling, queue/instance selection where relevant, and client smoke."
instance_portal_creature,Creature2.tbl.sql,56530,119,Portal to Galeras,1,14,0,0,client_creature_linked,56530,Galeras Portal,1,1,candidate_datamapping_creature_bridge,1,15408,unique_name,,Galeras Portal,1229,1136,40,not_runtime_seed_reviewed,,,,,datamapping_instance_portal_creature_pending_review_and_entry_smoke,wildstar_client_mysql/InstancePortal.tbl.sql;wildstar_client_mysql/Creature2.tbl.sql;Tools/DataMapping/output/client_source_instanceportal_map.csv;Tools/DataMapping/output/creature_map.csv;Source/NexusForever.Game/Entity/InstancePortalEntity.cs;Source/NexusForever.WorldServer/Network/Message/Handler/Instance,pending,not_retail_complete,"Instance portal Creature2 link is tracked, but retail completion needs portal placement review, level/prerequisite behavior, entry/exit or difficulty handling, queue/instance selection where relevant, and client smoke."
instance_portal_creature,Creature2.tbl.sql,56531,120,Portal to Auroria,1,14,0,0,client_creature_linked,56531,Auroria Portal,1,1,candidate_datamapping_creature_bridge,1,8252,unique_name,,Auroria Portal,1229,1136,40,not_runtime_seed_reviewed,,,,,datamapping_instance_portal_creature_pending_review_and_entry_smoke,wildstar_client_mysql/InstancePortal.tbl.sql;wildstar_client_mysql/Creature2.tbl.sql;Tools/DataMapping/output/client_source_instanceportal_map.csv;Tools/DataMapping/output/creature_map.csv;Source/NexusForever.Game/Entity/InstancePortalEntity.cs;Source/NexusForever.WorldServer/Network/Message/Handler/Instance,pending,not_retail_complete,"Instance portal Creature2 link is tracked, but retail completion needs portal placement review, level/prerequisite behavior, entry/exit or difficulty handling, queue/instance selection where relevant, and client smoke."
instance_portal_creature,Creature2.tbl.sql,56534,121,Portal to Whitevale,1,22,0,0,client_creature_linked,56534,Whitevale Portal,1,1,candidate_datamapping_creature_bridge,1,15029,ambiguous_name,,Whitevale Portal,1229,1136,40,not_runtime_seed_reviewed,,,,,datamapping_instance_portal_creature_pending_review_and_entry_smoke,wildstar_client_mysql/InstancePortal.tbl.sql;wildstar_client_mysql/Creature2.tbl.sql;Tools/DataMapping/output/client_source_instanceportal_map.csv;Tools/DataMapping/output/creature_map.csv;Source/NexusForever.Game/Entity/InstancePortalEntity.cs;Source/NexusForever.WorldServer/Network/Message/Handler/Instance,pending,not_retail_complete,"Instance portal Creature2 link is tracked, but retail completion needs portal placement review, level/prerequisite behavior, entry/exit or difficulty handling, queue/instance selection where relevant, and client smoke."
instance_portal_creature,Creature2.tbl.sql,56624,122,Portal to Whitevale,1,22,0,0,client_creature_linked,56624,Whitevale Portal,1,1,missing_datamapping_creature_bridge,0,,,,,,,,not_runtime_seed_reviewed,,,,,client_instance_portal_creature_link_pending_world_placement_review,wildstar_client_mysql/InstancePortal.tbl.sql;wildstar_client_mysql/Creature2.tbl.sql;Tools/DataMapping/output/client_source_instanceportal_map.csv;Tools/DataMapping/output/creature_map.csv;Source/NexusForever.Game/Entity/InstancePortalEntity.cs;Source/NexusForever.WorldServer/Network/Message/Handler/Instance,pending,not_retail_complete,"Instance portal Creature2 link is tracked, but retail completion needs portal placement review, level/prerequisite behavior, entry/exit or difficulty handling, queue/instance selection where relevant, and client smoke."
instance_portal_creature,Creature2.tbl.sql,56536,123,Portal to Farside,1,29,0,0,client_creature_linked,56536,Farside Portal,1,1,candidate_datamapping_creature_bridge,1,5812,ambiguous_name,,Farside Portal,1229,1136,40,not_runtime_seed_reviewed,,,,,datamapping_instance_portal_creature_pending_review_and_entry_smoke,wildstar_client_mysql/InstancePortal.tbl.sql;wildstar_client_mysql/Creature2.tbl.sql;Tools/DataMapping/output/client_source_instanceportal_map.csv;Tools/DataMapping/output/creature_map.csv;Source/NexusForever.Game/Entity/InstancePortalEntity.cs;Source/NexusForever.WorldServer/Network/Message/Handler/Instance,pending,not_retail_complete,"Instance portal Creature2 link is tracked, but retail completion needs portal placement review, level/prerequisite behavior, entry/exit or difficulty handling, queue/instance selection where relevant, and client smoke."
instance_portal_creature,Creature2.tbl.sql,56625,124,Portal to Farside,1,29,0,0,client_creature_linked,56625,Farside Portal,1,1,missing_datamapping_creature_bridge,0,,,,,,,,not_runtime_seed_reviewed,,,,,client_instance_portal_creature_link_pending_world_placement_review,wildstar_client_mysql/InstancePortal.tbl.sql;wildstar_client_mysql/Creature2.tbl.sql;Tools/DataMapping/output/client_source_instanceportal_map.csv;Tools/DataMapping/output/creature_map.csv;Source/NexusForever.Game/Entity/InstancePortalEntity.cs;Source/NexusForever.WorldServer/Network/Message/Handler/Instance,pending,not_retail_complete,"Instance portal Creature2 link is tracked, but retail completion needs portal placement review, level/prerequisite behavior, entry/exit or difficulty handling, queue/instance selection where relevant, and client smoke."
instance_portal_creature,Creature2.tbl.sql,56535,125,Portal to Malgrave,1,41,0,0,client_creature_linked,56535,Malgrave Portal,1,1,candidate_datamapping_creature_bridge,1,10235,unique_name,,Malgrave Portal,1229,1136,40,not_runtime_seed_reviewed,,,,,datamapping_instance_portal_creature_pending_review_and_entry_smoke,wildstar_client_mysql/InstancePortal.tbl.sql;wildstar_client_mysql/Creature2.tbl.sql;Tools/DataMapping/output/client_source_instanceportal_map.csv;Tools/DataMapping/output/creature_map.csv;Source/NexusForever.Game/Entity/InstancePortalEntity.cs;Source/NexusForever.WorldServer/Network/Message/Handler/Instance,pending,not_retail_complete,"Instance portal Creature2 link is tracked, but retail completion needs portal placement review, level/prerequisite behavior, entry/exit or difficulty handling, queue/instance selection where relevant, and client smoke."
instance_portal_creature,Creature2.tbl.sql,56537,126,Portal to Wilderrun,1,35,0,0,client_creature_linked,56537,Wilderrun Portal,1,1,candidate_datamapping_creature_bridge,1,16057,ambiguous_name,,Wilderrun Portal,1229,1136,40,not_runtime_seed_reviewed,,,,,datamapping_instance_portal_creature_pending_review_and_entry_smoke,wildstar_client_mysql/InstancePortal.tbl.sql;wildstar_client_mysql/Creature2.tbl.sql;Tools/DataMapping/output/client_source_instanceportal_map.csv;Tools/DataMapping/output/creature_map.csv;Source/NexusForever.Game/Entity/InstancePortalEntity.cs;Source/NexusForever.WorldServer/Network/Message/Handler/Instance,pending,not_retail_complete,"Instance portal Creature2 link is tracked, but retail completion needs portal placement review, level/prerequisite behavior, entry/exit or difficulty handling, queue/instance selection where relevant, and client smoke."
instance_portal_creature,Creature2.tbl.sql,56626,127,Portal to Wilderrun,1,35,0,0,client_creature_linked,56626,Wilderrun Portal,1,1,missing_datamapping_creature_bridge,0,,,,,,,,not_runtime_seed_reviewed,,,,,client_instance_portal_creature_link_pending_world_placement_review,wildstar_client_mysql/InstancePortal.tbl.sql;wildstar_client_mysql/Creature2.tbl.sql;Tools/DataMapping/output/client_source_instanceportal_map.csv;Tools/DataMapping/output/creature_map.csv;Source/NexusForever.Game/Entity/InstancePortalEntity.cs;Source/NexusForever.WorldServer/Network/Message/Handler/Instance,pending,not_retail_complete,"Instance portal Creature2 link is tracked, but retail completion needs portal placement review, level/prerequisite behavior, entry/exit or difficulty handling, queue/instance selection where relevant, and client smoke."
instance_portal_creature,Creature2.tbl.sql,56539,128,Portal to Grimvault,1,45,0,0,client_creature_linked,56539,Grimvault Portal,1,1,candidate_datamapping_creature_bridge,1,3072,ambiguous_name,,Grimvault Portal,1229,1136,40,not_runtime_seed_reviewed,,,,,datamapping_instance_portal_creature_pending_review_and_entry_smoke,wildstar_client_mysql/InstancePortal.tbl.sql;wildstar_client_mysql/Creature2.tbl.sql;Tools/DataMapping/output/client_source_instanceportal_map.csv;Tools/DataMapping/output/creature_map.csv;Source/NexusForever.Game/Entity/InstancePortalEntity.cs;Source/NexusForever.WorldServer/Network/Message/Handler/Instance,pending,not_retail_complete,"Instance portal Creature2 link is tracked, but retail completion needs portal placement review, level/prerequisite behavior, entry/exit or difficulty handling, queue/instance selection where relevant, and client smoke."
instance_portal_creature,Creature2.tbl.sql,56627,129,Portal to Grimvault,1,45,0,0,client_creature_linked,56627,Grimvault Portal,1,1,missing_datamapping_creature_bridge,0,,,,,,,,not_runtime_seed_reviewed,,,,,client_instance_portal_creature_link_pending_world_placement_review,wildstar_client_mysql/InstancePortal.tbl.sql;wildstar_client_mysql/Creature2.tbl.sql;Tools/DataMapping/output/client_source_instanceportal_map.csv;Tools/DataMapping/output/creature_map.csv;Source/NexusForever.Game/Entity/InstancePortalEntity.cs;Source/NexusForever.WorldServer/Network/Message/Handler/Instance,pending,not_retail_complete,"Instance portal Creature2 link is tracked, but retail completion needs portal placement review, level/prerequisite behavior, entry/exit or difficulty handling, queue/instance selection where relevant, and client smoke."
instance_portal_creature,Creature2.tbl.sql,30345,130,Leave the Datascape,3,0,0,0,client_creature_linked,30345,Eldan Teleport Activator,1,1,missing_datamapping_creature_bridge,0,,,,,,,,not_runtime_seed_reviewed,,,,,client_instance_portal_creature_link_pending_world_placement_review,wildstar_client_mysql/InstancePortal.tbl.sql;wildstar_client_mysql/Creature2.tbl.sql;Tools/DataMapping/output/client_source_instanceportal_map.csv;Tools/DataMapping/output/creature_map.csv;Source/NexusForever.Game/Entity/InstancePortalEntity.cs;Source/NexusForever.WorldServer/Network/Message/Handler/Instance,pending,not_retail_complete,"Instance portal Creature2 link is tracked, but retail completion needs portal placement review, level/prerequisite behavior, entry/exit or difficulty handling, queue/instance selection where relevant, and client smoke."
instance_portal_creature,Creature2.tbl.sql,59189,131,Enter the Datascape,1,50,50,0,client_creature_linked,59189,Enter the Datascape,1,1,candidate_datamapping_creature_bridge,1,26552,unique_name,,Enter the Datascape,1061,2834,44,not_runtime_seed_reviewed,,,,,datamapping_instance_portal_creature_pending_review_and_entry_smoke,wildstar_client_mysql/InstancePortal.tbl.sql;wildstar_client_mysql/Creature2.tbl.sql;Tools/DataMapping/output/client_source_instanceportal_map.csv;Tools/DataMapping/output/creature_map.csv;Source/NexusForever.Game/Entity/InstancePortalEntity.cs;Source/NexusForever.WorldServer/Network/Message/Handler/Instance,pending,not_retail_complete,"Instance portal Creature2 link is tracked, but retail completion needs portal placement review, level/prerequisite behavior, entry/exit or difficulty handling, queue/instance selection where relevant, and client smoke."
instance_portal_creature,Creature2.tbl.sql,59200,132,Exit the Genetic Archives,3,0,0,0,client_creature_linked,59200,Genetic Archives Access Panel,1,1,missing_datamapping_creature_bridge,0,,,,,,,,not_runtime_seed_reviewed,,,,,client_instance_portal_creature_link_pending_world_placement_review,wildstar_client_mysql/InstancePortal.tbl.sql;wildstar_client_mysql/Creature2.tbl.sql;Tools/DataMapping/output/client_source_instanceportal_map.csv;Tools/DataMapping/output/creature_map.csv;Source/NexusForever.Game/Entity/InstancePortalEntity.cs;Source/NexusForever.WorldServer/Network/Message/Handler/Instance,pending,not_retail_complete,"Instance portal Creature2 link is tracked, but retail completion needs portal placement review, level/prerequisite behavior, entry/exit or difficulty handling, queue/instance selection where relevant, and client smoke."
instance_portal_creature,Creature2.tbl.sql,59861,136,Entrance to the Truthbound Ascendancy,0,6,0,0,client_creature_linked,59861,Truthbound Exo-Lab,1,1,missing_datamapping_creature_bridge,0,,,,,,,,not_runtime_seed_reviewed,,,,,client_instance_portal_creature_link_pending_world_placement_review,wildstar_client_mysql/InstancePortal.tbl.sql;wildstar_client_mysql/Creature2.tbl.sql;Tools/DataMapping/output/client_source_instanceportal_map.csv;Tools/DataMapping/output/creature_map.csv;Source/NexusForever.Game/Entity/InstancePortalEntity.cs;Source/NexusForever.WorldServer/Network/Message/Handler/Instance,pending,not_retail_complete,"Instance portal Creature2 link is tracked, but retail completion needs portal placement review, level/prerequisite behavior, entry/exit or difficulty handling, queue/instance selection where relevant, and client smoke."
instance_portal_creature,Creature2.tbl.sql,59862,137,Exit the Truthbound Ascendancy,2,6,0,0,client_creature_linked,59862,Truthbound Exo-Lab,1,1,missing_datamapping_creature_bridge,0,,,,,,,,not_runtime_seed_reviewed,,,,,client_instance_portal_creature_link_pending_world_placement_review,wildstar_client_mysql/InstancePortal.tbl.sql;wildstar_client_mysql/Creature2.tbl.sql;Tools/DataMapping/output/client_source_instanceportal_map.csv;Tools/DataMapping/output/creature_map.csv;Source/NexusForever.Game/Entity/InstancePortalEntity.cs;Source/NexusForever.WorldServer/Network/Message/Handler/Instance,pending,not_retail_complete,"Instance portal Creature2 link is tracked, but retail completion needs portal placement review, level/prerequisite behavior, entry/exit or difficulty handling, queue/instance selection where relevant, and client smoke."
instance_portal_creature,Creature2.tbl.sql,43985,138,Ship to Touchdown Site Bravo,1,0,0,0,client_creature_linked,43985,Ship to Touchdown Site Bravo,60,60,candidate_datamapping_creature_bridge,1,1939,unique_name,,Ship to Touchdown Site Bravo,1421,2086,84,not_runtime_seed_reviewed,,,,,datamapping_instance_portal_creature_pending_review_and_entry_smoke,wildstar_client_mysql/InstancePortal.tbl.sql;wildstar_client_mysql/Creature2.tbl.sql;Tools/DataMapping/output/client_source_instanceportal_map.csv;Tools/DataMapping/output/creature_map.csv;Source/NexusForever.Game/Entity/InstancePortalEntity.cs;Source/NexusForever.WorldServer/Network/Message/Handler/Instance,pending,not_retail_complete,"Instance portal Creature2 link is tracked, but retail completion needs portal placement review, level/prerequisite behavior, entry/exit or difficulty handling, queue/instance selection where relevant, and client smoke."
instance_portal_creature,Creature2.tbl.sql,29721,139,Ship to Walker's Landing,1,0,0,0,client_creature_linked,29721,Ship to Walker's Landing,60,60,candidate_datamapping_creature_bridge,1,7247,unique_name,,Ship to Walker's Landing,1421,1491,24,not_runtime_seed_reviewed,,,,,datamapping_instance_portal_creature_pending_review_and_entry_smoke,wildstar_client_mysql/InstancePortal.tbl.sql;wildstar_client_mysql/Creature2.tbl.sql;Tools/DataMapping/output/client_source_instanceportal_map.csv;Tools/DataMapping/output/creature_map.csv;Source/NexusForever.Game/Entity/InstancePortalEntity.cs;Source/NexusForever.WorldServer/Network/Message/Handler/Instance,pending,not_retail_complete,"Instance portal Creature2 link is tracked, but retail completion needs portal placement review, level/prerequisite behavior, entry/exit or difficulty handling, queue/instance selection where relevant, and client smoke."
instance_portal_creature,Creature2.tbl.sql,43850,140,Ship to Sovereign's Landing,1,0,0,0,client_creature_linked,43850,Ship to Sovereign's Landing,60,60,candidate_datamapping_creature_bridge,1,2661,unique_name,,Ship to Sovereign's Landing,1421,2087,89,not_runtime_seed_reviewed,,,,,datamapping_instance_portal_creature_pending_review_and_entry_smoke,wildstar_client_mysql/InstancePortal.tbl.sql;wildstar_client_mysql/Creature2.tbl.sql;Tools/DataMapping/output/client_source_instanceportal_map.csv;Tools/DataMapping/output/creature_map.csv;Source/NexusForever.Game/Entity/InstancePortalEntity.cs;Source/NexusForever.WorldServer/Network/Message/Handler/Instance,pending,not_retail_complete,"Instance portal Creature2 link is tracked, but retail completion needs portal placement review, level/prerequisite behavior, entry/exit or difficulty handling, queue/instance selection where relevant, and client smoke."
instance_portal_creature,Creature2.tbl.sql,29723,141,Ship to Virtue's Landing,1,0,0,0,client_creature_linked,29723,Ship to Virtue's Landing,60,60,candidate_datamapping_creature_bridge,1,5863,unique_name,,Ship to Virtue's Landing,1421,1490,24,not_runtime_seed_reviewed,,,,,datamapping_instance_portal_creature_pending_review_and_entry_smoke,wildstar_client_mysql/InstancePortal.tbl.sql;wildstar_client_mysql/Creature2.tbl.sql;Tools/DataMapping/output/client_source_instanceportal_map.csv;Tools/DataMapping/output/creature_map.csv;Source/NexusForever.Game/Entity/InstancePortalEntity.cs;Source/NexusForever.WorldServer/Network/Message/Handler/Instance,pending,not_retail_complete,"Instance portal Creature2 link is tracked, but retail completion needs portal placement review, level/prerequisite behavior, entry/exit or difficulty handling, queue/instance selection where relevant, and client smoke."
instance_portal_creature,Creature2.tbl.sql,62272,143,Transport to Farside,1,0,0,0,client_creature_linked,62272,Captain Demexa,50,50,candidate_datamapping_creature_bridge,1,16489,unique_name,,Captain Demexa,22,2193,46,not_runtime_seed_reviewed,,,,,datamapping_instance_portal_creature_pending_review_and_entry_smoke,wildstar_client_mysql/InstancePortal.tbl.sql;wildstar_client_mysql/Creature2.tbl.sql;Tools/DataMapping/output/client_source_instanceportal_map.csv;Tools/DataMapping/output/creature_map.csv;Source/NexusForever.Game/Entity/InstancePortalEntity.cs;Source/NexusForever.WorldServer/Network/Message/Handler/Instance,pending,not_retail_complete,"Instance portal Creature2 link is tracked, but retail completion needs portal placement review, level/prerequisite behavior, entry/exit or difficulty handling, queue/instance selection where relevant, and client smoke."
instance_portal_creature,Creature2.tbl.sql,62273,143,Transport to Farside,1,0,0,0,client_creature_linked,62273,Sergeant Breska,50,50,candidate_datamapping_creature_bridge,1,17302,unique_name,,Sergeant Breska,51,2548,10,not_runtime_seed_reviewed,,,,,datamapping_instance_portal_creature_pending_review_and_entry_smoke,wildstar_client_mysql/InstancePortal.tbl.sql;wildstar_client_mysql/Creature2.tbl.sql;Tools/DataMapping/output/client_source_instanceportal_map.csv;Tools/DataMapping/output/creature_map.csv;Source/NexusForever.Game/Entity/InstancePortalEntity.cs;Source/NexusForever.WorldServer/Network/Message/Handler/Instance,pending,not_retail_complete,"Instance portal Creature2 link is tracked, but retail completion needs portal placement review, level/prerequisite behavior, entry/exit or difficulty handling, queue/instance selection where relevant, and client smoke."
instance_portal_creature,Creature2.tbl.sql,65316,144,Leave the Datascape,3,0,0,0,client_creature_linked,65316,Leave the Datascape,1,1,candidate_datamapping_creature_bridge,1,30314,unique_name,,Leave the Datascape,1333,2377,134,not_runtime_seed_reviewed,,,,,datamapping_instance_portal_creature_pending_review_and_entry_smoke,wildstar_client_mysql/InstancePortal.tbl.sql;wildstar_client_mysql/Creature2.tbl.sql;Tools/DataMapping/output/client_source_instanceportal_map.csv;Tools/DataMapping/output/creature_map.csv;Source/NexusForever.Game/Entity/InstancePortalEntity.cs;Source/NexusForever.WorldServer/Network/Message/Handler/Instance,pending,not_retail_complete,"Instance portal Creature2 link is tracked, but retail completion needs portal placement review, level/prerequisite behavior, entry/exit or difficulty handling, queue/instance selection where relevant, and client smoke."
instance_portal_creature,Creature2.tbl.sql,66038,145,Teleport to Quiet Downs,1,10,50,0,client_creature_linked,66038,Mysterious Portal,1,1,missing_datamapping_creature_bridge,0,,,,,,,,not_runtime_seed_reviewed,,,,,client_instance_portal_creature_link_pending_world_placement_review,wildstar_client_mysql/InstancePortal.tbl.sql;wildstar_client_mysql/Creature2.tbl.sql;Tools/DataMapping/output/client_source_instanceportal_map.csv;Tools/DataMapping/output/creature_map.csv;Source/NexusForever.Game/Entity/InstancePortalEntity.cs;Source/NexusForever.WorldServer/Network/Message/Handler/Instance,pending,not_retail_complete,"Instance portal Creature2 link is tracked, but retail completion needs portal placement review, level/prerequisite behavior, entry/exit or difficulty handling, queue/instance selection where relevant, and client smoke."
instance_portal_creature,Creature2.tbl.sql,68111,145,Teleport to Quiet Downs,1,10,50,0,client_creature_linked,68111,Mysterious Portal,1,1,missing_datamapping_creature_bridge,0,,,,,,,,not_runtime_seed_reviewed,,,,,client_instance_portal_creature_link_pending_world_placement_review,wildstar_client_mysql/InstancePortal.tbl.sql;wildstar_client_mysql/Creature2.tbl.sql;Tools/DataMapping/output/client_source_instanceportal_map.csv;Tools/DataMapping/output/creature_map.csv;Source/NexusForever.Game/Entity/InstancePortalEntity.cs;Source/NexusForever.WorldServer/Network/Message/Handler/Instance,pending,not_retail_complete,"Instance portal Creature2 link is tracked, but retail completion needs portal placement review, level/prerequisite behavior, entry/exit or difficulty handling, queue/instance selection where relevant, and client smoke."
instance_portal_creature,Creature2.tbl.sql,66065,146,End Times,1,50,0,60,client_creature_linked,66065,Simulation Entrance,1,1,missing_datamapping_creature_bridge,0,,,,,,,,not_runtime_seed_reviewed,,,,,client_instance_portal_creature_link_pending_world_placement_review,wildstar_client_mysql/InstancePortal.tbl.sql;wildstar_client_mysql/Creature2.tbl.sql;Tools/DataMapping/output/client_source_instanceportal_map.csv;Tools/DataMapping/output/creature_map.csv;Source/NexusForever.Game/Entity/InstancePortalEntity.cs;Source/NexusForever.WorldServer/Network/Message/Handler/Instance,pending,not_retail_complete,"Instance portal Creature2 link is tracked, but retail completion needs portal placement review, level/prerequisite behavior, entry/exit or difficulty handling, queue/instance selection where relevant, and client smoke."
instance_portal_creature,Creature2.tbl.sql,63085,147,,3,10,50,0,client_creature_linked,63085,Escape Rope,1,1,candidate_datamapping_creature_bridge,1,24040,ambiguous_name,,Escape Rope,3164,4501,116,not_runtime_seed_reviewed,,,,,datamapping_instance_portal_creature_pending_review_and_entry_smoke,wildstar_client_mysql/InstancePortal.tbl.sql;wildstar_client_mysql/Creature2.tbl.sql;Tools/DataMapping/output/client_source_instanceportal_map.csv;Tools/DataMapping/output/creature_map.csv;Source/NexusForever.Game/Entity/InstancePortalEntity.cs;Source/NexusForever.WorldServer/Network/Message/Handler/Instance,pending,not_retail_complete,"Instance portal Creature2 link is tracked, but retail completion needs portal placement review, level/prerequisite behavior, entry/exit or difficulty handling, queue/instance selection where relevant, and client smoke."
instance_portal_creature,Creature2.tbl.sql,68112,147,,3,10,50,0,client_creature_linked,68112,Escape Portal,1,1,missing_datamapping_creature_bridge,0,,,,,,,,not_runtime_seed_reviewed,,,,,client_instance_portal_creature_link_pending_world_placement_review,wildstar_client_mysql/InstancePortal.tbl.sql;wildstar_client_mysql/Creature2.tbl.sql;Tools/DataMapping/output/client_source_instanceportal_map.csv;Tools/DataMapping/output/creature_map.csv;Source/NexusForever.Game/Entity/InstancePortalEntity.cs;Source/NexusForever.WorldServer/Network/Message/Handler/Instance,pending,not_retail_complete,"Instance portal Creature2 link is tracked, but retail completion needs portal placement review, level/prerequisite behavior, entry/exit or difficulty handling, queue/instance selection where relevant, and client smoke."
instance_portal_creature,Creature2.tbl.sql,67314,148,Portal to the Test Raid,1,50,50,0,client_creature_linked,67314,Purifiers Raid Test Access Panel,1,1,candidate_datamapping_creature_bridge,1,31371,ambiguous_name,,Purifiers Raid Test Access Panel,3040,4749,402,not_runtime_seed_reviewed,,,,,datamapping_instance_portal_creature_pending_review_and_entry_smoke,wildstar_client_mysql/InstancePortal.tbl.sql;wildstar_client_mysql/Creature2.tbl.sql;Tools/DataMapping/output/client_source_instanceportal_map.csv;Tools/DataMapping/output/creature_map.csv;Source/NexusForever.Game/Entity/InstancePortalEntity.cs;Source/NexusForever.WorldServer/Network/Message/Handler/Instance,pending,not_retail_complete,"Instance portal Creature2 link is tracked, but retail completion needs portal placement review, level/prerequisite behavior, entry/exit or difficulty handling, queue/instance selection where relevant, and client smoke."
instance_portal_creature,Creature2.tbl.sql,67315,149,Exit the Genetic Archives,3,0,0,0,client_creature_linked,67315,Purifiers Raid Test Access Panel,1,1,missing_datamapping_creature_bridge,0,,,,,,,,not_runtime_seed_reviewed,,,,,client_instance_portal_creature_link_pending_world_placement_review,wildstar_client_mysql/InstancePortal.tbl.sql;wildstar_client_mysql/Creature2.tbl.sql;Tools/DataMapping/output/client_source_instanceportal_map.csv;Tools/DataMapping/output/creature_map.csv;Source/NexusForever.Game/Entity/InstancePortalEntity.cs;Source/NexusForever.WorldServer/Network/Message/Handler/Instance,pending,not_retail_complete,"Instance portal Creature2 link is tracked, but retail completion needs portal placement review, level/prerequisite behavior, entry/exit or difficulty handling, queue/instance selection where relevant, and client smoke."
instance_portal_creature,Creature2.tbl.sql,67329,150,Enter the Ultimate Protogames,1,50,50,60,client_creature_linked,67329,Ultimate Protogames Recruiter,50,50,missing_datamapping_creature_bridge,0,,,,,,,,not_runtime_seed_reviewed,,,,,client_instance_portal_creature_link_pending_world_placement_review,wildstar_client_mysql/InstancePortal.tbl.sql;wildstar_client_mysql/Creature2.tbl.sql;Tools/DataMapping/output/client_source_instanceportal_map.csv;Tools/DataMapping/output/creature_map.csv;Source/NexusForever.Game/Entity/InstancePortalEntity.cs;Source/NexusForever.WorldServer/Network/Message/Handler/Instance,pending,not_retail_complete,"Instance portal Creature2 link is tracked, but retail completion needs portal placement review, level/prerequisite behavior, entry/exit or difficulty handling, queue/instance selection where relevant, and client smoke."
instance_portal_creature,Creature2.tbl.sql,67330,152,Exit the Protogames,3,0,0,0,client_creature_linked,67330,Exit Panel,1,1,missing_datamapping_creature_bridge,0,,,,,,,,not_runtime_seed_reviewed,,,,,client_instance_portal_creature_link_pending_world_placement_review,wildstar_client_mysql/InstancePortal.tbl.sql;wildstar_client_mysql/Creature2.tbl.sql;Tools/DataMapping/output/client_source_instanceportal_map.csv;Tools/DataMapping/output/creature_map.csv;Source/NexusForever.Game/Entity/InstancePortalEntity.cs;Source/NexusForever.WorldServer/Network/Message/Handler/Instance,pending,not_retail_complete,"Instance portal Creature2 link is tracked, but retail completion needs portal placement review, level/prerequisite behavior, entry/exit or difficulty handling, queue/instance selection where relevant, and client smoke."
instance_portal_creature,Creature2.tbl.sql,67513,152,Exit the Protogames,3,0,0,0,client_creature_linked,67513,Exit the Ultimate Protogames,1,1,reviewed_datamapping_creature_bridge,1,28307,unique_name,,Exit the Ultimate Protogames,2980,4376,198,reviewed_runtime_seed_placement_pending_exit_behavior_client_smoke,1006132630,6132630,2980,4376,implemented_instance_portal_placement_model_pending_exit_behavior_client_smoke,wildstar_client_mysql/InstancePortal.tbl.sql;wildstar_client_mysql/Creature2.tbl.sql;Tools/DataMapping/output/client_source_instanceportal_map.csv;Tools/DataMapping/output/creature_map.csv;Tools/DataMapping/creature_bridge_overrides.csv;Tools/DataMapping/sql/apply_safe_world_imports_from_staging.sql;Tools/DataMapping/export_runtime_world_seed.py;Tools/DataMapping/sql/runtime_world_seed.sql;Tools/DataMapping/sql/verify_safe_world_imports.sql;Tools/DataMapping/test_safe_world_import_source_coordinate_filter.py;Source/NexusForever.Game/Entity/InstancePortalEntity.cs;Source/NexusForever.WorldServer/Network/Message/Handler/Instance,pending,not_retail_complete,"Runtime-owned placement and InstancePortal model availability are implemented for entity 1006132630 at world 2980 / area 4376, but retail completion remains blocked on portal activation/exit semantics, destination/return behavior, difficulty or prerequisite handling, and client smoke."
instance_portal_creature,Creature2.tbl.sql,67384,153,Journey into OMNICore-1,1,50,50,45,client_creature_linked,67384,Transimulator Interface,1,1,missing_datamapping_creature_bridge,0,,,,,,,,not_runtime_seed_reviewed,,,,,client_instance_portal_creature_link_pending_world_placement_review,wildstar_client_mysql/InstancePortal.tbl.sql;wildstar_client_mysql/Creature2.tbl.sql;Tools/DataMapping/output/client_source_instanceportal_map.csv;Tools/DataMapping/output/creature_map.csv;Source/NexusForever.Game/Entity/InstancePortalEntity.cs;Source/NexusForever.WorldServer/Network/Message/Handler/Instance,pending,not_retail_complete,"Instance portal Creature2 link is tracked, but retail completion needs portal placement review, level/prerequisite behavior, entry/exit or difficulty handling, queue/instance selection where relevant, and client smoke."
instance_portal_creature,Creature2.tbl.sql,67385,153,Journey into OMNICore-1,1,50,50,45,client_creature_linked,67385,Transimulator Interface,1,1,missing_datamapping_creature_bridge,0,,,,,,,,not_runtime_seed_reviewed,,,,,client_instance_portal_creature_link_pending_world_placement_review,wildstar_client_mysql/InstancePortal.tbl.sql;wildstar_client_mysql/Creature2.tbl.sql;Tools/DataMapping/output/client_source_instanceportal_map.csv;Tools/DataMapping/output/creature_map.csv;Source/NexusForever.Game/Entity/InstancePortalEntity.cs;Source/NexusForever.WorldServer/Network/Message/Handler/Instance,pending,not_retail_complete,"Instance portal Creature2 link is tracked, but retail completion needs portal placement review, level/prerequisite behavior, entry/exit or difficulty handling, queue/instance selection where relevant, and client smoke."
instance_portal_creature,Creature2.tbl.sql,67438,154,Exit the Wurm Tunnel,3,0,0,0,client_creature_linked,67438,Escape Rope,1,1,missing_datamapping_creature_bridge,0,,,,,,,,not_runtime_seed_reviewed,,,,,client_instance_portal_creature_link_pending_world_placement_review,wildstar_client_mysql/InstancePortal.tbl.sql;wildstar_client_mysql/Creature2.tbl.sql;Tools/DataMapping/output/client_source_instanceportal_map.csv;Tools/DataMapping/output/creature_map.csv;Source/NexusForever.Game/Entity/InstancePortalEntity.cs;Source/NexusForever.WorldServer/Network/Message/Handler/Instance,pending,not_retail_complete,"Instance portal Creature2 link is tracked, but retail completion needs portal placement review, level/prerequisite behavior, entry/exit or difficulty handling, queue/instance selection where relevant, and client smoke."
instance_portal_creature,Creature2.tbl.sql,67480,155,Ship to Crimson Isle,1,0,0,0,client_creature_linked,67480,Ship to Crimson Badlands,50,50,reviewed_datamapping_creature_bridge,2,26148;26715,ambiguous_name;reviewed,approved,Ship to Crimson Badlands,22;51,2193;2548,10;46,not_runtime_seed_reviewed,,,,,reviewed_instance_portal_creature_pending_entry_smoke,wildstar_client_mysql/InstancePortal.tbl.sql;wildstar_client_mysql/Creature2.tbl.sql;Tools/DataMapping/output/client_source_instanceportal_map.csv;Tools/DataMapping/output/creature_map.csv;Source/NexusForever.Game/Entity/InstancePortalEntity.cs;Source/NexusForever.WorldServer/Network/Message/Handler/Instance,pending,not_retail_complete,"Instance portal Creature2 link is tracked, but retail completion needs portal placement review, level/prerequisite behavior, entry/exit or difficulty handling, queue/instance selection where relevant, and client smoke."
instance_portal_creature,Creature2.tbl.sql,67487,156,Ship to Crimson Isle,1,0,0,0,client_creature_linked,67487,Ship to Farside,50,50,reviewed_datamapping_creature_bridge,2,26547;26988,ambiguous_name;reviewed,approved,Ship to Farside,22;51,2193;2548,10;46,not_runtime_seed_reviewed,,,,,reviewed_instance_portal_creature_pending_entry_smoke,wildstar_client_mysql/InstancePortal.tbl.sql;wildstar_client_mysql/Creature2.tbl.sql;Tools/DataMapping/output/client_source_instanceportal_map.csv;Tools/DataMapping/output/creature_map.csv;Source/NexusForever.Game/Entity/InstancePortalEntity.cs;Source/NexusForever.WorldServer/Network/Message/Handler/Instance,pending,not_retail_complete,"Instance portal Creature2 link is tracked, but retail completion needs portal placement review, level/prerequisite behavior, entry/exit or difficulty handling, queue/instance selection where relevant, and client smoke."
instance_portal_creature,Creature2.tbl.sql,67488,157,Ship to Crimson Isle,1,0,0,0,client_creature_linked,67488,Ship to Grimvault,50,50,reviewed_datamapping_creature_bridge,2,26119;26523,ambiguous_name;reviewed,approved,Ship to Grimvault,22;51,2193;2548,10;46,not_runtime_seed_reviewed,,,,,reviewed_instance_portal_creature_pending_entry_smoke,wildstar_client_mysql/InstancePortal.tbl.sql;wildstar_client_mysql/Creature2.tbl.sql;Tools/DataMapping/output/client_source_instanceportal_map.csv;Tools/DataMapping/output/creature_map.csv;Source/NexusForever.Game/Entity/InstancePortalEntity.cs;Source/NexusForever.WorldServer/Network/Message/Handler/Instance,pending,not_retail_complete,"Instance portal Creature2 link is tracked, but retail completion needs portal placement review, level/prerequisite behavior, entry/exit or difficulty handling, queue/instance selection where relevant, and client smoke."
instance_portal_creature,Creature2.tbl.sql,51207,158,Ship to Crimson Isle,1,0,0,0,client_creature_linked,51207,Ship to Malgrave,13,13,reviewed_datamapping_creature_bridge,1,15,reviewed,approved,Ship to Malgrave,51,2548,10,not_runtime_seed_reviewed,,,,,reviewed_instance_portal_creature_pending_entry_smoke,wildstar_client_mysql/InstancePortal.tbl.sql;wildstar_client_mysql/Creature2.tbl.sql;Tools/DataMapping/output/client_source_instanceportal_map.csv;Tools/DataMapping/output/creature_map.csv;Source/NexusForever.Game/Entity/InstancePortalEntity.cs;Source/NexusForever.WorldServer/Network/Message/Handler/Instance,pending,not_retail_complete,"Instance portal Creature2 link is tracked, but retail completion needs portal placement review, level/prerequisite behavior, entry/exit or difficulty handling, queue/instance selection where relevant, and client smoke."
instance_portal_creature,Creature2.tbl.sql,67490,159,Ship to Crimson Isle,1,0,0,0,client_creature_linked,67490,Ship to Whitevale,50,50,reviewed_datamapping_creature_bridge,2,26145;26835,ambiguous_name;reviewed,approved,Ship to Whitevale,22;51,2193;2548,10;46,not_runtime_seed_reviewed,,,,,reviewed_instance_portal_creature_pending_entry_smoke,wildstar_client_mysql/InstancePortal.tbl.sql;wildstar_client_mysql/Creature2.tbl.sql;Tools/DataMapping/output/client_source_instanceportal_map.csv;Tools/DataMapping/output/creature_map.csv;Source/NexusForever.Game/Entity/InstancePortalEntity.cs;Source/NexusForever.WorldServer/Network/Message/Handler/Instance,pending,not_retail_complete,"Instance portal Creature2 link is tracked, but retail completion needs portal placement review, level/prerequisite behavior, entry/exit or difficulty handling, queue/instance selection where relevant, and client smoke."
instance_portal_creature,Creature2.tbl.sql,47459,160,Ship to Crimson Isle,1,0,0,0,client_creature_linked,47459,Ship to Wilderrun,13,13,reviewed_datamapping_creature_bridge,2,14;4968,ambiguous_name;reviewed,approved,Ship to Wilderrun,22;51,2193;2548,10;46,not_runtime_seed_reviewed,,,,,reviewed_instance_portal_creature_pending_entry_smoke,wildstar_client_mysql/InstancePortal.tbl.sql;wildstar_client_mysql/Creature2.tbl.sql;Tools/DataMapping/output/client_source_instanceportal_map.csv;Tools/DataMapping/output/creature_map.csv;Source/NexusForever.Game/Entity/InstancePortalEntity.cs;Source/NexusForever.WorldServer/Network/Message/Handler/Instance,pending,not_retail_complete,"Instance portal Creature2 link is tracked, but retail completion needs portal placement review, level/prerequisite behavior, entry/exit or difficulty handling, queue/instance selection where relevant, and client smoke."
instance_portal_creature,Creature2.tbl.sql,67491,161,Ship to Crimson Isle,1,0,0,0,client_creature_linked,67491,Ship to Crimson Badlands,50,50,missing_datamapping_creature_bridge,0,,,,,,,,not_runtime_seed_reviewed,,,,,client_instance_portal_creature_link_pending_world_placement_review,wildstar_client_mysql/InstancePortal.tbl.sql;wildstar_client_mysql/Creature2.tbl.sql;Tools/DataMapping/output/client_source_instanceportal_map.csv;Tools/DataMapping/output/creature_map.csv;Source/NexusForever.Game/Entity/InstancePortalEntity.cs;Source/NexusForever.WorldServer/Network/Message/Handler/Instance,pending,not_retail_complete,"Instance portal Creature2 link is tracked, but retail completion needs portal placement review, level/prerequisite behavior, entry/exit or difficulty handling, queue/instance selection where relevant, and client smoke."
instance_portal_creature,Creature2.tbl.sql,67492,162,Ship to Crimson Isle,1,0,0,0,client_creature_linked,67492,Ship to Farside,50,50,missing_datamapping_creature_bridge,0,,,,,,,,not_runtime_seed_reviewed,,,,,client_instance_portal_creature_link_pending_world_placement_review,wildstar_client_mysql/InstancePortal.tbl.sql;wildstar_client_mysql/Creature2.tbl.sql;Tools/DataMapping/output/client_source_instanceportal_map.csv;Tools/DataMapping/output/creature_map.csv;Source/NexusForever.Game/Entity/InstancePortalEntity.cs;Source/NexusForever.WorldServer/Network/Message/Handler/Instance,pending,not_retail_complete,"Instance portal Creature2 link is tracked, but retail completion needs portal placement review, level/prerequisite behavior, entry/exit or difficulty handling, queue/instance selection where relevant, and client smoke."
instance_portal_creature,Creature2.tbl.sql,67493,163,Ship to Crimson Isle,1,0,0,0,client_creature_linked,67493,Ship to Grimvault,50,50,missing_datamapping_creature_bridge,0,,,,,,,,not_runtime_seed_reviewed,,,,,client_instance_portal_creature_link_pending_world_placement_review,wildstar_client_mysql/InstancePortal.tbl.sql;wildstar_client_mysql/Creature2.tbl.sql;Tools/DataMapping/output/client_source_instanceportal_map.csv;Tools/DataMapping/output/creature_map.csv;Source/NexusForever.Game/Entity/InstancePortalEntity.cs;Source/NexusForever.WorldServer/Network/Message/Handler/Instance,pending,not_retail_complete,"Instance portal Creature2 link is tracked, but retail completion needs portal placement review, level/prerequisite behavior, entry/exit or difficulty handling, queue/instance selection where relevant, and client smoke."
instance_portal_creature,Creature2.tbl.sql,51202,164,Ship to Crimson Isle,1,0,0,0,client_creature_linked,51202,Ship to Malgrave,13,13,candidate_datamapping_creature_bridge,1,3092,ambiguous_name,,Ship to Malgrave,22,2193,46,not_runtime_seed_reviewed,,,,,datamapping_instance_portal_creature_pending_review_and_entry_smoke,wildstar_client_mysql/InstancePortal.tbl.sql;wildstar_client_mysql/Creature2.tbl.sql;Tools/DataMapping/output/client_source_instanceportal_map.csv;Tools/DataMapping/output/creature_map.csv;Source/NexusForever.Game/Entity/InstancePortalEntity.cs;Source/NexusForever.WorldServer/Network/Message/Handler/Instance,pending,not_retail_complete,"Instance portal Creature2 link is tracked, but retail completion needs portal placement review, level/prerequisite behavior, entry/exit or difficulty handling, queue/instance selection where relevant, and client smoke."
instance_portal_creature,Creature2.tbl.sql,67494,165,Ship to Crimson Isle,1,0,0,0,client_creature_linked,67494,Ship to Whitevale,50,50,missing_datamapping_creature_bridge,0,,,,,,,,not_runtime_seed_reviewed,,,,,client_instance_portal_creature_link_pending_world_placement_review,wildstar_client_mysql/InstancePortal.tbl.sql;wildstar_client_mysql/Creature2.tbl.sql;Tools/DataMapping/output/client_source_instanceportal_map.csv;Tools/DataMapping/output/creature_map.csv;Source/NexusForever.Game/Entity/InstancePortalEntity.cs;Source/NexusForever.WorldServer/Network/Message/Handler/Instance,pending,not_retail_complete,"Instance portal Creature2 link is tracked, but retail completion needs portal placement review, level/prerequisite behavior, entry/exit or difficulty handling, queue/instance selection where relevant, and client smoke."
instance_portal_creature,Creature2.tbl.sql,47505,166,Ship to Crimson Isle,1,0,0,0,client_creature_linked,47505,Ship to Wilderrun,13,13,missing_datamapping_creature_bridge,0,,,,,,,,not_runtime_seed_reviewed,,,,,client_instance_portal_creature_link_pending_world_placement_review,wildstar_client_mysql/InstancePortal.tbl.sql;wildstar_client_mysql/Creature2.tbl.sql;Tools/DataMapping/output/client_source_instanceportal_map.csv;Tools/DataMapping/output/creature_map.csv;Source/NexusForever.Game/Entity/InstancePortalEntity.cs;Source/NexusForever.WorldServer/Network/Message/Handler/Instance,pending,not_retail_complete,"Instance portal Creature2 link is tracked, but retail completion needs portal placement review, level/prerequisite behavior, entry/exit or difficulty handling, queue/instance selection where relevant, and client smoke."
instance_portal_creature,Creature2.tbl.sql,67489,167,Ship to Crimson Isle,1,0,0,0,client_creature_linked,67489,Ship to Northern Wastes,50,50,reviewed_datamapping_creature_bridge,2,26147;26717,ambiguous_name;reviewed,approved,Ship to Northern Wastes,22;51,2193;2548,10;46,not_runtime_seed_reviewed,,,,,reviewed_instance_portal_creature_pending_entry_smoke,wildstar_client_mysql/InstancePortal.tbl.sql;wildstar_client_mysql/Creature2.tbl.sql;Tools/DataMapping/output/client_source_instanceportal_map.csv;Tools/DataMapping/output/creature_map.csv;Source/NexusForever.Game/Entity/InstancePortalEntity.cs;Source/NexusForever.WorldServer/Network/Message/Handler/Instance,pending,not_retail_complete,"Instance portal Creature2 link is tracked, but retail completion needs portal placement review, level/prerequisite behavior, entry/exit or difficulty handling, queue/instance selection where relevant, and client smoke."
instance_portal_creature,Creature2.tbl.sql,67501,168,Ship to Crimson Isle,1,0,0,0,client_creature_linked,67501,Ship to Northern Wastes,50,50,missing_datamapping_creature_bridge,0,,,,,,,,not_runtime_seed_reviewed,,,,,client_instance_portal_creature_link_pending_world_placement_review,wildstar_client_mysql/InstancePortal.tbl.sql;wildstar_client_mysql/Creature2.tbl.sql;Tools/DataMapping/output/client_source_instanceportal_map.csv;Tools/DataMapping/output/creature_map.csv;Source/NexusForever.Game/Entity/InstancePortalEntity.cs;Source/NexusForever.WorldServer/Network/Message/Handler/Instance,pending,not_retail_complete,"Instance portal Creature2 link is tracked, but retail completion needs portal placement review, level/prerequisite behavior, entry/exit or difficulty handling, queue/instance selection where relevant, and client smoke."
instance_portal_creature,Creature2.tbl.sql,67597,169,Bay of Betrayal,1,50,0,25,client_creature_linked,67597,Simulation Entrance,1,1,missing_datamapping_creature_bridge,0,,,,,,,,not_runtime_seed_reviewed,,,,,client_instance_portal_creature_link_pending_world_placement_review,wildstar_client_mysql/InstancePortal.tbl.sql;wildstar_client_mysql/Creature2.tbl.sql;Tools/DataMapping/output/client_source_instanceportal_map.csv;Tools/DataMapping/output/creature_map.csv;Source/NexusForever.Game/Entity/InstancePortalEntity.cs;Source/NexusForever.WorldServer/Network/Message/Handler/Instance,pending,not_retail_complete,"Instance portal Creature2 link is tracked, but retail completion needs portal placement review, level/prerequisite behavior, entry/exit or difficulty handling, queue/instance selection where relevant, and client smoke."
instance_portal_creature,Creature2.tbl.sql,67845,170,Enter the Protogames Academy!,1,10,50,30,client_creature_linked,67845,Enter Protogames Academy,1,1,candidate_datamapping_creature_bridge,4,28271;28519;28833;28978,unique_name,,Enter Protogames Academy,22;51,21;300;584;77,11;13;4;6,not_runtime_seed_reviewed,,,,,datamapping_instance_portal_creature_pending_review_and_entry_smoke,wildstar_client_mysql/InstancePortal.tbl.sql;wildstar_client_mysql/Creature2.tbl.sql;Tools/DataMapping/output/client_source_instanceportal_map.csv;Tools/DataMapping/output/creature_map.csv;Source/NexusForever.Game/Entity/InstancePortalEntity.cs;Source/NexusForever.WorldServer/Network/Message/Handler/Instance,pending,not_retail_complete,"Instance portal Creature2 link is tracked, but retail completion needs portal placement review, level/prerequisite behavior, entry/exit or difficulty handling, queue/instance selection where relevant, and client smoke."
instance_portal_creature,Creature2.tbl.sql,68017,171,Portal to Star-Comm Basin,1,50,0,0,client_creature_linked,68017,Star-Comm Basin Portal,1,1,candidate_datamapping_creature_bridge,1,31500,unique_name,,Star-Comm Basin Portal,1229,1136,40,not_runtime_seed_reviewed,,,,,datamapping_instance_portal_creature_pending_review_and_entry_smoke,wildstar_client_mysql/InstancePortal.tbl.sql;wildstar_client_mysql/Creature2.tbl.sql;Tools/DataMapping/output/client_source_instanceportal_map.csv;Tools/DataMapping/output/creature_map.csv;Source/NexusForever.Game/Entity/InstancePortalEntity.cs;Source/NexusForever.WorldServer/Network/Message/Handler/Instance,pending,not_retail_complete,"Instance portal Creature2 link is tracked, but retail completion needs portal placement review, level/prerequisite behavior, entry/exit or difficulty handling, queue/instance selection where relevant, and client smoke."
instance_portal_creature,Creature2.tbl.sql,70681,176,,1,50,50,0,client_creature_linked,70681,Transport to Star-Comm Basin,50,50,reviewed_datamapping_creature_bridge,1,31145,reviewed,approved,Transport to Star-Comm Basin,51,2548,10,not_runtime_seed_reviewed,,,,,reviewed_instance_portal_creature_pending_entry_smoke,wildstar_client_mysql/InstancePortal.tbl.sql;wildstar_client_mysql/Creature2.tbl.sql;Tools/DataMapping/output/client_source_instanceportal_map.csv;Tools/DataMapping/output/creature_map.csv;Source/NexusForever.Game/Entity/InstancePortalEntity.cs;Source/NexusForever.WorldServer/Network/Message/Handler/Instance,pending,not_retail_complete,"Instance portal Creature2 link is tracked, but retail completion needs portal placement review, level/prerequisite behavior, entry/exit or difficulty handling, queue/instance selection where relevant, and client smoke."
instance_portal_creature,Creature2.tbl.sql,70678,177,,1,50,50,0,client_creature_linked,70678,Transport to Star-Comm Basin,50,50,candidate_datamapping_creature_bridge,1,31172,ambiguous_name,,Transport to Star-Comm Basin,22,2193,46,not_runtime_seed_reviewed,,,,,datamapping_instance_portal_creature_pending_review_and_entry_smoke,wildstar_client_mysql/InstancePortal.tbl.sql;wildstar_client_mysql/Creature2.tbl.sql;Tools/DataMapping/output/client_source_instanceportal_map.csv;Tools/DataMapping/output/creature_map.csv;Source/NexusForever.Game/Entity/InstancePortalEntity.cs;Source/NexusForever.WorldServer/Network/Message/Handler/Instance,pending,not_retail_complete,"Instance portal Creature2 link is tracked, but retail completion needs portal placement review, level/prerequisite behavior, entry/exit or difficulty handling, queue/instance selection where relevant, and client smoke."
instance_portal_creature,Creature2.tbl.sql,63188,178,,1,50,50,0,client_creature_linked,63188,SCS-000 Contact,50,50,missing_datamapping_creature_bridge,0,,,,,,,,not_runtime_seed_reviewed,,,,,client_instance_portal_creature_link_pending_world_placement_review,wildstar_client_mysql/InstancePortal.tbl.sql;wildstar_client_mysql/Creature2.tbl.sql;Tools/DataMapping/output/client_source_instanceportal_map.csv;Tools/DataMapping/output/creature_map.csv;Source/NexusForever.Game/Entity/InstancePortalEntity.cs;Source/NexusForever.WorldServer/Network/Message/Handler/Instance,pending,not_retail_complete,"Instance portal Creature2 link is tracked, but retail completion needs portal placement review, level/prerequisite behavior, entry/exit or difficulty handling, queue/instance selection where relevant, and client smoke."
instance_portal_creature,Creature2.tbl.sql,63185,179,,1,50,50,0,client_creature_linked,63185,SCS-000 Contact,50,50,missing_datamapping_creature_bridge,0,,,,,,,,not_runtime_seed_reviewed,,,,,client_instance_portal_creature_link_pending_world_placement_review,wildstar_client_mysql/InstancePortal.tbl.sql;wildstar_client_mysql/Creature2.tbl.sql;Tools/DataMapping/output/client_source_instanceportal_map.csv;Tools/DataMapping/output/creature_map.csv;Source/NexusForever.Game/Entity/InstancePortalEntity.cs;Source/NexusForever.WorldServer/Network/Message/Handler/Instance,pending,not_retail_complete,"Instance portal Creature2 link is tracked, but retail completion needs portal placement review, level/prerequisite behavior, entry/exit or difficulty handling, queue/instance selection where relevant, and client smoke."
instance_portal_creature,Creature2.tbl.sql,68506,180,Enter the Ultimate Protogames,1,50,50,45,client_creature_linked,68506,Enter Ultimate Protogames,1,1,candidate_datamapping_creature_bridge,1,28176,unique_name,,Enter Ultimate Protogames,1061,1933,35,not_runtime_seed_reviewed,,,,,datamapping_instance_portal_creature_pending_review_and_entry_smoke,wildstar_client_mysql/InstancePortal.tbl.sql;wildstar_client_mysql/Creature2.tbl.sql;Tools/DataMapping/output/client_source_instanceportal_map.csv;Tools/DataMapping/output/creature_map.csv;Source/NexusForever.Game/Entity/InstancePortalEntity.cs;Source/NexusForever.WorldServer/Network/Message/Handler/Instance,pending,not_retail_complete,"Instance portal Creature2 link is tracked, but retail completion needs portal placement review, level/prerequisite behavior, entry/exit or difficulty handling, queue/instance selection where relevant, and client smoke."
instance_portal_creature,Creature2.tbl.sql,68653,181,Teleport to Protostar's SuperMall-In-The-Sky,1,10,50,0,client_creature_linked,68653,SuperMall Teleporter,50,50,missing_datamapping_creature_bridge,0,,,,,,,,not_runtime_seed_reviewed,,,,,client_instance_portal_creature_link_pending_world_placement_review,wildstar_client_mysql/InstancePortal.tbl.sql;wildstar_client_mysql/Creature2.tbl.sql;Tools/DataMapping/output/client_source_instanceportal_map.csv;Tools/DataMapping/output/creature_map.csv;Source/NexusForever.Game/Entity/InstancePortalEntity.cs;Source/NexusForever.WorldServer/Network/Message/Handler/Instance,pending,not_retail_complete,"Instance portal Creature2 link is tracked, but retail completion needs portal placement review, level/prerequisite behavior, entry/exit or difficulty handling, queue/instance selection where relevant, and client smoke."
instance_portal_creature,Creature2.tbl.sql,68654,181,Teleport to Protostar's SuperMall-In-The-Sky,1,10,50,0,client_creature_linked,68654,SuperMall Teleporter,50,50,missing_datamapping_creature_bridge,0,,,,,,,,not_runtime_seed_reviewed,,,,,client_instance_portal_creature_link_pending_world_placement_review,wildstar_client_mysql/InstancePortal.tbl.sql;wildstar_client_mysql/Creature2.tbl.sql;Tools/DataMapping/output/client_source_instanceportal_map.csv;Tools/DataMapping/output/creature_map.csv;Source/NexusForever.Game/Entity/InstancePortalEntity.cs;Source/NexusForever.WorldServer/Network/Message/Handler/Instance,pending,not_retail_complete,"Instance portal Creature2 link is tracked, but retail completion needs portal placement review, level/prerequisite behavior, entry/exit or difficulty handling, queue/instance selection where relevant, and client smoke."
instance_portal_creature,Creature2.tbl.sql,71148,181,Teleport to Protostar's SuperMall-In-The-Sky,1,10,50,0,client_creature_linked,71148,Upper Deck Teleporter,1,1,missing_datamapping_creature_bridge,0,,,,,,,,not_runtime_seed_reviewed,,,,,client_instance_portal_creature_link_pending_world_placement_review,wildstar_client_mysql/InstancePortal.tbl.sql;wildstar_client_mysql/Creature2.tbl.sql;Tools/DataMapping/output/client_source_instanceportal_map.csv;Tools/DataMapping/output/creature_map.csv;Source/NexusForever.Game/Entity/InstancePortalEntity.cs;Source/NexusForever.WorldServer/Network/Message/Handler/Instance,pending,not_retail_complete,"Instance portal Creature2 link is tracked, but retail completion needs portal placement review, level/prerequisite behavior, entry/exit or difficulty handling, queue/instance selection where relevant, and client smoke."
instance_portal_creature,Creature2.tbl.sql,71156,181,Teleport to Protostar's SuperMall-In-The-Sky,1,10,50,0,client_creature_linked,71156,Hall Door Controls,1,1,missing_datamapping_creature_bridge,0,,,,,,,,not_runtime_seed_reviewed,,,,,client_instance_portal_creature_link_pending_world_placement_review,wildstar_client_mysql/InstancePortal.tbl.sql;wildstar_client_mysql/Creature2.tbl.sql;Tools/DataMapping/output/client_source_instanceportal_map.csv;Tools/DataMapping/output/creature_map.csv;Source/NexusForever.Game/Entity/InstancePortalEntity.cs;Source/NexusForever.WorldServer/Network/Message/Handler/Instance,pending,not_retail_complete,"Instance portal Creature2 link is tracked, but retail completion needs portal placement review, level/prerequisite behavior, entry/exit or difficulty handling, queue/instance selection where relevant, and client smoke."
instance_portal_creature,Creature2.tbl.sql,71230,181,Teleport to Protostar's SuperMall-In-The-Sky,1,10,50,0,client_creature_linked,71230,Astral Drive Monitor,1,1,missing_datamapping_creature_bridge,0,,,,,,,,not_runtime_seed_reviewed,,,,,client_instance_portal_creature_link_pending_world_placement_review,wildstar_client_mysql/InstancePortal.tbl.sql;wildstar_client_mysql/Creature2.tbl.sql;Tools/DataMapping/output/client_source_instanceportal_map.csv;Tools/DataMapping/output/creature_map.csv;Source/NexusForever.Game/Entity/InstancePortalEntity.cs;Source/NexusForever.WorldServer/Network/Message/Handler/Instance,pending,not_retail_complete,"Instance portal Creature2 link is tracked, but retail completion needs portal placement review, level/prerequisite behavior, entry/exit or difficulty handling, queue/instance selection where relevant, and client smoke."
instance_portal_creature,Creature2.tbl.sql,68926,182,,3,10,50,0,client_creature_linked,68926,Mall Exit Portal,1,1,missing_datamapping_creature_bridge,0,,,,,,,,not_runtime_seed_reviewed,,,,,client_instance_portal_creature_link_pending_world_placement_review,wildstar_client_mysql/InstancePortal.tbl.sql;wildstar_client_mysql/Creature2.tbl.sql;Tools/DataMapping/output/client_source_instanceportal_map.csv;Tools/DataMapping/output/creature_map.csv;Source/NexusForever.Game/Entity/InstancePortalEntity.cs;Source/NexusForever.WorldServer/Network/Message/Handler/Instance,pending,not_retail_complete,"Instance portal Creature2 link is tracked, but retail completion needs portal placement review, level/prerequisite behavior, entry/exit or difficulty handling, queue/instance selection where relevant, and client smoke."
instance_portal_creature,Creature2.tbl.sql,68927,182,,3,10,50,0,client_creature_linked,68927,Mall Exit Portal,1,1,missing_datamapping_creature_bridge,0,,,,,,,,not_runtime_seed_reviewed,,,,,client_instance_portal_creature_link_pending_world_placement_review,wildstar_client_mysql/InstancePortal.tbl.sql;wildstar_client_mysql/Creature2.tbl.sql;Tools/DataMapping/output/client_source_instanceportal_map.csv;Tools/DataMapping/output/creature_map.csv;Source/NexusForever.Game/Entity/InstancePortalEntity.cs;Source/NexusForever.WorldServer/Network/Message/Handler/Instance,pending,not_retail_complete,"Instance portal Creature2 link is tracked, but retail completion needs portal placement review, level/prerequisite behavior, entry/exit or difficulty handling, queue/instance selection where relevant, and client smoke."
instance_portal_creature,Creature2.tbl.sql,68961,183,Fragment Zero,1,6,9,20,client_creature_linked,68961,Transport to Fragment Zero,1,1,candidate_datamapping_creature_bridge,2,28125;29940,ambiguous_name,,Transport to Fragment Zero,22,327;484,11;6,not_runtime_seed_reviewed,,,,,datamapping_instance_portal_creature_pending_review_and_entry_smoke,wildstar_client_mysql/InstancePortal.tbl.sql;wildstar_client_mysql/Creature2.tbl.sql;Tools/DataMapping/output/client_source_instanceportal_map.csv;Tools/DataMapping/output/creature_map.csv;Source/NexusForever.Game/Entity/InstancePortalEntity.cs;Source/NexusForever.WorldServer/Network/Message/Handler/Instance,pending,not_retail_complete,"Instance portal Creature2 link is tracked, but retail completion needs portal placement review, level/prerequisite behavior, entry/exit or difficulty handling, queue/instance selection where relevant, and client smoke."
instance_portal_creature,Creature2.tbl.sql,69012,184,Fragment Zero,1,6,9,20,client_creature_linked,69012,Transport to Fragment Zero,1,1,reviewed_datamapping_creature_bridge,1,28428,reviewed,approved,Transport to Fragment Zero,51,23,13,not_runtime_seed_reviewed,,,,,reviewed_instance_portal_creature_pending_entry_smoke,wildstar_client_mysql/InstancePortal.tbl.sql;wildstar_client_mysql/Creature2.tbl.sql;Tools/DataMapping/output/client_source_instanceportal_map.csv;Tools/DataMapping/output/creature_map.csv;Source/NexusForever.Game/Entity/InstancePortalEntity.cs;Source/NexusForever.WorldServer/Network/Message/Handler/Instance,pending,not_retail_complete,"Instance portal Creature2 link is tracked, but retail completion needs portal placement review, level/prerequisite behavior, entry/exit or difficulty handling, queue/instance selection where relevant, and client smoke."
instance_portal_creature,Creature2.tbl.sql,69013,185,Fragment Zero,3,6,50,20,client_creature_linked,69013,Transport from Fragment Zero,1,1,reviewed_datamapping_creature_bridge,1,28122,unique_name,,Transport from Fragment Zero,3180,4619,144,reviewed_runtime_seed_placement_pending_exit_behavior_client_smoke,1006129819,6129819,3180,4619,implemented_instance_portal_placement_model_pending_exit_behavior_client_smoke,wildstar_client_mysql/InstancePortal.tbl.sql;wildstar_client_mysql/Creature2.tbl.sql;Tools/DataMapping/output/client_source_instanceportal_map.csv;Tools/DataMapping/output/creature_map.csv;Tools/DataMapping/creature_bridge_overrides.csv;Tools/DataMapping/sql/apply_safe_world_imports_from_staging.sql;Tools/DataMapping/export_runtime_world_seed.py;Tools/DataMapping/sql/runtime_world_seed.sql;Tools/DataMapping/sql/verify_safe_world_imports.sql;Tools/DataMapping/test_safe_world_import_source_coordinate_filter.py;Source/NexusForever.Game/Entity/InstancePortalEntity.cs;Source/NexusForever.WorldServer/Network/Message/Handler/Instance,pending,not_retail_complete,"Runtime-owned placement and InstancePortal model availability are implemented for entity 1006129819 at world 3180 / area 4619, but retail completion remains blocked on portal activation/exit semantics, destination/return behavior, difficulty or prerequisite handling, and client smoke."
instance_portal_creature,Creature2.tbl.sql,69029,186,Fragment Zero,1,6,9,20,client_creature_linked,69029,Transport to Fragment Zero,1,1,missing_datamapping_creature_bridge,0,,,,,,,,not_runtime_seed_reviewed,,,,,client_instance_portal_creature_link_pending_world_placement_review,wildstar_client_mysql/InstancePortal.tbl.sql;wildstar_client_mysql/Creature2.tbl.sql;Tools/DataMapping/output/client_source_instanceportal_map.csv;Tools/DataMapping/output/creature_map.csv;Source/NexusForever.Game/Entity/InstancePortalEntity.cs;Source/NexusForever.WorldServer/Network/Message/Handler/Instance,pending,not_retail_complete,"Instance portal Creature2 link is tracked, but retail completion needs portal placement review, level/prerequisite behavior, entry/exit or difficulty handling, queue/instance selection where relevant, and client smoke."
instance_portal_creature,Creature2.tbl.sql,69030,187,Fragment Zero,1,6,9,20,client_creature_linked,69030,Transport to Fragment Zero,1,1,reviewed_datamapping_creature_bridge,1,29220,reviewed,approved,Transport to Fragment Zero,51,1570,4,not_runtime_seed_reviewed,,,,,reviewed_instance_portal_creature_pending_entry_smoke,wildstar_client_mysql/InstancePortal.tbl.sql;wildstar_client_mysql/Creature2.tbl.sql;Tools/DataMapping/output/client_source_instanceportal_map.csv;Tools/DataMapping/output/creature_map.csv;Source/NexusForever.Game/Entity/InstancePortalEntity.cs;Source/NexusForever.WorldServer/Network/Message/Handler/Instance,pending,not_retail_complete,"Instance portal Creature2 link is tracked, but retail completion needs portal placement review, level/prerequisite behavior, entry/exit or difficulty handling, queue/instance selection where relevant, and client smoke."
instance_portal_creature,Creature2.tbl.sql,69790,188,Exit Protogames Academy,3,0,0,0,client_creature_linked,69790,Exit Protogames Academy,1,1,candidate_datamapping_creature_bridge,1,28239,unique_name,,Exit Protogames Academy,3173,4508,400,not_runtime_seed_reviewed,,,,,datamapping_instance_portal_creature_pending_review_and_entry_smoke,wildstar_client_mysql/InstancePortal.tbl.sql;wildstar_client_mysql/Creature2.tbl.sql;Tools/DataMapping/output/client_source_instanceportal_map.csv;Tools/DataMapping/output/creature_map.csv;Source/NexusForever.Game/Entity/InstancePortalEntity.cs;Source/NexusForever.WorldServer/Network/Message/Handler/Instance,pending,not_retail_complete,"Instance portal Creature2 link is tracked, but retail completion needs portal placement review, level/prerequisite behavior, entry/exit or difficulty handling, queue/instance selection where relevant, and client smoke."
instance_portal_creature,Creature2.tbl.sql,70078,189,Ship to Grimvault,1,0,0,0,client_creature_linked,70078,Ship to Grimvault,50,50,missing_datamapping_creature_bridge,0,,,,,,,,not_runtime_seed_reviewed,,,,,client_instance_portal_creature_link_pending_world_placement_review,wildstar_client_mysql/InstancePortal.tbl.sql;wildstar_client_mysql/Creature2.tbl.sql;Tools/DataMapping/output/client_source_instanceportal_map.csv;Tools/DataMapping/output/creature_map.csv;Source/NexusForever.Game/Entity/InstancePortalEntity.cs;Source/NexusForever.WorldServer/Network/Message/Handler/Instance,pending,not_retail_complete,"Instance portal Creature2 link is tracked, but retail completion needs portal placement review, level/prerequisite behavior, entry/exit or difficulty handling, queue/instance selection where relevant, and client smoke."
instance_portal_creature,Creature2.tbl.sql,70079,190,Ship to Grimvault,1,0,0,0,client_creature_linked,70079,Ship to Grimvault,50,50,missing_datamapping_creature_bridge,0,,,,,,,,not_runtime_seed_reviewed,,,,,client_instance_portal_creature_link_pending_world_placement_review,wildstar_client_mysql/InstancePortal.tbl.sql;wildstar_client_mysql/Creature2.tbl.sql;Tools/DataMapping/output/client_source_instanceportal_map.csv;Tools/DataMapping/output/creature_map.csv;Source/NexusForever.Game/Entity/InstancePortalEntity.cs;Source/NexusForever.WorldServer/Network/Message/Handler/Instance,pending,not_retail_complete,"Instance portal Creature2 link is tracked, but retail completion needs portal placement review, level/prerequisite behavior, entry/exit or difficulty handling, queue/instance selection where relevant, and client smoke."
instance_portal_creature,Creature2.tbl.sql,70216,193,Bay of Betrayal,0,50,0,25,client_creature_linked,70216,Simulation Entrance,1,1,missing_datamapping_creature_bridge,0,,,,,,,,not_runtime_seed_reviewed,,,,,client_instance_portal_creature_link_pending_world_placement_review,wildstar_client_mysql/InstancePortal.tbl.sql;wildstar_client_mysql/Creature2.tbl.sql;Tools/DataMapping/output/client_source_instanceportal_map.csv;Tools/DataMapping/output/creature_map.csv;Source/NexusForever.Game/Entity/InstancePortalEntity.cs;Source/NexusForever.WorldServer/Network/Message/Handler/Instance,pending,not_retail_complete,"Instance portal Creature2 link is tracked, but retail completion needs portal placement review, level/prerequisite behavior, entry/exit or difficulty handling, queue/instance selection where relevant, and client smoke."
instance_portal_creature,Creature2.tbl.sql,70382,194,Ship to Blighthaven,1,0,0,0,client_creature_linked,70382,Ship to Blighthaven,50,50,candidate_datamapping_creature_bridge,1,31180,ambiguous_name,,Ship to Blighthaven,22,2193,46,not_runtime_seed_reviewed,,,,,datamapping_instance_portal_creature_pending_review_and_entry_smoke,wildstar_client_mysql/InstancePortal.tbl.sql;wildstar_client_mysql/Creature2.tbl.sql;Tools/DataMapping/output/client_source_instanceportal_map.csv;Tools/DataMapping/output/creature_map.csv;Source/NexusForever.Game/Entity/InstancePortalEntity.cs;Source/NexusForever.WorldServer/Network/Message/Handler/Instance,pending,not_retail_complete,"Instance portal Creature2 link is tracked, but retail completion needs portal placement review, level/prerequisite behavior, entry/exit or difficulty handling, queue/instance selection where relevant, and client smoke."
instance_portal_creature,Creature2.tbl.sql,70383,195,Ship to Blighthaven,1,0,0,0,client_creature_linked,70383,Ship to Blighthaven,50,50,reviewed_datamapping_creature_bridge,1,31309,reviewed,approved,Ship to Blighthaven,51,2548,10,not_runtime_seed_reviewed,,,,,reviewed_instance_portal_creature_pending_entry_smoke,wildstar_client_mysql/InstancePortal.tbl.sql;wildstar_client_mysql/Creature2.tbl.sql;Tools/DataMapping/output/client_source_instanceportal_map.csv;Tools/DataMapping/output/creature_map.csv;Source/NexusForever.Game/Entity/InstancePortalEntity.cs;Source/NexusForever.WorldServer/Network/Message/Handler/Instance,pending,not_retail_complete,"Instance portal Creature2 link is tracked, but retail completion needs portal placement review, level/prerequisite behavior, entry/exit or difficulty handling, queue/instance selection where relevant, and client smoke."
instance_portal_creature,Creature2.tbl.sql,70384,196,Ship to the Defile,1,0,0,0,client_creature_linked,70384,Ship to the Defile,50,50,candidate_datamapping_creature_bridge,1,31171,ambiguous_name,,Ship to the Defile,22,2193,46,not_runtime_seed_reviewed,,,,,datamapping_instance_portal_creature_pending_review_and_entry_smoke,wildstar_client_mysql/InstancePortal.tbl.sql;wildstar_client_mysql/Creature2.tbl.sql;Tools/DataMapping/output/client_source_instanceportal_map.csv;Tools/DataMapping/output/creature_map.csv;Source/NexusForever.Game/Entity/InstancePortalEntity.cs;Source/NexusForever.WorldServer/Network/Message/Handler/Instance,pending,not_retail_complete,"Instance portal Creature2 link is tracked, but retail completion needs portal placement review, level/prerequisite behavior, entry/exit or difficulty handling, queue/instance selection where relevant, and client smoke."
instance_portal_creature,Creature2.tbl.sql,70385,197,Ship to the Defile,1,0,0,0,client_creature_linked,70385,Ship to the Defile,50,50,reviewed_datamapping_creature_bridge,1,31361,reviewed,approved,Ship to the Defile,51,2548,10,not_runtime_seed_reviewed,,,,,reviewed_instance_portal_creature_pending_entry_smoke,wildstar_client_mysql/InstancePortal.tbl.sql;wildstar_client_mysql/Creature2.tbl.sql;Tools/DataMapping/output/client_source_instanceportal_map.csv;Tools/DataMapping/output/creature_map.csv;Source/NexusForever.Game/Entity/InstancePortalEntity.cs;Source/NexusForever.WorldServer/Network/Message/Handler/Instance,pending,not_retail_complete,"Instance portal Creature2 link is tracked, but retail completion needs portal placement review, level/prerequisite behavior, entry/exit or difficulty handling, queue/instance selection where relevant, and client smoke."
instance_portal_creature,Creature2.tbl.sql,70386,198,Ship to Illium,1,0,0,0,client_creature_linked,70386,Ship to Illium,50,50,missing_datamapping_creature_bridge,0,,,,,,,,not_runtime_seed_reviewed,,,,,client_instance_portal_creature_link_pending_world_placement_review,wildstar_client_mysql/InstancePortal.tbl.sql;wildstar_client_mysql/Creature2.tbl.sql;Tools/DataMapping/output/client_source_instanceportal_map.csv;Tools/DataMapping/output/creature_map.csv;Source/NexusForever.Game/Entity/InstancePortalEntity.cs;Source/NexusForever.WorldServer/Network/Message/Handler/Instance,pending,not_retail_complete,"Instance portal Creature2 link is tracked, but retail completion needs portal placement review, level/prerequisite behavior, entry/exit or difficulty handling, queue/instance selection where relevant, and client smoke."
instance_portal_creature,Creature2.tbl.sql,70387,199,Ship to Thayd,1,0,0,0,client_creature_linked,70387,Ship to Thayd,50,50,missing_datamapping_creature_bridge,0,,,,,,,,not_runtime_seed_reviewed,,,,,client_instance_portal_creature_link_pending_world_placement_review,wildstar_client_mysql/InstancePortal.tbl.sql;wildstar_client_mysql/Creature2.tbl.sql;Tools/DataMapping/output/client_source_instanceportal_map.csv;Tools/DataMapping/output/creature_map.csv;Source/NexusForever.Game/Entity/InstancePortalEntity.cs;Source/NexusForever.WorldServer/Network/Message/Handler/Instance,pending,not_retail_complete,"Instance portal Creature2 link is tracked, but retail completion needs portal placement review, level/prerequisite behavior, entry/exit or difficulty handling, queue/instance selection where relevant, and client smoke."
instance_portal_creature,Creature2.tbl.sql,70388,200,Ship to Illium,1,0,0,0,client_creature_linked,70388,Ship to Illium,50,50,missing_datamapping_creature_bridge,0,,,,,,,,not_runtime_seed_reviewed,,,,,client_instance_portal_creature_link_pending_world_placement_review,wildstar_client_mysql/InstancePortal.tbl.sql;wildstar_client_mysql/Creature2.tbl.sql;Tools/DataMapping/output/client_source_instanceportal_map.csv;Tools/DataMapping/output/creature_map.csv;Source/NexusForever.Game/Entity/InstancePortalEntity.cs;Source/NexusForever.WorldServer/Network/Message/Handler/Instance,pending,not_retail_complete,"Instance portal Creature2 link is tracked, but retail completion needs portal placement review, level/prerequisite behavior, entry/exit or difficulty handling, queue/instance selection where relevant, and client smoke."
instance_portal_creature,Creature2.tbl.sql,70389,201,Ship to Thayd,1,0,0,0,client_creature_linked,70389,Ship to Thayd,50,50,missing_datamapping_creature_bridge,0,,,,,,,,not_runtime_seed_reviewed,,,,,client_instance_portal_creature_link_pending_world_placement_review,wildstar_client_mysql/InstancePortal.tbl.sql;wildstar_client_mysql/Creature2.tbl.sql;Tools/DataMapping/output/client_source_instanceportal_map.csv;Tools/DataMapping/output/creature_map.csv;Source/NexusForever.Game/Entity/InstancePortalEntity.cs;Source/NexusForever.WorldServer/Network/Message/Handler/Instance,pending,not_retail_complete,"Instance portal Creature2 link is tracked, but retail completion needs portal placement review, level/prerequisite behavior, entry/exit or difficulty handling, queue/instance selection where relevant, and client smoke."
instance_portal_creature,Creature2.tbl.sql,70314,202,Enter Initilization Core Y-83,0,50,50,0,client_creature_linked,70314,Augmentor's Teleporter,1,1,missing_datamapping_creature_bridge,0,,,,,,,,not_runtime_seed_reviewed,,,,,client_instance_portal_creature_link_pending_world_placement_review,wildstar_client_mysql/InstancePortal.tbl.sql;wildstar_client_mysql/Creature2.tbl.sql;Tools/DataMapping/output/client_source_instanceportal_map.csv;Tools/DataMapping/output/creature_map.csv;Source/NexusForever.Game/Entity/InstancePortalEntity.cs;Source/NexusForever.WorldServer/Network/Message/Handler/Instance,pending,not_retail_complete,"Instance portal Creature2 link is tracked, but retail completion needs portal placement review, level/prerequisite behavior, entry/exit or difficulty handling, queue/instance selection where relevant, and client smoke."
instance_portal_creature,Creature2.tbl.sql,70392,203,Exit Initilization Core Y-83,3,50,50,0,client_creature_linked,70392,Exit Panel,1,1,missing_datamapping_creature_bridge,0,,,,,,,,not_runtime_seed_reviewed,,,,,client_instance_portal_creature_link_pending_world_placement_review,wildstar_client_mysql/InstancePortal.tbl.sql;wildstar_client_mysql/Creature2.tbl.sql;Tools/DataMapping/output/client_source_instanceportal_map.csv;Tools/DataMapping/output/creature_map.csv;Source/NexusForever.Game/Entity/InstancePortalEntity.cs;Source/NexusForever.WorldServer/Network/Message/Handler/Instance,pending,not_retail_complete,"Instance portal Creature2 link is tracked, but retail completion needs portal placement review, level/prerequisite behavior, entry/exit or difficulty handling, queue/instance selection where relevant, and client smoke."
instance_portal_creature,Creature2.tbl.sql,70404,204,Ship to Illium,1,0,0,0,client_creature_linked,70404,Ship to Illium,50,50,missing_datamapping_creature_bridge,0,,,,,,,,not_runtime_seed_reviewed,,,,,client_instance_portal_creature_link_pending_world_placement_review,wildstar_client_mysql/InstancePortal.tbl.sql;wildstar_client_mysql/Creature2.tbl.sql;Tools/DataMapping/output/client_source_instanceportal_map.csv;Tools/DataMapping/output/creature_map.csv;Source/NexusForever.Game/Entity/InstancePortalEntity.cs;Source/NexusForever.WorldServer/Network/Message/Handler/Instance,pending,not_retail_complete,"Instance portal Creature2 link is tracked, but retail completion needs portal placement review, level/prerequisite behavior, entry/exit or difficulty handling, queue/instance selection where relevant, and client smoke."
instance_portal_creature,Creature2.tbl.sql,70405,205,Ship to Thayd,1,0,0,0,client_creature_linked,70405,Ship to Thayd,50,50,missing_datamapping_creature_bridge,0,,,,,,,,not_runtime_seed_reviewed,,,,,client_instance_portal_creature_link_pending_world_placement_review,wildstar_client_mysql/InstancePortal.tbl.sql;wildstar_client_mysql/Creature2.tbl.sql;Tools/DataMapping/output/client_source_instanceportal_map.csv;Tools/DataMapping/output/creature_map.csv;Source/NexusForever.Game/Entity/InstancePortalEntity.cs;Source/NexusForever.WorldServer/Network/Message/Handler/Instance,pending,not_retail_complete,"Instance portal Creature2 link is tracked, but retail completion needs portal placement review, level/prerequisite behavior, entry/exit or difficulty handling, queue/instance selection where relevant, and client smoke."
instance_portal_creature,Creature2.tbl.sql,70173,214,Transport to Levian Bay,1,0,0,0,client_creature_linked,70173,Transport to Levian Bay,1,1,candidate_datamapping_creature_bridge,1,31642,ambiguous_name,,Transport to Levian Bay,870,1236,9,not_runtime_seed_reviewed,,,,,datamapping_instance_portal_creature_pending_review_and_entry_smoke,wildstar_client_mysql/InstancePortal.tbl.sql;wildstar_client_mysql/Creature2.tbl.sql;Tools/DataMapping/output/client_source_instanceportal_map.csv;Tools/DataMapping/output/creature_map.csv;Source/NexusForever.Game/Entity/InstancePortalEntity.cs;Source/NexusForever.WorldServer/Network/Message/Handler/Instance,pending,not_retail_complete,"Instance portal Creature2 link is tracked, but retail completion needs portal placement review, level/prerequisite behavior, entry/exit or difficulty handling, queue/instance selection where relevant, and client smoke."
instance_portal_creature,Creature2.tbl.sql,70653,215,Transport to Levian Bay,1,0,0,0,client_creature_linked,70653,Transport to Levian Bay,1,1,missing_datamapping_creature_bridge,0,,,,,,,,not_runtime_seed_reviewed,,,,,client_instance_portal_creature_link_pending_world_placement_review,wildstar_client_mysql/InstancePortal.tbl.sql;wildstar_client_mysql/Creature2.tbl.sql;Tools/DataMapping/output/client_source_instanceportal_map.csv;Tools/DataMapping/output/creature_map.csv;Source/NexusForever.Game/Entity/InstancePortalEntity.cs;Source/NexusForever.WorldServer/Network/Message/Handler/Instance,pending,not_retail_complete,"Instance portal Creature2 link is tracked, but retail completion needs portal placement review, level/prerequisite behavior, entry/exit or difficulty handling, queue/instance selection where relevant, and client smoke."
instance_portal_creature,Creature2.tbl.sql,70174,217,Transport to Crimson Isle,1,0,0,0,client_creature_linked,70174,Transport to Crimson Isle,1,1,reviewed_datamapping_creature_bridge,1,31843,reviewed,approved,Transport to Crimson Isle,1387,1410,18,not_runtime_seed_reviewed,,,,,reviewed_instance_portal_creature_pending_entry_smoke,wildstar_client_mysql/InstancePortal.tbl.sql;wildstar_client_mysql/Creature2.tbl.sql;Tools/DataMapping/output/client_source_instanceportal_map.csv;Tools/DataMapping/output/creature_map.csv;Source/NexusForever.Game/Entity/InstancePortalEntity.cs;Source/NexusForever.WorldServer/Network/Message/Handler/Instance,pending,not_retail_complete,"Instance portal Creature2 link is tracked, but retail completion needs portal placement review, level/prerequisite behavior, entry/exit or difficulty handling, queue/instance selection where relevant, and client smoke."
instance_portal_creature,Creature2.tbl.sql,70662,218,Transport to Crimson Isle,1,0,0,0,client_creature_linked,70662,Transport to Crimson Isle,1,1,missing_datamapping_creature_bridge,0,,,,,,,,not_runtime_seed_reviewed,,,,,client_instance_portal_creature_link_pending_world_placement_review,wildstar_client_mysql/InstancePortal.tbl.sql;wildstar_client_mysql/Creature2.tbl.sql;Tools/DataMapping/output/client_source_instanceportal_map.csv;Tools/DataMapping/output/creature_map.csv;Source/NexusForever.Game/Entity/InstancePortalEntity.cs;Source/NexusForever.WorldServer/Network/Message/Handler/Instance,pending,not_retail_complete,"Instance portal Creature2 link is tracked, but retail completion needs portal placement review, level/prerequisite behavior, entry/exit or difficulty handling, queue/instance selection where relevant, and client smoke."
instance_portal_creature,Creature2.tbl.sql,70172,219,Transport to Everstar Grove,1,0,0,0,client_creature_linked,70172,Transport to Everstar Grove,1,1,reviewed_datamapping_creature_bridge,1,31775,reviewed,approved,Transport to Everstar Grove,426,648,1,not_runtime_seed_reviewed,,,,,reviewed_instance_portal_creature_pending_entry_smoke,wildstar_client_mysql/InstancePortal.tbl.sql;wildstar_client_mysql/Creature2.tbl.sql;Tools/DataMapping/output/client_source_instanceportal_map.csv;Tools/DataMapping/output/creature_map.csv;Source/NexusForever.Game/Entity/InstancePortalEntity.cs;Source/NexusForever.WorldServer/Network/Message/Handler/Instance,pending,not_retail_complete,"Instance portal Creature2 link is tracked, but retail completion needs portal placement review, level/prerequisite behavior, entry/exit or difficulty handling, queue/instance selection where relevant, and client smoke."
instance_portal_creature,Creature2.tbl.sql,70664,219,Transport to Everstar Grove,1,0,0,0,client_creature_linked,70664,Transport to Everstar Grove,1,1,missing_datamapping_creature_bridge,0,,,,,,,,not_runtime_seed_reviewed,,,,,client_instance_portal_creature_link_pending_world_placement_review,wildstar_client_mysql/InstancePortal.tbl.sql;wildstar_client_mysql/Creature2.tbl.sql;Tools/DataMapping/output/client_source_instanceportal_map.csv;Tools/DataMapping/output/creature_map.csv;Source/NexusForever.Game/Entity/InstancePortalEntity.cs;Source/NexusForever.WorldServer/Network/Message/Handler/Instance,pending,not_retail_complete,"Instance portal Creature2 link is tracked, but retail completion needs portal placement review, level/prerequisite behavior, entry/exit or difficulty handling, queue/instance selection where relevant, and client smoke."
instance_portal_creature,Creature2.tbl.sql,70675,223,Leave the Party,3,0,0,0,client_creature_linked,70675,Leave the Island,1,1,missing_datamapping_creature_bridge,0,,,,,,,,not_runtime_seed_reviewed,,,,,client_instance_portal_creature_link_pending_world_placement_review,wildstar_client_mysql/InstancePortal.tbl.sql;wildstar_client_mysql/Creature2.tbl.sql;Tools/DataMapping/output/client_source_instanceportal_map.csv;Tools/DataMapping/output/creature_map.csv;Source/NexusForever.Game/Entity/InstancePortalEntity.cs;Source/NexusForever.WorldServer/Network/Message/Handler/Instance,pending,not_retail_complete,"Instance portal Creature2 link is tracked, but retail completion needs portal placement review, level/prerequisite behavior, entry/exit or difficulty handling, queue/instance selection where relevant, and client smoke."
instance_portal_creature,Creature2.tbl.sql,70782,224,Ship to Arcterra,1,0,0,0,client_creature_linked,70782,Ship to Arcterra,50,50,missing_datamapping_creature_bridge,0,,,,,,,,not_runtime_seed_reviewed,,,,,client_instance_portal_creature_link_pending_world_placement_review,wildstar_client_mysql/InstancePortal.tbl.sql;wildstar_client_mysql/Creature2.tbl.sql;Tools/DataMapping/output/client_source_instanceportal_map.csv;Tools/DataMapping/output/creature_map.csv;Source/NexusForever.Game/Entity/InstancePortalEntity.cs;Source/NexusForever.WorldServer/Network/Message/Handler/Instance,pending,not_retail_complete,"Instance portal Creature2 link is tracked, but retail completion needs portal placement review, level/prerequisite behavior, entry/exit or difficulty handling, queue/instance selection where relevant, and client smoke."
instance_portal_creature,Creature2.tbl.sql,70783,225,Ship to Arcterra,1,0,0,0,client_creature_linked,70783,Ship to Arcterra,50,50,missing_datamapping_creature_bridge,0,,,,,,,,not_runtime_seed_reviewed,,,,,client_instance_portal_creature_link_pending_world_placement_review,wildstar_client_mysql/InstancePortal.tbl.sql;wildstar_client_mysql/Creature2.tbl.sql;Tools/DataMapping/output/client_source_instanceportal_map.csv;Tools/DataMapping/output/creature_map.csv;Source/NexusForever.Game/Entity/InstancePortalEntity.cs;Source/NexusForever.WorldServer/Network/Message/Handler/Instance,pending,not_retail_complete,"Instance portal Creature2 link is tracked, but retail completion needs portal placement review, level/prerequisite behavior, entry/exit or difficulty handling, queue/instance selection where relevant, and client smoke."
instance_portal_creature,Creature2.tbl.sql,70780,226,Ship to Thayd,1,0,0,0,client_creature_linked,70780,Ship to Thayd,50,50,candidate_datamapping_creature_bridge,5,1251;31294;31306;31366;5808,scored_name,,Ship to Thayd,1061;22,1403;2526;4158;430;4306,124;142;22;35;39,not_runtime_seed_reviewed,,,,,datamapping_instance_portal_creature_pending_review_and_entry_smoke,wildstar_client_mysql/InstancePortal.tbl.sql;wildstar_client_mysql/Creature2.tbl.sql;Tools/DataMapping/output/client_source_instanceportal_map.csv;Tools/DataMapping/output/creature_map.csv;Source/NexusForever.Game/Entity/InstancePortalEntity.cs;Source/NexusForever.WorldServer/Network/Message/Handler/Instance,pending,not_retail_complete,"Instance portal Creature2 link is tracked, but retail completion needs portal placement review, level/prerequisite behavior, entry/exit or difficulty handling, queue/instance selection where relevant, and client smoke."
instance_portal_creature,Creature2.tbl.sql,70781,227,Ship to Illium,1,0,0,0,client_creature_linked,70781,Ship to Illium,50,50,candidate_datamapping_creature_bridge,7,10668;2664;27089;31182;31190;31287;7631,scored_name,,Ship to Illium,1061;1421;22,1404;1490;2083;2087;4159;430;4306,124;142;22;24;35;39;89,not_runtime_seed_reviewed,,,,,datamapping_instance_portal_creature_pending_review_and_entry_smoke,wildstar_client_mysql/InstancePortal.tbl.sql;wildstar_client_mysql/Creature2.tbl.sql;Tools/DataMapping/output/client_source_instanceportal_map.csv;Tools/DataMapping/output/creature_map.csv;Source/NexusForever.Game/Entity/InstancePortalEntity.cs;Source/NexusForever.WorldServer/Network/Message/Handler/Instance,pending,not_retail_complete,"Instance portal Creature2 link is tracked, but retail completion needs portal placement review, level/prerequisite behavior, entry/exit or difficulty handling, queue/instance selection where relevant, and client smoke."
instance_portal_creature,Creature2.tbl.sql,70993,228,Evil from the Ether!,1,20,26,30,client_creature_linked,70993,Go to Zarkhov's Shade,1,1,missing_datamapping_creature_bridge,0,,,,,,,,not_runtime_seed_reviewed,,,,,client_instance_portal_creature_link_pending_world_placement_review,wildstar_client_mysql/InstancePortal.tbl.sql;wildstar_client_mysql/Creature2.tbl.sql;Tools/DataMapping/output/client_source_instanceportal_map.csv;Tools/DataMapping/output/creature_map.csv;Source/NexusForever.Game/Entity/InstancePortalEntity.cs;Source/NexusForever.WorldServer/Network/Message/Handler/Instance,pending,not_retail_complete,"Instance portal Creature2 link is tracked, but retail completion needs portal placement review, level/prerequisite behavior, entry/exit or difficulty handling, queue/instance selection where relevant, and client smoke."
instance_portal_creature,Creature2.tbl.sql,70992,229,Exit,3,0,0,0,client_creature_linked,70992,Return to Nexus,1,1,missing_datamapping_creature_bridge,0,,,,,,,,not_runtime_seed_reviewed,,,,,client_instance_portal_creature_link_pending_world_placement_review,wildstar_client_mysql/InstancePortal.tbl.sql;wildstar_client_mysql/Creature2.tbl.sql;Tools/DataMapping/output/client_source_instanceportal_map.csv;Tools/DataMapping/output/creature_map.csv;Source/NexusForever.Game/Entity/InstancePortalEntity.cs;Source/NexusForever.WorldServer/Network/Message/Handler/Instance,pending,not_retail_complete,"Instance portal Creature2 link is tracked, but retail completion needs portal placement review, level/prerequisite behavior, entry/exit or difficulty handling, queue/instance selection where relevant, and client smoke."
instance_portal_creature,Creature2.tbl.sql,71123,230,Combat Training Room,0,6,50,5,client_creature_linked,71123,Teleporter to Combat Training Room,1,1,missing_datamapping_creature_bridge,0,,,,,,,,not_runtime_seed_reviewed,,,,,client_instance_portal_creature_link_pending_world_placement_review,wildstar_client_mysql/InstancePortal.tbl.sql;wildstar_client_mysql/Creature2.tbl.sql;Tools/DataMapping/output/client_source_instanceportal_map.csv;Tools/DataMapping/output/creature_map.csv;Source/NexusForever.Game/Entity/InstancePortalEntity.cs;Source/NexusForever.WorldServer/Network/Message/Handler/Instance,pending,not_retail_complete,"Instance portal Creature2 link is tracked, but retail completion needs portal placement review, level/prerequisite behavior, entry/exit or difficulty handling, queue/instance selection where relevant, and client smoke."
instance_portal_creature,Creature2.tbl.sql,71124,231,Combat Training Room,0,6,50,5,client_creature_linked,71124,Teleporter to Combat Training Room,1,1,missing_datamapping_creature_bridge,0,,,,,,,,not_runtime_seed_reviewed,,,,,client_instance_portal_creature_link_pending_world_placement_review,wildstar_client_mysql/InstancePortal.tbl.sql;wildstar_client_mysql/Creature2.tbl.sql;Tools/DataMapping/output/client_source_instanceportal_map.csv;Tools/DataMapping/output/creature_map.csv;Source/NexusForever.Game/Entity/InstancePortalEntity.cs;Source/NexusForever.WorldServer/Network/Message/Handler/Instance,pending,not_retail_complete,"Instance portal Creature2 link is tracked, but retail completion needs portal placement review, level/prerequisite behavior, entry/exit or difficulty handling, queue/instance selection where relevant, and client smoke."
instance_portal_creature,Creature2.tbl.sql,71103,232,Combat Training Room,0,6,50,5,client_creature_linked,71103,Teleporter to Combat Training Room,1,1,missing_datamapping_creature_bridge,0,,,,,,,,not_runtime_seed_reviewed,,,,,client_instance_portal_creature_link_pending_world_placement_review,wildstar_client_mysql/InstancePortal.tbl.sql;wildstar_client_mysql/Creature2.tbl.sql;Tools/DataMapping/output/client_source_instanceportal_map.csv;Tools/DataMapping/output/creature_map.csv;Source/NexusForever.Game/Entity/InstancePortalEntity.cs;Source/NexusForever.WorldServer/Network/Message/Handler/Instance,pending,not_retail_complete,"Instance portal Creature2 link is tracked, but retail completion needs portal placement review, level/prerequisite behavior, entry/exit or difficulty handling, queue/instance selection where relevant, and client smoke."
instance_portal_creature,Creature2.tbl.sql,71122,233,Combat Training Room,0,6,50,5,client_creature_linked,71122,Teleporter to Combat Training Room,1,1,missing_datamapping_creature_bridge,0,,,,,,,,not_runtime_seed_reviewed,,,,,client_instance_portal_creature_link_pending_world_placement_review,wildstar_client_mysql/InstancePortal.tbl.sql;wildstar_client_mysql/Creature2.tbl.sql;Tools/DataMapping/output/client_source_instanceportal_map.csv;Tools/DataMapping/output/creature_map.csv;Source/NexusForever.Game/Entity/InstancePortalEntity.cs;Source/NexusForever.WorldServer/Network/Message/Handler/Instance,pending,not_retail_complete,"Instance portal Creature2 link is tracked, but retail completion needs portal placement review, level/prerequisite behavior, entry/exit or difficulty handling, queue/instance selection where relevant, and client smoke."
instance_portal_creature,Creature2.tbl.sql,70159,234,Transport to the Northern Wilds,1,0,0,0,client_creature_linked,70159,Transport to Northern Wilds,1,1,missing_datamapping_creature_bridge,0,,,,,,,,not_runtime_seed_reviewed,,,,,client_instance_portal_creature_link_pending_world_placement_review,wildstar_client_mysql/InstancePortal.tbl.sql;wildstar_client_mysql/Creature2.tbl.sql;Tools/DataMapping/output/client_source_instanceportal_map.csv;Tools/DataMapping/output/creature_map.csv;Source/NexusForever.Game/Entity/InstancePortalEntity.cs;Source/NexusForever.WorldServer/Network/Message/Handler/Instance,pending,not_retail_complete,"Instance portal Creature2 link is tracked, but retail completion needs portal placement review, level/prerequisite behavior, entry/exit or difficulty handling, queue/instance selection where relevant, and client smoke."
instance_portal_creature,Creature2.tbl.sql,70663,234,Transport to the Northern Wilds,1,0,0,0,client_creature_linked,70663,Transport to Northern Wilds,1,1,reviewed_datamapping_creature_bridge,1,32007,reviewed,approved,Transport to Northern Wilds,990,1417,23,not_runtime_seed_reviewed,,,,,reviewed_instance_portal_creature_pending_entry_smoke,wildstar_client_mysql/InstancePortal.tbl.sql;wildstar_client_mysql/Creature2.tbl.sql;Tools/DataMapping/output/client_source_instanceportal_map.csv;Tools/DataMapping/output/creature_map.csv;Source/NexusForever.Game/Entity/InstancePortalEntity.cs;Source/NexusForever.WorldServer/Network/Message/Handler/Instance,pending,not_retail_complete,"Instance portal Creature2 link is tracked, but retail completion needs portal placement review, level/prerequisite behavior, entry/exit or difficulty handling, queue/instance selection where relevant, and client smoke."
instance_portal_creature,Creature2.tbl.sql,71609,235,Alpha Sanctum,1,15,20,20,client_creature_linked,71609,Mysterious Portal,1,1,missing_datamapping_creature_bridge,0,,,,,,,,not_runtime_seed_reviewed,,,,,client_instance_portal_creature_link_pending_world_placement_review,wildstar_client_mysql/InstancePortal.tbl.sql;wildstar_client_mysql/Creature2.tbl.sql;Tools/DataMapping/output/client_source_instanceportal_map.csv;Tools/DataMapping/output/creature_map.csv;Source/NexusForever.Game/Entity/InstancePortalEntity.cs;Source/NexusForever.WorldServer/Network/Message/Handler/Instance,pending,not_retail_complete,"Instance portal Creature2 link is tracked, but retail completion needs portal placement review, level/prerequisite behavior, entry/exit or difficulty handling, queue/instance selection where relevant, and client smoke."
instance_portal_creature,Creature2.tbl.sql,71610,236,Alpha Sanctum,1,15,20,20,client_creature_linked,71610,Mysterious Portal,1,1,missing_datamapping_creature_bridge,0,,,,,,,,not_runtime_seed_reviewed,,,,,client_instance_portal_creature_link_pending_world_placement_review,wildstar_client_mysql/InstancePortal.tbl.sql;wildstar_client_mysql/Creature2.tbl.sql;Tools/DataMapping/output/client_source_instanceportal_map.csv;Tools/DataMapping/output/creature_map.csv;Source/NexusForever.Game/Entity/InstancePortalEntity.cs;Source/NexusForever.WorldServer/Network/Message/Handler/Instance,pending,not_retail_complete,"Instance portal Creature2 link is tracked, but retail completion needs portal placement review, level/prerequisite behavior, entry/exit or difficulty handling, queue/instance selection where relevant, and client smoke."
instance_portal_creature,Creature2.tbl.sql,71611,237,Alpha Sanctum,3,15,20,20,client_creature_linked,71611,Mysterious Portal,1,1,missing_datamapping_creature_bridge,0,,,,,,,,not_runtime_seed_reviewed,,,,,client_instance_portal_creature_link_pending_world_placement_review,wildstar_client_mysql/InstancePortal.tbl.sql;wildstar_client_mysql/Creature2.tbl.sql;Tools/DataMapping/output/client_source_instanceportal_map.csv;Tools/DataMapping/output/creature_map.csv;Source/NexusForever.Game/Entity/InstancePortalEntity.cs;Source/NexusForever.WorldServer/Network/Message/Handler/Instance,pending,not_retail_complete,"Instance portal Creature2 link is tracked, but retail completion needs portal placement review, level/prerequisite behavior, entry/exit or difficulty handling, queue/instance selection where relevant, and client smoke."
instance_portal_creature,Creature2.tbl.sql,72097,237,Alpha Sanctum,3,15,20,20,client_creature_linked,72097,Mysterious Portal,1,1,missing_datamapping_creature_bridge,0,,,,,,,,not_runtime_seed_reviewed,,,,,client_instance_portal_creature_link_pending_world_placement_review,wildstar_client_mysql/InstancePortal.tbl.sql;wildstar_client_mysql/Creature2.tbl.sql;Tools/DataMapping/output/client_source_instanceportal_map.csv;Tools/DataMapping/output/creature_map.csv;Source/NexusForever.Game/Entity/InstancePortalEntity.cs;Source/NexusForever.WorldServer/Network/Message/Handler/Instance,pending,not_retail_complete,"Instance portal Creature2 link is tracked, but retail completion needs portal placement review, level/prerequisite behavior, entry/exit or difficulty handling, queue/instance selection where relevant, and client smoke."
instance_portal_creature,Creature2.tbl.sql,56842,238,,1,0,0,0,client_creature_linked,56842,Pomponia Mareia,50,50,missing_datamapping_creature_bridge,0,,,,,,,,not_runtime_seed_reviewed,,,,,client_instance_portal_creature_link_pending_world_placement_review,wildstar_client_mysql/InstancePortal.tbl.sql;wildstar_client_mysql/Creature2.tbl.sql;Tools/DataMapping/output/client_source_instanceportal_map.csv;Tools/DataMapping/output/creature_map.csv;Source/NexusForever.Game/Entity/InstancePortalEntity.cs;Source/NexusForever.WorldServer/Network/Message/Handler/Instance,pending,not_retail_complete,"Instance portal Creature2 link is tracked, but retail completion needs portal placement review, level/prerequisite behavior, entry/exit or difficulty handling, queue/instance selection where relevant, and client smoke."
instance_portal_creature,Creature2.tbl.sql,56872,239,,1,0,0,0,client_creature_linked,56872,Bruxen,50,50,missing_datamapping_creature_bridge,0,,,,,,,,not_runtime_seed_reviewed,,,,,client_instance_portal_creature_link_pending_world_placement_review,wildstar_client_mysql/InstancePortal.tbl.sql;wildstar_client_mysql/Creature2.tbl.sql;Tools/DataMapping/output/client_source_instanceportal_map.csv;Tools/DataMapping/output/creature_map.csv;Source/NexusForever.Game/Entity/InstancePortalEntity.cs;Source/NexusForever.WorldServer/Network/Message/Handler/Instance,pending,not_retail_complete,"Instance portal Creature2 link is tracked, but retail completion needs portal placement review, level/prerequisite behavior, entry/exit or difficulty handling, queue/instance selection where relevant, and client smoke."
instance_portal_creature,Creature2.tbl.sql,72070,240,Portal to Arcterra,1,50,0,0,client_creature_linked,72070,Arcterra Portal,1,1,missing_datamapping_creature_bridge,0,,,,,,,,not_runtime_seed_reviewed,,,,,client_instance_portal_creature_link_pending_world_placement_review,wildstar_client_mysql/InstancePortal.tbl.sql;wildstar_client_mysql/Creature2.tbl.sql;Tools/DataMapping/output/client_source_instanceportal_map.csv;Tools/DataMapping/output/creature_map.csv;Source/NexusForever.Game/Entity/InstancePortalEntity.cs;Source/NexusForever.WorldServer/Network/Message/Handler/Instance,pending,not_retail_complete,"Instance portal Creature2 link is tracked, but retail completion needs portal placement review, level/prerequisite behavior, entry/exit or difficulty handling, queue/instance selection where relevant, and client smoke."
instance_portal_creature,Creature2.tbl.sql,72071,241,Portal to Arcterra,1,50,0,0,client_creature_linked,72071,Arcterra Portal,1,1,missing_datamapping_creature_bridge,0,,,,,,,,not_runtime_seed_reviewed,,,,,client_instance_portal_creature_link_pending_world_placement_review,wildstar_client_mysql/InstancePortal.tbl.sql;wildstar_client_mysql/Creature2.tbl.sql;Tools/DataMapping/output/client_source_instanceportal_map.csv;Tools/DataMapping/output/creature_map.csv;Source/NexusForever.Game/Entity/InstancePortalEntity.cs;Source/NexusForever.WorldServer/Network/Message/Handler/Instance,pending,not_retail_complete,"Instance portal Creature2 link is tracked, but retail completion needs portal placement review, level/prerequisite behavior, entry/exit or difficulty handling, queue/instance selection where relevant, and client smoke."
instance_portal_creature,Creature2.tbl.sql,73028,243,Ship to Crimson Isle,1,0,0,0,client_creature_linked,73028,Illium to Wilderrun via Dominion Transport,1,1,missing_datamapping_creature_bridge,0,,,,,,,,not_runtime_seed_reviewed,,,,,client_instance_portal_creature_link_pending_world_placement_review,wildstar_client_mysql/InstancePortal.tbl.sql;wildstar_client_mysql/Creature2.tbl.sql;Tools/DataMapping/output/client_source_instanceportal_map.csv;Tools/DataMapping/output/creature_map.csv;Source/NexusForever.Game/Entity/InstancePortalEntity.cs;Source/NexusForever.WorldServer/Network/Message/Handler/Instance,pending,not_retail_complete,"Instance portal Creature2 link is tracked, but retail completion needs portal placement review, level/prerequisite behavior, entry/exit or difficulty handling, queue/instance selection where relevant, and client smoke."
instance_portal_creature,Creature2.tbl.sql,73029,244,Fly to Illium,1,0,0,0,client_creature_linked,73029,Wilderrun to Illium via Dominion Transport,1,1,missing_datamapping_creature_bridge,0,,,,,,,,not_runtime_seed_reviewed,,,,,client_instance_portal_creature_link_pending_world_placement_review,wildstar_client_mysql/InstancePortal.tbl.sql;wildstar_client_mysql/Creature2.tbl.sql;Tools/DataMapping/output/client_source_instanceportal_map.csv;Tools/DataMapping/output/creature_map.csv;Source/NexusForever.Game/Entity/InstancePortalEntity.cs;Source/NexusForever.WorldServer/Network/Message/Handler/Instance,pending,not_retail_complete,"Instance portal Creature2 link is tracked, but retail completion needs portal placement review, level/prerequisite behavior, entry/exit or difficulty handling, queue/instance selection where relevant, and client smoke."
instance_portal_creature,Creature2.tbl.sql,73030,245,Ship to Crimson Isle,1,0,0,0,client_creature_linked,73030,Illium to Malgrave via Dominion Transport,1,1,missing_datamapping_creature_bridge,0,,,,,,,,not_runtime_seed_reviewed,,,,,client_instance_portal_creature_link_pending_world_placement_review,wildstar_client_mysql/InstancePortal.tbl.sql;wildstar_client_mysql/Creature2.tbl.sql;Tools/DataMapping/output/client_source_instanceportal_map.csv;Tools/DataMapping/output/creature_map.csv;Source/NexusForever.Game/Entity/InstancePortalEntity.cs;Source/NexusForever.WorldServer/Network/Message/Handler/Instance,pending,not_retail_complete,"Instance portal Creature2 link is tracked, but retail completion needs portal placement review, level/prerequisite behavior, entry/exit or difficulty handling, queue/instance selection where relevant, and client smoke."
instance_portal_creature,Creature2.tbl.sql,73031,246,Ship to Illium,1,0,0,0,client_creature_linked,73031,Malgrave to Illium via Dominion Transport,1,1,missing_datamapping_creature_bridge,0,,,,,,,,not_runtime_seed_reviewed,,,,,client_instance_portal_creature_link_pending_world_placement_review,wildstar_client_mysql/InstancePortal.tbl.sql;wildstar_client_mysql/Creature2.tbl.sql;Tools/DataMapping/output/client_source_instanceportal_map.csv;Tools/DataMapping/output/creature_map.csv;Source/NexusForever.Game/Entity/InstancePortalEntity.cs;Source/NexusForever.WorldServer/Network/Message/Handler/Instance,pending,not_retail_complete,"Instance portal Creature2 link is tracked, but retail completion needs portal placement review, level/prerequisite behavior, entry/exit or difficulty handling, queue/instance selection where relevant, and client smoke."
instance_portal_creature,Creature2.tbl.sql,73089,247,Omechron's Keep,1,50,50,45,client_creature_linked,73089,Holo-Photonic Gateway,1,1,missing_datamapping_creature_bridge,0,,,,,,,,not_runtime_seed_reviewed,,,,,client_instance_portal_creature_link_pending_world_placement_review,wildstar_client_mysql/InstancePortal.tbl.sql;wildstar_client_mysql/Creature2.tbl.sql;Tools/DataMapping/output/client_source_instanceportal_map.csv;Tools/DataMapping/output/creature_map.csv;Source/NexusForever.Game/Entity/InstancePortalEntity.cs;Source/NexusForever.WorldServer/Network/Message/Handler/Instance,pending,not_retail_complete,"Instance portal Creature2 link is tracked, but retail completion needs portal placement review, level/prerequisite behavior, entry/exit or difficulty handling, queue/instance selection where relevant, and client smoke."
instance_portal_creature,Creature2.tbl.sql,73095,248,Halon Ring,1,0,0,0,client_creature_linked,73095,Holo-Photonic Gateway,1,1,missing_datamapping_creature_bridge,0,,,,,,,,not_runtime_seed_reviewed,,,,,client_instance_portal_creature_link_pending_world_placement_review,wildstar_client_mysql/InstancePortal.tbl.sql;wildstar_client_mysql/Creature2.tbl.sql;Tools/DataMapping/output/client_source_instanceportal_map.csv;Tools/DataMapping/output/creature_map.csv;Source/NexusForever.Game/Entity/InstancePortalEntity.cs;Source/NexusForever.WorldServer/Network/Message/Handler/Instance,pending,not_retail_complete,"Instance portal Creature2 link is tracked, but retail completion needs portal placement review, level/prerequisite behavior, entry/exit or difficulty handling, queue/instance selection where relevant, and client smoke."
instance_portal_creature,Creature2.tbl.sql,73344,249,PTR Only - Redmoon Terror Zone-in,1,50,50,0,client_creature_linked,73344,PTR - Redmoon Terror Entrance,1,1,missing_datamapping_creature_bridge,0,,,,,,,,not_runtime_seed_reviewed,,,,,client_instance_portal_creature_link_pending_world_placement_review,wildstar_client_mysql/InstancePortal.tbl.sql;wildstar_client_mysql/Creature2.tbl.sql;Tools/DataMapping/output/client_source_instanceportal_map.csv;Tools/DataMapping/output/creature_map.csv;Source/NexusForever.Game/Entity/InstancePortalEntity.cs;Source/NexusForever.WorldServer/Network/Message/Handler/Instance,pending,not_retail_complete,"Instance portal Creature2 link is tracked, but retail completion needs portal placement review, level/prerequisite behavior, entry/exit or difficulty handling, queue/instance selection where relevant, and client smoke."
instance_portal_creature,Creature2.tbl.sql,70087,250,,1,0,0,0,client_creature_linked,70087,Exile Attackship to Whitevale Cinematic,13,13,missing_datamapping_creature_bridge,0,,,,,,,,not_runtime_seed_reviewed,,,,,client_instance_portal_creature_link_pending_world_placement_review,wildstar_client_mysql/InstancePortal.tbl.sql;wildstar_client_mysql/Creature2.tbl.sql;Tools/DataMapping/output/client_source_instanceportal_map.csv;Tools/DataMapping/output/creature_map.csv;Source/NexusForever.Game/Entity/InstancePortalEntity.cs;Source/NexusForever.WorldServer/Network/Message/Handler/Instance,pending,not_retail_complete,"Instance portal Creature2 link is tracked, but retail completion needs portal placement review, level/prerequisite behavior, entry/exit or difficulty handling, queue/instance selection where relevant, and client smoke."
instance_portal_creature,Creature2.tbl.sql,70101,250,,1,0,0,0,client_creature_linked,70101,Exile Transport to Whitevale Cinematic,13,13,missing_datamapping_creature_bridge,0,,,,,,,,not_runtime_seed_reviewed,,,,,client_instance_portal_creature_link_pending_world_placement_review,wildstar_client_mysql/InstancePortal.tbl.sql;wildstar_client_mysql/Creature2.tbl.sql;Tools/DataMapping/output/client_source_instanceportal_map.csv;Tools/DataMapping/output/creature_map.csv;Source/NexusForever.Game/Entity/InstancePortalEntity.cs;Source/NexusForever.WorldServer/Network/Message/Handler/Instance,pending,not_retail_complete,"Instance portal Creature2 link is tracked, but retail completion needs portal placement review, level/prerequisite behavior, entry/exit or difficulty handling, queue/instance selection where relevant, and client smoke."
instance_portal_creature,Creature2.tbl.sql,70088,251,,1,0,0,0,client_creature_linked,70088,Exile Attackship to Farside Cinematic,13,13,missing_datamapping_creature_bridge,0,,,,,,,,not_runtime_seed_reviewed,,,,,client_instance_portal_creature_link_pending_world_placement_review,wildstar_client_mysql/InstancePortal.tbl.sql;wildstar_client_mysql/Creature2.tbl.sql;Tools/DataMapping/output/client_source_instanceportal_map.csv;Tools/DataMapping/output/creature_map.csv;Source/NexusForever.Game/Entity/InstancePortalEntity.cs;Source/NexusForever.WorldServer/Network/Message/Handler/Instance,pending,not_retail_complete,"Instance portal Creature2 link is tracked, but retail completion needs portal placement review, level/prerequisite behavior, entry/exit or difficulty handling, queue/instance selection where relevant, and client smoke."
instance_portal_creature,Creature2.tbl.sql,70102,251,,1,0,0,0,client_creature_linked,70102,Exile Transport to Farside Cinematic,13,13,missing_datamapping_creature_bridge,0,,,,,,,,not_runtime_seed_reviewed,,,,,client_instance_portal_creature_link_pending_world_placement_review,wildstar_client_mysql/InstancePortal.tbl.sql;wildstar_client_mysql/Creature2.tbl.sql;Tools/DataMapping/output/client_source_instanceportal_map.csv;Tools/DataMapping/output/creature_map.csv;Source/NexusForever.Game/Entity/InstancePortalEntity.cs;Source/NexusForever.WorldServer/Network/Message/Handler/Instance,pending,not_retail_complete,"Instance portal Creature2 link is tracked, but retail completion needs portal placement review, level/prerequisite behavior, entry/exit or difficulty handling, queue/instance selection where relevant, and client smoke."
instance_portal_creature,Creature2.tbl.sql,70089,252,,1,0,0,0,client_creature_linked,70089,Exile Attackship to Wilderrun Cinematic,13,13,missing_datamapping_creature_bridge,0,,,,,,,,not_runtime_seed_reviewed,,,,,client_instance_portal_creature_link_pending_world_placement_review,wildstar_client_mysql/InstancePortal.tbl.sql;wildstar_client_mysql/Creature2.tbl.sql;Tools/DataMapping/output/client_source_instanceportal_map.csv;Tools/DataMapping/output/creature_map.csv;Source/NexusForever.Game/Entity/InstancePortalEntity.cs;Source/NexusForever.WorldServer/Network/Message/Handler/Instance,pending,not_retail_complete,"Instance portal Creature2 link is tracked, but retail completion needs portal placement review, level/prerequisite behavior, entry/exit or difficulty handling, queue/instance selection where relevant, and client smoke."
instance_portal_creature,Creature2.tbl.sql,70103,252,,1,0,0,0,client_creature_linked,70103,Exile Transport to Wilderrun Cinematic,13,13,missing_datamapping_creature_bridge,0,,,,,,,,not_runtime_seed_reviewed,,,,,client_instance_portal_creature_link_pending_world_placement_review,wildstar_client_mysql/InstancePortal.tbl.sql;wildstar_client_mysql/Creature2.tbl.sql;Tools/DataMapping/output/client_source_instanceportal_map.csv;Tools/DataMapping/output/creature_map.csv;Source/NexusForever.Game/Entity/InstancePortalEntity.cs;Source/NexusForever.WorldServer/Network/Message/Handler/Instance,pending,not_retail_complete,"Instance portal Creature2 link is tracked, but retail completion needs portal placement review, level/prerequisite behavior, entry/exit or difficulty handling, queue/instance selection where relevant, and client smoke."
instance_portal_creature,Creature2.tbl.sql,70090,253,,1,0,0,0,client_creature_linked,70090,Exile Attackship to Malgrave Cinematic,13,13,missing_datamapping_creature_bridge,0,,,,,,,,not_runtime_seed_reviewed,,,,,client_instance_portal_creature_link_pending_world_placement_review,wildstar_client_mysql/InstancePortal.tbl.sql;wildstar_client_mysql/Creature2.tbl.sql;Tools/DataMapping/output/client_source_instanceportal_map.csv;Tools/DataMapping/output/creature_map.csv;Source/NexusForever.Game/Entity/InstancePortalEntity.cs;Source/NexusForever.WorldServer/Network/Message/Handler/Instance,pending,not_retail_complete,"Instance portal Creature2 link is tracked, but retail completion needs portal placement review, level/prerequisite behavior, entry/exit or difficulty handling, queue/instance selection where relevant, and client smoke."
instance_portal_creature,Creature2.tbl.sql,70104,253,,1,0,0,0,client_creature_linked,70104,Exile Transport to Malgrave Cinematic,13,13,missing_datamapping_creature_bridge,0,,,,,,,,not_runtime_seed_reviewed,,,,,client_instance_portal_creature_link_pending_world_placement_review,wildstar_client_mysql/InstancePortal.tbl.sql;wildstar_client_mysql/Creature2.tbl.sql;Tools/DataMapping/output/client_source_instanceportal_map.csv;Tools/DataMapping/output/creature_map.csv;Source/NexusForever.Game/Entity/InstancePortalEntity.cs;Source/NexusForever.WorldServer/Network/Message/Handler/Instance,pending,not_retail_complete,"Instance portal Creature2 link is tracked, but retail completion needs portal placement review, level/prerequisite behavior, entry/exit or difficulty handling, queue/instance selection where relevant, and client smoke."
instance_portal_creature,Creature2.tbl.sql,70091,254,,1,0,0,0,client_creature_linked,70091,Exile Attackship to Grimvault Cinematic,13,13,missing_datamapping_creature_bridge,0,,,,,,,,not_runtime_seed_reviewed,,,,,client_instance_portal_creature_link_pending_world_placement_review,wildstar_client_mysql/InstancePortal.tbl.sql;wildstar_client_mysql/Creature2.tbl.sql;Tools/DataMapping/output/client_source_instanceportal_map.csv;Tools/DataMapping/output/creature_map.csv;Source/NexusForever.Game/Entity/InstancePortalEntity.cs;Source/NexusForever.WorldServer/Network/Message/Handler/Instance,pending,not_retail_complete,"Instance portal Creature2 link is tracked, but retail completion needs portal placement review, level/prerequisite behavior, entry/exit or difficulty handling, queue/instance selection where relevant, and client smoke."
instance_portal_creature,Creature2.tbl.sql,70105,254,,1,0,0,0,client_creature_linked,70105,Exile Transport to Grimvault Cinematic,13,13,missing_datamapping_creature_bridge,0,,,,,,,,not_runtime_seed_reviewed,,,,,client_instance_portal_creature_link_pending_world_placement_review,wildstar_client_mysql/InstancePortal.tbl.sql;wildstar_client_mysql/Creature2.tbl.sql;Tools/DataMapping/output/client_source_instanceportal_map.csv;Tools/DataMapping/output/creature_map.csv;Source/NexusForever.Game/Entity/InstancePortalEntity.cs;Source/NexusForever.WorldServer/Network/Message/Handler/Instance,pending,not_retail_complete,"Instance portal Creature2 link is tracked, but retail completion needs portal placement review, level/prerequisite behavior, entry/exit or difficulty handling, queue/instance selection where relevant, and client smoke."
instance_portal_creature,Creature2.tbl.sql,70092,255,,1,0,0,0,client_creature_linked,70092,Exile Attackship to Crimson Badlands Cinematic,13,13,missing_datamapping_creature_bridge,0,,,,,,,,not_runtime_seed_reviewed,,,,,client_instance_portal_creature_link_pending_world_placement_review,wildstar_client_mysql/InstancePortal.tbl.sql;wildstar_client_mysql/Creature2.tbl.sql;Tools/DataMapping/output/client_source_instanceportal_map.csv;Tools/DataMapping/output/creature_map.csv;Source/NexusForever.Game/Entity/InstancePortalEntity.cs;Source/NexusForever.WorldServer/Network/Message/Handler/Instance,pending,not_retail_complete,"Instance portal Creature2 link is tracked, but retail completion needs portal placement review, level/prerequisite behavior, entry/exit or difficulty handling, queue/instance selection where relevant, and client smoke."
instance_portal_creature,Creature2.tbl.sql,70106,255,,1,0,0,0,client_creature_linked,70106,Exile Transport to Crimson Badlands Cinematic,13,13,missing_datamapping_creature_bridge,0,,,,,,,,not_runtime_seed_reviewed,,,,,client_instance_portal_creature_link_pending_world_placement_review,wildstar_client_mysql/InstancePortal.tbl.sql;wildstar_client_mysql/Creature2.tbl.sql;Tools/DataMapping/output/client_source_instanceportal_map.csv;Tools/DataMapping/output/creature_map.csv;Source/NexusForever.Game/Entity/InstancePortalEntity.cs;Source/NexusForever.WorldServer/Network/Message/Handler/Instance,pending,not_retail_complete,"Instance portal Creature2 link is tracked, but retail completion needs portal placement review, level/prerequisite behavior, entry/exit or difficulty handling, queue/instance selection where relevant, and client smoke."
instance_portal_creature,Creature2.tbl.sql,70093,256,,1,0,0,0,client_creature_linked,70093,Exile Attackship to Northern Wastes Cinematic,13,13,missing_datamapping_creature_bridge,0,,,,,,,,not_runtime_seed_reviewed,,,,,client_instance_portal_creature_link_pending_world_placement_review,wildstar_client_mysql/InstancePortal.tbl.sql;wildstar_client_mysql/Creature2.tbl.sql;Tools/DataMapping/output/client_source_instanceportal_map.csv;Tools/DataMapping/output/creature_map.csv;Source/NexusForever.Game/Entity/InstancePortalEntity.cs;Source/NexusForever.WorldServer/Network/Message/Handler/Instance,pending,not_retail_complete,"Instance portal Creature2 link is tracked, but retail completion needs portal placement review, level/prerequisite behavior, entry/exit or difficulty handling, queue/instance selection where relevant, and client smoke."
instance_portal_creature,Creature2.tbl.sql,70107,256,,1,0,0,0,client_creature_linked,70107,Exile Transport to Northern Wastes Cinematic,13,13,missing_datamapping_creature_bridge,0,,,,,,,,not_runtime_seed_reviewed,,,,,client_instance_portal_creature_link_pending_world_placement_review,wildstar_client_mysql/InstancePortal.tbl.sql;wildstar_client_mysql/Creature2.tbl.sql;Tools/DataMapping/output/client_source_instanceportal_map.csv;Tools/DataMapping/output/creature_map.csv;Source/NexusForever.Game/Entity/InstancePortalEntity.cs;Source/NexusForever.WorldServer/Network/Message/Handler/Instance,pending,not_retail_complete,"Instance portal Creature2 link is tracked, but retail completion needs portal placement review, level/prerequisite behavior, entry/exit or difficulty handling, queue/instance selection where relevant, and client smoke."
instance_portal_creature,Creature2.tbl.sql,73407,257,Portal to Halon Ring,1,50,0,0,client_creature_linked,73407,Halon Ring Portal,1,1,missing_datamapping_creature_bridge,0,,,,,,,,not_runtime_seed_reviewed,,,,,client_instance_portal_creature_link_pending_world_placement_review,wildstar_client_mysql/InstancePortal.tbl.sql;wildstar_client_mysql/Creature2.tbl.sql;Tools/DataMapping/output/client_source_instanceportal_map.csv;Tools/DataMapping/output/creature_map.csv;Source/NexusForever.Game/Entity/InstancePortalEntity.cs;Source/NexusForever.WorldServer/Network/Message/Handler/Instance,pending,not_retail_complete,"Instance portal Creature2 link is tracked, but retail completion needs portal placement review, level/prerequisite behavior, entry/exit or difficulty handling, queue/instance selection where relevant, and client smoke."
instance_portal_creature,Creature2.tbl.sql,73697,258,The Vault of the Archon,1,50,50,45,client_creature_linked,73697,Pilot Layla,50,50,missing_datamapping_creature_bridge,0,,,,,,,,not_runtime_seed_reviewed,,,,,client_instance_portal_creature_link_pending_world_placement_review,wildstar_client_mysql/InstancePortal.tbl.sql;wildstar_client_mysql/Creature2.tbl.sql;Tools/DataMapping/output/client_source_instanceportal_map.csv;Tools/DataMapping/output/creature_map.csv;Source/NexusForever.Game/Entity/InstancePortalEntity.cs;Source/NexusForever.WorldServer/Network/Message/Handler/Instance,pending,not_retail_complete,"Instance portal Creature2 link is tracked, but retail completion needs portal placement review, level/prerequisite behavior, entry/exit or difficulty handling, queue/instance selection where relevant, and client smoke."
instance_portal_creature,Creature2.tbl.sql,73698,258,The Vault of the Archon,1,50,50,45,client_creature_linked,73698,Pilot Cylene,50,50,missing_datamapping_creature_bridge,0,,,,,,,,not_runtime_seed_reviewed,,,,,client_instance_portal_creature_link_pending_world_placement_review,wildstar_client_mysql/InstancePortal.tbl.sql;wildstar_client_mysql/Creature2.tbl.sql;Tools/DataMapping/output/client_source_instanceportal_map.csv;Tools/DataMapping/output/creature_map.csv;Source/NexusForever.Game/Entity/InstancePortalEntity.cs;Source/NexusForever.WorldServer/Network/Message/Handler/Instance,pending,not_retail_complete,"Instance portal Creature2 link is tracked, but retail completion needs portal placement review, level/prerequisite behavior, entry/exit or difficulty handling, queue/instance selection where relevant, and client smoke."
instance_portal_creature,Creature2.tbl.sql,75138,259,The Vault of the Archon,3,50,50,45,client_creature_linked,75138,Emergency Extraction Console,1,1,missing_datamapping_creature_bridge,0,,,,,,,,not_runtime_seed_reviewed,,,,,client_instance_portal_creature_link_pending_world_placement_review,wildstar_client_mysql/InstancePortal.tbl.sql;wildstar_client_mysql/Creature2.tbl.sql;Tools/DataMapping/output/client_source_instanceportal_map.csv;Tools/DataMapping/output/creature_map.csv;Source/NexusForever.Game/Entity/InstancePortalEntity.cs;Source/NexusForever.WorldServer/Network/Message/Handler/Instance,pending,not_retail_complete,"Instance portal Creature2 link is tracked, but retail completion needs portal placement review, level/prerequisite behavior, entry/exit or difficulty handling, queue/instance selection where relevant, and client smoke."
instance_portal_creature,Creature2.tbl.sql,75139,259,The Vault of the Archon,3,50,50,45,client_creature_linked,75139,Emergency Extraction Console,1,1,missing_datamapping_creature_bridge,0,,,,,,,,not_runtime_seed_reviewed,,,,,client_instance_portal_creature_link_pending_world_placement_review,wildstar_client_mysql/InstancePortal.tbl.sql;wildstar_client_mysql/Creature2.tbl.sql;Tools/DataMapping/output/client_source_instanceportal_map.csv;Tools/DataMapping/output/creature_map.csv;Source/NexusForever.Game/Entity/InstancePortalEntity.cs;Source/NexusForever.WorldServer/Network/Message/Handler/Instance,pending,not_retail_complete,"Instance portal Creature2 link is tracked, but retail completion needs portal placement review, level/prerequisite behavior, entry/exit or difficulty handling, queue/instance selection where relevant, and client smoke."
instance_portal_creature,Creature2.tbl.sql,75392,262,Ship to Palaver Point,1,0,0,0,client_creature_linked,75392,Transit Terminal,1,1,missing_datamapping_creature_bridge,0,,,,,,,,not_runtime_seed_reviewed,,,,,client_instance_portal_creature_link_pending_world_placement_review,wildstar_client_mysql/InstancePortal.tbl.sql;wildstar_client_mysql/Creature2.tbl.sql;Tools/DataMapping/output/client_source_instanceportal_map.csv;Tools/DataMapping/output/creature_map.csv;Source/NexusForever.Game/Entity/InstancePortalEntity.cs;Source/NexusForever.WorldServer/Network/Message/Handler/Instance,pending,not_retail_complete,"Instance portal Creature2 link is tracked, but retail completion needs portal placement review, level/prerequisite behavior, entry/exit or difficulty handling, queue/instance selection where relevant, and client smoke."
instance_portal_creature,Creature2.tbl.sql,75404,262,Ship to Palaver Point,1,0,0,0,client_creature_linked,75404,Transit Terminal,1,1,missing_datamapping_creature_bridge,0,,,,,,,,not_runtime_seed_reviewed,,,,,client_instance_portal_creature_link_pending_world_placement_review,wildstar_client_mysql/InstancePortal.tbl.sql;wildstar_client_mysql/Creature2.tbl.sql;Tools/DataMapping/output/client_source_instanceportal_map.csv;Tools/DataMapping/output/creature_map.csv;Source/NexusForever.Game/Entity/InstancePortalEntity.cs;Source/NexusForever.WorldServer/Network/Message/Handler/Instance,pending,not_retail_complete,"Instance portal Creature2 link is tracked, but retail completion needs portal placement review, level/prerequisite behavior, entry/exit or difficulty handling, queue/instance selection where relevant, and client smoke."
instance_portal_creature,Creature2.tbl.sql,75406,264,Ship to Deradune,1,0,0,0,client_creature_linked,75406,Transit Terminal,1,1,missing_datamapping_creature_bridge,0,,,,,,,,not_runtime_seed_reviewed,,,,,client_instance_portal_creature_link_pending_world_placement_review,wildstar_client_mysql/InstancePortal.tbl.sql;wildstar_client_mysql/Creature2.tbl.sql;Tools/DataMapping/output/client_source_instanceportal_map.csv;Tools/DataMapping/output/creature_map.csv;Source/NexusForever.Game/Entity/InstancePortalEntity.cs;Source/NexusForever.WorldServer/Network/Message/Handler/Instance,pending,not_retail_complete,"Instance portal Creature2 link is tracked, but retail completion needs portal placement review, level/prerequisite behavior, entry/exit or difficulty handling, queue/instance selection where relevant, and client smoke."
instance_portal_creature,Creature2.tbl.sql,75407,265,Ship to Algoroc,1,0,0,0,client_creature_linked,75407,Transit Terminal,1,1,missing_datamapping_creature_bridge,0,,,,,,,,not_runtime_seed_reviewed,,,,,client_instance_portal_creature_link_pending_world_placement_review,wildstar_client_mysql/InstancePortal.tbl.sql;wildstar_client_mysql/Creature2.tbl.sql;Tools/DataMapping/output/client_source_instanceportal_map.csv;Tools/DataMapping/output/creature_map.csv;Source/NexusForever.Game/Entity/InstancePortalEntity.cs;Source/NexusForever.WorldServer/Network/Message/Handler/Instance,pending,not_retail_complete,"Instance portal Creature2 link is tracked, but retail completion needs portal placement review, level/prerequisite behavior, entry/exit or difficulty handling, queue/instance selection where relevant, and client smoke."
instance_portal_creature,Creature2.tbl.sql,75506,267,Redmoon Terror,1,50,50,0,client_creature_linked,75506,Redmoon Terror Teleportation Console,1,1,missing_datamapping_creature_bridge,0,,,,,,,,not_runtime_seed_reviewed,,,,,client_instance_portal_creature_link_pending_world_placement_review,wildstar_client_mysql/InstancePortal.tbl.sql;wildstar_client_mysql/Creature2.tbl.sql;Tools/DataMapping/output/client_source_instanceportal_map.csv;Tools/DataMapping/output/creature_map.csv;Source/NexusForever.Game/Entity/InstancePortalEntity.cs;Source/NexusForever.WorldServer/Network/Message/Handler/Instance,pending,not_retail_complete,"Instance portal Creature2 link is tracked, but retail completion needs portal placement review, level/prerequisite behavior, entry/exit or difficulty handling, queue/instance selection where relevant, and client smoke."
instance_portal_creature,Creature2.tbl.sql,75507,268,Disembark from the Redmoon Terror,3,0,0,0,client_creature_linked,75507,Redmoon Getaway Ship,1,1,missing_datamapping_creature_bridge,0,,,,,,,,not_runtime_seed_reviewed,,,,,client_instance_portal_creature_link_pending_world_placement_review,wildstar_client_mysql/InstancePortal.tbl.sql;wildstar_client_mysql/Creature2.tbl.sql;Tools/DataMapping/output/client_source_instanceportal_map.csv;Tools/DataMapping/output/creature_map.csv;Source/NexusForever.Game/Entity/InstancePortalEntity.cs;Source/NexusForever.WorldServer/Network/Message/Handler/Instance,pending,not_retail_complete,"Instance portal Creature2 link is tracked, but retail completion needs portal placement review, level/prerequisite behavior, entry/exit or difficulty handling, queue/instance selection where relevant, and client smoke."
instance_portal_creature,Creature2.tbl.sql,75701,269,Enter Coldblood Citadel,0,50,50,30,client_creature_linked,75701,Coldblood Citadel,50,50,missing_datamapping_creature_bridge,0,,,,,,,,not_runtime_seed_reviewed,,,,,client_instance_portal_creature_link_pending_world_placement_review,wildstar_client_mysql/InstancePortal.tbl.sql;wildstar_client_mysql/Creature2.tbl.sql;Tools/DataMapping/output/client_source_instanceportal_map.csv;Tools/DataMapping/output/creature_map.csv;Source/NexusForever.Game/Entity/InstancePortalEntity.cs;Source/NexusForever.WorldServer/Network/Message/Handler/Instance,pending,not_retail_complete,"Instance portal Creature2 link is tracked, but retail completion needs portal placement review, level/prerequisite behavior, entry/exit or difficulty handling, queue/instance selection where relevant, and client smoke."
instance_portal_creature,Creature2.tbl.sql,75702,270,Leave Coldblood Citadel,2,0,0,0,client_creature_linked,75702,Leave Coldblood Citadel,50,50,missing_datamapping_creature_bridge,0,,,,,,,,not_runtime_seed_reviewed,,,,,client_instance_portal_creature_link_pending_world_placement_review,wildstar_client_mysql/InstancePortal.tbl.sql;wildstar_client_mysql/Creature2.tbl.sql;Tools/DataMapping/output/client_source_instanceportal_map.csv;Tools/DataMapping/output/creature_map.csv;Source/NexusForever.Game/Entity/InstancePortalEntity.cs;Source/NexusForever.WorldServer/Network/Message/Handler/Instance,pending,not_retail_complete,"Instance portal Creature2 link is tracked, but retail completion needs portal placement review, level/prerequisite behavior, entry/exit or difficulty handling, queue/instance selection where relevant, and client smoke."
instance_portal_creature,Creature2.tbl.sql,75837,271,Leave Coldblood Citadel,3,0,0,0,client_creature_linked,75837,Leave Coldblood Citadel,50,50,missing_datamapping_creature_bridge,0,,,,,,,,not_runtime_seed_reviewed,,,,,client_instance_portal_creature_link_pending_world_placement_review,wildstar_client_mysql/InstancePortal.tbl.sql;wildstar_client_mysql/Creature2.tbl.sql;Tools/DataMapping/output/client_source_instanceportal_map.csv;Tools/DataMapping/output/creature_map.csv;Source/NexusForever.Game/Entity/InstancePortalEntity.cs;Source/NexusForever.WorldServer/Network/Message/Handler/Instance,pending,not_retail_complete,"Instance portal Creature2 link is tracked, but retail completion needs portal placement review, level/prerequisite behavior, entry/exit or difficulty handling, queue/instance selection where relevant, and client smoke."
instance_portal_definition,InstancePortal.tbl.sql,1,1,Test Dungeon,0,1,100,30,definition_without_creature_link,,,,,no_client_creature_link,0,,,,,,,,not_runtime_seed_reviewed,,,,,client_instance_portal_definition_without_creature_link_blocked,wildstar_client_mysql/InstancePortal.tbl.sql;Tools/DataMapping/output/client_source_instanceportal_map.csv;Source/NexusForever.Game/Entity/InstancePortalEntity.cs,pending,not_retail_complete,"Instance portal definition has no current Creature2.instancePortalId link, so retail completion needs a creature/object bridge or rejection proof before it can support playable content."
instance_portal_definition,InstancePortal.tbl.sql,3,3,Snake Eye Mine,0,11,14,60,definition_without_creature_link,,,,,no_client_creature_link,0,,,,,,,,not_runtime_seed_reviewed,,,,,client_instance_portal_definition_without_creature_link_blocked,wildstar_client_mysql/InstancePortal.tbl.sql;Tools/DataMapping/output/client_source_instanceportal_map.csv;Source/NexusForever.Game/Entity/InstancePortalEntity.cs,pending,not_retail_complete,"Instance portal definition has no current Creature2.instancePortalId link, so retail completion needs a creature/object bridge or rejection proof before it can support playable content."
instance_portal_definition,InstancePortal.tbl.sql,5,5,The Skull's Eye,1,6,10,10,definition_without_creature_link,,,,,no_client_creature_link,0,,,,,,,,not_runtime_seed_reviewed,,,,,client_instance_portal_definition_without_creature_link_blocked,wildstar_client_mysql/InstancePortal.tbl.sql;Tools/DataMapping/output/client_source_instanceportal_map.csv;Source/NexusForever.Game/Entity/InstancePortalEntity.cs,pending,not_retail_complete,"Instance portal definition has no current Creature2.instancePortalId link, so retail completion needs a creature/object bridge or rejection proof before it can support playable content."
instance_portal_definition,InstancePortal.tbl.sql,48,48,Exit back to housing,2,6,0,0,definition_without_creature_link,,,,,no_client_creature_link,0,,,,,,,,not_runtime_seed_reviewed,,,,,client_instance_portal_definition_without_creature_link_blocked,wildstar_client_mysql/InstancePortal.tbl.sql;Tools/DataMapping/output/client_source_instanceportal_map.csv;Source/NexusForever.Game/Entity/InstancePortalEntity.cs,pending,not_retail_complete,"Instance portal definition has no current Creature2.instancePortalId link, so retail completion needs a creature/object bridge or rejection proof before it can support playable content."
instance_portal_definition,InstancePortal.tbl.sql,61,61,Space Station Venture,1,30,36,45,definition_without_creature_link,,,,,no_client_creature_link,0,,,,,,,,not_runtime_seed_reviewed,,,,,client_instance_portal_definition_without_creature_link_blocked,wildstar_client_mysql/InstancePortal.tbl.sql;Tools/DataMapping/output/client_source_instanceportal_map.csv;Source/NexusForever.Game/Entity/InstancePortalEntity.cs,pending,not_retail_complete,"Instance portal definition has no current Creature2.instancePortalId link, so retail completion needs a creature/object bridge or rejection proof before it can support playable content."
instance_portal_definition,InstancePortal.tbl.sql,63,63,Ship to Wilderrun,1,0,0,0,definition_without_creature_link,,,,,no_client_creature_link,0,,,,,,,,not_runtime_seed_reviewed,,,,,client_instance_portal_definition_without_creature_link_blocked,wildstar_client_mysql/InstancePortal.tbl.sql;Tools/DataMapping/output/client_source_instanceportal_map.csv;Source/NexusForever.Game/Entity/InstancePortalEntity.cs,pending,not_retail_complete,"Instance portal definition has no current Creature2.instancePortalId link, so retail completion needs a creature/object bridge or rejection proof before it can support playable content."
instance_portal_definition,InstancePortal.tbl.sql,64,64,Ship to Wilderrun,1,0,0,0,definition_without_creature_link,,,,,no_client_creature_link,0,,,,,,,,not_runtime_seed_reviewed,,,,,client_instance_portal_definition_without_creature_link_blocked,wildstar_client_mysql/InstancePortal.tbl.sql;Tools/DataMapping/output/client_source_instanceportal_map.csv;Source/NexusForever.Game/Entity/InstancePortalEntity.cs,pending,not_retail_complete,"Instance portal definition has no current Creature2.instancePortalId link, so retail completion needs a creature/object bridge or rejection proof before it can support playable content."
instance_portal_definition,InstancePortal.tbl.sql,82,82,,1,1,50,30,definition_without_creature_link,,,,,no_client_creature_link,0,,,,,,,,not_runtime_seed_reviewed,,,,,client_instance_portal_definition_without_creature_link_blocked,wildstar_client_mysql/InstancePortal.tbl.sql;Tools/DataMapping/output/client_source_instanceportal_map.csv;Source/NexusForever.Game/Entity/InstancePortalEntity.cs,pending,not_retail_complete,"Instance portal definition has no current Creature2.instancePortalId link, so retail completion needs a creature/object bridge or rejection proof before it can support playable content."
instance_portal_definition,InstancePortal.tbl.sql,84,84,Ship to Malgrave,1,0,0,0,definition_without_creature_link,,,,,no_client_creature_link,0,,,,,,,,not_runtime_seed_reviewed,,,,,client_instance_portal_definition_without_creature_link_blocked,wildstar_client_mysql/InstancePortal.tbl.sql;Tools/DataMapping/output/client_source_instanceportal_map.csv;Source/NexusForever.Game/Entity/InstancePortalEntity.cs,pending,not_retail_complete,"Instance portal definition has no current Creature2.instancePortalId link, so retail completion needs a creature/object bridge or rejection proof before it can support playable content."
instance_portal_definition,InstancePortal.tbl.sql,86,86,Ship to Malgrave,1,0,0,0,definition_without_creature_link,,,,,no_client_creature_link,0,,,,,,,,not_runtime_seed_reviewed,,,,,client_instance_portal_definition_without_creature_link_blocked,wildstar_client_mysql/InstancePortal.tbl.sql;Tools/DataMapping/output/client_source_instanceportal_map.csv;Source/NexusForever.Game/Entity/InstancePortalEntity.cs,pending,not_retail_complete,"Instance portal definition has no current Creature2.instancePortalId link, so retail completion needs a creature/object bridge or rejection proof before it can support playable content."
instance_portal_definition,InstancePortal.tbl.sql,98,98,Beta Only - Genetic Archives Zone-in,1,50,50,0,definition_without_creature_link,,,,,no_client_creature_link,0,,,,,,,,not_runtime_seed_reviewed,,,,,client_instance_portal_definition_without_creature_link_blocked,wildstar_client_mysql/InstancePortal.tbl.sql;Tools/DataMapping/output/client_source_instanceportal_map.csv;Source/NexusForever.Game/Entity/InstancePortalEntity.cs,pending,not_retail_complete,"Instance portal definition has no current Creature2.instancePortalId link, so retail completion needs a creature/object bridge or rejection proof before it can support playable content."
instance_portal_definition,InstancePortal.tbl.sql,220,220,Transport to Everstar Grove,1,0,0,0,definition_without_creature_link,,,,,no_client_creature_link,0,,,,,,,,not_runtime_seed_reviewed,,,,,client_instance_portal_definition_without_creature_link_blocked,wildstar_client_mysql/InstancePortal.tbl.sql;Tools/DataMapping/output/client_source_instanceportal_map.csv;Source/NexusForever.Game/Entity/InstancePortalEntity.cs,pending,not_retail_complete,"Instance portal definition has no current Creature2.instancePortalId link, so retail completion needs a creature/object bridge or rejection proof before it can support playable content."
instance_portal_definition,InstancePortal.tbl.sql,221,221,Transport to Northern Wilds,1,0,0,0,definition_without_creature_link,,,,,no_client_creature_link,0,,,,,,,,not_runtime_seed_reviewed,,,,,client_instance_portal_definition_without_creature_link_blocked,wildstar_client_mysql/InstancePortal.tbl.sql;Tools/DataMapping/output/client_source_instanceportal_map.csv;Source/NexusForever.Game/Entity/InstancePortalEntity.cs,pending,not_retail_complete,"Instance portal definition has no current Creature2.instancePortalId link, so retail completion needs a creature/object bridge or rejection proof before it can support playable content."
instance_portal_definition,InstancePortal.tbl.sql,222,222,Transport to Northern Wilds,1,0,0,0,definition_without_creature_link,,,,,no_client_creature_link,0,,,,,,,,not_runtime_seed_reviewed,,,,,client_instance_portal_definition_without_creature_link_blocked,wildstar_client_mysql/InstancePortal.tbl.sql;Tools/DataMapping/output/client_source_instanceportal_map.csv;Source/NexusForever.Game/Entity/InstancePortalEntity.cs,pending,not_retail_complete,"Instance portal definition has no current Creature2.instancePortalId link, so retail completion needs a creature/object bridge or rejection proof before it can support playable content."
instance_portal_definition,InstancePortal.tbl.sql,260,260,Teleport to Underground Casino,1,0,50,0,definition_without_creature_link,,,,,no_client_creature_link,0,,,,,,,,not_runtime_seed_reviewed,,,,,client_instance_portal_definition_without_creature_link_blocked,wildstar_client_mysql/InstancePortal.tbl.sql;Tools/DataMapping/output/client_source_instanceportal_map.csv;Source/NexusForever.Game/Entity/InstancePortalEntity.cs,pending,not_retail_complete,"Instance portal definition has no current Creature2.instancePortalId link, so retail completion needs a creature/object bridge or rejection proof before it can support playable content."
instance_portal_definition,InstancePortal.tbl.sql,261,261,Teleport back to Housing Plot,3,0,50,0,definition_without_creature_link,,,,,no_client_creature_link,0,,,,,,,,not_runtime_seed_reviewed,,,,,client_instance_portal_definition_without_creature_link_blocked,wildstar_client_mysql/InstancePortal.tbl.sql;Tools/DataMapping/output/client_source_instanceportal_map.csv;Source/NexusForever.Game/Entity/InstancePortalEntity.cs,pending,not_retail_complete,"Instance portal definition has no current Creature2.instancePortalId link, so retail completion needs a creature/object bridge or rejection proof before it can support playable content."
instance_portal_definition,InstancePortal.tbl.sql,263,263,Ship to Palaver Point,1,0,0,0,definition_without_creature_link,,,,,no_client_creature_link,0,,,,,,,,not_runtime_seed_reviewed,,,,,client_instance_portal_definition_without_creature_link_blocked,wildstar_client_mysql/InstancePortal.tbl.sql;Tools/DataMapping/output/client_source_instanceportal_map.csv;Source/NexusForever.Game/Entity/InstancePortalEntity.cs,pending,not_retail_complete,"Instance portal definition has no current Creature2.instancePortalId link, so retail completion needs a creature/object bridge or rejection proof before it can support playable content."
instance_portal_definition,InstancePortal.tbl.sql,266,266,Entrance to Redmoon Terror,1,50,0,0,definition_without_creature_link,,,,,no_client_creature_link,0,,,,,,,,not_runtime_seed_reviewed,,,,,client_instance_portal_definition_without_creature_link_blocked,wildstar_client_mysql/InstancePortal.tbl.sql;Tools/DataMapping/output/client_source_instanceportal_map.csv;Source/NexusForever.Game/Entity/InstancePortalEntity.cs,pending,not_retail_complete,"Instance portal definition has no current Creature2.instancePortalId link, so retail completion needs a creature/object bridge or rejection proof before it can support playable content."
