content_type,world_id,instance_name,dependency_type,dependency_id,entity_id,creature_id,entity_type,area_id,event_id,phase,script_name,stat,value,x,y,z,rx,ry,rz,display_info,outfit_info,faction1,faction2,quest_checklist_idx,active_prop_id,world_socket_id,mode,reconciliation_field,reconciliation_value,related_events,related_scripts,related_stats,source_comment,evidence_status,evidence_sources,manual_validation,completion_status,blocker_summary
dungeon,3522,Coldblood Citadel,entity,1100300001,1100300001,75508,0,0,,,,,,459.544,-467.2018,-596.769,0,0,0,24808,0,691,691,0,0,0,0,,,907:1,HailstoneGatecrasherEntityScript,10=50,"Coldblood Citadel Hailstone Gatecrasher; source creature 75508; event 907 phase 1; Branch SQL supplies event 907 phase 1, level stat 50, and HailstoneGatecrasherEntityScript; current C# has the WIP-guessed event script and matching entity script.",reviewed_laughingws_instance_entity_pending_spawn_and_mechanics_smoke,Tools/DataMapping/sql/laughingws_instance_entity_wip_seed.sql;Tools/DataMapping/extract_laughingws_instance_entities.py;Source/NexusForever.Script.Instance;Decomp/Analysis/LAUGHINGWS_INSTANCES_AND_MORE_AUDIT.md,pending,not_retail_complete,"Reviewed instance placement is tracked, but retail completion needs spawn lifecycle, interaction/combat behavior, choreography, reward/loot hooks, and manual instance smoke."
dungeon,3522,Coldblood Citadel,entity,1100300002,1100300002,75624,10,0,,,,,,604.33,-475.452,-322.957,0,0,0,30327,0,219,219,0,0,0,0,,,907:0,,,Coldblood Citadel Gather Ring; source creature 75624; event 907 phase 0; Branch SQL supplies event 907 phase 0; current C# tracks and removes PublicEventCreature.GatherRing during the WIP-guessed phase handoff.,reviewed_laughingws_instance_entity_pending_spawn_and_mechanics_smoke,Tools/DataMapping/sql/laughingws_instance_entity_wip_seed.sql;Tools/DataMapping/extract_laughingws_instance_entities.py;Source/NexusForever.Script.Instance;Decomp/Analysis/LAUGHINGWS_INSTANCES_AND_MORE_AUDIT.md,pending,not_retail_complete,"Reviewed instance placement is tracked, but retail completion needs spawn lifecycle, interaction/combat behavior, choreography, reward/loot hooks, and manual instance smoke."
dungeon,3522,Coldblood Citadel,entity,1100300003,1100300003,75698,4,0,,,,,,371,-456.92,-592.31,1.570796327,0,0,36619,0,219,219,0,0,0,0,,,907:2,,,"Coldblood Citadel Coldblood Gate; source creature 75698; event 907 phase 2; Branch SQL supplies event 907 phase 2; exact door choreography is still blocked, so this remains a WIP placement row.",reviewed_laughingws_instance_entity_pending_spawn_and_mechanics_smoke,Tools/DataMapping/sql/laughingws_instance_entity_wip_seed.sql;Tools/DataMapping/extract_laughingws_instance_entities.py;Source/NexusForever.Script.Instance;Decomp/Analysis/LAUGHINGWS_INSTANCES_AND_MORE_AUDIT.md,pending,not_retail_complete,"Reviewed instance placement is tracked, but retail completion needs spawn lifecycle, interaction/combat behavior, choreography, reward/loot hooks, and manual instance smoke."
event_instance,3094,Map\ProtostarWinterfest,entity,1100300004,1100300004,68636,10,0,,,,,,560.946,-908.0902,119.026,0,0,0,30327,0,219,219,0,0,0,0,,,679:0,,,"Protostar SuperMall Gather Marker; source creature 68636; event 679 phase 0; Branch SQL supplies event 679 phase 0; current runtime only has the map binding, so event routing/cinematics remain blocked.",reviewed_laughingws_instance_entity_pending_spawn_and_mechanics_smoke,Tools/DataMapping/sql/laughingws_instance_entity_wip_seed.sql;Tools/DataMapping/extract_laughingws_instance_entities.py;Source/NexusForever.Script.Instance;Decomp/Analysis/LAUGHINGWS_INSTANCES_AND_MORE_AUDIT.md,pending,not_retail_complete,"Reviewed instance placement is tracked, but retail completion needs spawn lifecycle, interaction/combat behavior, choreography, reward/loot hooks, and manual instance smoke."
expedition,2149,Space Madness,entity,1100300005,1100300005,45900,0,2483,,,,,,-14.70037,4.950619,337.0874,0,0,0,28578,0,466,466,0,0,0,0,,,390:0,,0=1,Space Madness Captain Tero; source creature 45900; event 390 phase 0; Branch SQL supplies event 390 phase 0 and the current Space Madness event script starts at TalkToCaptainTero; placement is preserved as WIP/GUESSED pending manual expedition smoke.,reviewed_laughingws_instance_entity_pending_spawn_and_mechanics_smoke,Tools/DataMapping/sql/laughingws_instance_entity_wip_seed.sql;Tools/DataMapping/extract_laughingws_instance_entities.py;Source/NexusForever.Script.Instance;Decomp/Analysis/LAUGHINGWS_INSTANCES_AND_MORE_AUDIT.md,pending,not_retail_complete,"Reviewed instance placement is tracked, but retail completion needs spawn lifecycle, interaction/combat behavior, choreography, reward/loot hooks, and manual instance smoke."
expedition,2149,Space Madness,entity,1100300006,1100300006,45812,0,2482,,,,,,-40.0482,4.858062,310.5947,0,0,0,29020,9128,219,219,0,0,0,0,,,390:1,,0=1,Space Madness Major Lee Barmy; source creature 45812; event 390 phase 1; Branch SQL supplies event 390 phase 1 and the current Space Madness event script advances to TalkToMajorLeeBarmy; placement is preserved as WIP/GUESSED pending manual expedition smoke.,reviewed_laughingws_instance_entity_pending_spawn_and_mechanics_smoke,Tools/DataMapping/sql/laughingws_instance_entity_wip_seed.sql;Tools/DataMapping/extract_laughingws_instance_entities.py;Source/NexusForever.Script.Instance;Decomp/Analysis/LAUGHINGWS_INSTANCES_AND_MORE_AUDIT.md,pending,not_retail_complete,"Reviewed instance placement is tracked, but retail completion needs spawn lifecycle, interaction/combat behavior, choreography, reward/loot hooks, and manual instance smoke."
expedition,2149,Space Madness,entity,1100300007,1100300007,45972,10,2415,,,,,,-39.72298,7.399887,158.1838,0,0,0,23951,0,219,219,0,0,0,0,,,390:2,,,"Space Madness Observation Deck Computer; source creature 45972; event 390 phase 2; Branch SQL supplies event 390 phase 2 for the observation-deck computer; the source comment says coordinates need fixing, so this remains WIP/GUESSED placement data.",reviewed_laughingws_instance_entity_pending_spawn_and_mechanics_smoke,Tools/DataMapping/sql/laughingws_instance_entity_wip_seed.sql;Tools/DataMapping/extract_laughingws_instance_entities.py;Source/NexusForever.Script.Instance;Decomp/Analysis/LAUGHINGWS_INSTANCES_AND_MORE_AUDIT.md,pending,not_retail_complete,"Reviewed instance placement is tracked, but retail completion needs spawn lifecycle, interaction/combat behavior, choreography, reward/loot hooks, and manual instance smoke."
expedition,2149,Space Madness,entity,1100300008,1100300008,46092,10,2415,,,,,,7.77,7.399887,84.36,0,0,0,23951,0,219,219,0,0,0,0,,,390:3,,,"Space Madness Hazmat Control Panel; source creature 46092; event 390 phase 3; Branch SQL supplies event 390 phase 3 for the hazmat control panel; the source comment says coordinates need fixing, so this remains WIP/GUESSED placement data.",reviewed_laughingws_instance_entity_pending_spawn_and_mechanics_smoke,Tools/DataMapping/sql/laughingws_instance_entity_wip_seed.sql;Tools/DataMapping/extract_laughingws_instance_entities.py;Source/NexusForever.Script.Instance;Decomp/Analysis/LAUGHINGWS_INSTANCES_AND_MORE_AUDIT.md,pending,not_retail_complete,"Reviewed instance placement is tracked, but retail completion needs spawn lifecycle, interaction/combat behavior, choreography, reward/loot hooks, and manual instance smoke."
expedition,2149,Space Madness,entity,1100300009,1100300009,46483,0,2415,,,,,,25.23,-2.91,120.42,1.57079,0,0,27827,0,218,218,0,0,0,0,,,390:4,,0=1;10=32,"Space Madness Exact Change 3.0; source creature 46483; event 390 phase 4; Branch SQL supplies event 390 phase 4 and source level/stat notes for Exact Change 3.0; current script only activates the livestock phase objective, so combat behavior remains blocked.",reviewed_laughingws_instance_entity_pending_spawn_and_mechanics_smoke,Tools/DataMapping/sql/laughingws_instance_entity_wip_seed.sql;Tools/DataMapping/extract_laughingws_instance_entities.py;Source/NexusForever.Script.Instance;Decomp/Analysis/LAUGHINGWS_INSTANCES_AND_MORE_AUDIT.md,pending,not_retail_complete,"Reviewed instance placement is tracked, but retail completion needs spawn lifecycle, interaction/combat behavior, choreography, reward/loot hooks, and manual instance smoke."
expedition,2149,Space Madness,entity,1100300010,1100300010,46714,0,2415,,,,,,7.12621,-2.9093,112.0714,2.64731,0,0,26022,9347,218,218,0,0,0,0,,,390:4,,0=1;10=32,"Space Madness Blazing Crewman A; source creature 46714; event 390 phase 4; Branch SQL supplies the first event 390 phase 4 Blazing Crewman row; current script only activates phase objectives, so spawn/combat behavior remains WIP/GUESSED.",reviewed_laughingws_instance_entity_pending_spawn_and_mechanics_smoke,Tools/DataMapping/sql/laughingws_instance_entity_wip_seed.sql;Tools/DataMapping/extract_laughingws_instance_entities.py;Source/NexusForever.Script.Instance;Decomp/Analysis/LAUGHINGWS_INSTANCES_AND_MORE_AUDIT.md,pending,not_retail_complete,"Reviewed instance placement is tracked, but retail completion needs spawn lifecycle, interaction/combat behavior, choreography, reward/loot hooks, and manual instance smoke."
expedition,2149,Space Madness,entity,1100300011,1100300011,46714,0,2415,,,,,,12.919,-2.91,124.5722,2.64731,0,0,26022,9347,218,218,0,0,0,0,,,390:4,,0=1;10=32,"Space Madness Blazing Crewman B; source creature 46714; event 390 phase 4; Branch SQL supplies the second event 390 phase 4 Blazing Crewman row; current script only activates phase objectives, so spawn/combat behavior remains WIP/GUESSED.",reviewed_laughingws_instance_entity_pending_spawn_and_mechanics_smoke,Tools/DataMapping/sql/laughingws_instance_entity_wip_seed.sql;Tools/DataMapping/extract_laughingws_instance_entities.py;Source/NexusForever.Script.Instance;Decomp/Analysis/LAUGHINGWS_INSTANCES_AND_MORE_AUDIT.md,pending,not_retail_complete,"Reviewed instance placement is tracked, but retail completion needs spawn lifecycle, interaction/combat behavior, choreography, reward/loot hooks, and manual instance smoke."
expedition,2149,Space Madness,entity,1100300012,1100300012,45981,10,2415,,,,,,4.41,0,72.89,0,0,0,23951,0,219,219,0,0,0,0,,,390:5,,,"Space Madness Hazmat Suit; source creature 45981; event 390 phase 5; Branch SQL supplies event 390 phase 5 for the hazmat suit; the source comment says coordinates need fixing, so this remains WIP/GUESSED placement data.",reviewed_laughingws_instance_entity_pending_spawn_and_mechanics_smoke,Tools/DataMapping/sql/laughingws_instance_entity_wip_seed.sql;Tools/DataMapping/extract_laughingws_instance_entities.py;Source/NexusForever.Script.Instance;Decomp/Analysis/LAUGHINGWS_INSTANCES_AND_MORE_AUDIT.md,pending,not_retail_complete,"Reviewed instance placement is tracked, but retail completion needs spawn lifecycle, interaction/combat behavior, choreography, reward/loot hooks, and manual instance smoke."
expedition,2183,Gauntlet,entity,1100300013,1100300013,48580,0,2620,,,,,,541.0117,0.2229719,-513.6139,0,0,0,21338,0,219,219,0,0,0,0,,,446:0,,0=1,Gauntlet Pilot Taboro; source creature 48580; event 446 phase 0; Branch SQL supplies event 446 phase 0 and the current Gauntlet event script starts at TalkToPilotTaboro; placement is preserved as WIP/GUESSED pending manual expedition smoke.,reviewed_laughingws_instance_entity_pending_spawn_and_mechanics_smoke,Tools/DataMapping/sql/laughingws_instance_entity_wip_seed.sql;Tools/DataMapping/extract_laughingws_instance_entities.py;Source/NexusForever.Script.Instance;Decomp/Analysis/LAUGHINGWS_INSTANCES_AND_MORE_AUDIT.md,pending,not_retail_complete,"Reviewed instance placement is tracked, but retail completion needs spawn lifecycle, interaction/combat behavior, choreography, reward/loot hooks, and manual instance smoke."
expedition,2183,Gauntlet,entity,1100300014,1100300014,58979,10,2620,,,,,,523.0805,0.1994047,-507.9437,0,0,0,30327,0,219,219,0,0,0,0,,,,,,"Gauntlet Gather Marker; source creature 58979; no source entity_event row; Branch SQL supplies a static gather marker with no entity_event row; current Gauntlet script creates gather triggers dynamically, so this placement stays WIP/GUESSED and choreography-blocked.",reviewed_laughingws_instance_entity_pending_spawn_and_mechanics_smoke,Tools/DataMapping/sql/laughingws_instance_entity_wip_seed.sql;Tools/DataMapping/extract_laughingws_instance_entities.py;Source/NexusForever.Script.Instance;Decomp/Analysis/LAUGHINGWS_INSTANCES_AND_MORE_AUDIT.md,pending,not_retail_complete,"Reviewed instance placement is tracked, but retail completion needs spawn lifecycle, interaction/combat behavior, choreography, reward/loot hooks, and manual instance smoke."
expedition,3180,Fragment Zero,entity,1100300015,1100300015,71762,0,4619,,,,,,9873.75,-765.9531,-5848.58,0,0,0,32807,0,219,219,0,0,0,0,,,,,0=1;20=0;22=0,"Fragment Zero Freight Supervisor Lola; source creature 71762; no source entity_event row; Branch SQL supplies Freight Supervisor Lola as a static Fragment Zero row; current script uses Supervisor Lola communicator ids, but exact NPC phase/timing proof remains blocked.",reviewed_laughingws_instance_entity_pending_spawn_and_mechanics_smoke,Tools/DataMapping/sql/laughingws_instance_entity_wip_seed.sql;Tools/DataMapping/extract_laughingws_instance_entities.py;Source/NexusForever.Script.Instance;Decomp/Analysis/LAUGHINGWS_INSTANCES_AND_MORE_AUDIT.md,pending,not_retail_complete,"Reviewed instance placement is tracked, but retail completion needs spawn lifecycle, interaction/combat behavior, choreography, reward/loot hooks, and manual instance smoke."
expedition,1232,Infestation,entity,1100300016,1100300016,71764,0,1158,,,,,,4.41241,-500,14.0114,0,0,0,28578,0,219,219,0,0,0,0,,,,,0=1,"Infestation Captain Tolben; source creature 71764; no source entity_event row; Branch SQL supplies Captain Tolben as a static Infestation row; current script starts the cargo-ship objective chain, but exact NPC interaction/timing proof remains blocked.",reviewed_laughingws_instance_entity_pending_spawn_and_mechanics_smoke,Tools/DataMapping/sql/laughingws_instance_entity_wip_seed.sql;Tools/DataMapping/extract_laughingws_instance_entities.py;Source/NexusForever.Script.Instance;Decomp/Analysis/LAUGHINGWS_INSTANCES_AND_MORE_AUDIT.md,pending,not_retail_complete,"Reviewed instance placement is tracked, but retail completion needs spawn lifecycle, interaction/combat behavior, choreography, reward/loot hooks, and manual instance smoke."
expedition,1319,Outpost M-13,entity,1100300017,1100300017,41201,0,1540,,,,,,9791.18,-932.668,5264.279,0,0,0,28578,0,466,466,0,0,0,0,,,108:0,,0=1,Outpost M-13 Captain Milo; source creature 41201; event 108 phase 0; Branch SQL supplies event 108 phase 0 and the current Outpost M-13 event script starts at TalkToCaptainMilo; placement is preserved as WIP/GUESSED pending manual expedition smoke.,reviewed_laughingws_instance_entity_pending_spawn_and_mechanics_smoke,Tools/DataMapping/sql/laughingws_instance_entity_wip_seed.sql;Tools/DataMapping/extract_laughingws_instance_entities.py;Source/NexusForever.Script.Instance;Decomp/Analysis/LAUGHINGWS_INSTANCES_AND_MORE_AUDIT.md,pending,not_retail_complete,"Reviewed instance placement is tracked, but retail completion needs spawn lifecycle, interaction/combat behavior, choreography, reward/loot hooks, and manual instance smoke."
expedition,3404,Evil from the Ether,entity,1100300018,1100300018,71847,0,0,,,,,,-62.29986,-826.7423,315.39798,-3.1415925,-0,0,24324,0,219,219,0,0,0,0,,,781:23,,,"Evil from the Ether Drive Spark A; source creature 71847; event 781 phase 23; Branch SQL supplies event 781 phase 23, which maps to the current PickUpDriveSchematics phase; official DB has no matching row, so this is WIP/GUESSED visual/objective-phase placement only.",reviewed_laughingws_instance_entity_pending_spawn_and_mechanics_smoke,Tools/DataMapping/sql/laughingws_instance_entity_wip_seed.sql;Tools/DataMapping/extract_laughingws_instance_entities.py;Source/NexusForever.Script.Instance;Decomp/Analysis/LAUGHINGWS_INSTANCES_AND_MORE_AUDIT.md,pending,not_retail_complete,"Reviewed instance placement is tracked, but retail completion needs spawn lifecycle, interaction/combat behavior, choreography, reward/loot hooks, and manual instance smoke."
expedition,3404,Evil from the Ether,entity,1100300019,1100300019,71847,0,0,,,,,,-42.11708,-819.4943,316.413,-3.1415925,-0,0,24324,0,219,219,0,0,0,0,,,781:23,,,"Evil from the Ether Drive Spark B; source creature 71847; event 781 phase 23; Branch SQL supplies event 781 phase 23, which maps to the current PickUpDriveSchematics phase; official DB has no matching row, so this is WIP/GUESSED visual/objective-phase placement only.",reviewed_laughingws_instance_entity_pending_spawn_and_mechanics_smoke,Tools/DataMapping/sql/laughingws_instance_entity_wip_seed.sql;Tools/DataMapping/extract_laughingws_instance_entities.py;Source/NexusForever.Script.Instance;Decomp/Analysis/LAUGHINGWS_INSTANCES_AND_MORE_AUDIT.md,pending,not_retail_complete,"Reviewed instance placement is tracked, but retail completion needs spawn lifecycle, interaction/combat behavior, choreography, reward/loot hooks, and manual instance smoke."
expedition,3404,Evil from the Ether,entity,1100300020,1100300020,71847,0,0,,,,,,-50.01624,-826.74396,309.8,-3.1415925,-0,0,24324,0,219,219,0,0,0,0,,,781:23,,,"Evil from the Ether Drive Spark C; source creature 71847; event 781 phase 23; Branch SQL supplies event 781 phase 23, which maps to the current PickUpDriveSchematics phase; official DB has no matching row, so this is WIP/GUESSED visual/objective-phase placement only.",reviewed_laughingws_instance_entity_pending_spawn_and_mechanics_smoke,Tools/DataMapping/sql/laughingws_instance_entity_wip_seed.sql;Tools/DataMapping/extract_laughingws_instance_entities.py;Source/NexusForever.Script.Instance;Decomp/Analysis/LAUGHINGWS_INSTANCES_AND_MORE_AUDIT.md,pending,not_retail_complete,"Reviewed instance placement is tracked, but retail completion needs spawn lifecycle, interaction/combat behavior, choreography, reward/loot hooks, and manual instance smoke."
expedition,3404,Evil from the Ether,entity,1100300021,1100300021,71847,0,0,,,,,,-63.714478,-817.7603,312.456,-3.1415925,-0,0,24324,0,219,219,0,0,0,0,,,781:23,,,"Evil from the Ether Drive Spark D; source creature 71847; event 781 phase 23; Branch SQL supplies event 781 phase 23, which maps to the current PickUpDriveSchematics phase; official DB has no matching row, so this is WIP/GUESSED visual/objective-phase placement only.",reviewed_laughingws_instance_entity_pending_spawn_and_mechanics_smoke,Tools/DataMapping/sql/laughingws_instance_entity_wip_seed.sql;Tools/DataMapping/extract_laughingws_instance_entities.py;Source/NexusForever.Script.Instance;Decomp/Analysis/LAUGHINGWS_INSTANCES_AND_MORE_AUDIT.md,pending,not_retail_complete,"Reviewed instance placement is tracked, but retail completion needs spawn lifecycle, interaction/combat behavior, choreography, reward/loot hooks, and manual instance smoke."
expedition,3404,Evil from the Ether,entity,1100300022,1100300022,71847,0,0,,,,,,-43.03138,-826.57556,313.40698,-3.1415925,-0,0,24324,0,219,219,0,0,0,0,,,781:23,,,"Evil from the Ether Drive Spark E; source creature 71847; event 781 phase 23; Branch SQL supplies event 781 phase 23, which maps to the current PickUpDriveSchematics phase; official DB has no matching row, so this is WIP/GUESSED visual/objective-phase placement only.",reviewed_laughingws_instance_entity_pending_spawn_and_mechanics_smoke,Tools/DataMapping/sql/laughingws_instance_entity_wip_seed.sql;Tools/DataMapping/extract_laughingws_instance_entities.py;Source/NexusForever.Script.Instance;Decomp/Analysis/LAUGHINGWS_INSTANCES_AND_MORE_AUDIT.md,pending,not_retail_complete,"Reviewed instance placement is tracked, but retail completion needs spawn lifecycle, interaction/combat behavior, choreography, reward/loot hooks, and manual instance smoke."
expedition,3404,Evil from the Ether,entity,1100300023,1100300023,71847,0,0,,,,,,-51.01272,-819.90674,320.367,-3.1415925,-0,0,24324,0,219,219,0,0,0,0,,,781:23,,,"Evil from the Ether Drive Spark F; source creature 71847; event 781 phase 23; Branch SQL supplies event 781 phase 23, which maps to the current PickUpDriveSchematics phase; official DB has no matching row, so this is WIP/GUESSED visual/objective-phase placement only.",reviewed_laughingws_instance_entity_pending_spawn_and_mechanics_smoke,Tools/DataMapping/sql/laughingws_instance_entity_wip_seed.sql;Tools/DataMapping/extract_laughingws_instance_entities.py;Source/NexusForever.Script.Instance;Decomp/Analysis/LAUGHINGWS_INSTANCES_AND_MORE_AUDIT.md,pending,not_retail_complete,"Reviewed instance placement is tracked, but retail completion needs spawn lifecycle, interaction/combat behavior, choreography, reward/loot hooks, and manual instance smoke."
expedition,3404,Evil from the Ether,entity,1100300024,1100300024,71847,0,0,,,,,,-59.60385,-818.0261,320.757,-3.1415925,-0,0,24324,0,219,219,0,0,0,0,,,781:23,,,"Evil from the Ether Drive Spark G; source creature 71847; event 781 phase 23; Branch SQL supplies event 781 phase 23, which maps to the current PickUpDriveSchematics phase; official DB has no matching row, so this is WIP/GUESSED visual/objective-phase placement only.",reviewed_laughingws_instance_entity_pending_spawn_and_mechanics_smoke,Tools/DataMapping/sql/laughingws_instance_entity_wip_seed.sql;Tools/DataMapping/extract_laughingws_instance_entities.py;Source/NexusForever.Script.Instance;Decomp/Analysis/LAUGHINGWS_INSTANCES_AND_MORE_AUDIT.md,pending,not_retail_complete,"Reviewed instance placement is tracked, but retail completion needs spawn lifecycle, interaction/combat behavior, choreography, reward/loot hooks, and manual instance smoke."
expedition,3404,Evil from the Ether,entity,1100300025,1100300025,71847,0,0,,,,,,-47.63262,-813.7216,320.81198,-3.1415925,-0,0,24324,0,219,219,0,0,0,0,,,781:23,,,"Evil from the Ether Drive Spark H; source creature 71847; event 781 phase 23; Branch SQL supplies event 781 phase 23, which maps to the current PickUpDriveSchematics phase; official DB has no matching row, so this is WIP/GUESSED visual/objective-phase placement only.",reviewed_laughingws_instance_entity_pending_spawn_and_mechanics_smoke,Tools/DataMapping/sql/laughingws_instance_entity_wip_seed.sql;Tools/DataMapping/extract_laughingws_instance_entities.py;Source/NexusForever.Script.Instance;Decomp/Analysis/LAUGHINGWS_INSTANCES_AND_MORE_AUDIT.md,pending,not_retail_complete,"Reviewed instance placement is tracked, but retail completion needs spawn lifecycle, interaction/combat behavior, choreography, reward/loot hooks, and manual instance smoke."
expedition,3404,Evil from the Ether,entity,1100300026,1100300026,71847,0,0,,,,,,-55.35622,-815.50745,306.914,-3.1415925,-0,0,24324,0,219,219,0,0,0,0,,,781:23,,,"Evil from the Ether Drive Spark I; source creature 71847; event 781 phase 23; Branch SQL supplies event 781 phase 23, which maps to the current PickUpDriveSchematics phase; official DB has no matching row, so this is WIP/GUESSED visual/objective-phase placement only.",reviewed_laughingws_instance_entity_pending_spawn_and_mechanics_smoke,Tools/DataMapping/sql/laughingws_instance_entity_wip_seed.sql;Tools/DataMapping/extract_laughingws_instance_entities.py;Source/NexusForever.Script.Instance;Decomp/Analysis/LAUGHINGWS_INSTANCES_AND_MORE_AUDIT.md,pending,not_retail_complete,"Reviewed instance placement is tracked, but retail completion needs spawn lifecycle, interaction/combat behavior, choreography, reward/loot hooks, and manual instance smoke."
expedition,3404,Evil from the Ether,entity,1100300027,1100300027,71847,0,0,,,,,,-58.10405,-818.83215,310.94598,-3.1415925,-0,0,24324,0,219,219,0,0,0,0,,,781:23,,,"Evil from the Ether Drive Spark J; source creature 71847; event 781 phase 23; Branch SQL supplies event 781 phase 23, which maps to the current PickUpDriveSchematics phase; official DB has no matching row, so this is WIP/GUESSED visual/objective-phase placement only.",reviewed_laughingws_instance_entity_pending_spawn_and_mechanics_smoke,Tools/DataMapping/sql/laughingws_instance_entity_wip_seed.sql;Tools/DataMapping/extract_laughingws_instance_entities.py;Source/NexusForever.Script.Instance;Decomp/Analysis/LAUGHINGWS_INSTANCES_AND_MORE_AUDIT.md,pending,not_retail_complete,"Reviewed instance placement is tracked, but retail completion needs spawn lifecycle, interaction/combat behavior, choreography, reward/loot hooks, and manual instance smoke."
expedition,3404,Evil from the Ether,entity,1100300028,1100300028,71847,0,0,,,,,,-51.504288,-820.1912,304.748,-3.1415925,-0,0,24324,0,219,219,0,0,0,0,,,781:23,,,"Evil from the Ether Drive Spark K; source creature 71847; event 781 phase 23; Branch SQL supplies event 781 phase 23, which maps to the current PickUpDriveSchematics phase; official DB has no matching row, so this is WIP/GUESSED visual/objective-phase placement only.",reviewed_laughingws_instance_entity_pending_spawn_and_mechanics_smoke,Tools/DataMapping/sql/laughingws_instance_entity_wip_seed.sql;Tools/DataMapping/extract_laughingws_instance_entities.py;Source/NexusForever.Script.Instance;Decomp/Analysis/LAUGHINGWS_INSTANCES_AND_MORE_AUDIT.md,pending,not_retail_complete,"Reviewed instance placement is tracked, but retail completion needs spawn lifecycle, interaction/combat behavior, choreography, reward/loot hooks, and manual instance smoke."
dungeon,3173,Protogames Academy,entity,1100300029,1100300029,62475,20,4651,,,,,,-24400.19,-974.6682,-28977.15,0,0,0,35019,0,219,219,0,0,0,0,,,667:8,,,"Protogames Academy portal A; source creature 62475; event 667 phase 8; Branch SQL supplies event 667 phase 8, but the source notes the portal may belong only to Ultimate Protogames; current C# uses a dynamic WIP teleporter trigger, so this static portal remains WIP/GUESSED.",reviewed_laughingws_instance_entity_pending_spawn_and_mechanics_smoke,Tools/DataMapping/sql/laughingws_instance_entity_wip_seed.sql;Tools/DataMapping/extract_laughingws_instance_entities.py;Source/NexusForever.Script.Instance;Decomp/Analysis/LAUGHINGWS_INSTANCES_AND_MORE_AUDIT.md,pending,not_retail_complete,"Reviewed instance placement is tracked, but retail completion needs spawn lifecycle, interaction/combat behavior, choreography, reward/loot hooks, and manual instance smoke."
dungeon,3173,Protogames Academy,entity,1100300030,1100300030,62475,20,4507,,,,,,-19804.34,-945.5437,-29483.94,0,0,0,35019,0,219,219,0,1,0,0,,,667:16,,,"Protogames Academy portal B; source creature 62475; event 667 phase 16; Branch SQL supplies event 667 phase 16, but the source notes the portal may belong only to Ultimate Protogames; current C# uses a dynamic WIP teleporter trigger, so this static portal remains WIP/GUESSED.",reviewed_laughingws_instance_entity_pending_spawn_and_mechanics_smoke,Tools/DataMapping/sql/laughingws_instance_entity_wip_seed.sql;Tools/DataMapping/extract_laughingws_instance_entities.py;Source/NexusForever.Script.Instance;Decomp/Analysis/LAUGHINGWS_INSTANCES_AND_MORE_AUDIT.md,pending,not_retail_complete,"Reviewed instance placement is tracked, but retail completion needs spawn lifecycle, interaction/combat behavior, choreography, reward/loot hooks, and manual instance smoke."
dungeon,3173,Protogames Academy,entity,1100300031,1100300031,67475,0,4651,,,,,,-24330.6,-974.0855,-28917.8,0,0,0,24783,0,1322,1322,0,0,0,0,,,667:3,InvulnotronEntityScript,0=1;10=10,"Protogames Academy Invulnotron; source creature 67475; event 667 phase 3; Branch SQL supplies event 667 phase 3 and InvulnotronEntityScript; current C# has a WIP objective-credit script, while combat behavior and spawn timing remain blocked.",reviewed_laughingws_instance_entity_pending_spawn_and_mechanics_smoke,Tools/DataMapping/sql/laughingws_instance_entity_wip_seed.sql;Tools/DataMapping/extract_laughingws_instance_entities.py;Source/NexusForever.Script.Instance;Decomp/Analysis/LAUGHINGWS_INSTANCES_AND_MORE_AUDIT.md,pending,not_retail_complete,"Reviewed instance placement is tracked, but retail completion needs spawn lifecycle, interaction/combat behavior, choreography, reward/loot hooks, and manual instance smoke."
dungeon,3173,Protogames Academy,entity,1100300032,1100300032,67539,0,4651,,,,,,-24330.6,-974.0855,-28950.8,0,0,0,23539,0,219,219,0,0,0,0,,,667:4,,,"Protogames Academy Room 1 Launcher; source creature 67539; event 667 phase 4; Branch SQL supplies event 667 phase 4 and notes the faction is uncertain; current C# uses WIP gather/teleporter triggers, so launcher interaction/choreography remains blocked.",reviewed_laughingws_instance_entity_pending_spawn_and_mechanics_smoke,Tools/DataMapping/sql/laughingws_instance_entity_wip_seed.sql;Tools/DataMapping/extract_laughingws_instance_entities.py;Source/NexusForever.Script.Instance;Decomp/Analysis/LAUGHINGWS_INSTANCES_AND_MORE_AUDIT.md,pending,not_retail_complete,"Reviewed instance placement is tracked, but retail completion needs spawn lifecycle, interaction/combat behavior, choreography, reward/loot hooks, and manual instance smoke."
dungeon,3173,Protogames Academy,entity,1100300033,1100300033,67594,0,4507,,,,,,-24424.6,-974.0912,-28788.1,0,0,0,28878,0,1322,1322,0,0,0,0,,,667:5,GromkaEntityScript,0=1;10=10,"Protogames Academy Gromka; source creature 67594; event 667 phase 5; Branch SQL supplies event 667 phase 5 and GromkaEntityScript; current C# has a WIP objective-credit script, while combat behavior and spawn timing remain blocked.",reviewed_laughingws_instance_entity_pending_spawn_and_mechanics_smoke,Tools/DataMapping/sql/laughingws_instance_entity_wip_seed.sql;Tools/DataMapping/extract_laughingws_instance_entities.py;Source/NexusForever.Script.Instance;Decomp/Analysis/LAUGHINGWS_INSTANCES_AND_MORE_AUDIT.md,pending,not_retail_complete,"Reviewed instance placement is tracked, but retail completion needs spawn lifecycle, interaction/combat behavior, choreography, reward/loot hooks, and manual instance smoke."
dungeon,3173,Protogames Academy,entity,1100300034,1100300034,67663,0,4507,,,,,,-24360.97,-972.6974,-28943.9,0,0,0,32741,0,1322,1322,0,0,0,0,,,667:7,IrukiBoldbeardEntityScript,0=1;10=10,"Protogames Academy Iruki Boldbeard; source creature 67663; event 667 phase 7; Branch SQL supplies event 667 phase 7 and IrukiBoldbeardEntityScript; current C# has a WIP objective-credit script, while combat behavior and spawn timing remain blocked.",reviewed_laughingws_instance_entity_pending_spawn_and_mechanics_smoke,Tools/DataMapping/sql/laughingws_instance_entity_wip_seed.sql;Tools/DataMapping/extract_laughingws_instance_entities.py;Source/NexusForever.Script.Instance;Decomp/Analysis/LAUGHINGWS_INSTANCES_AND_MORE_AUDIT.md,pending,not_retail_complete,"Reviewed instance placement is tracked, but retail completion needs spawn lifecycle, interaction/combat behavior, choreography, reward/loot hooks, and manual instance smoke."
dungeon,3173,Protogames Academy,entity,1100300035,1100300035,67668,0,4507,,,,,,-19777.14,-946.8414,-29457.42,0,0,0,21309,0,233,233,0,0,0,0,,,667:11,SeekNSlaughterEntityScript,0=1;10=10,"Protogames Academy Seek-N-Slaughter; source creature 67668; event 667 phase 11; Branch SQL supplies event 667 phase 11 and current C# activates DefeatSeekNSlaughter; this WIP objective-credit script only grants death credit, while combat behavior remains blocked.",reviewed_laughingws_instance_entity_pending_spawn_and_mechanics_smoke,Tools/DataMapping/sql/laughingws_instance_entity_wip_seed.sql;Tools/DataMapping/extract_laughingws_instance_entities.py;Source/NexusForever.Script.Instance;Decomp/Analysis/LAUGHINGWS_INSTANCES_AND_MORE_AUDIT.md,pending,not_retail_complete,"Reviewed instance placement is tracked, but retail completion needs spawn lifecycle, interaction/combat behavior, choreography, reward/loot hooks, and manual instance smoke."
dungeon,3173,Protogames Academy,entity,1100300036,1100300036,67757,0,4507,,,,,,-19777.14,-946.8414,-29457.42,0,0,0,21323,0,233,233,0,0,0,0,,,667:13,IceboxMk2EntityScript,0=1;10=10,"Protogames Academy Icebox Mk. 2; source creature 67757; event 667 phase 13; Branch SQL supplies event 667 phase 13 and current C# activates DefeatIceboxMk2; this WIP objective-credit script only grants death credit, while combat behavior remains blocked.",reviewed_laughingws_instance_entity_pending_spawn_and_mechanics_smoke,Tools/DataMapping/sql/laughingws_instance_entity_wip_seed.sql;Tools/DataMapping/extract_laughingws_instance_entities.py;Source/NexusForever.Script.Instance;Decomp/Analysis/LAUGHINGWS_INSTANCES_AND_MORE_AUDIT.md,pending,not_retail_complete,"Reviewed instance placement is tracked, but retail completion needs spawn lifecycle, interaction/combat behavior, choreography, reward/loot hooks, and manual instance smoke."
dungeon,3173,Protogames Academy,entity,1100300037,1100300037,68339,10,4509,,,,,,-29439.2,-776.479,-29381.5,0,0,0,25115,0,219,219,0,202490,0,0,,,,,,"Protogames Academy Initiation Button; source creature 68339; no source entity_event row; Branch SQL supplies a static initiation button but no entity_event row, and the source questions the ActivePropId; current C# starts the initiation objective, so this remains WIP/GUESSED placement data.",reviewed_laughingws_instance_entity_pending_spawn_and_mechanics_smoke,Tools/DataMapping/sql/laughingws_instance_entity_wip_seed.sql;Tools/DataMapping/extract_laughingws_instance_entities.py;Source/NexusForever.Script.Instance;Decomp/Analysis/LAUGHINGWS_INSTANCES_AND_MORE_AUDIT.md,pending,not_retail_complete,"Reviewed instance placement is tracked, but retail completion needs spawn lifecycle, interaction/combat behavior, choreography, reward/loot hooks, and manual instance smoke."
dungeon,3173,Protogames Academy,entity,1100300038,1100300038,70003,10,4651,,,,,,-24400.12,-974.6682,-28977.07,0,0,0,30327,0,219,219,0,0,0,0,,,667:1,,,"Protogames Academy gather marker Invulnotron; source creature 70003; event 667 phase 1; Branch SQL supplies the first event 667 gather marker; current C# creates WIP gather triggers dynamically, so the static placement remains WIP/GUESSED pending trigger cleanup proof.",reviewed_laughingws_instance_entity_pending_spawn_and_mechanics_smoke,Tools/DataMapping/sql/laughingws_instance_entity_wip_seed.sql;Tools/DataMapping/extract_laughingws_instance_entities.py;Source/NexusForever.Script.Instance;Decomp/Analysis/LAUGHINGWS_INSTANCES_AND_MORE_AUDIT.md,pending,not_retail_complete,"Reviewed instance placement is tracked, but retail completion needs spawn lifecycle, interaction/combat behavior, choreography, reward/loot hooks, and manual instance smoke."
dungeon,3173,Protogames Academy,entity,1100300039,1100300039,70003,10,4507,,,,,,-24504.89,-974.7488,-28857.48,0,0,0,30327,0,219,219,0,0,0,0,,,667:4,,,"Protogames Academy gather marker Gromka; source creature 70003; event 667 phase 4; Branch SQL supplies the second event 667 gather marker; current C# creates WIP gather triggers dynamically, so the static placement remains WIP/GUESSED pending trigger cleanup proof.",reviewed_laughingws_instance_entity_pending_spawn_and_mechanics_smoke,Tools/DataMapping/sql/laughingws_instance_entity_wip_seed.sql;Tools/DataMapping/extract_laughingws_instance_entities.py;Source/NexusForever.Script.Instance;Decomp/Analysis/LAUGHINGWS_INSTANCES_AND_MORE_AUDIT.md,pending,not_retail_complete,"Reviewed instance placement is tracked, but retail completion needs spawn lifecycle, interaction/combat behavior, choreography, reward/loot hooks, and manual instance smoke."
dungeon,3173,Protogames Academy,entity,1100300041,1100300041,70003,10,4507,,,,,,-19804.34,-945.5437,-29483.94,0,0,0,30327,0,219,219,0,0,0,0,,,667:9,,,"Protogames Academy gather marker arena A; source creature 70003; event 667 phase 9; Branch SQL supplies the fourth event 667 gather marker; current C# creates WIP gather triggers dynamically, so the static placement remains WIP/GUESSED pending trigger cleanup proof.",reviewed_laughingws_instance_entity_pending_spawn_and_mechanics_smoke,Tools/DataMapping/sql/laughingws_instance_entity_wip_seed.sql;Tools/DataMapping/extract_laughingws_instance_entities.py;Source/NexusForever.Script.Instance;Decomp/Analysis/LAUGHINGWS_INSTANCES_AND_MORE_AUDIT.md,pending,not_retail_complete,"Reviewed instance placement is tracked, but retail completion needs spawn lifecycle, interaction/combat behavior, choreography, reward/loot hooks, and manual instance smoke."
dungeon,1336,Ruins of Kel Voreth,entity,1100300044,1100300044,32531,0,0,,,,,,-24.77,-737.08,990.32,0,0,0,29203,0,691,691,0,0,0,0,,,161:3,ForgemasterTrogunEntityScript,10=25,"Ruins of Kel Voreth Forgemaster Trogun; source creature 32531; event 161 phase 3; Branch SQL supplies event 161 phase 3 and ForgemasterTrogunEntityScript; current C# has a WIP objective-credit script, while exact boss combat and door choreography remain blocked.",reviewed_laughingws_instance_entity_pending_spawn_and_mechanics_smoke,Tools/DataMapping/sql/laughingws_instance_entity_wip_seed.sql;Tools/DataMapping/extract_laughingws_instance_entities.py;Source/NexusForever.Script.Instance;Decomp/Analysis/LAUGHINGWS_INSTANCES_AND_MORE_AUDIT.md,pending,not_retail_complete,"Reviewed instance placement is tracked, but retail completion needs spawn lifecycle, interaction/combat behavior, choreography, reward/loot hooks, and manual instance smoke."
dungeon,1336,Ruins of Kel Voreth,entity,1100300045,1100300045,32534,0,0,,,,,,195.41,-899.36,225.65,0,0,0,27715,0,691,691,0,0,0,0,,,161:1,GrondTheCorpsemakerEntityScript,10=25,"Ruins of Kel Voreth Grond the Corpsemaker; source creature 32534; event 161 phase 1; Branch SQL supplies event 161 phase 1 and GrondTheCorpsemakerEntityScript; current C# has a WIP objective-credit script, while exact boss combat and encounter choreography remain blocked.",reviewed_laughingws_instance_entity_pending_spawn_and_mechanics_smoke,Tools/DataMapping/sql/laughingws_instance_entity_wip_seed.sql;Tools/DataMapping/extract_laughingws_instance_entities.py;Source/NexusForever.Script.Instance;Decomp/Analysis/LAUGHINGWS_INSTANCES_AND_MORE_AUDIT.md,pending,not_retail_complete,"Reviewed instance placement is tracked, but retail completion needs spawn lifecycle, interaction/combat behavior, choreography, reward/loot hooks, and manual instance smoke."
dungeon,1336,Ruins of Kel Voreth,entity,1100300046,1100300046,32536,0,0,,,,,,596.36,-882.84,976.53,0,0,0,27104,0,691,691,0,0,0,0,,,161:2,SlavemasterDrokkEntityScript,10=25,"Ruins of Kel Voreth Slavemaster Drokk; source creature 32536; event 161 phase 2; Branch SQL supplies event 161 phase 2 and SlavemasterDrokkEntityScript; current C# has a WIP objective-credit script, while exact boss combat and faction-specific messaging remain blocked.",reviewed_laughingws_instance_entity_pending_spawn_and_mechanics_smoke,Tools/DataMapping/sql/laughingws_instance_entity_wip_seed.sql;Tools/DataMapping/extract_laughingws_instance_entities.py;Source/NexusForever.Script.Instance;Decomp/Analysis/LAUGHINGWS_INSTANCES_AND_MORE_AUDIT.md,pending,not_retail_complete,"Reviewed instance placement is tracked, but retail completion needs spawn lifecycle, interaction/combat behavior, choreography, reward/loot hooks, and manual instance smoke."
dungeon,382,Stormtalon's Lair,entity,1100300047,1100300047,32703,0,271,,,,,,-52.71065,-48.68514,220.7862,0,0,0,27874,0,586,586,0,0,0,0,,,145:2,AethrosVeteranEntityScript,0=1;10=50,"Stormtalon's Lair Aethros; source creature 32703; event 145 phase 2; Branch SQL supplies event 145 phase 2 and AethrosVeteranEntityScript; current C# has a WIP objective-credit script, while exact boss combat and Stormtalon choreography remain blocked.",reviewed_laughingws_instance_entity_pending_spawn_and_mechanics_smoke,Tools/DataMapping/sql/laughingws_instance_entity_wip_seed.sql;Tools/DataMapping/extract_laughingws_instance_entities.py;Source/NexusForever.Script.Instance;Decomp/Analysis/LAUGHINGWS_INSTANCES_AND_MORE_AUDIT.md,pending,not_retail_complete,"Reviewed instance placement is tracked, but retail completion needs spawn lifecycle, interaction/combat behavior, choreography, reward/loot hooks, and manual instance smoke."
dungeon,382,Stormtalon's Lair,entity,1100300048,1100300048,33405,0,271,,,,,,-88.49673,-11.51191,123.5562,0,0,0,23629,0,586,586,0,0,0,0,,,145:1,BladeWindTheInvokerVeteranEntityScript,0=1;10=50,"Stormtalon's Lair Blade-Wind the Invoker; source creature 33405; event 145 phase 1; Branch SQL supplies event 145 phase 1 and BladeWindTheInvokerVeteranEntityScript; current C# has a WIP objective-credit script, while exact boss combat and optional route availability remain blocked.",reviewed_laughingws_instance_entity_pending_spawn_and_mechanics_smoke,Tools/DataMapping/sql/laughingws_instance_entity_wip_seed.sql;Tools/DataMapping/extract_laughingws_instance_entities.py;Source/NexusForever.Script.Instance;Decomp/Analysis/LAUGHINGWS_INSTANCES_AND_MORE_AUDIT.md,pending,not_retail_complete,"Reviewed instance placement is tracked, but retail completion needs spawn lifecycle, interaction/combat behavior, choreography, reward/loot hooks, and manual instance smoke."
dungeon,1263,Skullcano,entity,1100300049,1100300049,24475,0,4793,,,,,,115.26,-923.71,-491.56,0,0,0,21318,0,242,242,0,0,0,0,,,148:0,ThunderfootNormalEntityScript,10=35,"Skullcano Thunderfoot; source creature 24475; event 148 phase 0; Branch SQL supplies event 148 phase 0 and ThunderfootNormalEntityScript; current C# has a WIP objective-credit script, while exact boss combat and route choreography remain blocked.",reviewed_laughingws_instance_entity_pending_spawn_and_mechanics_smoke,Tools/DataMapping/sql/laughingws_instance_entity_wip_seed.sql;Tools/DataMapping/extract_laughingws_instance_entities.py;Source/NexusForever.Script.Instance;Decomp/Analysis/LAUGHINGWS_INSTANCES_AND_MORE_AUDIT.md,pending,not_retail_complete,"Reviewed instance placement is tracked, but retail completion needs spawn lifecycle, interaction/combat behavior, choreography, reward/loot hooks, and manual instance smoke."
dungeon,1263,Skullcano,entity,1100300050,1100300050,24493,0,1220,,,,,,508.5147,-978.8553,-367.8973,0,0,0,27916,0,868,868,0,0,0,0,,,148:0,StewShamanTuggaNormalEntityScript,10=35,"Skullcano Stew-Shaman Tugga; source creature 24493; event 148 phase 0; Branch SQL supplies event 148 phase 0 and StewShamanTuggaNormalEntityScript; current C# has a WIP objective-credit script, while exact boss combat and cave/chasm route selection remain blocked.",reviewed_laughingws_instance_entity_pending_spawn_and_mechanics_smoke,Tools/DataMapping/sql/laughingws_instance_entity_wip_seed.sql;Tools/DataMapping/extract_laughingws_instance_entities.py;Source/NexusForever.Script.Instance;Decomp/Analysis/LAUGHINGWS_INSTANCES_AND_MORE_AUDIT.md,pending,not_retail_complete,"Reviewed instance placement is tracked, but retail completion needs spawn lifecycle, interaction/combat behavior, choreography, reward/loot hooks, and manual instance smoke."
dungeon,1271,Sanctuary of the Swordmaiden,entity,1100300051,1100300051,29254,0,1556,,,,,,4877.322,-797.6906,-3318.368,0,0,0,24811,0,978,978,0,0,0,0,,,166:4,FlameCrazedDemonEntityScript,10=40,"Sanctuary of the Swordmaiden Flame-Crazed Demon; source creature 29254; event 166 phase 4; Branch SQL supplies event 166 phase 4 and FlameCrazedDemonEntityScript; current C# has a WIP objective-credit script, while exact miniboss combat and path selection remain blocked.",reviewed_laughingws_instance_entity_pending_spawn_and_mechanics_smoke,Tools/DataMapping/sql/laughingws_instance_entity_wip_seed.sql;Tools/DataMapping/extract_laughingws_instance_entities.py;Source/NexusForever.Script.Instance;Decomp/Analysis/LAUGHINGWS_INSTANCES_AND_MORE_AUDIT.md,pending,not_retail_complete,"Reviewed instance placement is tracked, but retail completion needs spawn lifecycle, interaction/combat behavior, choreography, reward/loot hooks, and manual instance smoke."
raid,1462,Genetic Archives,entity,1100300052,1100300052,49198,0,0,,,,,,-1147.055,-111.3793,-520.5323,-2,0,0,27899,0,1209,1209,0,0,0,0,,,,ExperimentX-89EntityScript,0=1;10=50,"Genetic Archives Experiment X-89; source creature 49198; no source entity_event row; Branch SQL supplies ExperimentX-89EntityScript without an entity_event row; current C# has a WIP objective-credit script, while raid encounter choreography remains blocked.",reviewed_laughingws_instance_entity_pending_spawn_and_mechanics_smoke,Tools/DataMapping/sql/laughingws_instance_entity_wip_seed.sql;Tools/DataMapping/extract_laughingws_instance_entities.py;Source/NexusForever.Script.Instance;Decomp/Analysis/LAUGHINGWS_INSTANCES_AND_MORE_AUDIT.md,pending,not_retail_complete,"Reviewed instance placement is tracked, but retail completion needs spawn lifecycle, interaction/combat behavior, choreography, reward/loot hooks, and manual instance smoke."
raid,1462,Genetic Archives,entity,1100300053,1100300053,52969,0,0,,,,,,169.4765,-110.4199,-489.5547,2.093871,0,0,30276,0,1209,1209,0,0,0,0,,,,KuralakTheDefilerEntityScript,0=1;10=50,"Genetic Archives Kuralak the Defiler; source creature 52969; no source entity_event row; Branch SQL supplies KuralakTheDefilerEntityScript without an entity_event row; current C# has a WIP objective-credit script, while raid encounter choreography remains blocked.",reviewed_laughingws_instance_entity_pending_spawn_and_mechanics_smoke,Tools/DataMapping/sql/laughingws_instance_entity_wip_seed.sql;Tools/DataMapping/extract_laughingws_instance_entities.py;Source/NexusForever.Script.Instance;Decomp/Analysis/LAUGHINGWS_INSTANCES_AND_MORE_AUDIT.md,pending,not_retail_complete,"Reviewed instance placement is tracked, but retail completion needs spawn lifecycle, interaction/combat behavior, choreography, reward/loot hooks, and manual instance smoke."
raid,1462,Genetic Archives,entity,1100300054,1100300054,53031,0,0,,,,,,133.965,-111.45,-505.34,0,0,0,27557,0,1209,1209,0,0,0,0,,,,KuralakPillarEntityScript,0=1;10=50,Genetic Archives Pillar of the Genetic Library; source creature 53031; no source entity_event row; Branch SQL supplies KuralakPillarEntityScript without an entity_event row; current C# intentionally keeps the script as a WIP no-op loader hook until Kuralak pillar mechanics are mapped.,reviewed_laughingws_instance_entity_pending_spawn_and_mechanics_smoke,Tools/DataMapping/sql/laughingws_instance_entity_wip_seed.sql;Tools/DataMapping/extract_laughingws_instance_entities.py;Source/NexusForever.Script.Instance;Decomp/Analysis/LAUGHINGWS_INSTANCES_AND_MORE_AUDIT.md,pending,not_retail_complete,"Reviewed instance placement is tracked, but retail completion needs spawn lifecycle, interaction/combat behavior, choreography, reward/loot hooks, and manual instance smoke."
dungeon,2980,Ultimate Protogames,entity,1100300055,1100300055,61463,0,0,,,,,,-12737.13,-797.0872,1326.347,0,0,0,36682,0,219,219,0,0,0,0,,,594:5,,10=50,"Ultimate Protogames Bev-O-Rage; source creature 61463; event 594 phase 5; Branch SQL supplies event 594 phase 5 and level stat 50; current runtime only has the map binding, so event routing, objective credit, combat behavior, and manual dungeon smoke remain blocked.",reviewed_laughingws_instance_entity_pending_spawn_and_mechanics_smoke,Tools/DataMapping/sql/laughingws_instance_entity_wip_seed.sql;Tools/DataMapping/extract_laughingws_instance_entities.py;Source/NexusForever.Script.Instance;Decomp/Analysis/LAUGHINGWS_INSTANCES_AND_MORE_AUDIT.md,pending,not_retail_complete,"Reviewed instance placement is tracked, but retail completion needs spawn lifecycle, interaction/combat behavior, choreography, reward/loot hooks, and manual instance smoke."
raid,3032,Redmoon Terror,entity,1100300056,1100300056,65997,0,5996,,,,,,-723.7178,186.8427,-265.1872,3.1415926536,0,0,38426,0,1351,1351,0,0,0,0,,,,LavekaTheDarkHeartedEntityScript,0=1;10=50,"Red Moon Terror Laveka; source creature 65997; no source entity_event row; Branch SQL supplies a static Laveka row with health marker and level stats; current C# has the WIP-guessed Red Moon Terror event chain and a WIP objective-credit script for the final Laveka objective, while boss choreography, awakening/challenge logic, and manual raid smoke remain blocked.",reviewed_laughingws_instance_entity_pending_spawn_and_mechanics_smoke,Tools/DataMapping/sql/laughingws_instance_entity_wip_seed.sql;Tools/DataMapping/extract_laughingws_instance_entities.py;Source/NexusForever.Script.Instance;Decomp/Analysis/LAUGHINGWS_INSTANCES_AND_MORE_AUDIT.md,pending,not_retail_complete,"Reviewed instance placement is tracked, but retail completion needs spawn lifecycle, interaction/combat behavior, choreography, reward/loot hooks, and manual instance smoke."
event_instance,3044,Map\ShadesEveInstance,entity,1100300057,1100300057,62747,0,0,,,,,,340.9081115722656,-869.3984375,-256.90118408203125,2.9192612171173096,0,0,23053,7913,219,219,0,0,0,0,,,597:1,,0=1;10=50,"Shade's Eve Etty Windsen; source creature 62747; event 597 phase 1; Branch SQL supplies event 597 phase 1 and source level stat 50; current Shade's Eve script advances to SpeakWithEttyWindsen, but exact NPC interaction and cinematic/vote timing remain blocked.",reviewed_laughingws_instance_entity_pending_spawn_and_mechanics_smoke,Tools/DataMapping/sql/laughingws_instance_entity_wip_seed.sql;Tools/DataMapping/extract_laughingws_instance_entities.py;Source/NexusForever.Script.Instance;Decomp/Analysis/LAUGHINGWS_INSTANCES_AND_MORE_AUDIT.md,pending,not_retail_complete,"Reviewed instance placement is tracked, but retail completion needs spawn lifecycle, interaction/combat behavior, choreography, reward/loot hooks, and manual instance smoke."
event_instance,3044,Map\ShadesEveInstance,entity,1100300058,1100300058,64820,10,0,,,,,,333.415283203125,-871.3636474609375,-242.43496704101562,-3.141592502593994,0,0,30327,0,219,219,0,0,0,0,,,597:0,,,Shade's Eve Fountain Gathering Circle; source creature 64820; event 597 phase 0; Branch SQL supplies event 597 phase 0 and the current Shade's Eve script starts at FindTheFountain; gather cleanup and exact cinematic timing remain WIP/GUESSED.,reviewed_laughingws_instance_entity_pending_spawn_and_mechanics_smoke,Tools/DataMapping/sql/laughingws_instance_entity_wip_seed.sql;Tools/DataMapping/extract_laughingws_instance_entities.py;Source/NexusForever.Script.Instance;Decomp/Analysis/LAUGHINGWS_INSTANCES_AND_MORE_AUDIT.md,pending,not_retail_complete,"Reviewed instance placement is tracked, but retail completion needs spawn lifecycle, interaction/combat behavior, choreography, reward/loot hooks, and manual instance smoke."
raid,1333,Datascape,entity,1100300059,1100300059,61819,0,1301,,,,,,618.551,-215.61023,75,0,0,0,30425,0,1171,1171,0,0,0,0,,,157:0,OptimizedMemoryProbeED1EntityScript,0=15900000;10=50,"Datascape Optimized Memory Probe ED-1; source creature 61819; event 157 phase 0; Branch SQL supplies placed ED-1 coordinates and commented event 157 phase 0; current C# activates DefeatOptimizedMemoryProbeED1, while exact mechanics remain blocked.",reviewed_laughingws_instance_entity_pending_spawn_and_mechanics_smoke,Tools/DataMapping/sql/laughingws_instance_entity_wip_seed.sql;Tools/DataMapping/extract_laughingws_instance_entities.py;Source/NexusForever.Script.Instance;Decomp/Analysis/LAUGHINGWS_INSTANCES_AND_MORE_AUDIT.md,pending,not_retail_complete,"Reviewed instance placement is tracked, but retail completion needs spawn lifecycle, interaction/combat behavior, choreography, reward/loot hooks, and manual instance smoke."
raid,1333,Datascape,entity,1100300060,1100300060,61818,0,1301,,,,,,865,-215.6028,-173.5,1.55485,0,0,30425,0,1171,1171,0,0,0,0,,,157:0,OptimizedMemoryProbeTX-67EntityScript,0=15900000;10=50,"Datascape Optimized Memory Probe TX-67; source creature 61818; event 157 phase 0; Branch SQL supplies placed TX-67 coordinates and commented event 157 phase 0; current C# has the WIP objective-credit script, while exact mechanics remain blocked.",reviewed_laughingws_instance_entity_pending_spawn_and_mechanics_smoke,Tools/DataMapping/sql/laughingws_instance_entity_wip_seed.sql;Tools/DataMapping/extract_laughingws_instance_entities.py;Source/NexusForever.Script.Instance;Decomp/Analysis/LAUGHINGWS_INSTANCES_AND_MORE_AUDIT.md,pending,not_retail_complete,"Reviewed instance placement is tracked, but retail completion needs spawn lifecycle, interaction/combat behavior, choreography, reward/loot hooks, and manual instance smoke."
raid,1333,Datascape,entity,1100300061,1100300061,31667,0,1301,,,,,,618,-216.15657,-421,3.10206,0,0,30425,0,1171,1171,0,0,0,0,,,157:0,OptimizedMemoryProbeP2ZEntityScript,0=15900000;10=50,"Datascape Optimized Memory Probe P2-Z; source creature 31667; event 157 phase 0; Branch SQL supplies placed P2-Z coordinates and commented event 157 phase 0; current C# activates DefeatOptimizedMemoryProbeP2Z, while exact mechanics remain blocked.",reviewed_laughingws_instance_entity_pending_spawn_and_mechanics_smoke,Tools/DataMapping/sql/laughingws_instance_entity_wip_seed.sql;Tools/DataMapping/extract_laughingws_instance_entities.py;Source/NexusForever.Script.Instance;Decomp/Analysis/LAUGHINGWS_INSTANCES_AND_MORE_AUDIT.md,pending,not_retail_complete,"Reviewed instance placement is tracked, but retail completion needs spawn lifecycle, interaction/combat behavior, choreography, reward/loot hooks, and manual instance smoke."
raid,1333,Datascape,entity,1100300062,1100300062,30495,0,1349,,,,,,132.5,-226.5,-67,0,0,0,33172,0,1171,1171,0,0,0,0,,,157:0,NullSystemDaemonEntityScript,0=14400000;10=50,Datascape Null System Daemon; source creature 30495; event 157 phase 0; Branch SQL supplies event 157 phase 0 and current C# starts by activating DefeatTheSystemDaemons; exact daemon encounter mechanics remain blocked.,reviewed_laughingws_instance_entity_pending_spawn_and_mechanics_smoke,Tools/DataMapping/sql/laughingws_instance_entity_wip_seed.sql;Tools/DataMapping/extract_laughingws_instance_entities.py;Source/NexusForever.Script.Instance;Decomp/Analysis/LAUGHINGWS_INSTANCES_AND_MORE_AUDIT.md,pending,not_retail_complete,"Reviewed instance placement is tracked, but retail completion needs spawn lifecycle, interaction/combat behavior, choreography, reward/loot hooks, and manual instance smoke."
raid,1333,Datascape,entity,1100300063,1100300063,30496,0,1349,,,,,,132.5,-226.5,-263,3.08953,0,0,33172,0,1171,1171,0,0,0,0,,,157:0,BinarySystemDaemonEntityScript,0=14400000;10=50,Datascape Binary System Daemon; source creature 30496; event 157 phase 0; Branch SQL supplies event 157 phase 0 and current C# starts by activating DefeatTheSystemDaemons; exact daemon encounter mechanics remain blocked.,reviewed_laughingws_instance_entity_pending_spawn_and_mechanics_smoke,Tools/DataMapping/sql/laughingws_instance_entity_wip_seed.sql;Tools/DataMapping/extract_laughingws_instance_entities.py;Source/NexusForever.Script.Instance;Decomp/Analysis/LAUGHINGWS_INSTANCES_AND_MORE_AUDIT.md,pending,not_retail_complete,"Reviewed instance placement is tracked, but retail completion needs spawn lifecycle, interaction/combat behavior, choreography, reward/loot hooks, and manual instance smoke."
raid,1333,Datascape,entity,1100300064,1100300064,31677,0,4475,,,,,,3356.48,-765.57,-3246.29,0.17427,0,0,27434,0,1171,1171,0,0,0,0,,,157:3,FrostBoulderAvalancheFirstEntityScript,0=14500000;10=50,Datascape First Frost Boulder Avalanche; source creature 31677; event 157 phase 3; Branch SQL supplies placed Frost Boulder coordinates; phase 3 is WIP-guessed from the current Datascape event script's FirstFrostBoulder phase.,reviewed_laughingws_instance_entity_pending_spawn_and_mechanics_smoke,Tools/DataMapping/sql/laughingws_instance_entity_wip_seed.sql;Tools/DataMapping/extract_laughingws_instance_entities.py;Source/NexusForever.Script.Instance;Decomp/Analysis/LAUGHINGWS_INSTANCES_AND_MORE_AUDIT.md,pending,not_retail_complete,"Reviewed instance placement is tracked, but retail completion needs spawn lifecycle, interaction/combat behavior, choreography, reward/loot hooks, and manual instance smoke."
raid,1333,Datascape,entity,1100300065,1100300065,56200,0,4476,,,,,,3635.073,-745.20,-3373.29,1.11529,0,0,27434,0,1171,1171,0,0,0,0,,,157:4,FrostBoulderAvalancheSecondEntityScript,0=14500000;10=50,Datascape Second Frost Boulder Avalanche; source creature 56200; event 157 phase 4; Branch SQL supplies placed Frost Boulder coordinates; phase 4 is WIP-guessed from the current Datascape event script's SecondFrostBoulder phase.,reviewed_laughingws_instance_entity_pending_spawn_and_mechanics_smoke,Tools/DataMapping/sql/laughingws_instance_entity_wip_seed.sql;Tools/DataMapping/extract_laughingws_instance_entities.py;Source/NexusForever.Script.Instance;Decomp/Analysis/LAUGHINGWS_INSTANCES_AND_MORE_AUDIT.md,pending,not_retail_complete,"Reviewed instance placement is tracked, but retail completion needs spawn lifecycle, interaction/combat behavior, choreography, reward/loot hooks, and manual instance smoke."
raid,1333,Datascape,entity,1100300066,1100300066,31674,0,4476,,,,,,3328.50,-696.86,-3639.44,-1.42842,0,0,23490,0,1171,1171,0,0,0,0,,,157:5,FrostbringerWarlockEntityScript,0=15900000;10=50,Datascape Frostbringer Warlock; source creature 31674; event 157 phase 5; Branch SQL supplies placed Frostbringer Warlock coordinates; phase 5 is WIP-guessed from the current Datascape event script's FrostbringerWarlock phase.,reviewed_laughingws_instance_entity_pending_spawn_and_mechanics_smoke,Tools/DataMapping/sql/laughingws_instance_entity_wip_seed.sql;Tools/DataMapping/extract_laughingws_instance_entities.py;Source/NexusForever.Script.Instance;Decomp/Analysis/LAUGHINGWS_INSTANCES_AND_MORE_AUDIT.md,pending,not_retail_complete,"Reviewed instance placement is tracked, but retail completion needs spawn lifecycle, interaction/combat behavior, choreography, reward/loot hooks, and manual instance smoke."
raid,1333,Datascape,entity,1100300067,1100300067,31885,0,1590,,,,,,2985.78,-794.348,3396.41,-0.693315,0,0,27107,0,1171,1171,0,0,0,0,,,157:0,BioEnhancedBroodmotherEntityScript,0=18000000;10=50,"Datascape Bio-Enhanced Broodmother; source creature 31885; event 157 phase 0; Branch SQL supplies placed Bio-Enhanced Broodmother coordinates; current C# activates this objective from ED-1 completion without a mapped separate phase, so phase 0 is WIP-guessed.",reviewed_laughingws_instance_entity_pending_spawn_and_mechanics_smoke,Tools/DataMapping/sql/laughingws_instance_entity_wip_seed.sql;Tools/DataMapping/extract_laughingws_instance_entities.py;Source/NexusForever.Script.Instance;Decomp/Analysis/LAUGHINGWS_INSTANCES_AND_MORE_AUDIT.md,pending,not_retail_complete,"Reviewed instance placement is tracked, but retail completion needs spawn lifecycle, interaction/combat behavior, choreography, reward/loot hooks, and manual instance smoke."
raid,1333,Datascape,entity,1100300068,1100300068,30498,0,1609,,,,,,4310,-567.817,-16812,-3.08841,0,0,32992,0,1171,1171,0,0,0,0,,,157:11,GloomclawEntityScript,0=21000000;10=50,Datascape Gloomclaw; source creature 30498; event 157 phase 11; Branch SQL supplies placed Gloomclaw coordinates; phase 11 is WIP-guessed from the current Datascape event script's Gloomclaw phase.,reviewed_laughingws_instance_entity_pending_spawn_and_mechanics_smoke,Tools/DataMapping/sql/laughingws_instance_entity_wip_seed.sql;Tools/DataMapping/extract_laughingws_instance_entities.py;Source/NexusForever.Script.Instance;Decomp/Analysis/LAUGHINGWS_INSTANCES_AND_MORE_AUDIT.md,pending,not_retail_complete,"Reviewed instance placement is tracked, but retail completion needs spawn lifecycle, interaction/combat behavior, choreography, reward/loot hooks, and manual instance smoke."
raid,1333,Datascape,entity,1100300069,1100300069,48065,0,2371,,,,,,-22076.3,598.146,-15934.1,1,0,0,28678,0,1171,1171,0,0,0,0,,,157:12,HyperAcceleratedSkeledroidEntityScript,0=21300000;10=50,"Datascape Hyper-Accelerated Skeledroid; source creature 48065; event 157 phase 12; Branch SQL supplies placed Hyper-Accelerated Skeledroid coordinates; current C# activates this sub-objective during LogicWingRoom1, so phase 12 is WIP-guessed.",reviewed_laughingws_instance_entity_pending_spawn_and_mechanics_smoke,Tools/DataMapping/sql/laughingws_instance_entity_wip_seed.sql;Tools/DataMapping/extract_laughingws_instance_entities.py;Source/NexusForever.Script.Instance;Decomp/Analysis/LAUGHINGWS_INSTANCES_AND_MORE_AUDIT.md,pending,not_retail_complete,"Reviewed instance placement is tracked, but retail completion needs spawn lifecycle, interaction/combat behavior, choreography, reward/loot hooks, and manual instance smoke."
raid,1333,Datascape,entity,1100300070,1100300070,48374,0,2373,,,,,,-22050.2,619.71,-14309.2,2.56983,0,0,28901,0,1171,1171,0,0,0,0,,,157:14,AugmentedHeraldOfAvatusEntityScript,0=9100000;10=50,"Datascape Augmented Herald of Avatus; source creature 48374; event 157 phase 14; Branch SQL supplies placed Augmented Herald coordinates; current C# activates this sub-objective during LogicWingRoom3, so phase 14 is WIP-guessed.",reviewed_laughingws_instance_entity_pending_spawn_and_mechanics_smoke,Tools/DataMapping/sql/laughingws_instance_entity_wip_seed.sql;Tools/DataMapping/extract_laughingws_instance_entities.py;Source/NexusForever.Script.Instance;Decomp/Analysis/LAUGHINGWS_INSTANCES_AND_MORE_AUDIT.md,pending,not_retail_complete,"Reviewed instance placement is tracked, but retail completion needs spawn lifecycle, interaction/combat behavior, choreography, reward/loot hooks, and manual instance smoke."
raid,1333,Datascape,entity,1100300071,1100300071,48295,0,1594,,,,,,-4018.35,-905.709,2575.45,-1.7226,0,0,36939,0,1171,1171,0,0,0,0,,,157:19,WarmongerAgrathaEntityScript,0=12500000;10=50,Datascape Warmonger Agratha; source creature 48295; event 157 phase 19; Branch SQL supplies placed Warmonger Agratha coordinates; phase 19 is WIP-guessed from the current Datascape event script.,reviewed_laughingws_instance_entity_pending_spawn_and_mechanics_smoke,Tools/DataMapping/sql/laughingws_instance_entity_wip_seed.sql;Tools/DataMapping/extract_laughingws_instance_entities.py;Source/NexusForever.Script.Instance;Decomp/Analysis/LAUGHINGWS_INSTANCES_AND_MORE_AUDIT.md,pending,not_retail_complete,"Reviewed instance placement is tracked, but retail completion needs spawn lifecycle, interaction/combat behavior, choreography, reward/loot hooks, and manual instance smoke."
raid,1333,Datascape,entity,1100300072,1100300072,48916,0,4478,,,,,,-4350.04,-913.187,2404.41,-1.44454,0,0,36939,0,1171,1171,0,0,0,0,,,157:20,WarmongerChunaEntityScript,0=12500000;10=50,Datascape Warmonger Chuna; source creature 48916; event 157 phase 20; Branch SQL supplies placed Warmonger Chuna coordinates; phase 20 is WIP-guessed from the current Datascape event script.,reviewed_laughingws_instance_entity_pending_spawn_and_mechanics_smoke,Tools/DataMapping/sql/laughingws_instance_entity_wip_seed.sql;Tools/DataMapping/extract_laughingws_instance_entities.py;Source/NexusForever.Script.Instance;Decomp/Analysis/LAUGHINGWS_INSTANCES_AND_MORE_AUDIT.md,pending,not_retail_complete,"Reviewed instance placement is tracked, but retail completion needs spawn lifecycle, interaction/combat behavior, choreography, reward/loot hooks, and manual instance smoke."
raid,1333,Datascape,entity,1100300073,1100300073,48917,0,4479,,,,,,-4359.49,-903.383,2590.74,0.19367,0,0,36939,0,1171,1171,0,0,0,0,,,157:21,WarmongerTalariiEntityScript,0=12500000;10=50,Datascape Warmonger Talarii; source creature 48917; event 157 phase 21; Branch SQL supplies placed Warmonger Talarii coordinates; phase 21 is WIP-guessed from the current Datascape event script.,reviewed_laughingws_instance_entity_pending_spawn_and_mechanics_smoke,Tools/DataMapping/sql/laughingws_instance_entity_wip_seed.sql;Tools/DataMapping/extract_laughingws_instance_entities.py;Source/NexusForever.Script.Instance;Decomp/Analysis/LAUGHINGWS_INSTANCES_AND_MORE_AUDIT.md,pending,not_retail_complete,"Reviewed instance placement is tracked, but retail completion needs spawn lifecycle, interaction/combat behavior, choreography, reward/loot hooks, and manual instance smoke."
raid,1333,Datascape,entity,1100300074,1100300074,48177,0,1479,,,,,,-4403.72,-821.913,2679.14,-1.63275,0,0,36938,0,1171,1171,0,0,0,0,,,157:22,GrandWarmongerTargreshEntityScript,0=14500000;10=50,Datascape Grand Warmonger Targresh; source creature 48177; event 157 phase 22; Branch SQL supplies placed Grand Warmonger Targresh coordinates; phase 22 is WIP-guessed from the current Datascape event script.,reviewed_laughingws_instance_entity_pending_spawn_and_mechanics_smoke,Tools/DataMapping/sql/laughingws_instance_entity_wip_seed.sql;Tools/DataMapping/extract_laughingws_instance_entities.py;Source/NexusForever.Script.Instance;Decomp/Analysis/LAUGHINGWS_INSTANCES_AND_MORE_AUDIT.md,pending,not_retail_complete,"Reviewed instance placement is tracked, but retail completion needs spawn lifecycle, interaction/combat behavior, choreography, reward/loot hooks, and manual instance smoke."
raid,1333,Datascape,entity,1100300075,1100300075,30505,0,1301,,,,,,618,-198.7,-174,1.61258,0,0,28937,0,1171,1171,0,0,0,0,,,157:26,DatascapeAvatusEntityScript,0=72000000;10=50,Datascape Avatus; source creature 30505; event 157 phase 26; Branch SQL supplies placed Avatus coordinates; phase 26 is WIP-guessed from the current Datascape event script's Avatus phase.,reviewed_laughingws_instance_entity_pending_spawn_and_mechanics_smoke,Tools/DataMapping/sql/laughingws_instance_entity_wip_seed.sql;Tools/DataMapping/extract_laughingws_instance_entities.py;Source/NexusForever.Script.Instance;Decomp/Analysis/LAUGHINGWS_INSTANCES_AND_MORE_AUDIT.md,pending,not_retail_complete,"Reviewed instance placement is tracked, but retail completion needs spawn lifecycle, interaction/combat behavior, choreography, reward/loot hooks, and manual instance smoke."
dungeon,3522,Coldblood Citadel,entity_event,1100300001:event:907:1,1100300001,75508,0,0,907,1,,,,459.544,-467.2018,-596.769,0,0,0,24808,0,691,691,0,0,0,0,,,,,,"Coldblood Citadel Hailstone Gatecrasher; source creature 75508; event 907 phase 1; Branch SQL supplies event 907 phase 1, level stat 50, and HailstoneGatecrasherEntityScript; current C# has the WIP-guessed event script and matching entity script.",reviewed_laughingws_entity_event_pending_phase_smoke,Tools/DataMapping/sql/laughingws_instance_entity_wip_seed.sql;Tools/DataMapping/extract_laughingws_instance_entities.py;Source/NexusForever.Script.Instance;Decomp/Analysis/LAUGHINGWS_INSTANCES_AND_MORE_AUDIT.md,pending,not_retail_complete,"Reviewed entity_event phase binding is tracked, but retail completion needs phase activation, visibility, cleanup timing, and manual instance smoke."
dungeon,3522,Coldblood Citadel,entity_event,1100300002:event:907:0,1100300002,75624,10,0,907,0,,,,604.33,-475.452,-322.957,0,0,0,30327,0,219,219,0,0,0,0,,,,,,Coldblood Citadel Gather Ring; source creature 75624; event 907 phase 0; Branch SQL supplies event 907 phase 0; current C# tracks and removes PublicEventCreature.GatherRing during the WIP-guessed phase handoff.,reviewed_laughingws_entity_event_pending_phase_smoke,Tools/DataMapping/sql/laughingws_instance_entity_wip_seed.sql;Tools/DataMapping/extract_laughingws_instance_entities.py;Source/NexusForever.Script.Instance;Decomp/Analysis/LAUGHINGWS_INSTANCES_AND_MORE_AUDIT.md,pending,not_retail_complete,"Reviewed entity_event phase binding is tracked, but retail completion needs phase activation, visibility, cleanup timing, and manual instance smoke."
dungeon,3522,Coldblood Citadel,entity_event,1100300003:event:907:2,1100300003,75698,4,0,907,2,,,,371,-456.92,-592.31,1.570796327,0,0,36619,0,219,219,0,0,0,0,,,,,,"Coldblood Citadel Coldblood Gate; source creature 75698; event 907 phase 2; Branch SQL supplies event 907 phase 2; exact door choreography is still blocked, so this remains a WIP placement row.",reviewed_laughingws_entity_event_pending_phase_smoke,Tools/DataMapping/sql/laughingws_instance_entity_wip_seed.sql;Tools/DataMapping/extract_laughingws_instance_entities.py;Source/NexusForever.Script.Instance;Decomp/Analysis/LAUGHINGWS_INSTANCES_AND_MORE_AUDIT.md,pending,not_retail_complete,"Reviewed entity_event phase binding is tracked, but retail completion needs phase activation, visibility, cleanup timing, and manual instance smoke."
event_instance,3094,Map\ProtostarWinterfest,entity_event,1100300004:event:679:0,1100300004,68636,10,0,679,0,,,,560.946,-908.0902,119.026,0,0,0,30327,0,219,219,0,0,0,0,,,,,,"Protostar SuperMall Gather Marker; source creature 68636; event 679 phase 0; Branch SQL supplies event 679 phase 0; current runtime only has the map binding, so event routing/cinematics remain blocked.",reviewed_laughingws_entity_event_pending_phase_smoke,Tools/DataMapping/sql/laughingws_instance_entity_wip_seed.sql;Tools/DataMapping/extract_laughingws_instance_entities.py;Source/NexusForever.Script.Instance;Decomp/Analysis/LAUGHINGWS_INSTANCES_AND_MORE_AUDIT.md,pending,not_retail_complete,"Reviewed entity_event phase binding is tracked, but retail completion needs phase activation, visibility, cleanup timing, and manual instance smoke."
expedition,2149,Space Madness,entity_event,1100300005:event:390:0,1100300005,45900,0,2483,390,0,,,,-14.70037,4.950619,337.0874,0,0,0,28578,0,466,466,0,0,0,0,,,,,,Space Madness Captain Tero; source creature 45900; event 390 phase 0; Branch SQL supplies event 390 phase 0 and the current Space Madness event script starts at TalkToCaptainTero; placement is preserved as WIP/GUESSED pending manual expedition smoke.,reviewed_laughingws_entity_event_pending_phase_smoke,Tools/DataMapping/sql/laughingws_instance_entity_wip_seed.sql;Tools/DataMapping/extract_laughingws_instance_entities.py;Source/NexusForever.Script.Instance;Decomp/Analysis/LAUGHINGWS_INSTANCES_AND_MORE_AUDIT.md,pending,not_retail_complete,"Reviewed entity_event phase binding is tracked, but retail completion needs phase activation, visibility, cleanup timing, and manual instance smoke."
expedition,2149,Space Madness,entity_event,1100300006:event:390:1,1100300006,45812,0,2482,390,1,,,,-40.0482,4.858062,310.5947,0,0,0,29020,9128,219,219,0,0,0,0,,,,,,Space Madness Major Lee Barmy; source creature 45812; event 390 phase 1; Branch SQL supplies event 390 phase 1 and the current Space Madness event script advances to TalkToMajorLeeBarmy; placement is preserved as WIP/GUESSED pending manual expedition smoke.,reviewed_laughingws_entity_event_pending_phase_smoke,Tools/DataMapping/sql/laughingws_instance_entity_wip_seed.sql;Tools/DataMapping/extract_laughingws_instance_entities.py;Source/NexusForever.Script.Instance;Decomp/Analysis/LAUGHINGWS_INSTANCES_AND_MORE_AUDIT.md,pending,not_retail_complete,"Reviewed entity_event phase binding is tracked, but retail completion needs phase activation, visibility, cleanup timing, and manual instance smoke."
expedition,2149,Space Madness,entity_event,1100300007:event:390:2,1100300007,45972,10,2415,390,2,,,,-39.72298,7.399887,158.1838,0,0,0,23951,0,219,219,0,0,0,0,,,,,,"Space Madness Observation Deck Computer; source creature 45972; event 390 phase 2; Branch SQL supplies event 390 phase 2 for the observation-deck computer; the source comment says coordinates need fixing, so this remains WIP/GUESSED placement data.",reviewed_laughingws_entity_event_pending_phase_smoke,Tools/DataMapping/sql/laughingws_instance_entity_wip_seed.sql;Tools/DataMapping/extract_laughingws_instance_entities.py;Source/NexusForever.Script.Instance;Decomp/Analysis/LAUGHINGWS_INSTANCES_AND_MORE_AUDIT.md,pending,not_retail_complete,"Reviewed entity_event phase binding is tracked, but retail completion needs phase activation, visibility, cleanup timing, and manual instance smoke."
expedition,2149,Space Madness,entity_event,1100300008:event:390:3,1100300008,46092,10,2415,390,3,,,,7.77,7.399887,84.36,0,0,0,23951,0,219,219,0,0,0,0,,,,,,"Space Madness Hazmat Control Panel; source creature 46092; event 390 phase 3; Branch SQL supplies event 390 phase 3 for the hazmat control panel; the source comment says coordinates need fixing, so this remains WIP/GUESSED placement data.",reviewed_laughingws_entity_event_pending_phase_smoke,Tools/DataMapping/sql/laughingws_instance_entity_wip_seed.sql;Tools/DataMapping/extract_laughingws_instance_entities.py;Source/NexusForever.Script.Instance;Decomp/Analysis/LAUGHINGWS_INSTANCES_AND_MORE_AUDIT.md,pending,not_retail_complete,"Reviewed entity_event phase binding is tracked, but retail completion needs phase activation, visibility, cleanup timing, and manual instance smoke."
expedition,2149,Space Madness,entity_event,1100300009:event:390:4,1100300009,46483,0,2415,390,4,,,,25.23,-2.91,120.42,1.57079,0,0,27827,0,218,218,0,0,0,0,,,,,,"Space Madness Exact Change 3.0; source creature 46483; event 390 phase 4; Branch SQL supplies event 390 phase 4 and source level/stat notes for Exact Change 3.0; current script only activates the livestock phase objective, so combat behavior remains blocked.",reviewed_laughingws_entity_event_pending_phase_smoke,Tools/DataMapping/sql/laughingws_instance_entity_wip_seed.sql;Tools/DataMapping/extract_laughingws_instance_entities.py;Source/NexusForever.Script.Instance;Decomp/Analysis/LAUGHINGWS_INSTANCES_AND_MORE_AUDIT.md,pending,not_retail_complete,"Reviewed entity_event phase binding is tracked, but retail completion needs phase activation, visibility, cleanup timing, and manual instance smoke."
expedition,2149,Space Madness,entity_event,1100300010:event:390:4,1100300010,46714,0,2415,390,4,,,,7.12621,-2.9093,112.0714,2.64731,0,0,26022,9347,218,218,0,0,0,0,,,,,,"Space Madness Blazing Crewman A; source creature 46714; event 390 phase 4; Branch SQL supplies the first event 390 phase 4 Blazing Crewman row; current script only activates phase objectives, so spawn/combat behavior remains WIP/GUESSED.",reviewed_laughingws_entity_event_pending_phase_smoke,Tools/DataMapping/sql/laughingws_instance_entity_wip_seed.sql;Tools/DataMapping/extract_laughingws_instance_entities.py;Source/NexusForever.Script.Instance;Decomp/Analysis/LAUGHINGWS_INSTANCES_AND_MORE_AUDIT.md,pending,not_retail_complete,"Reviewed entity_event phase binding is tracked, but retail completion needs phase activation, visibility, cleanup timing, and manual instance smoke."
expedition,2149,Space Madness,entity_event,1100300011:event:390:4,1100300011,46714,0,2415,390,4,,,,12.919,-2.91,124.5722,2.64731,0,0,26022,9347,218,218,0,0,0,0,,,,,,"Space Madness Blazing Crewman B; source creature 46714; event 390 phase 4; Branch SQL supplies the second event 390 phase 4 Blazing Crewman row; current script only activates phase objectives, so spawn/combat behavior remains WIP/GUESSED.",reviewed_laughingws_entity_event_pending_phase_smoke,Tools/DataMapping/sql/laughingws_instance_entity_wip_seed.sql;Tools/DataMapping/extract_laughingws_instance_entities.py;Source/NexusForever.Script.Instance;Decomp/Analysis/LAUGHINGWS_INSTANCES_AND_MORE_AUDIT.md,pending,not_retail_complete,"Reviewed entity_event phase binding is tracked, but retail completion needs phase activation, visibility, cleanup timing, and manual instance smoke."
expedition,2149,Space Madness,entity_event,1100300012:event:390:5,1100300012,45981,10,2415,390,5,,,,4.41,0,72.89,0,0,0,23951,0,219,219,0,0,0,0,,,,,,"Space Madness Hazmat Suit; source creature 45981; event 390 phase 5; Branch SQL supplies event 390 phase 5 for the hazmat suit; the source comment says coordinates need fixing, so this remains WIP/GUESSED placement data.",reviewed_laughingws_entity_event_pending_phase_smoke,Tools/DataMapping/sql/laughingws_instance_entity_wip_seed.sql;Tools/DataMapping/extract_laughingws_instance_entities.py;Source/NexusForever.Script.Instance;Decomp/Analysis/LAUGHINGWS_INSTANCES_AND_MORE_AUDIT.md,pending,not_retail_complete,"Reviewed entity_event phase binding is tracked, but retail completion needs phase activation, visibility, cleanup timing, and manual instance smoke."
expedition,2183,Gauntlet,entity_event,1100300013:event:446:0,1100300013,48580,0,2620,446,0,,,,541.0117,0.2229719,-513.6139,0,0,0,21338,0,219,219,0,0,0,0,,,,,,Gauntlet Pilot Taboro; source creature 48580; event 446 phase 0; Branch SQL supplies event 446 phase 0 and the current Gauntlet event script starts at TalkToPilotTaboro; placement is preserved as WIP/GUESSED pending manual expedition smoke.,reviewed_laughingws_entity_event_pending_phase_smoke,Tools/DataMapping/sql/laughingws_instance_entity_wip_seed.sql;Tools/DataMapping/extract_laughingws_instance_entities.py;Source/NexusForever.Script.Instance;Decomp/Analysis/LAUGHINGWS_INSTANCES_AND_MORE_AUDIT.md,pending,not_retail_complete,"Reviewed entity_event phase binding is tracked, but retail completion needs phase activation, visibility, cleanup timing, and manual instance smoke."
expedition,1319,Outpost M-13,entity_event,1100300017:event:108:0,1100300017,41201,0,1540,108,0,,,,9791.18,-932.668,5264.279,0,0,0,28578,0,466,466,0,0,0,0,,,,,,Outpost M-13 Captain Milo; source creature 41201; event 108 phase 0; Branch SQL supplies event 108 phase 0 and the current Outpost M-13 event script starts at TalkToCaptainMilo; placement is preserved as WIP/GUESSED pending manual expedition smoke.,reviewed_laughingws_entity_event_pending_phase_smoke,Tools/DataMapping/sql/laughingws_instance_entity_wip_seed.sql;Tools/DataMapping/extract_laughingws_instance_entities.py;Source/NexusForever.Script.Instance;Decomp/Analysis/LAUGHINGWS_INSTANCES_AND_MORE_AUDIT.md,pending,not_retail_complete,"Reviewed entity_event phase binding is tracked, but retail completion needs phase activation, visibility, cleanup timing, and manual instance smoke."
expedition,3404,Evil from the Ether,entity_event,1100300018:event:781:23,1100300018,71847,0,0,781,23,,,,-62.29986,-826.7423,315.39798,-3.1415925,-0,0,24324,0,219,219,0,0,0,0,,,,,,"Evil from the Ether Drive Spark A; source creature 71847; event 781 phase 23; Branch SQL supplies event 781 phase 23, which maps to the current PickUpDriveSchematics phase; official DB has no matching row, so this is WIP/GUESSED visual/objective-phase placement only.",reviewed_laughingws_entity_event_pending_phase_smoke,Tools/DataMapping/sql/laughingws_instance_entity_wip_seed.sql;Tools/DataMapping/extract_laughingws_instance_entities.py;Source/NexusForever.Script.Instance;Decomp/Analysis/LAUGHINGWS_INSTANCES_AND_MORE_AUDIT.md,pending,not_retail_complete,"Reviewed entity_event phase binding is tracked, but retail completion needs phase activation, visibility, cleanup timing, and manual instance smoke."
expedition,3404,Evil from the Ether,entity_event,1100300019:event:781:23,1100300019,71847,0,0,781,23,,,,-42.11708,-819.4943,316.413,-3.1415925,-0,0,24324,0,219,219,0,0,0,0,,,,,,"Evil from the Ether Drive Spark B; source creature 71847; event 781 phase 23; Branch SQL supplies event 781 phase 23, which maps to the current PickUpDriveSchematics phase; official DB has no matching row, so this is WIP/GUESSED visual/objective-phase placement only.",reviewed_laughingws_entity_event_pending_phase_smoke,Tools/DataMapping/sql/laughingws_instance_entity_wip_seed.sql;Tools/DataMapping/extract_laughingws_instance_entities.py;Source/NexusForever.Script.Instance;Decomp/Analysis/LAUGHINGWS_INSTANCES_AND_MORE_AUDIT.md,pending,not_retail_complete,"Reviewed entity_event phase binding is tracked, but retail completion needs phase activation, visibility, cleanup timing, and manual instance smoke."
expedition,3404,Evil from the Ether,entity_event,1100300020:event:781:23,1100300020,71847,0,0,781,23,,,,-50.01624,-826.74396,309.8,-3.1415925,-0,0,24324,0,219,219,0,0,0,0,,,,,,"Evil from the Ether Drive Spark C; source creature 71847; event 781 phase 23; Branch SQL supplies event 781 phase 23, which maps to the current PickUpDriveSchematics phase; official DB has no matching row, so this is WIP/GUESSED visual/objective-phase placement only.",reviewed_laughingws_entity_event_pending_phase_smoke,Tools/DataMapping/sql/laughingws_instance_entity_wip_seed.sql;Tools/DataMapping/extract_laughingws_instance_entities.py;Source/NexusForever.Script.Instance;Decomp/Analysis/LAUGHINGWS_INSTANCES_AND_MORE_AUDIT.md,pending,not_retail_complete,"Reviewed entity_event phase binding is tracked, but retail completion needs phase activation, visibility, cleanup timing, and manual instance smoke."
expedition,3404,Evil from the Ether,entity_event,1100300021:event:781:23,1100300021,71847,0,0,781,23,,,,-63.714478,-817.7603,312.456,-3.1415925,-0,0,24324,0,219,219,0,0,0,0,,,,,,"Evil from the Ether Drive Spark D; source creature 71847; event 781 phase 23; Branch SQL supplies event 781 phase 23, which maps to the current PickUpDriveSchematics phase; official DB has no matching row, so this is WIP/GUESSED visual/objective-phase placement only.",reviewed_laughingws_entity_event_pending_phase_smoke,Tools/DataMapping/sql/laughingws_instance_entity_wip_seed.sql;Tools/DataMapping/extract_laughingws_instance_entities.py;Source/NexusForever.Script.Instance;Decomp/Analysis/LAUGHINGWS_INSTANCES_AND_MORE_AUDIT.md,pending,not_retail_complete,"Reviewed entity_event phase binding is tracked, but retail completion needs phase activation, visibility, cleanup timing, and manual instance smoke."
expedition,3404,Evil from the Ether,entity_event,1100300022:event:781:23,1100300022,71847,0,0,781,23,,,,-43.03138,-826.57556,313.40698,-3.1415925,-0,0,24324,0,219,219,0,0,0,0,,,,,,"Evil from the Ether Drive Spark E; source creature 71847; event 781 phase 23; Branch SQL supplies event 781 phase 23, which maps to the current PickUpDriveSchematics phase; official DB has no matching row, so this is WIP/GUESSED visual/objective-phase placement only.",reviewed_laughingws_entity_event_pending_phase_smoke,Tools/DataMapping/sql/laughingws_instance_entity_wip_seed.sql;Tools/DataMapping/extract_laughingws_instance_entities.py;Source/NexusForever.Script.Instance;Decomp/Analysis/LAUGHINGWS_INSTANCES_AND_MORE_AUDIT.md,pending,not_retail_complete,"Reviewed entity_event phase binding is tracked, but retail completion needs phase activation, visibility, cleanup timing, and manual instance smoke."
expedition,3404,Evil from the Ether,entity_event,1100300023:event:781:23,1100300023,71847,0,0,781,23,,,,-51.01272,-819.90674,320.367,-3.1415925,-0,0,24324,0,219,219,0,0,0,0,,,,,,"Evil from the Ether Drive Spark F; source creature 71847; event 781 phase 23; Branch SQL supplies event 781 phase 23, which maps to the current PickUpDriveSchematics phase; official DB has no matching row, so this is WIP/GUESSED visual/objective-phase placement only.",reviewed_laughingws_entity_event_pending_phase_smoke,Tools/DataMapping/sql/laughingws_instance_entity_wip_seed.sql;Tools/DataMapping/extract_laughingws_instance_entities.py;Source/NexusForever.Script.Instance;Decomp/Analysis/LAUGHINGWS_INSTANCES_AND_MORE_AUDIT.md,pending,not_retail_complete,"Reviewed entity_event phase binding is tracked, but retail completion needs phase activation, visibility, cleanup timing, and manual instance smoke."
expedition,3404,Evil from the Ether,entity_event,1100300024:event:781:23,1100300024,71847,0,0,781,23,,,,-59.60385,-818.0261,320.757,-3.1415925,-0,0,24324,0,219,219,0,0,0,0,,,,,,"Evil from the Ether Drive Spark G; source creature 71847; event 781 phase 23; Branch SQL supplies event 781 phase 23, which maps to the current PickUpDriveSchematics phase; official DB has no matching row, so this is WIP/GUESSED visual/objective-phase placement only.",reviewed_laughingws_entity_event_pending_phase_smoke,Tools/DataMapping/sql/laughingws_instance_entity_wip_seed.sql;Tools/DataMapping/extract_laughingws_instance_entities.py;Source/NexusForever.Script.Instance;Decomp/Analysis/LAUGHINGWS_INSTANCES_AND_MORE_AUDIT.md,pending,not_retail_complete,"Reviewed entity_event phase binding is tracked, but retail completion needs phase activation, visibility, cleanup timing, and manual instance smoke."
expedition,3404,Evil from the Ether,entity_event,1100300025:event:781:23,1100300025,71847,0,0,781,23,,,,-47.63262,-813.7216,320.81198,-3.1415925,-0,0,24324,0,219,219,0,0,0,0,,,,,,"Evil from the Ether Drive Spark H; source creature 71847; event 781 phase 23; Branch SQL supplies event 781 phase 23, which maps to the current PickUpDriveSchematics phase; official DB has no matching row, so this is WIP/GUESSED visual/objective-phase placement only.",reviewed_laughingws_entity_event_pending_phase_smoke,Tools/DataMapping/sql/laughingws_instance_entity_wip_seed.sql;Tools/DataMapping/extract_laughingws_instance_entities.py;Source/NexusForever.Script.Instance;Decomp/Analysis/LAUGHINGWS_INSTANCES_AND_MORE_AUDIT.md,pending,not_retail_complete,"Reviewed entity_event phase binding is tracked, but retail completion needs phase activation, visibility, cleanup timing, and manual instance smoke."
expedition,3404,Evil from the Ether,entity_event,1100300026:event:781:23,1100300026,71847,0,0,781,23,,,,-55.35622,-815.50745,306.914,-3.1415925,-0,0,24324,0,219,219,0,0,0,0,,,,,,"Evil from the Ether Drive Spark I; source creature 71847; event 781 phase 23; Branch SQL supplies event 781 phase 23, which maps to the current PickUpDriveSchematics phase; official DB has no matching row, so this is WIP/GUESSED visual/objective-phase placement only.",reviewed_laughingws_entity_event_pending_phase_smoke,Tools/DataMapping/sql/laughingws_instance_entity_wip_seed.sql;Tools/DataMapping/extract_laughingws_instance_entities.py;Source/NexusForever.Script.Instance;Decomp/Analysis/LAUGHINGWS_INSTANCES_AND_MORE_AUDIT.md,pending,not_retail_complete,"Reviewed entity_event phase binding is tracked, but retail completion needs phase activation, visibility, cleanup timing, and manual instance smoke."
expedition,3404,Evil from the Ether,entity_event,1100300027:event:781:23,1100300027,71847,0,0,781,23,,,,-58.10405,-818.83215,310.94598,-3.1415925,-0,0,24324,0,219,219,0,0,0,0,,,,,,"Evil from the Ether Drive Spark J; source creature 71847; event 781 phase 23; Branch SQL supplies event 781 phase 23, which maps to the current PickUpDriveSchematics phase; official DB has no matching row, so this is WIP/GUESSED visual/objective-phase placement only.",reviewed_laughingws_entity_event_pending_phase_smoke,Tools/DataMapping/sql/laughingws_instance_entity_wip_seed.sql;Tools/DataMapping/extract_laughingws_instance_entities.py;Source/NexusForever.Script.Instance;Decomp/Analysis/LAUGHINGWS_INSTANCES_AND_MORE_AUDIT.md,pending,not_retail_complete,"Reviewed entity_event phase binding is tracked, but retail completion needs phase activation, visibility, cleanup timing, and manual instance smoke."
expedition,3404,Evil from the Ether,entity_event,1100300028:event:781:23,1100300028,71847,0,0,781,23,,,,-51.504288,-820.1912,304.748,-3.1415925,-0,0,24324,0,219,219,0,0,0,0,,,,,,"Evil from the Ether Drive Spark K; source creature 71847; event 781 phase 23; Branch SQL supplies event 781 phase 23, which maps to the current PickUpDriveSchematics phase; official DB has no matching row, so this is WIP/GUESSED visual/objective-phase placement only.",reviewed_laughingws_entity_event_pending_phase_smoke,Tools/DataMapping/sql/laughingws_instance_entity_wip_seed.sql;Tools/DataMapping/extract_laughingws_instance_entities.py;Source/NexusForever.Script.Instance;Decomp/Analysis/LAUGHINGWS_INSTANCES_AND_MORE_AUDIT.md,pending,not_retail_complete,"Reviewed entity_event phase binding is tracked, but retail completion needs phase activation, visibility, cleanup timing, and manual instance smoke."
dungeon,3173,Protogames Academy,entity_event,1100300029:event:667:8,1100300029,62475,20,4651,667,8,,,,-24400.19,-974.6682,-28977.15,0,0,0,35019,0,219,219,0,0,0,0,,,,,,"Protogames Academy portal A; source creature 62475; event 667 phase 8; Branch SQL supplies event 667 phase 8, but the source notes the portal may belong only to Ultimate Protogames; current C# uses a dynamic WIP teleporter trigger, so this static portal remains WIP/GUESSED.",reviewed_laughingws_entity_event_pending_phase_smoke,Tools/DataMapping/sql/laughingws_instance_entity_wip_seed.sql;Tools/DataMapping/extract_laughingws_instance_entities.py;Source/NexusForever.Script.Instance;Decomp/Analysis/LAUGHINGWS_INSTANCES_AND_MORE_AUDIT.md,pending,not_retail_complete,"Reviewed entity_event phase binding is tracked, but retail completion needs phase activation, visibility, cleanup timing, and manual instance smoke."
dungeon,3173,Protogames Academy,entity_event,1100300030:event:667:16,1100300030,62475,20,4507,667,16,,,,-19804.34,-945.5437,-29483.94,0,0,0,35019,0,219,219,0,1,0,0,,,,,,"Protogames Academy portal B; source creature 62475; event 667 phase 16; Branch SQL supplies event 667 phase 16, but the source notes the portal may belong only to Ultimate Protogames; current C# uses a dynamic WIP teleporter trigger, so this static portal remains WIP/GUESSED.",reviewed_laughingws_entity_event_pending_phase_smoke,Tools/DataMapping/sql/laughingws_instance_entity_wip_seed.sql;Tools/DataMapping/extract_laughingws_instance_entities.py;Source/NexusForever.Script.Instance;Decomp/Analysis/LAUGHINGWS_INSTANCES_AND_MORE_AUDIT.md,pending,not_retail_complete,"Reviewed entity_event phase binding is tracked, but retail completion needs phase activation, visibility, cleanup timing, and manual instance smoke."
dungeon,3173,Protogames Academy,entity_event,1100300031:event:667:3,1100300031,67475,0,4651,667,3,,,,-24330.6,-974.0855,-28917.8,0,0,0,24783,0,1322,1322,0,0,0,0,,,,,,"Protogames Academy Invulnotron; source creature 67475; event 667 phase 3; Branch SQL supplies event 667 phase 3 and InvulnotronEntityScript; current C# has a WIP objective-credit script, while combat behavior and spawn timing remain blocked.",reviewed_laughingws_entity_event_pending_phase_smoke,Tools/DataMapping/sql/laughingws_instance_entity_wip_seed.sql;Tools/DataMapping/extract_laughingws_instance_entities.py;Source/NexusForever.Script.Instance;Decomp/Analysis/LAUGHINGWS_INSTANCES_AND_MORE_AUDIT.md,pending,not_retail_complete,"Reviewed entity_event phase binding is tracked, but retail completion needs phase activation, visibility, cleanup timing, and manual instance smoke."
dungeon,3173,Protogames Academy,entity_event,1100300032:event:667:4,1100300032,67539,0,4651,667,4,,,,-24330.6,-974.0855,-28950.8,0,0,0,23539,0,219,219,0,0,0,0,,,,,,"Protogames Academy Room 1 Launcher; source creature 67539; event 667 phase 4; Branch SQL supplies event 667 phase 4 and notes the faction is uncertain; current C# uses WIP gather/teleporter triggers, so launcher interaction/choreography remains blocked.",reviewed_laughingws_entity_event_pending_phase_smoke,Tools/DataMapping/sql/laughingws_instance_entity_wip_seed.sql;Tools/DataMapping/extract_laughingws_instance_entities.py;Source/NexusForever.Script.Instance;Decomp/Analysis/LAUGHINGWS_INSTANCES_AND_MORE_AUDIT.md,pending,not_retail_complete,"Reviewed entity_event phase binding is tracked, but retail completion needs phase activation, visibility, cleanup timing, and manual instance smoke."
dungeon,3173,Protogames Academy,entity_event,1100300033:event:667:5,1100300033,67594,0,4507,667,5,,,,-24424.6,-974.0912,-28788.1,0,0,0,28878,0,1322,1322,0,0,0,0,,,,,,"Protogames Academy Gromka; source creature 67594; event 667 phase 5; Branch SQL supplies event 667 phase 5 and GromkaEntityScript; current C# has a WIP objective-credit script, while combat behavior and spawn timing remain blocked.",reviewed_laughingws_entity_event_pending_phase_smoke,Tools/DataMapping/sql/laughingws_instance_entity_wip_seed.sql;Tools/DataMapping/extract_laughingws_instance_entities.py;Source/NexusForever.Script.Instance;Decomp/Analysis/LAUGHINGWS_INSTANCES_AND_MORE_AUDIT.md,pending,not_retail_complete,"Reviewed entity_event phase binding is tracked, but retail completion needs phase activation, visibility, cleanup timing, and manual instance smoke."
dungeon,3173,Protogames Academy,entity_event,1100300034:event:667:7,1100300034,67663,0,4507,667,7,,,,-24360.97,-972.6974,-28943.9,0,0,0,32741,0,1322,1322,0,0,0,0,,,,,,"Protogames Academy Iruki Boldbeard; source creature 67663; event 667 phase 7; Branch SQL supplies event 667 phase 7 and IrukiBoldbeardEntityScript; current C# has a WIP objective-credit script, while combat behavior and spawn timing remain blocked.",reviewed_laughingws_entity_event_pending_phase_smoke,Tools/DataMapping/sql/laughingws_instance_entity_wip_seed.sql;Tools/DataMapping/extract_laughingws_instance_entities.py;Source/NexusForever.Script.Instance;Decomp/Analysis/LAUGHINGWS_INSTANCES_AND_MORE_AUDIT.md,pending,not_retail_complete,"Reviewed entity_event phase binding is tracked, but retail completion needs phase activation, visibility, cleanup timing, and manual instance smoke."
dungeon,3173,Protogames Academy,entity_event,1100300035:event:667:11,1100300035,67668,0,4507,667,11,,,,-19777.14,-946.8414,-29457.42,0,0,0,21309,0,233,233,0,0,0,0,,,,,,"Protogames Academy Seek-N-Slaughter; source creature 67668; event 667 phase 11; Branch SQL supplies event 667 phase 11 and current C# activates DefeatSeekNSlaughter; this WIP objective-credit script only grants death credit, while combat behavior remains blocked.",reviewed_laughingws_entity_event_pending_phase_smoke,Tools/DataMapping/sql/laughingws_instance_entity_wip_seed.sql;Tools/DataMapping/extract_laughingws_instance_entities.py;Source/NexusForever.Script.Instance;Decomp/Analysis/LAUGHINGWS_INSTANCES_AND_MORE_AUDIT.md,pending,not_retail_complete,"Reviewed entity_event phase binding is tracked, but retail completion needs phase activation, visibility, cleanup timing, and manual instance smoke."
dungeon,3173,Protogames Academy,entity_event,1100300036:event:667:13,1100300036,67757,0,4507,667,13,,,,-19777.14,-946.8414,-29457.42,0,0,0,21323,0,233,233,0,0,0,0,,,,,,"Protogames Academy Icebox Mk. 2; source creature 67757; event 667 phase 13; Branch SQL supplies event 667 phase 13 and current C# activates DefeatIceboxMk2; this WIP objective-credit script only grants death credit, while combat behavior remains blocked.",reviewed_laughingws_entity_event_pending_phase_smoke,Tools/DataMapping/sql/laughingws_instance_entity_wip_seed.sql;Tools/DataMapping/extract_laughingws_instance_entities.py;Source/NexusForever.Script.Instance;Decomp/Analysis/LAUGHINGWS_INSTANCES_AND_MORE_AUDIT.md,pending,not_retail_complete,"Reviewed entity_event phase binding is tracked, but retail completion needs phase activation, visibility, cleanup timing, and manual instance smoke."
dungeon,3173,Protogames Academy,entity_event,1100300038:event:667:1,1100300038,70003,10,4651,667,1,,,,-24400.12,-974.6682,-28977.07,0,0,0,30327,0,219,219,0,0,0,0,,,,,,"Protogames Academy gather marker Invulnotron; source creature 70003; event 667 phase 1; Branch SQL supplies the first event 667 gather marker; current C# creates WIP gather triggers dynamically, so the static placement remains WIP/GUESSED pending trigger cleanup proof.",reviewed_laughingws_entity_event_pending_phase_smoke,Tools/DataMapping/sql/laughingws_instance_entity_wip_seed.sql;Tools/DataMapping/extract_laughingws_instance_entities.py;Source/NexusForever.Script.Instance;Decomp/Analysis/LAUGHINGWS_INSTANCES_AND_MORE_AUDIT.md,pending,not_retail_complete,"Reviewed entity_event phase binding is tracked, but retail completion needs phase activation, visibility, cleanup timing, and manual instance smoke."
dungeon,3173,Protogames Academy,entity_event,1100300039:event:667:4,1100300039,70003,10,4507,667,4,,,,-24504.89,-974.7488,-28857.48,0,0,0,30327,0,219,219,0,0,0,0,,,,,,"Protogames Academy gather marker Gromka; source creature 70003; event 667 phase 4; Branch SQL supplies the second event 667 gather marker; current C# creates WIP gather triggers dynamically, so the static placement remains WIP/GUESSED pending trigger cleanup proof.",reviewed_laughingws_entity_event_pending_phase_smoke,Tools/DataMapping/sql/laughingws_instance_entity_wip_seed.sql;Tools/DataMapping/extract_laughingws_instance_entities.py;Source/NexusForever.Script.Instance;Decomp/Analysis/LAUGHINGWS_INSTANCES_AND_MORE_AUDIT.md,pending,not_retail_complete,"Reviewed entity_event phase binding is tracked, but retail completion needs phase activation, visibility, cleanup timing, and manual instance smoke."
dungeon,3173,Protogames Academy,entity_event,1100300041:event:667:9,1100300041,70003,10,4507,667,9,,,,-19804.34,-945.5437,-29483.94,0,0,0,30327,0,219,219,0,0,0,0,,,,,,"Protogames Academy gather marker arena A; source creature 70003; event 667 phase 9; Branch SQL supplies the fourth event 667 gather marker; current C# creates WIP gather triggers dynamically, so the static placement remains WIP/GUESSED pending trigger cleanup proof.",reviewed_laughingws_entity_event_pending_phase_smoke,Tools/DataMapping/sql/laughingws_instance_entity_wip_seed.sql;Tools/DataMapping/extract_laughingws_instance_entities.py;Source/NexusForever.Script.Instance;Decomp/Analysis/LAUGHINGWS_INSTANCES_AND_MORE_AUDIT.md,pending,not_retail_complete,"Reviewed entity_event phase binding is tracked, but retail completion needs phase activation, visibility, cleanup timing, and manual instance smoke."
dungeon,1336,Ruins of Kel Voreth,entity_event,1100300044:event:161:3,1100300044,32531,0,0,161,3,,,,-24.77,-737.08,990.32,0,0,0,29203,0,691,691,0,0,0,0,,,,,,"Ruins of Kel Voreth Forgemaster Trogun; source creature 32531; event 161 phase 3; Branch SQL supplies event 161 phase 3 and ForgemasterTrogunEntityScript; current C# has a WIP objective-credit script, while exact boss combat and door choreography remain blocked.",reviewed_laughingws_entity_event_pending_phase_smoke,Tools/DataMapping/sql/laughingws_instance_entity_wip_seed.sql;Tools/DataMapping/extract_laughingws_instance_entities.py;Source/NexusForever.Script.Instance;Decomp/Analysis/LAUGHINGWS_INSTANCES_AND_MORE_AUDIT.md,pending,not_retail_complete,"Reviewed entity_event phase binding is tracked, but retail completion needs phase activation, visibility, cleanup timing, and manual instance smoke."
dungeon,1336,Ruins of Kel Voreth,entity_event,1100300045:event:161:1,1100300045,32534,0,0,161,1,,,,195.41,-899.36,225.65,0,0,0,27715,0,691,691,0,0,0,0,,,,,,"Ruins of Kel Voreth Grond the Corpsemaker; source creature 32534; event 161 phase 1; Branch SQL supplies event 161 phase 1 and GrondTheCorpsemakerEntityScript; current C# has a WIP objective-credit script, while exact boss combat and encounter choreography remain blocked.",reviewed_laughingws_entity_event_pending_phase_smoke,Tools/DataMapping/sql/laughingws_instance_entity_wip_seed.sql;Tools/DataMapping/extract_laughingws_instance_entities.py;Source/NexusForever.Script.Instance;Decomp/Analysis/LAUGHINGWS_INSTANCES_AND_MORE_AUDIT.md,pending,not_retail_complete,"Reviewed entity_event phase binding is tracked, but retail completion needs phase activation, visibility, cleanup timing, and manual instance smoke."
dungeon,1336,Ruins of Kel Voreth,entity_event,1100300046:event:161:2,1100300046,32536,0,0,161,2,,,,596.36,-882.84,976.53,0,0,0,27104,0,691,691,0,0,0,0,,,,,,"Ruins of Kel Voreth Slavemaster Drokk; source creature 32536; event 161 phase 2; Branch SQL supplies event 161 phase 2 and SlavemasterDrokkEntityScript; current C# has a WIP objective-credit script, while exact boss combat and faction-specific messaging remain blocked.",reviewed_laughingws_entity_event_pending_phase_smoke,Tools/DataMapping/sql/laughingws_instance_entity_wip_seed.sql;Tools/DataMapping/extract_laughingws_instance_entities.py;Source/NexusForever.Script.Instance;Decomp/Analysis/LAUGHINGWS_INSTANCES_AND_MORE_AUDIT.md,pending,not_retail_complete,"Reviewed entity_event phase binding is tracked, but retail completion needs phase activation, visibility, cleanup timing, and manual instance smoke."
dungeon,382,Stormtalon's Lair,entity_event,1100300047:event:145:2,1100300047,32703,0,271,145,2,,,,-52.71065,-48.68514,220.7862,0,0,0,27874,0,586,586,0,0,0,0,,,,,,"Stormtalon's Lair Aethros; source creature 32703; event 145 phase 2; Branch SQL supplies event 145 phase 2 and AethrosVeteranEntityScript; current C# has a WIP objective-credit script, while exact boss combat and Stormtalon choreography remain blocked.",reviewed_laughingws_entity_event_pending_phase_smoke,Tools/DataMapping/sql/laughingws_instance_entity_wip_seed.sql;Tools/DataMapping/extract_laughingws_instance_entities.py;Source/NexusForever.Script.Instance;Decomp/Analysis/LAUGHINGWS_INSTANCES_AND_MORE_AUDIT.md,pending,not_retail_complete,"Reviewed entity_event phase binding is tracked, but retail completion needs phase activation, visibility, cleanup timing, and manual instance smoke."
dungeon,382,Stormtalon's Lair,entity_event,1100300048:event:145:1,1100300048,33405,0,271,145,1,,,,-88.49673,-11.51191,123.5562,0,0,0,23629,0,586,586,0,0,0,0,,,,,,"Stormtalon's Lair Blade-Wind the Invoker; source creature 33405; event 145 phase 1; Branch SQL supplies event 145 phase 1 and BladeWindTheInvokerVeteranEntityScript; current C# has a WIP objective-credit script, while exact boss combat and optional route availability remain blocked.",reviewed_laughingws_entity_event_pending_phase_smoke,Tools/DataMapping/sql/laughingws_instance_entity_wip_seed.sql;Tools/DataMapping/extract_laughingws_instance_entities.py;Source/NexusForever.Script.Instance;Decomp/Analysis/LAUGHINGWS_INSTANCES_AND_MORE_AUDIT.md,pending,not_retail_complete,"Reviewed entity_event phase binding is tracked, but retail completion needs phase activation, visibility, cleanup timing, and manual instance smoke."
dungeon,1263,Skullcano,entity_event,1100300049:event:148:0,1100300049,24475,0,4793,148,0,,,,115.26,-923.71,-491.56,0,0,0,21318,0,242,242,0,0,0,0,,,,,,"Skullcano Thunderfoot; source creature 24475; event 148 phase 0; Branch SQL supplies event 148 phase 0 and ThunderfootNormalEntityScript; current C# has a WIP objective-credit script, while exact boss combat and route choreography remain blocked.",reviewed_laughingws_entity_event_pending_phase_smoke,Tools/DataMapping/sql/laughingws_instance_entity_wip_seed.sql;Tools/DataMapping/extract_laughingws_instance_entities.py;Source/NexusForever.Script.Instance;Decomp/Analysis/LAUGHINGWS_INSTANCES_AND_MORE_AUDIT.md,pending,not_retail_complete,"Reviewed entity_event phase binding is tracked, but retail completion needs phase activation, visibility, cleanup timing, and manual instance smoke."
dungeon,1263,Skullcano,entity_event,1100300050:event:148:0,1100300050,24493,0,1220,148,0,,,,508.5147,-978.8553,-367.8973,0,0,0,27916,0,868,868,0,0,0,0,,,,,,"Skullcano Stew-Shaman Tugga; source creature 24493; event 148 phase 0; Branch SQL supplies event 148 phase 0 and StewShamanTuggaNormalEntityScript; current C# has a WIP objective-credit script, while exact boss combat and cave/chasm route selection remain blocked.",reviewed_laughingws_entity_event_pending_phase_smoke,Tools/DataMapping/sql/laughingws_instance_entity_wip_seed.sql;Tools/DataMapping/extract_laughingws_instance_entities.py;Source/NexusForever.Script.Instance;Decomp/Analysis/LAUGHINGWS_INSTANCES_AND_MORE_AUDIT.md,pending,not_retail_complete,"Reviewed entity_event phase binding is tracked, but retail completion needs phase activation, visibility, cleanup timing, and manual instance smoke."
dungeon,1271,Sanctuary of the Swordmaiden,entity_event,1100300051:event:166:4,1100300051,29254,0,1556,166,4,,,,4877.322,-797.6906,-3318.368,0,0,0,24811,0,978,978,0,0,0,0,,,,,,"Sanctuary of the Swordmaiden Flame-Crazed Demon; source creature 29254; event 166 phase 4; Branch SQL supplies event 166 phase 4 and FlameCrazedDemonEntityScript; current C# has a WIP objective-credit script, while exact miniboss combat and path selection remain blocked.",reviewed_laughingws_entity_event_pending_phase_smoke,Tools/DataMapping/sql/laughingws_instance_entity_wip_seed.sql;Tools/DataMapping/extract_laughingws_instance_entities.py;Source/NexusForever.Script.Instance;Decomp/Analysis/LAUGHINGWS_INSTANCES_AND_MORE_AUDIT.md,pending,not_retail_complete,"Reviewed entity_event phase binding is tracked, but retail completion needs phase activation, visibility, cleanup timing, and manual instance smoke."
dungeon,2980,Ultimate Protogames,entity_event,1100300055:event:594:5,1100300055,61463,0,0,594,5,,,,-12737.13,-797.0872,1326.347,0,0,0,36682,0,219,219,0,0,0,0,,,,,,"Ultimate Protogames Bev-O-Rage; source creature 61463; event 594 phase 5; Branch SQL supplies event 594 phase 5 and level stat 50; current runtime only has the map binding, so event routing, objective credit, combat behavior, and manual dungeon smoke remain blocked.",reviewed_laughingws_entity_event_pending_phase_smoke,Tools/DataMapping/sql/laughingws_instance_entity_wip_seed.sql;Tools/DataMapping/extract_laughingws_instance_entities.py;Source/NexusForever.Script.Instance;Decomp/Analysis/LAUGHINGWS_INSTANCES_AND_MORE_AUDIT.md,pending,not_retail_complete,"Reviewed entity_event phase binding is tracked, but retail completion needs phase activation, visibility, cleanup timing, and manual instance smoke."
event_instance,3044,Map\ShadesEveInstance,entity_event,1100300057:event:597:1,1100300057,62747,0,0,597,1,,,,340.9081115722656,-869.3984375,-256.90118408203125,2.9192612171173096,0,0,23053,7913,219,219,0,0,0,0,,,,,,"Shade's Eve Etty Windsen; source creature 62747; event 597 phase 1; Branch SQL supplies event 597 phase 1 and source level stat 50; current Shade's Eve script advances to SpeakWithEttyWindsen, but exact NPC interaction and cinematic/vote timing remain blocked.",reviewed_laughingws_entity_event_pending_phase_smoke,Tools/DataMapping/sql/laughingws_instance_entity_wip_seed.sql;Tools/DataMapping/extract_laughingws_instance_entities.py;Source/NexusForever.Script.Instance;Decomp/Analysis/LAUGHINGWS_INSTANCES_AND_MORE_AUDIT.md,pending,not_retail_complete,"Reviewed entity_event phase binding is tracked, but retail completion needs phase activation, visibility, cleanup timing, and manual instance smoke."
event_instance,3044,Map\ShadesEveInstance,entity_event,1100300058:event:597:0,1100300058,64820,10,0,597,0,,,,333.415283203125,-871.3636474609375,-242.43496704101562,-3.141592502593994,0,0,30327,0,219,219,0,0,0,0,,,,,,Shade's Eve Fountain Gathering Circle; source creature 64820; event 597 phase 0; Branch SQL supplies event 597 phase 0 and the current Shade's Eve script starts at FindTheFountain; gather cleanup and exact cinematic timing remain WIP/GUESSED.,reviewed_laughingws_entity_event_pending_phase_smoke,Tools/DataMapping/sql/laughingws_instance_entity_wip_seed.sql;Tools/DataMapping/extract_laughingws_instance_entities.py;Source/NexusForever.Script.Instance;Decomp/Analysis/LAUGHINGWS_INSTANCES_AND_MORE_AUDIT.md,pending,not_retail_complete,"Reviewed entity_event phase binding is tracked, but retail completion needs phase activation, visibility, cleanup timing, and manual instance smoke."
raid,1333,Datascape,entity_event,1100300059:event:157:0,1100300059,61819,0,1301,157,0,,,,618.551,-215.61023,75,0,0,0,30425,0,1171,1171,0,0,0,0,,,,,,"Datascape Optimized Memory Probe ED-1; source creature 61819; event 157 phase 0; Branch SQL supplies placed ED-1 coordinates and commented event 157 phase 0; current C# activates DefeatOptimizedMemoryProbeED1, while exact mechanics remain blocked.",reviewed_laughingws_entity_event_pending_phase_smoke,Tools/DataMapping/sql/laughingws_instance_entity_wip_seed.sql;Tools/DataMapping/extract_laughingws_instance_entities.py;Source/NexusForever.Script.Instance;Decomp/Analysis/LAUGHINGWS_INSTANCES_AND_MORE_AUDIT.md,pending,not_retail_complete,"Reviewed entity_event phase binding is tracked, but retail completion needs phase activation, visibility, cleanup timing, and manual instance smoke."
raid,1333,Datascape,entity_event,1100300060:event:157:0,1100300060,61818,0,1301,157,0,,,,865,-215.6028,-173.5,1.55485,0,0,30425,0,1171,1171,0,0,0,0,,,,,,"Datascape Optimized Memory Probe TX-67; source creature 61818; event 157 phase 0; Branch SQL supplies placed TX-67 coordinates and commented event 157 phase 0; current C# has the WIP objective-credit script, while exact mechanics remain blocked.",reviewed_laughingws_entity_event_pending_phase_smoke,Tools/DataMapping/sql/laughingws_instance_entity_wip_seed.sql;Tools/DataMapping/extract_laughingws_instance_entities.py;Source/NexusForever.Script.Instance;Decomp/Analysis/LAUGHINGWS_INSTANCES_AND_MORE_AUDIT.md,pending,not_retail_complete,"Reviewed entity_event phase binding is tracked, but retail completion needs phase activation, visibility, cleanup timing, and manual instance smoke."
raid,1333,Datascape,entity_event,1100300061:event:157:0,1100300061,31667,0,1301,157,0,,,,618,-216.15657,-421,3.10206,0,0,30425,0,1171,1171,0,0,0,0,,,,,,"Datascape Optimized Memory Probe P2-Z; source creature 31667; event 157 phase 0; Branch SQL supplies placed P2-Z coordinates and commented event 157 phase 0; current C# activates DefeatOptimizedMemoryProbeP2Z, while exact mechanics remain blocked.",reviewed_laughingws_entity_event_pending_phase_smoke,Tools/DataMapping/sql/laughingws_instance_entity_wip_seed.sql;Tools/DataMapping/extract_laughingws_instance_entities.py;Source/NexusForever.Script.Instance;Decomp/Analysis/LAUGHINGWS_INSTANCES_AND_MORE_AUDIT.md,pending,not_retail_complete,"Reviewed entity_event phase binding is tracked, but retail completion needs phase activation, visibility, cleanup timing, and manual instance smoke."
raid,1333,Datascape,entity_event,1100300062:event:157:0,1100300062,30495,0,1349,157,0,,,,132.5,-226.5,-67,0,0,0,33172,0,1171,1171,0,0,0,0,,,,,,Datascape Null System Daemon; source creature 30495; event 157 phase 0; Branch SQL supplies event 157 phase 0 and current C# starts by activating DefeatTheSystemDaemons; exact daemon encounter mechanics remain blocked.,reviewed_laughingws_entity_event_pending_phase_smoke,Tools/DataMapping/sql/laughingws_instance_entity_wip_seed.sql;Tools/DataMapping/extract_laughingws_instance_entities.py;Source/NexusForever.Script.Instance;Decomp/Analysis/LAUGHINGWS_INSTANCES_AND_MORE_AUDIT.md,pending,not_retail_complete,"Reviewed entity_event phase binding is tracked, but retail completion needs phase activation, visibility, cleanup timing, and manual instance smoke."
raid,1333,Datascape,entity_event,1100300063:event:157:0,1100300063,30496,0,1349,157,0,,,,132.5,-226.5,-263,3.08953,0,0,33172,0,1171,1171,0,0,0,0,,,,,,Datascape Binary System Daemon; source creature 30496; event 157 phase 0; Branch SQL supplies event 157 phase 0 and current C# starts by activating DefeatTheSystemDaemons; exact daemon encounter mechanics remain blocked.,reviewed_laughingws_entity_event_pending_phase_smoke,Tools/DataMapping/sql/laughingws_instance_entity_wip_seed.sql;Tools/DataMapping/extract_laughingws_instance_entities.py;Source/NexusForever.Script.Instance;Decomp/Analysis/LAUGHINGWS_INSTANCES_AND_MORE_AUDIT.md,pending,not_retail_complete,"Reviewed entity_event phase binding is tracked, but retail completion needs phase activation, visibility, cleanup timing, and manual instance smoke."
raid,1333,Datascape,entity_event,1100300064:event:157:3,1100300064,31677,0,4475,157,3,,,,3356.48,-765.57,-3246.29,0.17427,0,0,27434,0,1171,1171,0,0,0,0,,,,,,Datascape First Frost Boulder Avalanche; source creature 31677; event 157 phase 3; Branch SQL supplies placed Frost Boulder coordinates; phase 3 is WIP-guessed from the current Datascape event script's FirstFrostBoulder phase.,reviewed_laughingws_entity_event_pending_phase_smoke,Tools/DataMapping/sql/laughingws_instance_entity_wip_seed.sql;Tools/DataMapping/extract_laughingws_instance_entities.py;Source/NexusForever.Script.Instance;Decomp/Analysis/LAUGHINGWS_INSTANCES_AND_MORE_AUDIT.md,pending,not_retail_complete,"Reviewed entity_event phase binding is tracked, but retail completion needs phase activation, visibility, cleanup timing, and manual instance smoke."
raid,1333,Datascape,entity_event,1100300065:event:157:4,1100300065,56200,0,4476,157,4,,,,3635.073,-745.20,-3373.29,1.11529,0,0,27434,0,1171,1171,0,0,0,0,,,,,,Datascape Second Frost Boulder Avalanche; source creature 56200; event 157 phase 4; Branch SQL supplies placed Frost Boulder coordinates; phase 4 is WIP-guessed from the current Datascape event script's SecondFrostBoulder phase.,reviewed_laughingws_entity_event_pending_phase_smoke,Tools/DataMapping/sql/laughingws_instance_entity_wip_seed.sql;Tools/DataMapping/extract_laughingws_instance_entities.py;Source/NexusForever.Script.Instance;Decomp/Analysis/LAUGHINGWS_INSTANCES_AND_MORE_AUDIT.md,pending,not_retail_complete,"Reviewed entity_event phase binding is tracked, but retail completion needs phase activation, visibility, cleanup timing, and manual instance smoke."
raid,1333,Datascape,entity_event,1100300066:event:157:5,1100300066,31674,0,4476,157,5,,,,3328.50,-696.86,-3639.44,-1.42842,0,0,23490,0,1171,1171,0,0,0,0,,,,,,Datascape Frostbringer Warlock; source creature 31674; event 157 phase 5; Branch SQL supplies placed Frostbringer Warlock coordinates; phase 5 is WIP-guessed from the current Datascape event script's FrostbringerWarlock phase.,reviewed_laughingws_entity_event_pending_phase_smoke,Tools/DataMapping/sql/laughingws_instance_entity_wip_seed.sql;Tools/DataMapping/extract_laughingws_instance_entities.py;Source/NexusForever.Script.Instance;Decomp/Analysis/LAUGHINGWS_INSTANCES_AND_MORE_AUDIT.md,pending,not_retail_complete,"Reviewed entity_event phase binding is tracked, but retail completion needs phase activation, visibility, cleanup timing, and manual instance smoke."
raid,1333,Datascape,entity_event,1100300067:event:157:0,1100300067,31885,0,1590,157,0,,,,2985.78,-794.348,3396.41,-0.693315,0,0,27107,0,1171,1171,0,0,0,0,,,,,,"Datascape Bio-Enhanced Broodmother; source creature 31885; event 157 phase 0; Branch SQL supplies placed Bio-Enhanced Broodmother coordinates; current C# activates this objective from ED-1 completion without a mapped separate phase, so phase 0 is WIP-guessed.",reviewed_laughingws_entity_event_pending_phase_smoke,Tools/DataMapping/sql/laughingws_instance_entity_wip_seed.sql;Tools/DataMapping/extract_laughingws_instance_entities.py;Source/NexusForever.Script.Instance;Decomp/Analysis/LAUGHINGWS_INSTANCES_AND_MORE_AUDIT.md,pending,not_retail_complete,"Reviewed entity_event phase binding is tracked, but retail completion needs phase activation, visibility, cleanup timing, and manual instance smoke."
raid,1333,Datascape,entity_event,1100300068:event:157:11,1100300068,30498,0,1609,157,11,,,,4310,-567.817,-16812,-3.08841,0,0,32992,0,1171,1171,0,0,0,0,,,,,,Datascape Gloomclaw; source creature 30498; event 157 phase 11; Branch SQL supplies placed Gloomclaw coordinates; phase 11 is WIP-guessed from the current Datascape event script's Gloomclaw phase.,reviewed_laughingws_entity_event_pending_phase_smoke,Tools/DataMapping/sql/laughingws_instance_entity_wip_seed.sql;Tools/DataMapping/extract_laughingws_instance_entities.py;Source/NexusForever.Script.Instance;Decomp/Analysis/LAUGHINGWS_INSTANCES_AND_MORE_AUDIT.md,pending,not_retail_complete,"Reviewed entity_event phase binding is tracked, but retail completion needs phase activation, visibility, cleanup timing, and manual instance smoke."
raid,1333,Datascape,entity_event,1100300069:event:157:12,1100300069,48065,0,2371,157,12,,,,-22076.3,598.146,-15934.1,1,0,0,28678,0,1171,1171,0,0,0,0,,,,,,"Datascape Hyper-Accelerated Skeledroid; source creature 48065; event 157 phase 12; Branch SQL supplies placed Hyper-Accelerated Skeledroid coordinates; current C# activates this sub-objective during LogicWingRoom1, so phase 12 is WIP-guessed.",reviewed_laughingws_entity_event_pending_phase_smoke,Tools/DataMapping/sql/laughingws_instance_entity_wip_seed.sql;Tools/DataMapping/extract_laughingws_instance_entities.py;Source/NexusForever.Script.Instance;Decomp/Analysis/LAUGHINGWS_INSTANCES_AND_MORE_AUDIT.md,pending,not_retail_complete,"Reviewed entity_event phase binding is tracked, but retail completion needs phase activation, visibility, cleanup timing, and manual instance smoke."
raid,1333,Datascape,entity_event,1100300070:event:157:14,1100300070,48374,0,2373,157,14,,,,-22050.2,619.71,-14309.2,2.56983,0,0,28901,0,1171,1171,0,0,0,0,,,,,,"Datascape Augmented Herald of Avatus; source creature 48374; event 157 phase 14; Branch SQL supplies placed Augmented Herald coordinates; current C# activates this sub-objective during LogicWingRoom3, so phase 14 is WIP-guessed.",reviewed_laughingws_entity_event_pending_phase_smoke,Tools/DataMapping/sql/laughingws_instance_entity_wip_seed.sql;Tools/DataMapping/extract_laughingws_instance_entities.py;Source/NexusForever.Script.Instance;Decomp/Analysis/LAUGHINGWS_INSTANCES_AND_MORE_AUDIT.md,pending,not_retail_complete,"Reviewed entity_event phase binding is tracked, but retail completion needs phase activation, visibility, cleanup timing, and manual instance smoke."
raid,1333,Datascape,entity_event,1100300071:event:157:19,1100300071,48295,0,1594,157,19,,,,-4018.35,-905.709,2575.45,-1.7226,0,0,36939,0,1171,1171,0,0,0,0,,,,,,Datascape Warmonger Agratha; source creature 48295; event 157 phase 19; Branch SQL supplies placed Warmonger Agratha coordinates; phase 19 is WIP-guessed from the current Datascape event script.,reviewed_laughingws_entity_event_pending_phase_smoke,Tools/DataMapping/sql/laughingws_instance_entity_wip_seed.sql;Tools/DataMapping/extract_laughingws_instance_entities.py;Source/NexusForever.Script.Instance;Decomp/Analysis/LAUGHINGWS_INSTANCES_AND_MORE_AUDIT.md,pending,not_retail_complete,"Reviewed entity_event phase binding is tracked, but retail completion needs phase activation, visibility, cleanup timing, and manual instance smoke."
raid,1333,Datascape,entity_event,1100300072:event:157:20,1100300072,48916,0,4478,157,20,,,,-4350.04,-913.187,2404.41,-1.44454,0,0,36939,0,1171,1171,0,0,0,0,,,,,,Datascape Warmonger Chuna; source creature 48916; event 157 phase 20; Branch SQL supplies placed Warmonger Chuna coordinates; phase 20 is WIP-guessed from the current Datascape event script.,reviewed_laughingws_entity_event_pending_phase_smoke,Tools/DataMapping/sql/laughingws_instance_entity_wip_seed.sql;Tools/DataMapping/extract_laughingws_instance_entities.py;Source/NexusForever.Script.Instance;Decomp/Analysis/LAUGHINGWS_INSTANCES_AND_MORE_AUDIT.md,pending,not_retail_complete,"Reviewed entity_event phase binding is tracked, but retail completion needs phase activation, visibility, cleanup timing, and manual instance smoke."
raid,1333,Datascape,entity_event,1100300073:event:157:21,1100300073,48917,0,4479,157,21,,,,-4359.49,-903.383,2590.74,0.19367,0,0,36939,0,1171,1171,0,0,0,0,,,,,,Datascape Warmonger Talarii; source creature 48917; event 157 phase 21; Branch SQL supplies placed Warmonger Talarii coordinates; phase 21 is WIP-guessed from the current Datascape event script.,reviewed_laughingws_entity_event_pending_phase_smoke,Tools/DataMapping/sql/laughingws_instance_entity_wip_seed.sql;Tools/DataMapping/extract_laughingws_instance_entities.py;Source/NexusForever.Script.Instance;Decomp/Analysis/LAUGHINGWS_INSTANCES_AND_MORE_AUDIT.md,pending,not_retail_complete,"Reviewed entity_event phase binding is tracked, but retail completion needs phase activation, visibility, cleanup timing, and manual instance smoke."
raid,1333,Datascape,entity_event,1100300074:event:157:22,1100300074,48177,0,1479,157,22,,,,-4403.72,-821.913,2679.14,-1.63275,0,0,36938,0,1171,1171,0,0,0,0,,,,,,Datascape Grand Warmonger Targresh; source creature 48177; event 157 phase 22; Branch SQL supplies placed Grand Warmonger Targresh coordinates; phase 22 is WIP-guessed from the current Datascape event script.,reviewed_laughingws_entity_event_pending_phase_smoke,Tools/DataMapping/sql/laughingws_instance_entity_wip_seed.sql;Tools/DataMapping/extract_laughingws_instance_entities.py;Source/NexusForever.Script.Instance;Decomp/Analysis/LAUGHINGWS_INSTANCES_AND_MORE_AUDIT.md,pending,not_retail_complete,"Reviewed entity_event phase binding is tracked, but retail completion needs phase activation, visibility, cleanup timing, and manual instance smoke."
raid,1333,Datascape,entity_event,1100300075:event:157:26,1100300075,30505,0,1301,157,26,,,,618,-198.7,-174,1.61258,0,0,28937,0,1171,1171,0,0,0,0,,,,,,Datascape Avatus; source creature 30505; event 157 phase 26; Branch SQL supplies placed Avatus coordinates; phase 26 is WIP-guessed from the current Datascape event script's Avatus phase.,reviewed_laughingws_entity_event_pending_phase_smoke,Tools/DataMapping/sql/laughingws_instance_entity_wip_seed.sql;Tools/DataMapping/extract_laughingws_instance_entities.py;Source/NexusForever.Script.Instance;Decomp/Analysis/LAUGHINGWS_INSTANCES_AND_MORE_AUDIT.md,pending,not_retail_complete,"Reviewed entity_event phase binding is tracked, but retail completion needs phase activation, visibility, cleanup timing, and manual instance smoke."
dungeon,3522,Coldblood Citadel,entity_script,1100300001:script:HailstoneGatecrasherEntityScript,1100300001,75508,0,0,,,HailstoneGatecrasherEntityScript,,,459.544,-467.2018,-596.769,0,0,0,24808,0,691,691,0,0,0,0,,,,,,"Coldblood Citadel Hailstone Gatecrasher; source creature 75508; event 907 phase 1; Branch SQL supplies event 907 phase 1, level stat 50, and HailstoneGatecrasherEntityScript; current C# has the WIP-guessed event script and matching entity script.",reviewed_laughingws_entity_script_pending_mechanics_smoke,Tools/DataMapping/sql/laughingws_instance_entity_wip_seed.sql;Tools/DataMapping/extract_laughingws_instance_entities.py;Source/NexusForever.Script.Instance;Decomp/Analysis/LAUGHINGWS_INSTANCES_AND_MORE_AUDIT.md,pending,not_retail_complete,"Reviewed entity_script hook is tracked, but retail completion needs exact combat/interaction mechanics, objective credit timing, and manual instance smoke."
dungeon,3173,Protogames Academy,entity_script,1100300031:script:InvulnotronEntityScript,1100300031,67475,0,4651,,,InvulnotronEntityScript,,,-24330.6,-974.0855,-28917.8,0,0,0,24783,0,1322,1322,0,0,0,0,,,,,,"Protogames Academy Invulnotron; source creature 67475; event 667 phase 3; Branch SQL supplies event 667 phase 3 and InvulnotronEntityScript; current C# has a WIP objective-credit script, while combat behavior and spawn timing remain blocked.",reviewed_laughingws_entity_script_pending_mechanics_smoke,Tools/DataMapping/sql/laughingws_instance_entity_wip_seed.sql;Tools/DataMapping/extract_laughingws_instance_entities.py;Source/NexusForever.Script.Instance;Decomp/Analysis/LAUGHINGWS_INSTANCES_AND_MORE_AUDIT.md,pending,not_retail_complete,"Reviewed entity_script hook is tracked, but retail completion needs exact combat/interaction mechanics, objective credit timing, and manual instance smoke."
dungeon,3173,Protogames Academy,entity_script,1100300033:script:GromkaEntityScript,1100300033,67594,0,4507,,,GromkaEntityScript,,,-24424.6,-974.0912,-28788.1,0,0,0,28878,0,1322,1322,0,0,0,0,,,,,,"Protogames Academy Gromka; source creature 67594; event 667 phase 5; Branch SQL supplies event 667 phase 5 and GromkaEntityScript; current C# has a WIP objective-credit script, while combat behavior and spawn timing remain blocked.",reviewed_laughingws_entity_script_pending_mechanics_smoke,Tools/DataMapping/sql/laughingws_instance_entity_wip_seed.sql;Tools/DataMapping/extract_laughingws_instance_entities.py;Source/NexusForever.Script.Instance;Decomp/Analysis/LAUGHINGWS_INSTANCES_AND_MORE_AUDIT.md,pending,not_retail_complete,"Reviewed entity_script hook is tracked, but retail completion needs exact combat/interaction mechanics, objective credit timing, and manual instance smoke."
dungeon,3173,Protogames Academy,entity_script,1100300034:script:IrukiBoldbeardEntityScript,1100300034,67663,0,4507,,,IrukiBoldbeardEntityScript,,,-24360.97,-972.6974,-28943.9,0,0,0,32741,0,1322,1322,0,0,0,0,,,,,,"Protogames Academy Iruki Boldbeard; source creature 67663; event 667 phase 7; Branch SQL supplies event 667 phase 7 and IrukiBoldbeardEntityScript; current C# has a WIP objective-credit script, while combat behavior and spawn timing remain blocked.",reviewed_laughingws_entity_script_pending_mechanics_smoke,Tools/DataMapping/sql/laughingws_instance_entity_wip_seed.sql;Tools/DataMapping/extract_laughingws_instance_entities.py;Source/NexusForever.Script.Instance;Decomp/Analysis/LAUGHINGWS_INSTANCES_AND_MORE_AUDIT.md,pending,not_retail_complete,"Reviewed entity_script hook is tracked, but retail completion needs exact combat/interaction mechanics, objective credit timing, and manual instance smoke."
dungeon,3173,Protogames Academy,entity_script,1100300035:script:SeekNSlaughterEntityScript,1100300035,67668,0,4507,,,SeekNSlaughterEntityScript,,,-19777.14,-946.8414,-29457.42,0,0,0,21309,0,233,233,0,0,0,0,,,,,,"Protogames Academy Seek-N-Slaughter; source creature 67668; event 667 phase 11; Branch SQL supplies event 667 phase 11 and current C# activates DefeatSeekNSlaughter; this WIP objective-credit script only grants death credit, while combat behavior remains blocked.",reviewed_laughingws_entity_script_pending_mechanics_smoke,Tools/DataMapping/sql/laughingws_instance_entity_wip_seed.sql;Tools/DataMapping/extract_laughingws_instance_entities.py;Source/NexusForever.Script.Instance;Decomp/Analysis/LAUGHINGWS_INSTANCES_AND_MORE_AUDIT.md,pending,not_retail_complete,"Reviewed entity_script hook is tracked, but retail completion needs exact combat/interaction mechanics, objective credit timing, and manual instance smoke."
dungeon,3173,Protogames Academy,entity_script,1100300036:script:IceboxMk2EntityScript,1100300036,67757,0,4507,,,IceboxMk2EntityScript,,,-19777.14,-946.8414,-29457.42,0,0,0,21323,0,233,233,0,0,0,0,,,,,,"Protogames Academy Icebox Mk. 2; source creature 67757; event 667 phase 13; Branch SQL supplies event 667 phase 13 and current C# activates DefeatIceboxMk2; this WIP objective-credit script only grants death credit, while combat behavior remains blocked.",reviewed_laughingws_entity_script_pending_mechanics_smoke,Tools/DataMapping/sql/laughingws_instance_entity_wip_seed.sql;Tools/DataMapping/extract_laughingws_instance_entities.py;Source/NexusForever.Script.Instance;Decomp/Analysis/LAUGHINGWS_INSTANCES_AND_MORE_AUDIT.md,pending,not_retail_complete,"Reviewed entity_script hook is tracked, but retail completion needs exact combat/interaction mechanics, objective credit timing, and manual instance smoke."
dungeon,1336,Ruins of Kel Voreth,entity_script,1100300044:script:ForgemasterTrogunEntityScript,1100300044,32531,0,0,,,ForgemasterTrogunEntityScript,,,-24.77,-737.08,990.32,0,0,0,29203,0,691,691,0,0,0,0,,,,,,"Ruins of Kel Voreth Forgemaster Trogun; source creature 32531; event 161 phase 3; Branch SQL supplies event 161 phase 3 and ForgemasterTrogunEntityScript; current C# has a WIP objective-credit script, while exact boss combat and door choreography remain blocked.",reviewed_laughingws_entity_script_pending_mechanics_smoke,Tools/DataMapping/sql/laughingws_instance_entity_wip_seed.sql;Tools/DataMapping/extract_laughingws_instance_entities.py;Source/NexusForever.Script.Instance;Decomp/Analysis/LAUGHINGWS_INSTANCES_AND_MORE_AUDIT.md,pending,not_retail_complete,"Reviewed entity_script hook is tracked, but retail completion needs exact combat/interaction mechanics, objective credit timing, and manual instance smoke."
dungeon,1336,Ruins of Kel Voreth,entity_script,1100300045:script:GrondTheCorpsemakerEntityScript,1100300045,32534,0,0,,,GrondTheCorpsemakerEntityScript,,,195.41,-899.36,225.65,0,0,0,27715,0,691,691,0,0,0,0,,,,,,"Ruins of Kel Voreth Grond the Corpsemaker; source creature 32534; event 161 phase 1; Branch SQL supplies event 161 phase 1 and GrondTheCorpsemakerEntityScript; current C# has a WIP objective-credit script, while exact boss combat and encounter choreography remain blocked.",reviewed_laughingws_entity_script_pending_mechanics_smoke,Tools/DataMapping/sql/laughingws_instance_entity_wip_seed.sql;Tools/DataMapping/extract_laughingws_instance_entities.py;Source/NexusForever.Script.Instance;Decomp/Analysis/LAUGHINGWS_INSTANCES_AND_MORE_AUDIT.md,pending,not_retail_complete,"Reviewed entity_script hook is tracked, but retail completion needs exact combat/interaction mechanics, objective credit timing, and manual instance smoke."
dungeon,1336,Ruins of Kel Voreth,entity_script,1100300046:script:SlavemasterDrokkEntityScript,1100300046,32536,0,0,,,SlavemasterDrokkEntityScript,,,596.36,-882.84,976.53,0,0,0,27104,0,691,691,0,0,0,0,,,,,,"Ruins of Kel Voreth Slavemaster Drokk; source creature 32536; event 161 phase 2; Branch SQL supplies event 161 phase 2 and SlavemasterDrokkEntityScript; current C# has a WIP objective-credit script, while exact boss combat and faction-specific messaging remain blocked.",reviewed_laughingws_entity_script_pending_mechanics_smoke,Tools/DataMapping/sql/laughingws_instance_entity_wip_seed.sql;Tools/DataMapping/extract_laughingws_instance_entities.py;Source/NexusForever.Script.Instance;Decomp/Analysis/LAUGHINGWS_INSTANCES_AND_MORE_AUDIT.md,pending,not_retail_complete,"Reviewed entity_script hook is tracked, but retail completion needs exact combat/interaction mechanics, objective credit timing, and manual instance smoke."
dungeon,382,Stormtalon's Lair,entity_script,1100300047:script:AethrosVeteranEntityScript,1100300047,32703,0,271,,,AethrosVeteranEntityScript,,,-52.71065,-48.68514,220.7862,0,0,0,27874,0,586,586,0,0,0,0,,,,,,"Stormtalon's Lair Aethros; source creature 32703; event 145 phase 2; Branch SQL supplies event 145 phase 2 and AethrosVeteranEntityScript; current C# has a WIP objective-credit script, while exact boss combat and Stormtalon choreography remain blocked.",reviewed_laughingws_entity_script_pending_mechanics_smoke,Tools/DataMapping/sql/laughingws_instance_entity_wip_seed.sql;Tools/DataMapping/extract_laughingws_instance_entities.py;Source/NexusForever.Script.Instance;Decomp/Analysis/LAUGHINGWS_INSTANCES_AND_MORE_AUDIT.md,pending,not_retail_complete,"Reviewed entity_script hook is tracked, but retail completion needs exact combat/interaction mechanics, objective credit timing, and manual instance smoke."
dungeon,382,Stormtalon's Lair,entity_script,1100300048:script:BladeWindTheInvokerVeteranEntityScript,1100300048,33405,0,271,,,BladeWindTheInvokerVeteranEntityScript,,,-88.49673,-11.51191,123.5562,0,0,0,23629,0,586,586,0,0,0,0,,,,,,"Stormtalon's Lair Blade-Wind the Invoker; source creature 33405; event 145 phase 1; Branch SQL supplies event 145 phase 1 and BladeWindTheInvokerVeteranEntityScript; current C# has a WIP objective-credit script, while exact boss combat and optional route availability remain blocked.",reviewed_laughingws_entity_script_pending_mechanics_smoke,Tools/DataMapping/sql/laughingws_instance_entity_wip_seed.sql;Tools/DataMapping/extract_laughingws_instance_entities.py;Source/NexusForever.Script.Instance;Decomp/Analysis/LAUGHINGWS_INSTANCES_AND_MORE_AUDIT.md,pending,not_retail_complete,"Reviewed entity_script hook is tracked, but retail completion needs exact combat/interaction mechanics, objective credit timing, and manual instance smoke."
dungeon,1263,Skullcano,entity_script,1100300049:script:ThunderfootNormalEntityScript,1100300049,24475,0,4793,,,ThunderfootNormalEntityScript,,,115.26,-923.71,-491.56,0,0,0,21318,0,242,242,0,0,0,0,,,,,,"Skullcano Thunderfoot; source creature 24475; event 148 phase 0; Branch SQL supplies event 148 phase 0 and ThunderfootNormalEntityScript; current C# has a WIP objective-credit script, while exact boss combat and route choreography remain blocked.",reviewed_laughingws_entity_script_pending_mechanics_smoke,Tools/DataMapping/sql/laughingws_instance_entity_wip_seed.sql;Tools/DataMapping/extract_laughingws_instance_entities.py;Source/NexusForever.Script.Instance;Decomp/Analysis/LAUGHINGWS_INSTANCES_AND_MORE_AUDIT.md,pending,not_retail_complete,"Reviewed entity_script hook is tracked, but retail completion needs exact combat/interaction mechanics, objective credit timing, and manual instance smoke."
dungeon,1263,Skullcano,entity_script,1100300050:script:StewShamanTuggaNormalEntityScript,1100300050,24493,0,1220,,,StewShamanTuggaNormalEntityScript,,,508.5147,-978.8553,-367.8973,0,0,0,27916,0,868,868,0,0,0,0,,,,,,"Skullcano Stew-Shaman Tugga; source creature 24493; event 148 phase 0; Branch SQL supplies event 148 phase 0 and StewShamanTuggaNormalEntityScript; current C# has a WIP objective-credit script, while exact boss combat and cave/chasm route selection remain blocked.",reviewed_laughingws_entity_script_pending_mechanics_smoke,Tools/DataMapping/sql/laughingws_instance_entity_wip_seed.sql;Tools/DataMapping/extract_laughingws_instance_entities.py;Source/NexusForever.Script.Instance;Decomp/Analysis/LAUGHINGWS_INSTANCES_AND_MORE_AUDIT.md,pending,not_retail_complete,"Reviewed entity_script hook is tracked, but retail completion needs exact combat/interaction mechanics, objective credit timing, and manual instance smoke."
dungeon,1271,Sanctuary of the Swordmaiden,entity_script,1100300051:script:FlameCrazedDemonEntityScript,1100300051,29254,0,1556,,,FlameCrazedDemonEntityScript,,,4877.322,-797.6906,-3318.368,0,0,0,24811,0,978,978,0,0,0,0,,,,,,"Sanctuary of the Swordmaiden Flame-Crazed Demon; source creature 29254; event 166 phase 4; Branch SQL supplies event 166 phase 4 and FlameCrazedDemonEntityScript; current C# has a WIP objective-credit script, while exact miniboss combat and path selection remain blocked.",reviewed_laughingws_entity_script_pending_mechanics_smoke,Tools/DataMapping/sql/laughingws_instance_entity_wip_seed.sql;Tools/DataMapping/extract_laughingws_instance_entities.py;Source/NexusForever.Script.Instance;Decomp/Analysis/LAUGHINGWS_INSTANCES_AND_MORE_AUDIT.md,pending,not_retail_complete,"Reviewed entity_script hook is tracked, but retail completion needs exact combat/interaction mechanics, objective credit timing, and manual instance smoke."
raid,1462,Genetic Archives,entity_script,1100300052:script:ExperimentX-89EntityScript,1100300052,49198,0,0,,,ExperimentX-89EntityScript,,,-1147.055,-111.3793,-520.5323,-2,0,0,27899,0,1209,1209,0,0,0,0,,,,,,"Genetic Archives Experiment X-89; source creature 49198; no source entity_event row; Branch SQL supplies ExperimentX-89EntityScript without an entity_event row; current C# has a WIP objective-credit script, while raid encounter choreography remains blocked.",reviewed_laughingws_entity_script_pending_mechanics_smoke,Tools/DataMapping/sql/laughingws_instance_entity_wip_seed.sql;Tools/DataMapping/extract_laughingws_instance_entities.py;Source/NexusForever.Script.Instance;Decomp/Analysis/LAUGHINGWS_INSTANCES_AND_MORE_AUDIT.md,pending,not_retail_complete,"Reviewed entity_script hook is tracked, but retail completion needs exact combat/interaction mechanics, objective credit timing, and manual instance smoke."
raid,1462,Genetic Archives,entity_script,1100300053:script:KuralakTheDefilerEntityScript,1100300053,52969,0,0,,,KuralakTheDefilerEntityScript,,,169.4765,-110.4199,-489.5547,2.093871,0,0,30276,0,1209,1209,0,0,0,0,,,,,,"Genetic Archives Kuralak the Defiler; source creature 52969; no source entity_event row; Branch SQL supplies KuralakTheDefilerEntityScript without an entity_event row; current C# has a WIP objective-credit script, while raid encounter choreography remains blocked.",reviewed_laughingws_entity_script_pending_mechanics_smoke,Tools/DataMapping/sql/laughingws_instance_entity_wip_seed.sql;Tools/DataMapping/extract_laughingws_instance_entities.py;Source/NexusForever.Script.Instance;Decomp/Analysis/LAUGHINGWS_INSTANCES_AND_MORE_AUDIT.md,pending,not_retail_complete,"Reviewed entity_script hook is tracked, but retail completion needs exact combat/interaction mechanics, objective credit timing, and manual instance smoke."
raid,1462,Genetic Archives,entity_script,1100300054:script:KuralakPillarEntityScript,1100300054,53031,0,0,,,KuralakPillarEntityScript,,,133.965,-111.45,-505.34,0,0,0,27557,0,1209,1209,0,0,0,0,,,,,,Genetic Archives Pillar of the Genetic Library; source creature 53031; no source entity_event row; Branch SQL supplies KuralakPillarEntityScript without an entity_event row; current C# intentionally keeps the script as a WIP no-op loader hook until Kuralak pillar mechanics are mapped.,reviewed_laughingws_entity_script_pending_mechanics_smoke,Tools/DataMapping/sql/laughingws_instance_entity_wip_seed.sql;Tools/DataMapping/extract_laughingws_instance_entities.py;Source/NexusForever.Script.Instance;Decomp/Analysis/LAUGHINGWS_INSTANCES_AND_MORE_AUDIT.md,pending,not_retail_complete,"Reviewed entity_script hook is tracked, but retail completion needs exact combat/interaction mechanics, objective credit timing, and manual instance smoke."
raid,3032,Redmoon Terror,entity_script,1100300056:script:LavekaTheDarkHeartedEntityScript,1100300056,65997,0,5996,,,LavekaTheDarkHeartedEntityScript,,,-723.7178,186.8427,-265.1872,3.1415926536,0,0,38426,0,1351,1351,0,0,0,0,,,,,,"Red Moon Terror Laveka; source creature 65997; no source entity_event row; Branch SQL supplies a static Laveka row with health marker and level stats; current C# has the WIP-guessed Red Moon Terror event chain and a WIP objective-credit script for the final Laveka objective, while boss choreography, awakening/challenge logic, and manual raid smoke remain blocked.",reviewed_laughingws_entity_script_pending_mechanics_smoke,Tools/DataMapping/sql/laughingws_instance_entity_wip_seed.sql;Tools/DataMapping/extract_laughingws_instance_entities.py;Source/NexusForever.Script.Instance;Decomp/Analysis/LAUGHINGWS_INSTANCES_AND_MORE_AUDIT.md,pending,not_retail_complete,"Reviewed entity_script hook is tracked, but retail completion needs exact combat/interaction mechanics, objective credit timing, and manual instance smoke."
raid,1333,Datascape,entity_script,1100300059:script:OptimizedMemoryProbeED1EntityScript,1100300059,61819,0,1301,,,OptimizedMemoryProbeED1EntityScript,,,618.551,-215.61023,75,0,0,0,30425,0,1171,1171,0,0,0,0,,,,,,"Datascape Optimized Memory Probe ED-1; source creature 61819; event 157 phase 0; Branch SQL supplies placed ED-1 coordinates and commented event 157 phase 0; current C# activates DefeatOptimizedMemoryProbeED1, while exact mechanics remain blocked.",reviewed_laughingws_entity_script_pending_mechanics_smoke,Tools/DataMapping/sql/laughingws_instance_entity_wip_seed.sql;Tools/DataMapping/extract_laughingws_instance_entities.py;Source/NexusForever.Script.Instance;Decomp/Analysis/LAUGHINGWS_INSTANCES_AND_MORE_AUDIT.md,pending,not_retail_complete,"Reviewed entity_script hook is tracked, but retail completion needs exact combat/interaction mechanics, objective credit timing, and manual instance smoke."
raid,1333,Datascape,entity_script,1100300060:script:OptimizedMemoryProbeTX-67EntityScript,1100300060,61818,0,1301,,,OptimizedMemoryProbeTX-67EntityScript,,,865,-215.6028,-173.5,1.55485,0,0,30425,0,1171,1171,0,0,0,0,,,,,,"Datascape Optimized Memory Probe TX-67; source creature 61818; event 157 phase 0; Branch SQL supplies placed TX-67 coordinates and commented event 157 phase 0; current C# has the WIP objective-credit script, while exact mechanics remain blocked.",reviewed_laughingws_entity_script_pending_mechanics_smoke,Tools/DataMapping/sql/laughingws_instance_entity_wip_seed.sql;Tools/DataMapping/extract_laughingws_instance_entities.py;Source/NexusForever.Script.Instance;Decomp/Analysis/LAUGHINGWS_INSTANCES_AND_MORE_AUDIT.md,pending,not_retail_complete,"Reviewed entity_script hook is tracked, but retail completion needs exact combat/interaction mechanics, objective credit timing, and manual instance smoke."
raid,1333,Datascape,entity_script,1100300061:script:OptimizedMemoryProbeP2ZEntityScript,1100300061,31667,0,1301,,,OptimizedMemoryProbeP2ZEntityScript,,,618,-216.15657,-421,3.10206,0,0,30425,0,1171,1171,0,0,0,0,,,,,,"Datascape Optimized Memory Probe P2-Z; source creature 31667; event 157 phase 0; Branch SQL supplies placed P2-Z coordinates and commented event 157 phase 0; current C# activates DefeatOptimizedMemoryProbeP2Z, while exact mechanics remain blocked.",reviewed_laughingws_entity_script_pending_mechanics_smoke,Tools/DataMapping/sql/laughingws_instance_entity_wip_seed.sql;Tools/DataMapping/extract_laughingws_instance_entities.py;Source/NexusForever.Script.Instance;Decomp/Analysis/LAUGHINGWS_INSTANCES_AND_MORE_AUDIT.md,pending,not_retail_complete,"Reviewed entity_script hook is tracked, but retail completion needs exact combat/interaction mechanics, objective credit timing, and manual instance smoke."
raid,1333,Datascape,entity_script,1100300062:script:NullSystemDaemonEntityScript,1100300062,30495,0,1349,,,NullSystemDaemonEntityScript,,,132.5,-226.5,-67,0,0,0,33172,0,1171,1171,0,0,0,0,,,,,,Datascape Null System Daemon; source creature 30495; event 157 phase 0; Branch SQL supplies event 157 phase 0 and current C# starts by activating DefeatTheSystemDaemons; exact daemon encounter mechanics remain blocked.,reviewed_laughingws_entity_script_pending_mechanics_smoke,Tools/DataMapping/sql/laughingws_instance_entity_wip_seed.sql;Tools/DataMapping/extract_laughingws_instance_entities.py;Source/NexusForever.Script.Instance;Decomp/Analysis/LAUGHINGWS_INSTANCES_AND_MORE_AUDIT.md,pending,not_retail_complete,"Reviewed entity_script hook is tracked, but retail completion needs exact combat/interaction mechanics, objective credit timing, and manual instance smoke."
raid,1333,Datascape,entity_script,1100300063:script:BinarySystemDaemonEntityScript,1100300063,30496,0,1349,,,BinarySystemDaemonEntityScript,,,132.5,-226.5,-263,3.08953,0,0,33172,0,1171,1171,0,0,0,0,,,,,,Datascape Binary System Daemon; source creature 30496; event 157 phase 0; Branch SQL supplies event 157 phase 0 and current C# starts by activating DefeatTheSystemDaemons; exact daemon encounter mechanics remain blocked.,reviewed_laughingws_entity_script_pending_mechanics_smoke,Tools/DataMapping/sql/laughingws_instance_entity_wip_seed.sql;Tools/DataMapping/extract_laughingws_instance_entities.py;Source/NexusForever.Script.Instance;Decomp/Analysis/LAUGHINGWS_INSTANCES_AND_MORE_AUDIT.md,pending,not_retail_complete,"Reviewed entity_script hook is tracked, but retail completion needs exact combat/interaction mechanics, objective credit timing, and manual instance smoke."
raid,1333,Datascape,entity_script,1100300064:script:FrostBoulderAvalancheFirstEntityScript,1100300064,31677,0,4475,,,FrostBoulderAvalancheFirstEntityScript,,,3356.48,-765.57,-3246.29,0.17427,0,0,27434,0,1171,1171,0,0,0,0,,,,,,Datascape First Frost Boulder Avalanche; source creature 31677; event 157 phase 3; Branch SQL supplies placed Frost Boulder coordinates; phase 3 is WIP-guessed from the current Datascape event script's FirstFrostBoulder phase.,reviewed_laughingws_entity_script_pending_mechanics_smoke,Tools/DataMapping/sql/laughingws_instance_entity_wip_seed.sql;Tools/DataMapping/extract_laughingws_instance_entities.py;Source/NexusForever.Script.Instance;Decomp/Analysis/LAUGHINGWS_INSTANCES_AND_MORE_AUDIT.md,pending,not_retail_complete,"Reviewed entity_script hook is tracked, but retail completion needs exact combat/interaction mechanics, objective credit timing, and manual instance smoke."
raid,1333,Datascape,entity_script,1100300065:script:FrostBoulderAvalancheSecondEntityScript,1100300065,56200,0,4476,,,FrostBoulderAvalancheSecondEntityScript,,,3635.073,-745.20,-3373.29,1.11529,0,0,27434,0,1171,1171,0,0,0,0,,,,,,Datascape Second Frost Boulder Avalanche; source creature 56200; event 157 phase 4; Branch SQL supplies placed Frost Boulder coordinates; phase 4 is WIP-guessed from the current Datascape event script's SecondFrostBoulder phase.,reviewed_laughingws_entity_script_pending_mechanics_smoke,Tools/DataMapping/sql/laughingws_instance_entity_wip_seed.sql;Tools/DataMapping/extract_laughingws_instance_entities.py;Source/NexusForever.Script.Instance;Decomp/Analysis/LAUGHINGWS_INSTANCES_AND_MORE_AUDIT.md,pending,not_retail_complete,"Reviewed entity_script hook is tracked, but retail completion needs exact combat/interaction mechanics, objective credit timing, and manual instance smoke."
raid,1333,Datascape,entity_script,1100300066:script:FrostbringerWarlockEntityScript,1100300066,31674,0,4476,,,FrostbringerWarlockEntityScript,,,3328.50,-696.86,-3639.44,-1.42842,0,0,23490,0,1171,1171,0,0,0,0,,,,,,Datascape Frostbringer Warlock; source creature 31674; event 157 phase 5; Branch SQL supplies placed Frostbringer Warlock coordinates; phase 5 is WIP-guessed from the current Datascape event script's FrostbringerWarlock phase.,reviewed_laughingws_entity_script_pending_mechanics_smoke,Tools/DataMapping/sql/laughingws_instance_entity_wip_seed.sql;Tools/DataMapping/extract_laughingws_instance_entities.py;Source/NexusForever.Script.Instance;Decomp/Analysis/LAUGHINGWS_INSTANCES_AND_MORE_AUDIT.md,pending,not_retail_complete,"Reviewed entity_script hook is tracked, but retail completion needs exact combat/interaction mechanics, objective credit timing, and manual instance smoke."
raid,1333,Datascape,entity_script,1100300067:script:BioEnhancedBroodmotherEntityScript,1100300067,31885,0,1590,,,BioEnhancedBroodmotherEntityScript,,,2985.78,-794.348,3396.41,-0.693315,0,0,27107,0,1171,1171,0,0,0,0,,,,,,"Datascape Bio-Enhanced Broodmother; source creature 31885; event 157 phase 0; Branch SQL supplies placed Bio-Enhanced Broodmother coordinates; current C# activates this objective from ED-1 completion without a mapped separate phase, so phase 0 is WIP-guessed.",reviewed_laughingws_entity_script_pending_mechanics_smoke,Tools/DataMapping/sql/laughingws_instance_entity_wip_seed.sql;Tools/DataMapping/extract_laughingws_instance_entities.py;Source/NexusForever.Script.Instance;Decomp/Analysis/LAUGHINGWS_INSTANCES_AND_MORE_AUDIT.md,pending,not_retail_complete,"Reviewed entity_script hook is tracked, but retail completion needs exact combat/interaction mechanics, objective credit timing, and manual instance smoke."
raid,1333,Datascape,entity_script,1100300068:script:GloomclawEntityScript,1100300068,30498,0,1609,,,GloomclawEntityScript,,,4310,-567.817,-16812,-3.08841,0,0,32992,0,1171,1171,0,0,0,0,,,,,,Datascape Gloomclaw; source creature 30498; event 157 phase 11; Branch SQL supplies placed Gloomclaw coordinates; phase 11 is WIP-guessed from the current Datascape event script's Gloomclaw phase.,reviewed_laughingws_entity_script_pending_mechanics_smoke,Tools/DataMapping/sql/laughingws_instance_entity_wip_seed.sql;Tools/DataMapping/extract_laughingws_instance_entities.py;Source/NexusForever.Script.Instance;Decomp/Analysis/LAUGHINGWS_INSTANCES_AND_MORE_AUDIT.md,pending,not_retail_complete,"Reviewed entity_script hook is tracked, but retail completion needs exact combat/interaction mechanics, objective credit timing, and manual instance smoke."
raid,1333,Datascape,entity_script,1100300069:script:HyperAcceleratedSkeledroidEntityScript,1100300069,48065,0,2371,,,HyperAcceleratedSkeledroidEntityScript,,,-22076.3,598.146,-15934.1,1,0,0,28678,0,1171,1171,0,0,0,0,,,,,,"Datascape Hyper-Accelerated Skeledroid; source creature 48065; event 157 phase 12; Branch SQL supplies placed Hyper-Accelerated Skeledroid coordinates; current C# activates this sub-objective during LogicWingRoom1, so phase 12 is WIP-guessed.",reviewed_laughingws_entity_script_pending_mechanics_smoke,Tools/DataMapping/sql/laughingws_instance_entity_wip_seed.sql;Tools/DataMapping/extract_laughingws_instance_entities.py;Source/NexusForever.Script.Instance;Decomp/Analysis/LAUGHINGWS_INSTANCES_AND_MORE_AUDIT.md,pending,not_retail_complete,"Reviewed entity_script hook is tracked, but retail completion needs exact combat/interaction mechanics, objective credit timing, and manual instance smoke."
raid,1333,Datascape,entity_script,1100300070:script:AugmentedHeraldOfAvatusEntityScript,1100300070,48374,0,2373,,,AugmentedHeraldOfAvatusEntityScript,,,-22050.2,619.71,-14309.2,2.56983,0,0,28901,0,1171,1171,0,0,0,0,,,,,,"Datascape Augmented Herald of Avatus; source creature 48374; event 157 phase 14; Branch SQL supplies placed Augmented Herald coordinates; current C# activates this sub-objective during LogicWingRoom3, so phase 14 is WIP-guessed.",reviewed_laughingws_entity_script_pending_mechanics_smoke,Tools/DataMapping/sql/laughingws_instance_entity_wip_seed.sql;Tools/DataMapping/extract_laughingws_instance_entities.py;Source/NexusForever.Script.Instance;Decomp/Analysis/LAUGHINGWS_INSTANCES_AND_MORE_AUDIT.md,pending,not_retail_complete,"Reviewed entity_script hook is tracked, but retail completion needs exact combat/interaction mechanics, objective credit timing, and manual instance smoke."
raid,1333,Datascape,entity_script,1100300071:script:WarmongerAgrathaEntityScript,1100300071,48295,0,1594,,,WarmongerAgrathaEntityScript,,,-4018.35,-905.709,2575.45,-1.7226,0,0,36939,0,1171,1171,0,0,0,0,,,,,,Datascape Warmonger Agratha; source creature 48295; event 157 phase 19; Branch SQL supplies placed Warmonger Agratha coordinates; phase 19 is WIP-guessed from the current Datascape event script.,reviewed_laughingws_entity_script_pending_mechanics_smoke,Tools/DataMapping/sql/laughingws_instance_entity_wip_seed.sql;Tools/DataMapping/extract_laughingws_instance_entities.py;Source/NexusForever.Script.Instance;Decomp/Analysis/LAUGHINGWS_INSTANCES_AND_MORE_AUDIT.md,pending,not_retail_complete,"Reviewed entity_script hook is tracked, but retail completion needs exact combat/interaction mechanics, objective credit timing, and manual instance smoke."
raid,1333,Datascape,entity_script,1100300072:script:WarmongerChunaEntityScript,1100300072,48916,0,4478,,,WarmongerChunaEntityScript,,,-4350.04,-913.187,2404.41,-1.44454,0,0,36939,0,1171,1171,0,0,0,0,,,,,,Datascape Warmonger Chuna; source creature 48916; event 157 phase 20; Branch SQL supplies placed Warmonger Chuna coordinates; phase 20 is WIP-guessed from the current Datascape event script.,reviewed_laughingws_entity_script_pending_mechanics_smoke,Tools/DataMapping/sql/laughingws_instance_entity_wip_seed.sql;Tools/DataMapping/extract_laughingws_instance_entities.py;Source/NexusForever.Script.Instance;Decomp/Analysis/LAUGHINGWS_INSTANCES_AND_MORE_AUDIT.md,pending,not_retail_complete,"Reviewed entity_script hook is tracked, but retail completion needs exact combat/interaction mechanics, objective credit timing, and manual instance smoke."
raid,1333,Datascape,entity_script,1100300073:script:WarmongerTalariiEntityScript,1100300073,48917,0,4479,,,WarmongerTalariiEntityScript,,,-4359.49,-903.383,2590.74,0.19367,0,0,36939,0,1171,1171,0,0,0,0,,,,,,Datascape Warmonger Talarii; source creature 48917; event 157 phase 21; Branch SQL supplies placed Warmonger Talarii coordinates; phase 21 is WIP-guessed from the current Datascape event script.,reviewed_laughingws_entity_script_pending_mechanics_smoke,Tools/DataMapping/sql/laughingws_instance_entity_wip_seed.sql;Tools/DataMapping/extract_laughingws_instance_entities.py;Source/NexusForever.Script.Instance;Decomp/Analysis/LAUGHINGWS_INSTANCES_AND_MORE_AUDIT.md,pending,not_retail_complete,"Reviewed entity_script hook is tracked, but retail completion needs exact combat/interaction mechanics, objective credit timing, and manual instance smoke."
raid,1333,Datascape,entity_script,1100300074:script:GrandWarmongerTargreshEntityScript,1100300074,48177,0,1479,,,GrandWarmongerTargreshEntityScript,,,-4403.72,-821.913,2679.14,-1.63275,0,0,36938,0,1171,1171,0,0,0,0,,,,,,Datascape Grand Warmonger Targresh; source creature 48177; event 157 phase 22; Branch SQL supplies placed Grand Warmonger Targresh coordinates; phase 22 is WIP-guessed from the current Datascape event script.,reviewed_laughingws_entity_script_pending_mechanics_smoke,Tools/DataMapping/sql/laughingws_instance_entity_wip_seed.sql;Tools/DataMapping/extract_laughingws_instance_entities.py;Source/NexusForever.Script.Instance;Decomp/Analysis/LAUGHINGWS_INSTANCES_AND_MORE_AUDIT.md,pending,not_retail_complete,"Reviewed entity_script hook is tracked, but retail completion needs exact combat/interaction mechanics, objective credit timing, and manual instance smoke."
raid,1333,Datascape,entity_script,1100300075:script:DatascapeAvatusEntityScript,1100300075,30505,0,1301,,,DatascapeAvatusEntityScript,,,618,-198.7,-174,1.61258,0,0,28937,0,1171,1171,0,0,0,0,,,,,,Datascape Avatus; source creature 30505; event 157 phase 26; Branch SQL supplies placed Avatus coordinates; phase 26 is WIP-guessed from the current Datascape event script's Avatus phase.,reviewed_laughingws_entity_script_pending_mechanics_smoke,Tools/DataMapping/sql/laughingws_instance_entity_wip_seed.sql;Tools/DataMapping/extract_laughingws_instance_entities.py;Source/NexusForever.Script.Instance;Decomp/Analysis/LAUGHINGWS_INSTANCES_AND_MORE_AUDIT.md,pending,not_retail_complete,"Reviewed entity_script hook is tracked, but retail completion needs exact combat/interaction mechanics, objective credit timing, and manual instance smoke."
dungeon,3522,Coldblood Citadel,entity_stats,1100300001:stat:10,1100300001,75508,0,0,,,,10,50,459.544,-467.2018,-596.769,0,0,0,24808,0,691,691,0,0,0,0,,,,,,"Coldblood Citadel Hailstone Gatecrasher; source creature 75508; event 907 phase 1; Branch SQL supplies event 907 phase 1, level stat 50, and HailstoneGatecrasherEntityScript; current C# has the WIP-guessed event script and matching entity script.",reviewed_laughingws_entity_stat_pending_combat_smoke,Tools/DataMapping/sql/laughingws_instance_entity_wip_seed.sql;Tools/DataMapping/extract_laughingws_instance_entities.py;Source/NexusForever.Script.Instance;Decomp/Analysis/LAUGHINGWS_INSTANCES_AND_MORE_AUDIT.md,pending,not_retail_complete,"Reviewed entity stat override is tracked, but retail completion needs combat scaling, health/level behavior, and manual instance smoke."
expedition,2149,Space Madness,entity_stats,1100300005:stat:0,1100300005,45900,0,2483,,,,0,1,-14.70037,4.950619,337.0874,0,0,0,28578,0,466,466,0,0,0,0,,,,,,Space Madness Captain Tero; source creature 45900; event 390 phase 0; Branch SQL supplies event 390 phase 0 and the current Space Madness event script starts at TalkToCaptainTero; placement is preserved as WIP/GUESSED pending manual expedition smoke.,reviewed_laughingws_entity_stat_pending_combat_smoke,Tools/DataMapping/sql/laughingws_instance_entity_wip_seed.sql;Tools/DataMapping/extract_laughingws_instance_entities.py;Source/NexusForever.Script.Instance;Decomp/Analysis/LAUGHINGWS_INSTANCES_AND_MORE_AUDIT.md,pending,not_retail_complete,"Reviewed entity stat override is tracked, but retail completion needs combat scaling, health/level behavior, and manual instance smoke."
expedition,2149,Space Madness,entity_stats,1100300006:stat:0,1100300006,45812,0,2482,,,,0,1,-40.0482,4.858062,310.5947,0,0,0,29020,9128,219,219,0,0,0,0,,,,,,Space Madness Major Lee Barmy; source creature 45812; event 390 phase 1; Branch SQL supplies event 390 phase 1 and the current Space Madness event script advances to TalkToMajorLeeBarmy; placement is preserved as WIP/GUESSED pending manual expedition smoke.,reviewed_laughingws_entity_stat_pending_combat_smoke,Tools/DataMapping/sql/laughingws_instance_entity_wip_seed.sql;Tools/DataMapping/extract_laughingws_instance_entities.py;Source/NexusForever.Script.Instance;Decomp/Analysis/LAUGHINGWS_INSTANCES_AND_MORE_AUDIT.md,pending,not_retail_complete,"Reviewed entity stat override is tracked, but retail completion needs combat scaling, health/level behavior, and manual instance smoke."
expedition,2149,Space Madness,entity_stats,1100300009:stat:0,1100300009,46483,0,2415,,,,0,1,25.23,-2.91,120.42,1.57079,0,0,27827,0,218,218,0,0,0,0,,,,,,"Space Madness Exact Change 3.0; source creature 46483; event 390 phase 4; Branch SQL supplies event 390 phase 4 and source level/stat notes for Exact Change 3.0; current script only activates the livestock phase objective, so combat behavior remains blocked.",reviewed_laughingws_entity_stat_pending_combat_smoke,Tools/DataMapping/sql/laughingws_instance_entity_wip_seed.sql;Tools/DataMapping/extract_laughingws_instance_entities.py;Source/NexusForever.Script.Instance;Decomp/Analysis/LAUGHINGWS_INSTANCES_AND_MORE_AUDIT.md,pending,not_retail_complete,"Reviewed entity stat override is tracked, but retail completion needs combat scaling, health/level behavior, and manual instance smoke."
expedition,2149,Space Madness,entity_stats,1100300009:stat:10,1100300009,46483,0,2415,,,,10,32,25.23,-2.91,120.42,1.57079,0,0,27827,0,218,218,0,0,0,0,,,,,,"Space Madness Exact Change 3.0; source creature 46483; event 390 phase 4; Branch SQL supplies event 390 phase 4 and source level/stat notes for Exact Change 3.0; current script only activates the livestock phase objective, so combat behavior remains blocked.",reviewed_laughingws_entity_stat_pending_combat_smoke,Tools/DataMapping/sql/laughingws_instance_entity_wip_seed.sql;Tools/DataMapping/extract_laughingws_instance_entities.py;Source/NexusForever.Script.Instance;Decomp/Analysis/LAUGHINGWS_INSTANCES_AND_MORE_AUDIT.md,pending,not_retail_complete,"Reviewed entity stat override is tracked, but retail completion needs combat scaling, health/level behavior, and manual instance smoke."
expedition,2149,Space Madness,entity_stats,1100300010:stat:0,1100300010,46714,0,2415,,,,0,1,7.12621,-2.9093,112.0714,2.64731,0,0,26022,9347,218,218,0,0,0,0,,,,,,"Space Madness Blazing Crewman A; source creature 46714; event 390 phase 4; Branch SQL supplies the first event 390 phase 4 Blazing Crewman row; current script only activates phase objectives, so spawn/combat behavior remains WIP/GUESSED.",reviewed_laughingws_entity_stat_pending_combat_smoke,Tools/DataMapping/sql/laughingws_instance_entity_wip_seed.sql;Tools/DataMapping/extract_laughingws_instance_entities.py;Source/NexusForever.Script.Instance;Decomp/Analysis/LAUGHINGWS_INSTANCES_AND_MORE_AUDIT.md,pending,not_retail_complete,"Reviewed entity stat override is tracked, but retail completion needs combat scaling, health/level behavior, and manual instance smoke."
expedition,2149,Space Madness,entity_stats,1100300010:stat:10,1100300010,46714,0,2415,,,,10,32,7.12621,-2.9093,112.0714,2.64731,0,0,26022,9347,218,218,0,0,0,0,,,,,,"Space Madness Blazing Crewman A; source creature 46714; event 390 phase 4; Branch SQL supplies the first event 390 phase 4 Blazing Crewman row; current script only activates phase objectives, so spawn/combat behavior remains WIP/GUESSED.",reviewed_laughingws_entity_stat_pending_combat_smoke,Tools/DataMapping/sql/laughingws_instance_entity_wip_seed.sql;Tools/DataMapping/extract_laughingws_instance_entities.py;Source/NexusForever.Script.Instance;Decomp/Analysis/LAUGHINGWS_INSTANCES_AND_MORE_AUDIT.md,pending,not_retail_complete,"Reviewed entity stat override is tracked, but retail completion needs combat scaling, health/level behavior, and manual instance smoke."
expedition,2149,Space Madness,entity_stats,1100300011:stat:0,1100300011,46714,0,2415,,,,0,1,12.919,-2.91,124.5722,2.64731,0,0,26022,9347,218,218,0,0,0,0,,,,,,"Space Madness Blazing Crewman B; source creature 46714; event 390 phase 4; Branch SQL supplies the second event 390 phase 4 Blazing Crewman row; current script only activates phase objectives, so spawn/combat behavior remains WIP/GUESSED.",reviewed_laughingws_entity_stat_pending_combat_smoke,Tools/DataMapping/sql/laughingws_instance_entity_wip_seed.sql;Tools/DataMapping/extract_laughingws_instance_entities.py;Source/NexusForever.Script.Instance;Decomp/Analysis/LAUGHINGWS_INSTANCES_AND_MORE_AUDIT.md,pending,not_retail_complete,"Reviewed entity stat override is tracked, but retail completion needs combat scaling, health/level behavior, and manual instance smoke."
expedition,2149,Space Madness,entity_stats,1100300011:stat:10,1100300011,46714,0,2415,,,,10,32,12.919,-2.91,124.5722,2.64731,0,0,26022,9347,218,218,0,0,0,0,,,,,,"Space Madness Blazing Crewman B; source creature 46714; event 390 phase 4; Branch SQL supplies the second event 390 phase 4 Blazing Crewman row; current script only activates phase objectives, so spawn/combat behavior remains WIP/GUESSED.",reviewed_laughingws_entity_stat_pending_combat_smoke,Tools/DataMapping/sql/laughingws_instance_entity_wip_seed.sql;Tools/DataMapping/extract_laughingws_instance_entities.py;Source/NexusForever.Script.Instance;Decomp/Analysis/LAUGHINGWS_INSTANCES_AND_MORE_AUDIT.md,pending,not_retail_complete,"Reviewed entity stat override is tracked, but retail completion needs combat scaling, health/level behavior, and manual instance smoke."
expedition,2183,Gauntlet,entity_stats,1100300013:stat:0,1100300013,48580,0,2620,,,,0,1,541.0117,0.2229719,-513.6139,0,0,0,21338,0,219,219,0,0,0,0,,,,,,Gauntlet Pilot Taboro; source creature 48580; event 446 phase 0; Branch SQL supplies event 446 phase 0 and the current Gauntlet event script starts at TalkToPilotTaboro; placement is preserved as WIP/GUESSED pending manual expedition smoke.,reviewed_laughingws_entity_stat_pending_combat_smoke,Tools/DataMapping/sql/laughingws_instance_entity_wip_seed.sql;Tools/DataMapping/extract_laughingws_instance_entities.py;Source/NexusForever.Script.Instance;Decomp/Analysis/LAUGHINGWS_INSTANCES_AND_MORE_AUDIT.md,pending,not_retail_complete,"Reviewed entity stat override is tracked, but retail completion needs combat scaling, health/level behavior, and manual instance smoke."
expedition,3180,Fragment Zero,entity_stats,1100300015:stat:0,1100300015,71762,0,4619,,,,0,1,9873.75,-765.9531,-5848.58,0,0,0,32807,0,219,219,0,0,0,0,,,,,,"Fragment Zero Freight Supervisor Lola; source creature 71762; no source entity_event row; Branch SQL supplies Freight Supervisor Lola as a static Fragment Zero row; current script uses Supervisor Lola communicator ids, but exact NPC phase/timing proof remains blocked.",reviewed_laughingws_entity_stat_pending_combat_smoke,Tools/DataMapping/sql/laughingws_instance_entity_wip_seed.sql;Tools/DataMapping/extract_laughingws_instance_entities.py;Source/NexusForever.Script.Instance;Decomp/Analysis/LAUGHINGWS_INSTANCES_AND_MORE_AUDIT.md,pending,not_retail_complete,"Reviewed entity stat override is tracked, but retail completion needs combat scaling, health/level behavior, and manual instance smoke."
expedition,3180,Fragment Zero,entity_stats,1100300015:stat:20,1100300015,71762,0,4619,,,,20,0,9873.75,-765.9531,-5848.58,0,0,0,32807,0,219,219,0,0,0,0,,,,,,"Fragment Zero Freight Supervisor Lola; source creature 71762; no source entity_event row; Branch SQL supplies Freight Supervisor Lola as a static Fragment Zero row; current script uses Supervisor Lola communicator ids, but exact NPC phase/timing proof remains blocked.",reviewed_laughingws_entity_stat_pending_combat_smoke,Tools/DataMapping/sql/laughingws_instance_entity_wip_seed.sql;Tools/DataMapping/extract_laughingws_instance_entities.py;Source/NexusForever.Script.Instance;Decomp/Analysis/LAUGHINGWS_INSTANCES_AND_MORE_AUDIT.md,pending,not_retail_complete,"Reviewed entity stat override is tracked, but retail completion needs combat scaling, health/level behavior, and manual instance smoke."
expedition,3180,Fragment Zero,entity_stats,1100300015:stat:22,1100300015,71762,0,4619,,,,22,0,9873.75,-765.9531,-5848.58,0,0,0,32807,0,219,219,0,0,0,0,,,,,,"Fragment Zero Freight Supervisor Lola; source creature 71762; no source entity_event row; Branch SQL supplies Freight Supervisor Lola as a static Fragment Zero row; current script uses Supervisor Lola communicator ids, but exact NPC phase/timing proof remains blocked.",reviewed_laughingws_entity_stat_pending_combat_smoke,Tools/DataMapping/sql/laughingws_instance_entity_wip_seed.sql;Tools/DataMapping/extract_laughingws_instance_entities.py;Source/NexusForever.Script.Instance;Decomp/Analysis/LAUGHINGWS_INSTANCES_AND_MORE_AUDIT.md,pending,not_retail_complete,"Reviewed entity stat override is tracked, but retail completion needs combat scaling, health/level behavior, and manual instance smoke."
expedition,1232,Infestation,entity_stats,1100300016:stat:0,1100300016,71764,0,1158,,,,0,1,4.41241,-500,14.0114,0,0,0,28578,0,219,219,0,0,0,0,,,,,,"Infestation Captain Tolben; source creature 71764; no source entity_event row; Branch SQL supplies Captain Tolben as a static Infestation row; current script starts the cargo-ship objective chain, but exact NPC interaction/timing proof remains blocked.",reviewed_laughingws_entity_stat_pending_combat_smoke,Tools/DataMapping/sql/laughingws_instance_entity_wip_seed.sql;Tools/DataMapping/extract_laughingws_instance_entities.py;Source/NexusForever.Script.Instance;Decomp/Analysis/LAUGHINGWS_INSTANCES_AND_MORE_AUDIT.md,pending,not_retail_complete,"Reviewed entity stat override is tracked, but retail completion needs combat scaling, health/level behavior, and manual instance smoke."
expedition,1319,Outpost M-13,entity_stats,1100300017:stat:0,1100300017,41201,0,1540,,,,0,1,9791.18,-932.668,5264.279,0,0,0,28578,0,466,466,0,0,0,0,,,,,,Outpost M-13 Captain Milo; source creature 41201; event 108 phase 0; Branch SQL supplies event 108 phase 0 and the current Outpost M-13 event script starts at TalkToCaptainMilo; placement is preserved as WIP/GUESSED pending manual expedition smoke.,reviewed_laughingws_entity_stat_pending_combat_smoke,Tools/DataMapping/sql/laughingws_instance_entity_wip_seed.sql;Tools/DataMapping/extract_laughingws_instance_entities.py;Source/NexusForever.Script.Instance;Decomp/Analysis/LAUGHINGWS_INSTANCES_AND_MORE_AUDIT.md,pending,not_retail_complete,"Reviewed entity stat override is tracked, but retail completion needs combat scaling, health/level behavior, and manual instance smoke."
dungeon,3173,Protogames Academy,entity_stats,1100300031:stat:0,1100300031,67475,0,4651,,,,0,1,-24330.6,-974.0855,-28917.8,0,0,0,24783,0,1322,1322,0,0,0,0,,,,,,"Protogames Academy Invulnotron; source creature 67475; event 667 phase 3; Branch SQL supplies event 667 phase 3 and InvulnotronEntityScript; current C# has a WIP objective-credit script, while combat behavior and spawn timing remain blocked.",reviewed_laughingws_entity_stat_pending_combat_smoke,Tools/DataMapping/sql/laughingws_instance_entity_wip_seed.sql;Tools/DataMapping/extract_laughingws_instance_entities.py;Source/NexusForever.Script.Instance;Decomp/Analysis/LAUGHINGWS_INSTANCES_AND_MORE_AUDIT.md,pending,not_retail_complete,"Reviewed entity stat override is tracked, but retail completion needs combat scaling, health/level behavior, and manual instance smoke."
dungeon,3173,Protogames Academy,entity_stats,1100300031:stat:10,1100300031,67475,0,4651,,,,10,10,-24330.6,-974.0855,-28917.8,0,0,0,24783,0,1322,1322,0,0,0,0,,,,,,"Protogames Academy Invulnotron; source creature 67475; event 667 phase 3; Branch SQL supplies event 667 phase 3 and InvulnotronEntityScript; current C# has a WIP objective-credit script, while combat behavior and spawn timing remain blocked.",reviewed_laughingws_entity_stat_pending_combat_smoke,Tools/DataMapping/sql/laughingws_instance_entity_wip_seed.sql;Tools/DataMapping/extract_laughingws_instance_entities.py;Source/NexusForever.Script.Instance;Decomp/Analysis/LAUGHINGWS_INSTANCES_AND_MORE_AUDIT.md,pending,not_retail_complete,"Reviewed entity stat override is tracked, but retail completion needs combat scaling, health/level behavior, and manual instance smoke."
dungeon,3173,Protogames Academy,entity_stats,1100300033:stat:0,1100300033,67594,0,4507,,,,0,1,-24424.6,-974.0912,-28788.1,0,0,0,28878,0,1322,1322,0,0,0,0,,,,,,"Protogames Academy Gromka; source creature 67594; event 667 phase 5; Branch SQL supplies event 667 phase 5 and GromkaEntityScript; current C# has a WIP objective-credit script, while combat behavior and spawn timing remain blocked.",reviewed_laughingws_entity_stat_pending_combat_smoke,Tools/DataMapping/sql/laughingws_instance_entity_wip_seed.sql;Tools/DataMapping/extract_laughingws_instance_entities.py;Source/NexusForever.Script.Instance;Decomp/Analysis/LAUGHINGWS_INSTANCES_AND_MORE_AUDIT.md,pending,not_retail_complete,"Reviewed entity stat override is tracked, but retail completion needs combat scaling, health/level behavior, and manual instance smoke."
dungeon,3173,Protogames Academy,entity_stats,1100300033:stat:10,1100300033,67594,0,4507,,,,10,10,-24424.6,-974.0912,-28788.1,0,0,0,28878,0,1322,1322,0,0,0,0,,,,,,"Protogames Academy Gromka; source creature 67594; event 667 phase 5; Branch SQL supplies event 667 phase 5 and GromkaEntityScript; current C# has a WIP objective-credit script, while combat behavior and spawn timing remain blocked.",reviewed_laughingws_entity_stat_pending_combat_smoke,Tools/DataMapping/sql/laughingws_instance_entity_wip_seed.sql;Tools/DataMapping/extract_laughingws_instance_entities.py;Source/NexusForever.Script.Instance;Decomp/Analysis/LAUGHINGWS_INSTANCES_AND_MORE_AUDIT.md,pending,not_retail_complete,"Reviewed entity stat override is tracked, but retail completion needs combat scaling, health/level behavior, and manual instance smoke."
dungeon,3173,Protogames Academy,entity_stats,1100300034:stat:0,1100300034,67663,0,4507,,,,0,1,-24360.97,-972.6974,-28943.9,0,0,0,32741,0,1322,1322,0,0,0,0,,,,,,"Protogames Academy Iruki Boldbeard; source creature 67663; event 667 phase 7; Branch SQL supplies event 667 phase 7 and IrukiBoldbeardEntityScript; current C# has a WIP objective-credit script, while combat behavior and spawn timing remain blocked.",reviewed_laughingws_entity_stat_pending_combat_smoke,Tools/DataMapping/sql/laughingws_instance_entity_wip_seed.sql;Tools/DataMapping/extract_laughingws_instance_entities.py;Source/NexusForever.Script.Instance;Decomp/Analysis/LAUGHINGWS_INSTANCES_AND_MORE_AUDIT.md,pending,not_retail_complete,"Reviewed entity stat override is tracked, but retail completion needs combat scaling, health/level behavior, and manual instance smoke."
dungeon,3173,Protogames Academy,entity_stats,1100300034:stat:10,1100300034,67663,0,4507,,,,10,10,-24360.97,-972.6974,-28943.9,0,0,0,32741,0,1322,1322,0,0,0,0,,,,,,"Protogames Academy Iruki Boldbeard; source creature 67663; event 667 phase 7; Branch SQL supplies event 667 phase 7 and IrukiBoldbeardEntityScript; current C# has a WIP objective-credit script, while combat behavior and spawn timing remain blocked.",reviewed_laughingws_entity_stat_pending_combat_smoke,Tools/DataMapping/sql/laughingws_instance_entity_wip_seed.sql;Tools/DataMapping/extract_laughingws_instance_entities.py;Source/NexusForever.Script.Instance;Decomp/Analysis/LAUGHINGWS_INSTANCES_AND_MORE_AUDIT.md,pending,not_retail_complete,"Reviewed entity stat override is tracked, but retail completion needs combat scaling, health/level behavior, and manual instance smoke."
dungeon,3173,Protogames Academy,entity_stats,1100300035:stat:0,1100300035,67668,0,4507,,,,0,1,-19777.14,-946.8414,-29457.42,0,0,0,21309,0,233,233,0,0,0,0,,,,,,"Protogames Academy Seek-N-Slaughter; source creature 67668; event 667 phase 11; Branch SQL supplies event 667 phase 11 and current C# activates DefeatSeekNSlaughter; this WIP objective-credit script only grants death credit, while combat behavior remains blocked.",reviewed_laughingws_entity_stat_pending_combat_smoke,Tools/DataMapping/sql/laughingws_instance_entity_wip_seed.sql;Tools/DataMapping/extract_laughingws_instance_entities.py;Source/NexusForever.Script.Instance;Decomp/Analysis/LAUGHINGWS_INSTANCES_AND_MORE_AUDIT.md,pending,not_retail_complete,"Reviewed entity stat override is tracked, but retail completion needs combat scaling, health/level behavior, and manual instance smoke."
dungeon,3173,Protogames Academy,entity_stats,1100300035:stat:10,1100300035,67668,0,4507,,,,10,10,-19777.14,-946.8414,-29457.42,0,0,0,21309,0,233,233,0,0,0,0,,,,,,"Protogames Academy Seek-N-Slaughter; source creature 67668; event 667 phase 11; Branch SQL supplies event 667 phase 11 and current C# activates DefeatSeekNSlaughter; this WIP objective-credit script only grants death credit, while combat behavior remains blocked.",reviewed_laughingws_entity_stat_pending_combat_smoke,Tools/DataMapping/sql/laughingws_instance_entity_wip_seed.sql;Tools/DataMapping/extract_laughingws_instance_entities.py;Source/NexusForever.Script.Instance;Decomp/Analysis/LAUGHINGWS_INSTANCES_AND_MORE_AUDIT.md,pending,not_retail_complete,"Reviewed entity stat override is tracked, but retail completion needs combat scaling, health/level behavior, and manual instance smoke."
dungeon,3173,Protogames Academy,entity_stats,1100300036:stat:0,1100300036,67757,0,4507,,,,0,1,-19777.14,-946.8414,-29457.42,0,0,0,21323,0,233,233,0,0,0,0,,,,,,"Protogames Academy Icebox Mk. 2; source creature 67757; event 667 phase 13; Branch SQL supplies event 667 phase 13 and current C# activates DefeatIceboxMk2; this WIP objective-credit script only grants death credit, while combat behavior remains blocked.",reviewed_laughingws_entity_stat_pending_combat_smoke,Tools/DataMapping/sql/laughingws_instance_entity_wip_seed.sql;Tools/DataMapping/extract_laughingws_instance_entities.py;Source/NexusForever.Script.Instance;Decomp/Analysis/LAUGHINGWS_INSTANCES_AND_MORE_AUDIT.md,pending,not_retail_complete,"Reviewed entity stat override is tracked, but retail completion needs combat scaling, health/level behavior, and manual instance smoke."
dungeon,3173,Protogames Academy,entity_stats,1100300036:stat:10,1100300036,67757,0,4507,,,,10,10,-19777.14,-946.8414,-29457.42,0,0,0,21323,0,233,233,0,0,0,0,,,,,,"Protogames Academy Icebox Mk. 2; source creature 67757; event 667 phase 13; Branch SQL supplies event 667 phase 13 and current C# activates DefeatIceboxMk2; this WIP objective-credit script only grants death credit, while combat behavior remains blocked.",reviewed_laughingws_entity_stat_pending_combat_smoke,Tools/DataMapping/sql/laughingws_instance_entity_wip_seed.sql;Tools/DataMapping/extract_laughingws_instance_entities.py;Source/NexusForever.Script.Instance;Decomp/Analysis/LAUGHINGWS_INSTANCES_AND_MORE_AUDIT.md,pending,not_retail_complete,"Reviewed entity stat override is tracked, but retail completion needs combat scaling, health/level behavior, and manual instance smoke."
dungeon,1336,Ruins of Kel Voreth,entity_stats,1100300044:stat:10,1100300044,32531,0,0,,,,10,25,-24.77,-737.08,990.32,0,0,0,29203,0,691,691,0,0,0,0,,,,,,"Ruins of Kel Voreth Forgemaster Trogun; source creature 32531; event 161 phase 3; Branch SQL supplies event 161 phase 3 and ForgemasterTrogunEntityScript; current C# has a WIP objective-credit script, while exact boss combat and door choreography remain blocked.",reviewed_laughingws_entity_stat_pending_combat_smoke,Tools/DataMapping/sql/laughingws_instance_entity_wip_seed.sql;Tools/DataMapping/extract_laughingws_instance_entities.py;Source/NexusForever.Script.Instance;Decomp/Analysis/LAUGHINGWS_INSTANCES_AND_MORE_AUDIT.md,pending,not_retail_complete,"Reviewed entity stat override is tracked, but retail completion needs combat scaling, health/level behavior, and manual instance smoke."
dungeon,1336,Ruins of Kel Voreth,entity_stats,1100300045:stat:10,1100300045,32534,0,0,,,,10,25,195.41,-899.36,225.65,0,0,0,27715,0,691,691,0,0,0,0,,,,,,"Ruins of Kel Voreth Grond the Corpsemaker; source creature 32534; event 161 phase 1; Branch SQL supplies event 161 phase 1 and GrondTheCorpsemakerEntityScript; current C# has a WIP objective-credit script, while exact boss combat and encounter choreography remain blocked.",reviewed_laughingws_entity_stat_pending_combat_smoke,Tools/DataMapping/sql/laughingws_instance_entity_wip_seed.sql;Tools/DataMapping/extract_laughingws_instance_entities.py;Source/NexusForever.Script.Instance;Decomp/Analysis/LAUGHINGWS_INSTANCES_AND_MORE_AUDIT.md,pending,not_retail_complete,"Reviewed entity stat override is tracked, but retail completion needs combat scaling, health/level behavior, and manual instance smoke."
dungeon,1336,Ruins of Kel Voreth,entity_stats,1100300046:stat:10,1100300046,32536,0,0,,,,10,25,596.36,-882.84,976.53,0,0,0,27104,0,691,691,0,0,0,0,,,,,,"Ruins of Kel Voreth Slavemaster Drokk; source creature 32536; event 161 phase 2; Branch SQL supplies event 161 phase 2 and SlavemasterDrokkEntityScript; current C# has a WIP objective-credit script, while exact boss combat and faction-specific messaging remain blocked.",reviewed_laughingws_entity_stat_pending_combat_smoke,Tools/DataMapping/sql/laughingws_instance_entity_wip_seed.sql;Tools/DataMapping/extract_laughingws_instance_entities.py;Source/NexusForever.Script.Instance;Decomp/Analysis/LAUGHINGWS_INSTANCES_AND_MORE_AUDIT.md,pending,not_retail_complete,"Reviewed entity stat override is tracked, but retail completion needs combat scaling, health/level behavior, and manual instance smoke."
dungeon,382,Stormtalon's Lair,entity_stats,1100300047:stat:0,1100300047,32703,0,271,,,,0,1,-52.71065,-48.68514,220.7862,0,0,0,27874,0,586,586,0,0,0,0,,,,,,"Stormtalon's Lair Aethros; source creature 32703; event 145 phase 2; Branch SQL supplies event 145 phase 2 and AethrosVeteranEntityScript; current C# has a WIP objective-credit script, while exact boss combat and Stormtalon choreography remain blocked.",reviewed_laughingws_entity_stat_pending_combat_smoke,Tools/DataMapping/sql/laughingws_instance_entity_wip_seed.sql;Tools/DataMapping/extract_laughingws_instance_entities.py;Source/NexusForever.Script.Instance;Decomp/Analysis/LAUGHINGWS_INSTANCES_AND_MORE_AUDIT.md,pending,not_retail_complete,"Reviewed entity stat override is tracked, but retail completion needs combat scaling, health/level behavior, and manual instance smoke."
dungeon,382,Stormtalon's Lair,entity_stats,1100300047:stat:10,1100300047,32703,0,271,,,,10,50,-52.71065,-48.68514,220.7862,0,0,0,27874,0,586,586,0,0,0,0,,,,,,"Stormtalon's Lair Aethros; source creature 32703; event 145 phase 2; Branch SQL supplies event 145 phase 2 and AethrosVeteranEntityScript; current C# has a WIP objective-credit script, while exact boss combat and Stormtalon choreography remain blocked.",reviewed_laughingws_entity_stat_pending_combat_smoke,Tools/DataMapping/sql/laughingws_instance_entity_wip_seed.sql;Tools/DataMapping/extract_laughingws_instance_entities.py;Source/NexusForever.Script.Instance;Decomp/Analysis/LAUGHINGWS_INSTANCES_AND_MORE_AUDIT.md,pending,not_retail_complete,"Reviewed entity stat override is tracked, but retail completion needs combat scaling, health/level behavior, and manual instance smoke."
dungeon,382,Stormtalon's Lair,entity_stats,1100300048:stat:0,1100300048,33405,0,271,,,,0,1,-88.49673,-11.51191,123.5562,0,0,0,23629,0,586,586,0,0,0,0,,,,,,"Stormtalon's Lair Blade-Wind the Invoker; source creature 33405; event 145 phase 1; Branch SQL supplies event 145 phase 1 and BladeWindTheInvokerVeteranEntityScript; current C# has a WIP objective-credit script, while exact boss combat and optional route availability remain blocked.",reviewed_laughingws_entity_stat_pending_combat_smoke,Tools/DataMapping/sql/laughingws_instance_entity_wip_seed.sql;Tools/DataMapping/extract_laughingws_instance_entities.py;Source/NexusForever.Script.Instance;Decomp/Analysis/LAUGHINGWS_INSTANCES_AND_MORE_AUDIT.md,pending,not_retail_complete,"Reviewed entity stat override is tracked, but retail completion needs combat scaling, health/level behavior, and manual instance smoke."
dungeon,382,Stormtalon's Lair,entity_stats,1100300048:stat:10,1100300048,33405,0,271,,,,10,50,-88.49673,-11.51191,123.5562,0,0,0,23629,0,586,586,0,0,0,0,,,,,,"Stormtalon's Lair Blade-Wind the Invoker; source creature 33405; event 145 phase 1; Branch SQL supplies event 145 phase 1 and BladeWindTheInvokerVeteranEntityScript; current C# has a WIP objective-credit script, while exact boss combat and optional route availability remain blocked.",reviewed_laughingws_entity_stat_pending_combat_smoke,Tools/DataMapping/sql/laughingws_instance_entity_wip_seed.sql;Tools/DataMapping/extract_laughingws_instance_entities.py;Source/NexusForever.Script.Instance;Decomp/Analysis/LAUGHINGWS_INSTANCES_AND_MORE_AUDIT.md,pending,not_retail_complete,"Reviewed entity stat override is tracked, but retail completion needs combat scaling, health/level behavior, and manual instance smoke."
dungeon,1263,Skullcano,entity_stats,1100300049:stat:10,1100300049,24475,0,4793,,,,10,35,115.26,-923.71,-491.56,0,0,0,21318,0,242,242,0,0,0,0,,,,,,"Skullcano Thunderfoot; source creature 24475; event 148 phase 0; Branch SQL supplies event 148 phase 0 and ThunderfootNormalEntityScript; current C# has a WIP objective-credit script, while exact boss combat and route choreography remain blocked.",reviewed_laughingws_entity_stat_pending_combat_smoke,Tools/DataMapping/sql/laughingws_instance_entity_wip_seed.sql;Tools/DataMapping/extract_laughingws_instance_entities.py;Source/NexusForever.Script.Instance;Decomp/Analysis/LAUGHINGWS_INSTANCES_AND_MORE_AUDIT.md,pending,not_retail_complete,"Reviewed entity stat override is tracked, but retail completion needs combat scaling, health/level behavior, and manual instance smoke."
dungeon,1263,Skullcano,entity_stats,1100300050:stat:10,1100300050,24493,0,1220,,,,10,35,508.5147,-978.8553,-367.8973,0,0,0,27916,0,868,868,0,0,0,0,,,,,,"Skullcano Stew-Shaman Tugga; source creature 24493; event 148 phase 0; Branch SQL supplies event 148 phase 0 and StewShamanTuggaNormalEntityScript; current C# has a WIP objective-credit script, while exact boss combat and cave/chasm route selection remain blocked.",reviewed_laughingws_entity_stat_pending_combat_smoke,Tools/DataMapping/sql/laughingws_instance_entity_wip_seed.sql;Tools/DataMapping/extract_laughingws_instance_entities.py;Source/NexusForever.Script.Instance;Decomp/Analysis/LAUGHINGWS_INSTANCES_AND_MORE_AUDIT.md,pending,not_retail_complete,"Reviewed entity stat override is tracked, but retail completion needs combat scaling, health/level behavior, and manual instance smoke."
dungeon,1271,Sanctuary of the Swordmaiden,entity_stats,1100300051:stat:10,1100300051,29254,0,1556,,,,10,40,4877.322,-797.6906,-3318.368,0,0,0,24811,0,978,978,0,0,0,0,,,,,,"Sanctuary of the Swordmaiden Flame-Crazed Demon; source creature 29254; event 166 phase 4; Branch SQL supplies event 166 phase 4 and FlameCrazedDemonEntityScript; current C# has a WIP objective-credit script, while exact miniboss combat and path selection remain blocked.",reviewed_laughingws_entity_stat_pending_combat_smoke,Tools/DataMapping/sql/laughingws_instance_entity_wip_seed.sql;Tools/DataMapping/extract_laughingws_instance_entities.py;Source/NexusForever.Script.Instance;Decomp/Analysis/LAUGHINGWS_INSTANCES_AND_MORE_AUDIT.md,pending,not_retail_complete,"Reviewed entity stat override is tracked, but retail completion needs combat scaling, health/level behavior, and manual instance smoke."
raid,1462,Genetic Archives,entity_stats,1100300052:stat:0,1100300052,49198,0,0,,,,0,1,-1147.055,-111.3793,-520.5323,-2,0,0,27899,0,1209,1209,0,0,0,0,,,,,,"Genetic Archives Experiment X-89; source creature 49198; no source entity_event row; Branch SQL supplies ExperimentX-89EntityScript without an entity_event row; current C# has a WIP objective-credit script, while raid encounter choreography remains blocked.",reviewed_laughingws_entity_stat_pending_combat_smoke,Tools/DataMapping/sql/laughingws_instance_entity_wip_seed.sql;Tools/DataMapping/extract_laughingws_instance_entities.py;Source/NexusForever.Script.Instance;Decomp/Analysis/LAUGHINGWS_INSTANCES_AND_MORE_AUDIT.md,pending,not_retail_complete,"Reviewed entity stat override is tracked, but retail completion needs combat scaling, health/level behavior, and manual instance smoke."
raid,1462,Genetic Archives,entity_stats,1100300052:stat:10,1100300052,49198,0,0,,,,10,50,-1147.055,-111.3793,-520.5323,-2,0,0,27899,0,1209,1209,0,0,0,0,,,,,,"Genetic Archives Experiment X-89; source creature 49198; no source entity_event row; Branch SQL supplies ExperimentX-89EntityScript without an entity_event row; current C# has a WIP objective-credit script, while raid encounter choreography remains blocked.",reviewed_laughingws_entity_stat_pending_combat_smoke,Tools/DataMapping/sql/laughingws_instance_entity_wip_seed.sql;Tools/DataMapping/extract_laughingws_instance_entities.py;Source/NexusForever.Script.Instance;Decomp/Analysis/LAUGHINGWS_INSTANCES_AND_MORE_AUDIT.md,pending,not_retail_complete,"Reviewed entity stat override is tracked, but retail completion needs combat scaling, health/level behavior, and manual instance smoke."
raid,1462,Genetic Archives,entity_stats,1100300053:stat:0,1100300053,52969,0,0,,,,0,1,169.4765,-110.4199,-489.5547,2.093871,0,0,30276,0,1209,1209,0,0,0,0,,,,,,"Genetic Archives Kuralak the Defiler; source creature 52969; no source entity_event row; Branch SQL supplies KuralakTheDefilerEntityScript without an entity_event row; current C# has a WIP objective-credit script, while raid encounter choreography remains blocked.",reviewed_laughingws_entity_stat_pending_combat_smoke,Tools/DataMapping/sql/laughingws_instance_entity_wip_seed.sql;Tools/DataMapping/extract_laughingws_instance_entities.py;Source/NexusForever.Script.Instance;Decomp/Analysis/LAUGHINGWS_INSTANCES_AND_MORE_AUDIT.md,pending,not_retail_complete,"Reviewed entity stat override is tracked, but retail completion needs combat scaling, health/level behavior, and manual instance smoke."
raid,1462,Genetic Archives,entity_stats,1100300053:stat:10,1100300053,52969,0,0,,,,10,50,169.4765,-110.4199,-489.5547,2.093871,0,0,30276,0,1209,1209,0,0,0,0,,,,,,"Genetic Archives Kuralak the Defiler; source creature 52969; no source entity_event row; Branch SQL supplies KuralakTheDefilerEntityScript without an entity_event row; current C# has a WIP objective-credit script, while raid encounter choreography remains blocked.",reviewed_laughingws_entity_stat_pending_combat_smoke,Tools/DataMapping/sql/laughingws_instance_entity_wip_seed.sql;Tools/DataMapping/extract_laughingws_instance_entities.py;Source/NexusForever.Script.Instance;Decomp/Analysis/LAUGHINGWS_INSTANCES_AND_MORE_AUDIT.md,pending,not_retail_complete,"Reviewed entity stat override is tracked, but retail completion needs combat scaling, health/level behavior, and manual instance smoke."
raid,1462,Genetic Archives,entity_stats,1100300054:stat:0,1100300054,53031,0,0,,,,0,1,133.965,-111.45,-505.34,0,0,0,27557,0,1209,1209,0,0,0,0,,,,,,Genetic Archives Pillar of the Genetic Library; source creature 53031; no source entity_event row; Branch SQL supplies KuralakPillarEntityScript without an entity_event row; current C# intentionally keeps the script as a WIP no-op loader hook until Kuralak pillar mechanics are mapped.,reviewed_laughingws_entity_stat_pending_combat_smoke,Tools/DataMapping/sql/laughingws_instance_entity_wip_seed.sql;Tools/DataMapping/extract_laughingws_instance_entities.py;Source/NexusForever.Script.Instance;Decomp/Analysis/LAUGHINGWS_INSTANCES_AND_MORE_AUDIT.md,pending,not_retail_complete,"Reviewed entity stat override is tracked, but retail completion needs combat scaling, health/level behavior, and manual instance smoke."
raid,1462,Genetic Archives,entity_stats,1100300054:stat:10,1100300054,53031,0,0,,,,10,50,133.965,-111.45,-505.34,0,0,0,27557,0,1209,1209,0,0,0,0,,,,,,Genetic Archives Pillar of the Genetic Library; source creature 53031; no source entity_event row; Branch SQL supplies KuralakPillarEntityScript without an entity_event row; current C# intentionally keeps the script as a WIP no-op loader hook until Kuralak pillar mechanics are mapped.,reviewed_laughingws_entity_stat_pending_combat_smoke,Tools/DataMapping/sql/laughingws_instance_entity_wip_seed.sql;Tools/DataMapping/extract_laughingws_instance_entities.py;Source/NexusForever.Script.Instance;Decomp/Analysis/LAUGHINGWS_INSTANCES_AND_MORE_AUDIT.md,pending,not_retail_complete,"Reviewed entity stat override is tracked, but retail completion needs combat scaling, health/level behavior, and manual instance smoke."
dungeon,2980,Ultimate Protogames,entity_stats,1100300055:stat:10,1100300055,61463,0,0,,,,10,50,-12737.13,-797.0872,1326.347,0,0,0,36682,0,219,219,0,0,0,0,,,,,,"Ultimate Protogames Bev-O-Rage; source creature 61463; event 594 phase 5; Branch SQL supplies event 594 phase 5 and level stat 50; current runtime only has the map binding, so event routing, objective credit, combat behavior, and manual dungeon smoke remain blocked.",reviewed_laughingws_entity_stat_pending_combat_smoke,Tools/DataMapping/sql/laughingws_instance_entity_wip_seed.sql;Tools/DataMapping/extract_laughingws_instance_entities.py;Source/NexusForever.Script.Instance;Decomp/Analysis/LAUGHINGWS_INSTANCES_AND_MORE_AUDIT.md,pending,not_retail_complete,"Reviewed entity stat override is tracked, but retail completion needs combat scaling, health/level behavior, and manual instance smoke."
raid,3032,Redmoon Terror,entity_stats,1100300056:stat:0,1100300056,65997,0,5996,,,,0,1,-723.7178,186.8427,-265.1872,3.1415926536,0,0,38426,0,1351,1351,0,0,0,0,,,,,,"Red Moon Terror Laveka; source creature 65997; no source entity_event row; Branch SQL supplies a static Laveka row with health marker and level stats; current C# has the WIP-guessed Red Moon Terror event chain and a WIP objective-credit script for the final Laveka objective, while boss choreography, awakening/challenge logic, and manual raid smoke remain blocked.",reviewed_laughingws_entity_stat_pending_combat_smoke,Tools/DataMapping/sql/laughingws_instance_entity_wip_seed.sql;Tools/DataMapping/extract_laughingws_instance_entities.py;Source/NexusForever.Script.Instance;Decomp/Analysis/LAUGHINGWS_INSTANCES_AND_MORE_AUDIT.md,pending,not_retail_complete,"Reviewed entity stat override is tracked, but retail completion needs combat scaling, health/level behavior, and manual instance smoke."
raid,3032,Redmoon Terror,entity_stats,1100300056:stat:10,1100300056,65997,0,5996,,,,10,50,-723.7178,186.8427,-265.1872,3.1415926536,0,0,38426,0,1351,1351,0,0,0,0,,,,,,"Red Moon Terror Laveka; source creature 65997; no source entity_event row; Branch SQL supplies a static Laveka row with health marker and level stats; current C# has the WIP-guessed Red Moon Terror event chain and a WIP objective-credit script for the final Laveka objective, while boss choreography, awakening/challenge logic, and manual raid smoke remain blocked.",reviewed_laughingws_entity_stat_pending_combat_smoke,Tools/DataMapping/sql/laughingws_instance_entity_wip_seed.sql;Tools/DataMapping/extract_laughingws_instance_entities.py;Source/NexusForever.Script.Instance;Decomp/Analysis/LAUGHINGWS_INSTANCES_AND_MORE_AUDIT.md,pending,not_retail_complete,"Reviewed entity stat override is tracked, but retail completion needs combat scaling, health/level behavior, and manual instance smoke."
event_instance,3044,Map\ShadesEveInstance,entity_stats,1100300057:stat:0,1100300057,62747,0,0,,,,0,1,340.9081115722656,-869.3984375,-256.90118408203125,2.9192612171173096,0,0,23053,7913,219,219,0,0,0,0,,,,,,"Shade's Eve Etty Windsen; source creature 62747; event 597 phase 1; Branch SQL supplies event 597 phase 1 and source level stat 50; current Shade's Eve script advances to SpeakWithEttyWindsen, but exact NPC interaction and cinematic/vote timing remain blocked.",reviewed_laughingws_entity_stat_pending_combat_smoke,Tools/DataMapping/sql/laughingws_instance_entity_wip_seed.sql;Tools/DataMapping/extract_laughingws_instance_entities.py;Source/NexusForever.Script.Instance;Decomp/Analysis/LAUGHINGWS_INSTANCES_AND_MORE_AUDIT.md,pending,not_retail_complete,"Reviewed entity stat override is tracked, but retail completion needs combat scaling, health/level behavior, and manual instance smoke."
event_instance,3044,Map\ShadesEveInstance,entity_stats,1100300057:stat:10,1100300057,62747,0,0,,,,10,50,340.9081115722656,-869.3984375,-256.90118408203125,2.9192612171173096,0,0,23053,7913,219,219,0,0,0,0,,,,,,"Shade's Eve Etty Windsen; source creature 62747; event 597 phase 1; Branch SQL supplies event 597 phase 1 and source level stat 50; current Shade's Eve script advances to SpeakWithEttyWindsen, but exact NPC interaction and cinematic/vote timing remain blocked.",reviewed_laughingws_entity_stat_pending_combat_smoke,Tools/DataMapping/sql/laughingws_instance_entity_wip_seed.sql;Tools/DataMapping/extract_laughingws_instance_entities.py;Source/NexusForever.Script.Instance;Decomp/Analysis/LAUGHINGWS_INSTANCES_AND_MORE_AUDIT.md,pending,not_retail_complete,"Reviewed entity stat override is tracked, but retail completion needs combat scaling, health/level behavior, and manual instance smoke."
raid,1333,Datascape,entity_stats,1100300059:stat:0,1100300059,61819,0,1301,,,,0,15900000,618.551,-215.61023,75,0,0,0,30425,0,1171,1171,0,0,0,0,,,,,,"Datascape Optimized Memory Probe ED-1; source creature 61819; event 157 phase 0; Branch SQL supplies placed ED-1 coordinates and commented event 157 phase 0; current C# activates DefeatOptimizedMemoryProbeED1, while exact mechanics remain blocked.",reviewed_laughingws_entity_stat_pending_combat_smoke,Tools/DataMapping/sql/laughingws_instance_entity_wip_seed.sql;Tools/DataMapping/extract_laughingws_instance_entities.py;Source/NexusForever.Script.Instance;Decomp/Analysis/LAUGHINGWS_INSTANCES_AND_MORE_AUDIT.md,pending,not_retail_complete,"Reviewed entity stat override is tracked, but retail completion needs combat scaling, health/level behavior, and manual instance smoke."
raid,1333,Datascape,entity_stats,1100300059:stat:10,1100300059,61819,0,1301,,,,10,50,618.551,-215.61023,75,0,0,0,30425,0,1171,1171,0,0,0,0,,,,,,"Datascape Optimized Memory Probe ED-1; source creature 61819; event 157 phase 0; Branch SQL supplies placed ED-1 coordinates and commented event 157 phase 0; current C# activates DefeatOptimizedMemoryProbeED1, while exact mechanics remain blocked.",reviewed_laughingws_entity_stat_pending_combat_smoke,Tools/DataMapping/sql/laughingws_instance_entity_wip_seed.sql;Tools/DataMapping/extract_laughingws_instance_entities.py;Source/NexusForever.Script.Instance;Decomp/Analysis/LAUGHINGWS_INSTANCES_AND_MORE_AUDIT.md,pending,not_retail_complete,"Reviewed entity stat override is tracked, but retail completion needs combat scaling, health/level behavior, and manual instance smoke."
raid,1333,Datascape,entity_stats,1100300060:stat:0,1100300060,61818,0,1301,,,,0,15900000,865,-215.6028,-173.5,1.55485,0,0,30425,0,1171,1171,0,0,0,0,,,,,,"Datascape Optimized Memory Probe TX-67; source creature 61818; event 157 phase 0; Branch SQL supplies placed TX-67 coordinates and commented event 157 phase 0; current C# has the WIP objective-credit script, while exact mechanics remain blocked.",reviewed_laughingws_entity_stat_pending_combat_smoke,Tools/DataMapping/sql/laughingws_instance_entity_wip_seed.sql;Tools/DataMapping/extract_laughingws_instance_entities.py;Source/NexusForever.Script.Instance;Decomp/Analysis/LAUGHINGWS_INSTANCES_AND_MORE_AUDIT.md,pending,not_retail_complete,"Reviewed entity stat override is tracked, but retail completion needs combat scaling, health/level behavior, and manual instance smoke."
raid,1333,Datascape,entity_stats,1100300060:stat:10,1100300060,61818,0,1301,,,,10,50,865,-215.6028,-173.5,1.55485,0,0,30425,0,1171,1171,0,0,0,0,,,,,,"Datascape Optimized Memory Probe TX-67; source creature 61818; event 157 phase 0; Branch SQL supplies placed TX-67 coordinates and commented event 157 phase 0; current C# has the WIP objective-credit script, while exact mechanics remain blocked.",reviewed_laughingws_entity_stat_pending_combat_smoke,Tools/DataMapping/sql/laughingws_instance_entity_wip_seed.sql;Tools/DataMapping/extract_laughingws_instance_entities.py;Source/NexusForever.Script.Instance;Decomp/Analysis/LAUGHINGWS_INSTANCES_AND_MORE_AUDIT.md,pending,not_retail_complete,"Reviewed entity stat override is tracked, but retail completion needs combat scaling, health/level behavior, and manual instance smoke."
raid,1333,Datascape,entity_stats,1100300061:stat:0,1100300061,31667,0,1301,,,,0,15900000,618,-216.15657,-421,3.10206,0,0,30425,0,1171,1171,0,0,0,0,,,,,,"Datascape Optimized Memory Probe P2-Z; source creature 31667; event 157 phase 0; Branch SQL supplies placed P2-Z coordinates and commented event 157 phase 0; current C# activates DefeatOptimizedMemoryProbeP2Z, while exact mechanics remain blocked.",reviewed_laughingws_entity_stat_pending_combat_smoke,Tools/DataMapping/sql/laughingws_instance_entity_wip_seed.sql;Tools/DataMapping/extract_laughingws_instance_entities.py;Source/NexusForever.Script.Instance;Decomp/Analysis/LAUGHINGWS_INSTANCES_AND_MORE_AUDIT.md,pending,not_retail_complete,"Reviewed entity stat override is tracked, but retail completion needs combat scaling, health/level behavior, and manual instance smoke."
raid,1333,Datascape,entity_stats,1100300061:stat:10,1100300061,31667,0,1301,,,,10,50,618,-216.15657,-421,3.10206,0,0,30425,0,1171,1171,0,0,0,0,,,,,,"Datascape Optimized Memory Probe P2-Z; source creature 31667; event 157 phase 0; Branch SQL supplies placed P2-Z coordinates and commented event 157 phase 0; current C# activates DefeatOptimizedMemoryProbeP2Z, while exact mechanics remain blocked.",reviewed_laughingws_entity_stat_pending_combat_smoke,Tools/DataMapping/sql/laughingws_instance_entity_wip_seed.sql;Tools/DataMapping/extract_laughingws_instance_entities.py;Source/NexusForever.Script.Instance;Decomp/Analysis/LAUGHINGWS_INSTANCES_AND_MORE_AUDIT.md,pending,not_retail_complete,"Reviewed entity stat override is tracked, but retail completion needs combat scaling, health/level behavior, and manual instance smoke."
raid,1333,Datascape,entity_stats,1100300062:stat:0,1100300062,30495,0,1349,,,,0,14400000,132.5,-226.5,-67,0,0,0,33172,0,1171,1171,0,0,0,0,,,,,,Datascape Null System Daemon; source creature 30495; event 157 phase 0; Branch SQL supplies event 157 phase 0 and current C# starts by activating DefeatTheSystemDaemons; exact daemon encounter mechanics remain blocked.,reviewed_laughingws_entity_stat_pending_combat_smoke,Tools/DataMapping/sql/laughingws_instance_entity_wip_seed.sql;Tools/DataMapping/extract_laughingws_instance_entities.py;Source/NexusForever.Script.Instance;Decomp/Analysis/LAUGHINGWS_INSTANCES_AND_MORE_AUDIT.md,pending,not_retail_complete,"Reviewed entity stat override is tracked, but retail completion needs combat scaling, health/level behavior, and manual instance smoke."
raid,1333,Datascape,entity_stats,1100300062:stat:10,1100300062,30495,0,1349,,,,10,50,132.5,-226.5,-67,0,0,0,33172,0,1171,1171,0,0,0,0,,,,,,Datascape Null System Daemon; source creature 30495; event 157 phase 0; Branch SQL supplies event 157 phase 0 and current C# starts by activating DefeatTheSystemDaemons; exact daemon encounter mechanics remain blocked.,reviewed_laughingws_entity_stat_pending_combat_smoke,Tools/DataMapping/sql/laughingws_instance_entity_wip_seed.sql;Tools/DataMapping/extract_laughingws_instance_entities.py;Source/NexusForever.Script.Instance;Decomp/Analysis/LAUGHINGWS_INSTANCES_AND_MORE_AUDIT.md,pending,not_retail_complete,"Reviewed entity stat override is tracked, but retail completion needs combat scaling, health/level behavior, and manual instance smoke."
raid,1333,Datascape,entity_stats,1100300063:stat:0,1100300063,30496,0,1349,,,,0,14400000,132.5,-226.5,-263,3.08953,0,0,33172,0,1171,1171,0,0,0,0,,,,,,Datascape Binary System Daemon; source creature 30496; event 157 phase 0; Branch SQL supplies event 157 phase 0 and current C# starts by activating DefeatTheSystemDaemons; exact daemon encounter mechanics remain blocked.,reviewed_laughingws_entity_stat_pending_combat_smoke,Tools/DataMapping/sql/laughingws_instance_entity_wip_seed.sql;Tools/DataMapping/extract_laughingws_instance_entities.py;Source/NexusForever.Script.Instance;Decomp/Analysis/LAUGHINGWS_INSTANCES_AND_MORE_AUDIT.md,pending,not_retail_complete,"Reviewed entity stat override is tracked, but retail completion needs combat scaling, health/level behavior, and manual instance smoke."
raid,1333,Datascape,entity_stats,1100300063:stat:10,1100300063,30496,0,1349,,,,10,50,132.5,-226.5,-263,3.08953,0,0,33172,0,1171,1171,0,0,0,0,,,,,,Datascape Binary System Daemon; source creature 30496; event 157 phase 0; Branch SQL supplies event 157 phase 0 and current C# starts by activating DefeatTheSystemDaemons; exact daemon encounter mechanics remain blocked.,reviewed_laughingws_entity_stat_pending_combat_smoke,Tools/DataMapping/sql/laughingws_instance_entity_wip_seed.sql;Tools/DataMapping/extract_laughingws_instance_entities.py;Source/NexusForever.Script.Instance;Decomp/Analysis/LAUGHINGWS_INSTANCES_AND_MORE_AUDIT.md,pending,not_retail_complete,"Reviewed entity stat override is tracked, but retail completion needs combat scaling, health/level behavior, and manual instance smoke."
raid,1333,Datascape,entity_stats,1100300064:stat:0,1100300064,31677,0,4475,,,,0,14500000,3356.48,-765.57,-3246.29,0.17427,0,0,27434,0,1171,1171,0,0,0,0,,,,,,Datascape First Frost Boulder Avalanche; source creature 31677; event 157 phase 3; Branch SQL supplies placed Frost Boulder coordinates; phase 3 is WIP-guessed from the current Datascape event script's FirstFrostBoulder phase.,reviewed_laughingws_entity_stat_pending_combat_smoke,Tools/DataMapping/sql/laughingws_instance_entity_wip_seed.sql;Tools/DataMapping/extract_laughingws_instance_entities.py;Source/NexusForever.Script.Instance;Decomp/Analysis/LAUGHINGWS_INSTANCES_AND_MORE_AUDIT.md,pending,not_retail_complete,"Reviewed entity stat override is tracked, but retail completion needs combat scaling, health/level behavior, and manual instance smoke."
raid,1333,Datascape,entity_stats,1100300064:stat:10,1100300064,31677,0,4475,,,,10,50,3356.48,-765.57,-3246.29,0.17427,0,0,27434,0,1171,1171,0,0,0,0,,,,,,Datascape First Frost Boulder Avalanche; source creature 31677; event 157 phase 3; Branch SQL supplies placed Frost Boulder coordinates; phase 3 is WIP-guessed from the current Datascape event script's FirstFrostBoulder phase.,reviewed_laughingws_entity_stat_pending_combat_smoke,Tools/DataMapping/sql/laughingws_instance_entity_wip_seed.sql;Tools/DataMapping/extract_laughingws_instance_entities.py;Source/NexusForever.Script.Instance;Decomp/Analysis/LAUGHINGWS_INSTANCES_AND_MORE_AUDIT.md,pending,not_retail_complete,"Reviewed entity stat override is tracked, but retail completion needs combat scaling, health/level behavior, and manual instance smoke."
raid,1333,Datascape,entity_stats,1100300065:stat:0,1100300065,56200,0,4476,,,,0,14500000,3635.073,-745.20,-3373.29,1.11529,0,0,27434,0,1171,1171,0,0,0,0,,,,,,Datascape Second Frost Boulder Avalanche; source creature 56200; event 157 phase 4; Branch SQL supplies placed Frost Boulder coordinates; phase 4 is WIP-guessed from the current Datascape event script's SecondFrostBoulder phase.,reviewed_laughingws_entity_stat_pending_combat_smoke,Tools/DataMapping/sql/laughingws_instance_entity_wip_seed.sql;Tools/DataMapping/extract_laughingws_instance_entities.py;Source/NexusForever.Script.Instance;Decomp/Analysis/LAUGHINGWS_INSTANCES_AND_MORE_AUDIT.md,pending,not_retail_complete,"Reviewed entity stat override is tracked, but retail completion needs combat scaling, health/level behavior, and manual instance smoke."
raid,1333,Datascape,entity_stats,1100300065:stat:10,1100300065,56200,0,4476,,,,10,50,3635.073,-745.20,-3373.29,1.11529,0,0,27434,0,1171,1171,0,0,0,0,,,,,,Datascape Second Frost Boulder Avalanche; source creature 56200; event 157 phase 4; Branch SQL supplies placed Frost Boulder coordinates; phase 4 is WIP-guessed from the current Datascape event script's SecondFrostBoulder phase.,reviewed_laughingws_entity_stat_pending_combat_smoke,Tools/DataMapping/sql/laughingws_instance_entity_wip_seed.sql;Tools/DataMapping/extract_laughingws_instance_entities.py;Source/NexusForever.Script.Instance;Decomp/Analysis/LAUGHINGWS_INSTANCES_AND_MORE_AUDIT.md,pending,not_retail_complete,"Reviewed entity stat override is tracked, but retail completion needs combat scaling, health/level behavior, and manual instance smoke."
raid,1333,Datascape,entity_stats,1100300066:stat:0,1100300066,31674,0,4476,,,,0,15900000,3328.50,-696.86,-3639.44,-1.42842,0,0,23490,0,1171,1171,0,0,0,0,,,,,,Datascape Frostbringer Warlock; source creature 31674; event 157 phase 5; Branch SQL supplies placed Frostbringer Warlock coordinates; phase 5 is WIP-guessed from the current Datascape event script's FrostbringerWarlock phase.,reviewed_laughingws_entity_stat_pending_combat_smoke,Tools/DataMapping/sql/laughingws_instance_entity_wip_seed.sql;Tools/DataMapping/extract_laughingws_instance_entities.py;Source/NexusForever.Script.Instance;Decomp/Analysis/LAUGHINGWS_INSTANCES_AND_MORE_AUDIT.md,pending,not_retail_complete,"Reviewed entity stat override is tracked, but retail completion needs combat scaling, health/level behavior, and manual instance smoke."
raid,1333,Datascape,entity_stats,1100300066:stat:10,1100300066,31674,0,4476,,,,10,50,3328.50,-696.86,-3639.44,-1.42842,0,0,23490,0,1171,1171,0,0,0,0,,,,,,Datascape Frostbringer Warlock; source creature 31674; event 157 phase 5; Branch SQL supplies placed Frostbringer Warlock coordinates; phase 5 is WIP-guessed from the current Datascape event script's FrostbringerWarlock phase.,reviewed_laughingws_entity_stat_pending_combat_smoke,Tools/DataMapping/sql/laughingws_instance_entity_wip_seed.sql;Tools/DataMapping/extract_laughingws_instance_entities.py;Source/NexusForever.Script.Instance;Decomp/Analysis/LAUGHINGWS_INSTANCES_AND_MORE_AUDIT.md,pending,not_retail_complete,"Reviewed entity stat override is tracked, but retail completion needs combat scaling, health/level behavior, and manual instance smoke."
raid,1333,Datascape,entity_stats,1100300067:stat:0,1100300067,31885,0,1590,,,,0,18000000,2985.78,-794.348,3396.41,-0.693315,0,0,27107,0,1171,1171,0,0,0,0,,,,,,"Datascape Bio-Enhanced Broodmother; source creature 31885; event 157 phase 0; Branch SQL supplies placed Bio-Enhanced Broodmother coordinates; current C# activates this objective from ED-1 completion without a mapped separate phase, so phase 0 is WIP-guessed.",reviewed_laughingws_entity_stat_pending_combat_smoke,Tools/DataMapping/sql/laughingws_instance_entity_wip_seed.sql;Tools/DataMapping/extract_laughingws_instance_entities.py;Source/NexusForever.Script.Instance;Decomp/Analysis/LAUGHINGWS_INSTANCES_AND_MORE_AUDIT.md,pending,not_retail_complete,"Reviewed entity stat override is tracked, but retail completion needs combat scaling, health/level behavior, and manual instance smoke."
raid,1333,Datascape,entity_stats,1100300067:stat:10,1100300067,31885,0,1590,,,,10,50,2985.78,-794.348,3396.41,-0.693315,0,0,27107,0,1171,1171,0,0,0,0,,,,,,"Datascape Bio-Enhanced Broodmother; source creature 31885; event 157 phase 0; Branch SQL supplies placed Bio-Enhanced Broodmother coordinates; current C# activates this objective from ED-1 completion without a mapped separate phase, so phase 0 is WIP-guessed.",reviewed_laughingws_entity_stat_pending_combat_smoke,Tools/DataMapping/sql/laughingws_instance_entity_wip_seed.sql;Tools/DataMapping/extract_laughingws_instance_entities.py;Source/NexusForever.Script.Instance;Decomp/Analysis/LAUGHINGWS_INSTANCES_AND_MORE_AUDIT.md,pending,not_retail_complete,"Reviewed entity stat override is tracked, but retail completion needs combat scaling, health/level behavior, and manual instance smoke."
raid,1333,Datascape,entity_stats,1100300068:stat:0,1100300068,30498,0,1609,,,,0,21000000,4310,-567.817,-16812,-3.08841,0,0,32992,0,1171,1171,0,0,0,0,,,,,,Datascape Gloomclaw; source creature 30498; event 157 phase 11; Branch SQL supplies placed Gloomclaw coordinates; phase 11 is WIP-guessed from the current Datascape event script's Gloomclaw phase.,reviewed_laughingws_entity_stat_pending_combat_smoke,Tools/DataMapping/sql/laughingws_instance_entity_wip_seed.sql;Tools/DataMapping/extract_laughingws_instance_entities.py;Source/NexusForever.Script.Instance;Decomp/Analysis/LAUGHINGWS_INSTANCES_AND_MORE_AUDIT.md,pending,not_retail_complete,"Reviewed entity stat override is tracked, but retail completion needs combat scaling, health/level behavior, and manual instance smoke."
raid,1333,Datascape,entity_stats,1100300068:stat:10,1100300068,30498,0,1609,,,,10,50,4310,-567.817,-16812,-3.08841,0,0,32992,0,1171,1171,0,0,0,0,,,,,,Datascape Gloomclaw; source creature 30498; event 157 phase 11; Branch SQL supplies placed Gloomclaw coordinates; phase 11 is WIP-guessed from the current Datascape event script's Gloomclaw phase.,reviewed_laughingws_entity_stat_pending_combat_smoke,Tools/DataMapping/sql/laughingws_instance_entity_wip_seed.sql;Tools/DataMapping/extract_laughingws_instance_entities.py;Source/NexusForever.Script.Instance;Decomp/Analysis/LAUGHINGWS_INSTANCES_AND_MORE_AUDIT.md,pending,not_retail_complete,"Reviewed entity stat override is tracked, but retail completion needs combat scaling, health/level behavior, and manual instance smoke."
raid,1333,Datascape,entity_stats,1100300069:stat:0,1100300069,48065,0,2371,,,,0,21300000,-22076.3,598.146,-15934.1,1,0,0,28678,0,1171,1171,0,0,0,0,,,,,,"Datascape Hyper-Accelerated Skeledroid; source creature 48065; event 157 phase 12; Branch SQL supplies placed Hyper-Accelerated Skeledroid coordinates; current C# activates this sub-objective during LogicWingRoom1, so phase 12 is WIP-guessed.",reviewed_laughingws_entity_stat_pending_combat_smoke,Tools/DataMapping/sql/laughingws_instance_entity_wip_seed.sql;Tools/DataMapping/extract_laughingws_instance_entities.py;Source/NexusForever.Script.Instance;Decomp/Analysis/LAUGHINGWS_INSTANCES_AND_MORE_AUDIT.md,pending,not_retail_complete,"Reviewed entity stat override is tracked, but retail completion needs combat scaling, health/level behavior, and manual instance smoke."
raid,1333,Datascape,entity_stats,1100300069:stat:10,1100300069,48065,0,2371,,,,10,50,-22076.3,598.146,-15934.1,1,0,0,28678,0,1171,1171,0,0,0,0,,,,,,"Datascape Hyper-Accelerated Skeledroid; source creature 48065; event 157 phase 12; Branch SQL supplies placed Hyper-Accelerated Skeledroid coordinates; current C# activates this sub-objective during LogicWingRoom1, so phase 12 is WIP-guessed.",reviewed_laughingws_entity_stat_pending_combat_smoke,Tools/DataMapping/sql/laughingws_instance_entity_wip_seed.sql;Tools/DataMapping/extract_laughingws_instance_entities.py;Source/NexusForever.Script.Instance;Decomp/Analysis/LAUGHINGWS_INSTANCES_AND_MORE_AUDIT.md,pending,not_retail_complete,"Reviewed entity stat override is tracked, but retail completion needs combat scaling, health/level behavior, and manual instance smoke."
raid,1333,Datascape,entity_stats,1100300070:stat:0,1100300070,48374,0,2373,,,,0,9100000,-22050.2,619.71,-14309.2,2.56983,0,0,28901,0,1171,1171,0,0,0,0,,,,,,"Datascape Augmented Herald of Avatus; source creature 48374; event 157 phase 14; Branch SQL supplies placed Augmented Herald coordinates; current C# activates this sub-objective during LogicWingRoom3, so phase 14 is WIP-guessed.",reviewed_laughingws_entity_stat_pending_combat_smoke,Tools/DataMapping/sql/laughingws_instance_entity_wip_seed.sql;Tools/DataMapping/extract_laughingws_instance_entities.py;Source/NexusForever.Script.Instance;Decomp/Analysis/LAUGHINGWS_INSTANCES_AND_MORE_AUDIT.md,pending,not_retail_complete,"Reviewed entity stat override is tracked, but retail completion needs combat scaling, health/level behavior, and manual instance smoke."
raid,1333,Datascape,entity_stats,1100300070:stat:10,1100300070,48374,0,2373,,,,10,50,-22050.2,619.71,-14309.2,2.56983,0,0,28901,0,1171,1171,0,0,0,0,,,,,,"Datascape Augmented Herald of Avatus; source creature 48374; event 157 phase 14; Branch SQL supplies placed Augmented Herald coordinates; current C# activates this sub-objective during LogicWingRoom3, so phase 14 is WIP-guessed.",reviewed_laughingws_entity_stat_pending_combat_smoke,Tools/DataMapping/sql/laughingws_instance_entity_wip_seed.sql;Tools/DataMapping/extract_laughingws_instance_entities.py;Source/NexusForever.Script.Instance;Decomp/Analysis/LAUGHINGWS_INSTANCES_AND_MORE_AUDIT.md,pending,not_retail_complete,"Reviewed entity stat override is tracked, but retail completion needs combat scaling, health/level behavior, and manual instance smoke."
raid,1333,Datascape,entity_stats,1100300071:stat:0,1100300071,48295,0,1594,,,,0,12500000,-4018.35,-905.709,2575.45,-1.7226,0,0,36939,0,1171,1171,0,0,0,0,,,,,,Datascape Warmonger Agratha; source creature 48295; event 157 phase 19; Branch SQL supplies placed Warmonger Agratha coordinates; phase 19 is WIP-guessed from the current Datascape event script.,reviewed_laughingws_entity_stat_pending_combat_smoke,Tools/DataMapping/sql/laughingws_instance_entity_wip_seed.sql;Tools/DataMapping/extract_laughingws_instance_entities.py;Source/NexusForever.Script.Instance;Decomp/Analysis/LAUGHINGWS_INSTANCES_AND_MORE_AUDIT.md,pending,not_retail_complete,"Reviewed entity stat override is tracked, but retail completion needs combat scaling, health/level behavior, and manual instance smoke."
raid,1333,Datascape,entity_stats,1100300071:stat:10,1100300071,48295,0,1594,,,,10,50,-4018.35,-905.709,2575.45,-1.7226,0,0,36939,0,1171,1171,0,0,0,0,,,,,,Datascape Warmonger Agratha; source creature 48295; event 157 phase 19; Branch SQL supplies placed Warmonger Agratha coordinates; phase 19 is WIP-guessed from the current Datascape event script.,reviewed_laughingws_entity_stat_pending_combat_smoke,Tools/DataMapping/sql/laughingws_instance_entity_wip_seed.sql;Tools/DataMapping/extract_laughingws_instance_entities.py;Source/NexusForever.Script.Instance;Decomp/Analysis/LAUGHINGWS_INSTANCES_AND_MORE_AUDIT.md,pending,not_retail_complete,"Reviewed entity stat override is tracked, but retail completion needs combat scaling, health/level behavior, and manual instance smoke."
raid,1333,Datascape,entity_stats,1100300072:stat:0,1100300072,48916,0,4478,,,,0,12500000,-4350.04,-913.187,2404.41,-1.44454,0,0,36939,0,1171,1171,0,0,0,0,,,,,,Datascape Warmonger Chuna; source creature 48916; event 157 phase 20; Branch SQL supplies placed Warmonger Chuna coordinates; phase 20 is WIP-guessed from the current Datascape event script.,reviewed_laughingws_entity_stat_pending_combat_smoke,Tools/DataMapping/sql/laughingws_instance_entity_wip_seed.sql;Tools/DataMapping/extract_laughingws_instance_entities.py;Source/NexusForever.Script.Instance;Decomp/Analysis/LAUGHINGWS_INSTANCES_AND_MORE_AUDIT.md,pending,not_retail_complete,"Reviewed entity stat override is tracked, but retail completion needs combat scaling, health/level behavior, and manual instance smoke."
raid,1333,Datascape,entity_stats,1100300072:stat:10,1100300072,48916,0,4478,,,,10,50,-4350.04,-913.187,2404.41,-1.44454,0,0,36939,0,1171,1171,0,0,0,0,,,,,,Datascape Warmonger Chuna; source creature 48916; event 157 phase 20; Branch SQL supplies placed Warmonger Chuna coordinates; phase 20 is WIP-guessed from the current Datascape event script.,reviewed_laughingws_entity_stat_pending_combat_smoke,Tools/DataMapping/sql/laughingws_instance_entity_wip_seed.sql;Tools/DataMapping/extract_laughingws_instance_entities.py;Source/NexusForever.Script.Instance;Decomp/Analysis/LAUGHINGWS_INSTANCES_AND_MORE_AUDIT.md,pending,not_retail_complete,"Reviewed entity stat override is tracked, but retail completion needs combat scaling, health/level behavior, and manual instance smoke."
raid,1333,Datascape,entity_stats,1100300073:stat:0,1100300073,48917,0,4479,,,,0,12500000,-4359.49,-903.383,2590.74,0.19367,0,0,36939,0,1171,1171,0,0,0,0,,,,,,Datascape Warmonger Talarii; source creature 48917; event 157 phase 21; Branch SQL supplies placed Warmonger Talarii coordinates; phase 21 is WIP-guessed from the current Datascape event script.,reviewed_laughingws_entity_stat_pending_combat_smoke,Tools/DataMapping/sql/laughingws_instance_entity_wip_seed.sql;Tools/DataMapping/extract_laughingws_instance_entities.py;Source/NexusForever.Script.Instance;Decomp/Analysis/LAUGHINGWS_INSTANCES_AND_MORE_AUDIT.md,pending,not_retail_complete,"Reviewed entity stat override is tracked, but retail completion needs combat scaling, health/level behavior, and manual instance smoke."
raid,1333,Datascape,entity_stats,1100300073:stat:10,1100300073,48917,0,4479,,,,10,50,-4359.49,-903.383,2590.74,0.19367,0,0,36939,0,1171,1171,0,0,0,0,,,,,,Datascape Warmonger Talarii; source creature 48917; event 157 phase 21; Branch SQL supplies placed Warmonger Talarii coordinates; phase 21 is WIP-guessed from the current Datascape event script.,reviewed_laughingws_entity_stat_pending_combat_smoke,Tools/DataMapping/sql/laughingws_instance_entity_wip_seed.sql;Tools/DataMapping/extract_laughingws_instance_entities.py;Source/NexusForever.Script.Instance;Decomp/Analysis/LAUGHINGWS_INSTANCES_AND_MORE_AUDIT.md,pending,not_retail_complete,"Reviewed entity stat override is tracked, but retail completion needs combat scaling, health/level behavior, and manual instance smoke."
raid,1333,Datascape,entity_stats,1100300074:stat:0,1100300074,48177,0,1479,,,,0,14500000,-4403.72,-821.913,2679.14,-1.63275,0,0,36938,0,1171,1171,0,0,0,0,,,,,,Datascape Grand Warmonger Targresh; source creature 48177; event 157 phase 22; Branch SQL supplies placed Grand Warmonger Targresh coordinates; phase 22 is WIP-guessed from the current Datascape event script.,reviewed_laughingws_entity_stat_pending_combat_smoke,Tools/DataMapping/sql/laughingws_instance_entity_wip_seed.sql;Tools/DataMapping/extract_laughingws_instance_entities.py;Source/NexusForever.Script.Instance;Decomp/Analysis/LAUGHINGWS_INSTANCES_AND_MORE_AUDIT.md,pending,not_retail_complete,"Reviewed entity stat override is tracked, but retail completion needs combat scaling, health/level behavior, and manual instance smoke."
raid,1333,Datascape,entity_stats,1100300074:stat:10,1100300074,48177,0,1479,,,,10,50,-4403.72,-821.913,2679.14,-1.63275,0,0,36938,0,1171,1171,0,0,0,0,,,,,,Datascape Grand Warmonger Targresh; source creature 48177; event 157 phase 22; Branch SQL supplies placed Grand Warmonger Targresh coordinates; phase 22 is WIP-guessed from the current Datascape event script.,reviewed_laughingws_entity_stat_pending_combat_smoke,Tools/DataMapping/sql/laughingws_instance_entity_wip_seed.sql;Tools/DataMapping/extract_laughingws_instance_entities.py;Source/NexusForever.Script.Instance;Decomp/Analysis/LAUGHINGWS_INSTANCES_AND_MORE_AUDIT.md,pending,not_retail_complete,"Reviewed entity stat override is tracked, but retail completion needs combat scaling, health/level behavior, and manual instance smoke."
raid,1333,Datascape,entity_stats,1100300075:stat:0,1100300075,30505,0,1301,,,,0,72000000,618,-198.7,-174,1.61258,0,0,28937,0,1171,1171,0,0,0,0,,,,,,Datascape Avatus; source creature 30505; event 157 phase 26; Branch SQL supplies placed Avatus coordinates; phase 26 is WIP-guessed from the current Datascape event script's Avatus phase.,reviewed_laughingws_entity_stat_pending_combat_smoke,Tools/DataMapping/sql/laughingws_instance_entity_wip_seed.sql;Tools/DataMapping/extract_laughingws_instance_entities.py;Source/NexusForever.Script.Instance;Decomp/Analysis/LAUGHINGWS_INSTANCES_AND_MORE_AUDIT.md,pending,not_retail_complete,"Reviewed entity stat override is tracked, but retail completion needs combat scaling, health/level behavior, and manual instance smoke."
raid,1333,Datascape,entity_stats,1100300075:stat:10,1100300075,30505,0,1301,,,,10,50,618,-198.7,-174,1.61258,0,0,28937,0,1171,1171,0,0,0,0,,,,,,Datascape Avatus; source creature 30505; event 157 phase 26; Branch SQL supplies placed Avatus coordinates; phase 26 is WIP-guessed from the current Datascape event script's Avatus phase.,reviewed_laughingws_entity_stat_pending_combat_smoke,Tools/DataMapping/sql/laughingws_instance_entity_wip_seed.sql;Tools/DataMapping/extract_laughingws_instance_entities.py;Source/NexusForever.Script.Instance;Decomp/Analysis/LAUGHINGWS_INSTANCES_AND_MORE_AUDIT.md,pending,not_retail_complete,"Reviewed entity stat override is tracked, but retail completion needs combat scaling, health/level behavior, and manual instance smoke."
expedition,3404,Evil from the Ether,official_entity_reconciliation,3404:70999:-422.1375:-844.95026:122.07739:area,,70999,,4836,,,,,,-422.1375,-844.95026,122.07739,,,,0,0,0,0,0,0,0,0,area,4836,,,,Evil from the Ether Captain Weir area: Branch SQL narrows Captain Weir to area 4836; official import has the same coordinate with area 0. WIP/GUESSED pending manual expedition smoke.,reviewed_official_entity_reconciliation_pending_smoke,Tools/DataMapping/sql/laughingws_instance_entity_wip_seed.sql;Tools/DataMapping/extract_laughingws_instance_entities.py;Source/NexusForever.Script.Instance;Decomp/Analysis/LAUGHINGWS_INSTANCES_AND_MORE_AUDIT.md,pending,not_retail_complete,"Coordinate-keyed official entity reconciliation is tracked, but retail completion needs official import parity, objective timing, cleanup, and manual Evil from the Ether smoke."
expedition,3404,Evil from the Ether,official_entity_reconciliation,3404:71003:-396.43555:-840.7188:119.74138:area,,71003,,4836,,,,,,-396.43555,-840.7188,119.74138,,,,0,0,0,0,0,0,0,0,area,4836,,,,Evil from the Ether Gather Ring area: Branch SQL narrows the gather ring used by the current WIP GoToAirlock trigger to area 4836; official import has the same coordinate with area 0.,reviewed_official_entity_reconciliation_pending_smoke,Tools/DataMapping/sql/laughingws_instance_entity_wip_seed.sql;Tools/DataMapping/extract_laughingws_instance_entities.py;Source/NexusForever.Script.Instance;Decomp/Analysis/LAUGHINGWS_INSTANCES_AND_MORE_AUDIT.md,pending,not_retail_complete,"Coordinate-keyed official entity reconciliation is tracked, but retail completion needs official import parity, objective timing, cleanup, and manual Evil from the Ether smoke."
expedition,3404,Evil from the Ether,official_entity_reconciliation,3404:71234:-17.037079:-843.8909:46.10919:questChecklistIdx,,71234,,,,,,,,-17.037079,-843.8909,46.10919,,,,0,0,0,0,0,0,0,0,questChecklistIdx,6,,,,Evil from the Ether Crew Log 7: Branch checklist index drives CrewLog7; official DB imports this coordinate as index 4.,reviewed_official_entity_reconciliation_pending_smoke,Tools/DataMapping/sql/laughingws_instance_entity_wip_seed.sql;Tools/DataMapping/extract_laughingws_instance_entities.py;Source/NexusForever.Script.Instance;Decomp/Analysis/LAUGHINGWS_INSTANCES_AND_MORE_AUDIT.md,pending,not_retail_complete,"Coordinate-keyed official entity reconciliation is tracked, but retail completion needs official import parity, objective timing, cleanup, and manual Evil from the Ether smoke."
expedition,3404,Evil from the Ether,official_entity_reconciliation,3404:71234:-32.94068:-843.9746:143.43298:questChecklistIdx,,71234,,,,,,,,-32.94068,-843.9746,143.43298,,,,0,0,0,0,0,0,0,0,questChecklistIdx,4,,,,Evil from the Ether Crew Log 5: Branch checklist index drives CrewLog5; official DB imports this coordinate as index 5.,reviewed_official_entity_reconciliation_pending_smoke,Tools/DataMapping/sql/laughingws_instance_entity_wip_seed.sql;Tools/DataMapping/extract_laughingws_instance_entities.py;Source/NexusForever.Script.Instance;Decomp/Analysis/LAUGHINGWS_INSTANCES_AND_MORE_AUDIT.md,pending,not_retail_complete,"Coordinate-keyed official entity reconciliation is tracked, but retail completion needs official import parity, objective timing, cleanup, and manual Evil from the Ether smoke."
expedition,3404,Evil from the Ether,official_entity_reconciliation,3404:71234:-65.33878:-844.1473:-150.08818:questChecklistIdx,,71234,,,,,,,,-65.33878,-844.1473,-150.08818,,,,0,0,0,0,0,0,0,0,questChecklistIdx,1,,,,Evil from the Ether Crew Log 2: Branch checklist index drives CrewLog2; official DB imports this coordinate as index 3.,reviewed_official_entity_reconciliation_pending_smoke,Tools/DataMapping/sql/laughingws_instance_entity_wip_seed.sql;Tools/DataMapping/extract_laughingws_instance_entities.py;Source/NexusForever.Script.Instance;Decomp/Analysis/LAUGHINGWS_INSTANCES_AND_MORE_AUDIT.md,pending,not_retail_complete,"Coordinate-keyed official entity reconciliation is tracked, but retail completion needs official import parity, objective timing, cleanup, and manual Evil from the Ether smoke."
expedition,3404,Evil from the Ether,official_entity_reconciliation,3404:71234:18.839134:-840.56036:-113.37005:questChecklistIdx,,71234,,,,,,,,18.839134,-840.56036,-113.37005,,,,0,0,0,0,0,0,0,0,questChecklistIdx,5,,,,Evil from the Ether Crew Log 6: Branch checklist index drives CrewLog6; official DB imports this coordinate as index 2.,reviewed_official_entity_reconciliation_pending_smoke,Tools/DataMapping/sql/laughingws_instance_entity_wip_seed.sql;Tools/DataMapping/extract_laughingws_instance_entities.py;Source/NexusForever.Script.Instance;Decomp/Analysis/LAUGHINGWS_INSTANCES_AND_MORE_AUDIT.md,pending,not_retail_complete,"Coordinate-keyed official entity reconciliation is tracked, but retail completion needs official import parity, objective timing, cleanup, and manual Evil from the Ether smoke."
expedition,3404,Evil from the Ether,official_entity_reconciliation,3404:71234:31.47145:-849.1181:-152.4904:questChecklistIdx,,71234,,,,,,,,31.47145,-849.1181,-152.4904,,,,0,0,0,0,0,0,0,0,questChecklistIdx,0,,,,Evil from the Ether Crew Log 1: Branch and official SQL agree on this row; it is included so verification can assert all seven crew logs.,reviewed_official_entity_reconciliation_pending_smoke,Tools/DataMapping/sql/laughingws_instance_entity_wip_seed.sql;Tools/DataMapping/extract_laughingws_instance_entities.py;Source/NexusForever.Script.Instance;Decomp/Analysis/LAUGHINGWS_INSTANCES_AND_MORE_AUDIT.md,pending,not_retail_complete,"Coordinate-keyed official entity reconciliation is tracked, but retail completion needs official import parity, objective timing, cleanup, and manual Evil from the Ether smoke."
expedition,3404,Evil from the Ether,official_entity_reconciliation,3404:71234:44.647617:-840.1598:184.907:questChecklistIdx,,71234,,,,,,,,44.647617,-840.1598,184.907,,,,0,0,0,0,0,0,0,0,questChecklistIdx,3,,,,Evil from the Ether Crew Log 4: Branch checklist index drives CrewLog4; official DB imports this coordinate as index 6.,reviewed_official_entity_reconciliation_pending_smoke,Tools/DataMapping/sql/laughingws_instance_entity_wip_seed.sql;Tools/DataMapping/extract_laughingws_instance_entities.py;Source/NexusForever.Script.Instance;Decomp/Analysis/LAUGHINGWS_INSTANCES_AND_MORE_AUDIT.md,pending,not_retail_complete,"Coordinate-keyed official entity reconciliation is tracked, but retail completion needs official import parity, objective timing, cleanup, and manual Evil from the Ether smoke."
expedition,3404,Evil from the Ether,official_entity_reconciliation,3404:71234:68.89046:-849.1848:-182.18137:questChecklistIdx,,71234,,,,,,,,68.89046,-849.1848,-182.18137,,,,0,0,0,0,0,0,0,0,questChecklistIdx,2,,,,Evil from the Ether Crew Log 3: Branch checklist index drives CrewLog3; official DB imports this coordinate as index 1.,reviewed_official_entity_reconciliation_pending_smoke,Tools/DataMapping/sql/laughingws_instance_entity_wip_seed.sql;Tools/DataMapping/extract_laughingws_instance_entities.py;Source/NexusForever.Script.Instance;Decomp/Analysis/LAUGHINGWS_INSTANCES_AND_MORE_AUDIT.md,pending,not_retail_complete,"Coordinate-keyed official entity reconciliation is tracked, but retail completion needs official import parity, objective timing, cleanup, and manual Evil from the Ether smoke."
expedition,3404,Evil from the Ether,official_entity_reconciliation,3404:71283:54.22043:-848.04:-159.99998:area,,71283,,4823,,,,,,54.22043,-848.04,-159.99998,,,,0,0,0,0,0,0,0,0,area,4823,,,,Evil from the Ether Medbay Door Control area: Branch SQL narrows the medbay door control used by the current WIP RepairDoor cleanup to area 4823; official import has the same coordinate with area 0.,reviewed_official_entity_reconciliation_pending_smoke,Tools/DataMapping/sql/laughingws_instance_entity_wip_seed.sql;Tools/DataMapping/extract_laughingws_instance_entities.py;Source/NexusForever.Script.Instance;Decomp/Analysis/LAUGHINGWS_INSTANCES_AND_MORE_AUDIT.md,pending,not_retail_complete,"Coordinate-keyed official entity reconciliation is tracked, but retail completion needs official import parity, objective timing, cleanup, and manual Evil from the Ether smoke."
expedition,3404,Evil from the Ether,official_entity_reconciliation,3404:71322:65.68544:-852.9225:-140.38359:area,,71322,,4823,,,,,,65.68544,-852.9225,-140.38359,,,,0,0,0,0,0,0,0,0,area,4823,,,,Evil from the Ether Spare Parts Crate 3 area: Branch SQL narrows this ScavengeSpareParts crate to area 4823; official import has the same coordinate with area 0. Objective timing remains WIP/GUESSED.,reviewed_official_entity_reconciliation_pending_smoke,Tools/DataMapping/sql/laughingws_instance_entity_wip_seed.sql;Tools/DataMapping/extract_laughingws_instance_entities.py;Source/NexusForever.Script.Instance;Decomp/Analysis/LAUGHINGWS_INSTANCES_AND_MORE_AUDIT.md,pending,not_retail_complete,"Coordinate-keyed official entity reconciliation is tracked, but retail completion needs official import parity, objective timing, cleanup, and manual Evil from the Ether smoke."
expedition,3404,Evil from the Ether,official_entity_reconciliation,3404:71322:92.72337:-852.9272:-110.27059:area,,71322,,4823,,,,,,92.72337,-852.9272,-110.27059,,,,0,0,0,0,0,0,0,0,area,4823,,,,Evil from the Ether Spare Parts Crate 1 area: Branch SQL narrows this ScavengeSpareParts crate to area 4823; official import has the same coordinate with area 0. Objective timing remains WIP/GUESSED.,reviewed_official_entity_reconciliation_pending_smoke,Tools/DataMapping/sql/laughingws_instance_entity_wip_seed.sql;Tools/DataMapping/extract_laughingws_instance_entities.py;Source/NexusForever.Script.Instance;Decomp/Analysis/LAUGHINGWS_INSTANCES_AND_MORE_AUDIT.md,pending,not_retail_complete,"Coordinate-keyed official entity reconciliation is tracked, but retail completion needs official import parity, objective timing, cleanup, and manual Evil from the Ether smoke."
expedition,3404,Evil from the Ether,official_entity_reconciliation,3404:71322:93.24837:-852.92975:-74.36311:area,,71322,,4823,,,,,,93.24837,-852.92975,-74.36311,,,,0,0,0,0,0,0,0,0,area,4823,,,,Evil from the Ether Spare Parts Crate 2 area: Branch SQL narrows this ScavengeSpareParts crate to area 4823; official import has the same coordinate with area 0. Objective timing remains WIP/GUESSED.,reviewed_official_entity_reconciliation_pending_smoke,Tools/DataMapping/sql/laughingws_instance_entity_wip_seed.sql;Tools/DataMapping/extract_laughingws_instance_entities.py;Source/NexusForever.Script.Instance;Decomp/Analysis/LAUGHINGWS_INSTANCES_AND_MORE_AUDIT.md,pending,not_retail_complete,"Coordinate-keyed official entity reconciliation is tracked, but retail completion needs official import parity, objective timing, cleanup, and manual Evil from the Ether smoke."
expedition,3404,Evil from the Ether,official_entity_reconciliation,3404:71323:54.22043:-848.0354:-159.99869:area,,71323,,4823,,,,,,54.22043,-848.0354,-159.99869,,,,0,0,0,0,0,0,0,0,area,4823,,,,Evil from the Ether Repaired Medbay Door Control area: Branch SQL narrows the repaired medbay door control to area 4823; official import has the same coordinate with area 0. Repair-door cleanup remains WIP/GUESSED.,reviewed_official_entity_reconciliation_pending_smoke,Tools/DataMapping/sql/laughingws_instance_entity_wip_seed.sql;Tools/DataMapping/extract_laughingws_instance_entities.py;Source/NexusForever.Script.Instance;Decomp/Analysis/LAUGHINGWS_INSTANCES_AND_MORE_AUDIT.md,pending,not_retail_complete,"Coordinate-keyed official entity reconciliation is tracked, but retail completion needs official import parity, objective timing, cleanup, and manual Evil from the Ether smoke."
