evidence_kind,script_scope,source_path,source_line,script_owner_ids,script_filter_name,source_call,action_category,reference_kind,source_symbol,reference_id,reference_link_status,client_reference_status,client_reference_name,client_reference_sources,source_trace_status,source_trace_detail,source_trace_sources,source_excerpt,evidence_status,evidence_sources,manual_validation,completion_status,blocker_summary
script_runtime_action,script_instance,Source\NexusForever.Script.Instance\Dungeon\ColdbloodCitadel\ColdbloodCitadelEventScript.cs,384,907,,EnqueueAdd,script_entity_add_to_map,entity_or_position,entity,,source_expression_tracked,runtime_entity_add_expression_tracked,entity,Source/NexusForever.Script.*,runtime_entity_add_source_tracked,entity,Source/NexusForever.Script.*,"mapInstance.EnqueueAdd(entity, new ScriptMapPosition",script_entity_add_to_map_pending_spawn_lifecycle_smoke,Source/NexusForever.Script.Main;Source/NexusForever.Script.Instance,pending,not_retail_complete,"Scripted runtime action is tracked from source, but retail completion needs exact trigger timing, target selection, payload/effect semantics, cleanup/replay behavior, and content smoke."
script_runtime_action,script_instance,Source\NexusForever.Script.Instance\Dungeon\ProtogamesAcademy\ProtogamesAcademyEventScript.cs,431,667,,EnqueueAdd,script_entity_add_to_map,entity_or_position,entity,,source_expression_tracked,runtime_entity_add_expression_tracked,entity,Source/NexusForever.Script.*,runtime_entity_add_source_tracked,entity,Source/NexusForever.Script.*,"mapInstance.EnqueueAdd(entity, new ScriptMapPosition",script_entity_add_to_map_pending_spawn_lifecycle_smoke,Source/NexusForever.Script.Main;Source/NexusForever.Script.Instance,pending,not_retail_complete,"Scripted runtime action is tracked from source, but retail completion needs exact trigger timing, target selection, payload/effect semantics, cleanup/replay behavior, and content smoke."
script_runtime_action,script_instance,Source\NexusForever.Script.Instance\Dungeon\RuinsOfKelVoreth\RuinsOfKelVorethEventScript.cs,197,161,,EnqueueAdd,script_entity_add_to_map,entity_or_position,entity,,source_expression_tracked,runtime_entity_add_expression_tracked,entity,Source/NexusForever.Script.*,runtime_entity_add_source_tracked,entity,Source/NexusForever.Script.*,"mapInstance.EnqueueAdd(entity, new ScriptMapPosition",runtime_kel_voreth_boss_spawn_enqueue_add_action_tested,wildstar_client_mysql/PublicEventObjective.tbl.sql;wildstar_client_mysql/Creature2.tbl.sql;Source/NexusForever.Script.Instance/Dungeon/RuinsOfKelVoreth/RuinsOfKelVorethEventScript.cs;Source/NexusForever.Game.Tests/Instances/RuinsOfKelVorethEventScriptTests.cs,automated_focus_pass,not_retail_complete,"Ruins of Kel Voreth reviewed boss spawn map-add action is covered by focused tests proving the spawned entity is enqueued at the mapped phase position. Exact boss mechanics, rewards, achievements, and client smoke remain tracked by producer, dependency, and parent instance rows."
script_runtime_action,script_instance,Source\NexusForever.Script.Instance\Dungeon\SanctuaryOfTheSwordmaiden\SanctuaryOfTheSwordmaidenEventScript.cs,262,166,,EnqueueAdd,script_entity_add_to_map,entity_or_position,entity,,source_expression_tracked,runtime_entity_add_expression_tracked,entity,Source/NexusForever.Script.*,runtime_entity_add_source_tracked,entity,Source/NexusForever.Script.*,"mapInstance.EnqueueAdd(entity, new ScriptMapPosition",runtime_swordmaiden_flame_crazed_demon_enqueue_add_action_tested,wildstar_client_mysql/PublicEventObjective.tbl.sql;wildstar_client_mysql/Creature2.tbl.sql;Source/NexusForever.Script.Instance/Dungeon/SanctuaryOfTheSwordmaiden/SanctuaryOfTheSwordmaidenEventScript.cs;Source/NexusForever.Game.Tests/Instances/SanctuaryOfTheSwordmaidenEventScriptTests.cs,automated_focus_pass,not_retail_complete,"Sanctuary of the Swordmaiden Flame-Crazed Demon map-add action is covered by focused tests proving the created entity is enqueued at the reviewed position in world 1271. Exact boss mechanics, rewards, achievements, and client smoke remain tracked by producer, dependency, and parent instance rows."
script_runtime_action,script_instance,Source\NexusForever.Script.Instance\Dungeon\Skullcano\SkullcanoEventScript.cs,318,148,,EnqueueAdd,script_entity_add_to_map,entity_or_position,entity,,source_expression_tracked,runtime_entity_add_expression_tracked,entity,Source/NexusForever.Script.*,runtime_entity_add_source_tracked,entity,Source/NexusForever.Script.*,"mapInstance.EnqueueAdd(entity, new ScriptMapPosition",runtime_skullcano_opening_boss_enqueue_add_action_tested,wildstar_client_mysql/PublicEventObjective.tbl.sql;wildstar_client_mysql/Creature2.tbl.sql;Source/NexusForever.Script.Instance/Dungeon/Skullcano/SkullcanoEventScript.cs;Source/NexusForever.Game.Tests/Instances/SkullcanoEventScriptTests.cs,automated_focus_pass,not_retail_complete,"Skullcano reviewed opening boss map-add action is covered by focused tests proving each spawned boss is enqueued at its mapped position. Exact boss mechanics, rewards, achievements, and client smoke remain tracked by producer, dependency, and parent instance rows."
script_runtime_action,script_instance,Source\NexusForever.Script.Instance\Dungeon\StormtalonsLair\StormtalonsLairEventScript.cs,710,145,,EnqueueAdd,script_entity_add_to_map,entity_or_position,entity,,source_expression_tracked,runtime_entity_add_expression_tracked,entity,Source/NexusForever.Script.*,runtime_entity_add_source_tracked,entity,Source/NexusForever.Script.*,"mapInstance.EnqueueAdd(entity, new ScriptMapPosition",runtime_stormtalon_shared_enqueue_add_action_tested,wildstar_client_mysql/PublicEventObjective.tbl.sql;wildstar_client_mysql/Creature2.tbl.sql;Source/NexusForever.Script.Instance/Dungeon/StormtalonsLair/StormtalonsLairEventScript.cs;Source/NexusForever.Game.Tests/Instances/StormtalonsLairEventScriptTests.cs,automated_focus_pass,not_retail_complete,"Stormtalon's Lair shared map-add action is covered by focused tests proving reviewed boss, optional producer, cage, launch-pad, and high-priest trigger paths enqueue entities at expected positions. Route smoke, rewards, achievements, and client validation remain tracked by producer, dependency, and parent instance rows."
script_runtime_action,script_instance,Source\NexusForever.Script.Instance\Dungeon\UltimateProtogames\UltimateProtogamesEventScript.cs,1467,594,,EnqueueAdd,script_entity_add_to_map,entity_or_position,entity,,source_expression_tracked,runtime_entity_add_expression_tracked,entity,Source/NexusForever.Script.*,runtime_entity_add_source_tracked,entity,Source/NexusForever.Script.*,"mapInstance.EnqueueAdd(entity, new ScriptMapPosition",runtime_up_shared_enqueue_add_action_tested,wildstar_client_mysql/PublicEventObjective.tbl.sql;wildstar_client_mysql/Creature2.tbl.sql;Source/NexusForever.Script.Instance/Dungeon/UltimateProtogames/UltimateProtogamesEventScript.cs;Source/NexusForever.Game.Tests/Instances/UltimateProtogamesEventScriptTests.cs,automated_focus_pass,not_retail_complete,"Ultimate Protogames shared map-add action is covered by focused tests proving reviewed start-button, boss, tank-room, timed-room, hunt, Power Plunge, Hut-Hut, and Prototentiary paths enqueue entities at expected positions. Route randomness, encounter mechanics, rewards, achievements, and client validation remain tracked by producer, dependency, and parent instance rows."
script_runtime_action,script_instance,Source\NexusForever.Script.Instance\EventInstance\ShadesEve\ShadesEveMainEventScript.cs,236,597,,EnqueueAdd,script_entity_add_to_map,entity_or_position,entity,,source_expression_tracked,runtime_entity_add_expression_tracked,entity,Source/NexusForever.Script.*,runtime_entity_add_source_tracked,entity,Source/NexusForever.Script.*,"mapInstance.EnqueueAdd(entity, new ScriptMapPosition",script_entity_add_to_map_pending_spawn_lifecycle_smoke,Source/NexusForever.Script.Main;Source/NexusForever.Script.Instance,pending,not_retail_complete,"Scripted runtime action is tracked from source, but retail completion needs exact trigger timing, target selection, payload/effect semantics, cleanup/replay behavior, and content smoke."
script_runtime_action,script_instance,Source\NexusForever.Script.Instance\Expedition\EvilFromTheEther\EvilFromTheEtherEventScript.cs,590,781,,EnqueueAdd,script_entity_add_to_map,entity_or_position,entity,,source_expression_tracked,runtime_entity_add_expression_tracked,entity,Source/NexusForever.Script.*,runtime_entity_add_source_tracked,entity,Source/NexusForever.Script.*,"mapInstance.EnqueueAdd(entity, new ScriptMapPosition",runtime_evil_ether_shared_enqueue_add_action_tested,wildstar_client_mysql/PublicEventObjective.tbl.sql;wildstar_client_mysql/WorldLocation2.tbl.sql;wildstar_client_mysql/Creature2.tbl.sql;Source/NexusForever.Script.Instance/Expedition/EvilFromTheEther/EvilFromTheEtherEventScript.cs;Source/NexusForever.Game.Tests/PublicEvents/EvilFromTheEtherEventScriptTests.cs,automated_focus_pass,not_retail_complete,"Evil from the Ether shared map-add action is covered by focused tests proving airlock, teleporter, bridge, escape, and drive-spark paths enqueue entities at expected positions. Exact route timing, replay cleanup, rewards, achievements, and client smoke remain tracked by producer, dependency, and parent instance rows."
script_runtime_action,script_instance,Source\NexusForever.Script.Instance\Expedition\FragmentZero\FragmentZeroEventScript.cs,243,680,,EnqueueAdd,script_entity_add_to_map,entity_or_position,entity,,source_expression_tracked,runtime_entity_add_expression_tracked,entity,Source/NexusForever.Script.*,runtime_entity_add_source_tracked,entity,Source/NexusForever.Script.*,"mapInstance.EnqueueAdd(entity, new ScriptMapPosition",runtime_fragment_zero_shared_enqueue_add_action_tested,wildstar_client_mysql/PublicEventObjective.tbl.sql;wildstar_client_mysql/Creature2.tbl.sql;Source/NexusForever.Script.Instance/Expedition/FragmentZero/FragmentZeroEventScript.cs;Source/NexusForever.Game.Tests/Instances/FragmentZeroEventScriptTests.cs,automated_focus_pass,not_retail_complete,"Fragment Zero shared map-add action is covered by focused tests proving reviewed Supervisor Lola and branch trigger paths enqueue entities at expected positions. WIP-guessed trigger creation rows remain blocked on retail trigger-row/timing proof, and route smoke, rewards, achievements, and client validation remain tracked by producer, dependency, and parent instance rows."
script_runtime_action,script_instance,Source\NexusForever.Script.Instance\Expedition\Gauntlet\GauntletEventScript.cs,152,446,,EnqueueAdd,script_entity_add_to_map,entity_or_position,entity,,source_expression_tracked,runtime_entity_add_expression_tracked,entity,Source/NexusForever.Script.*,runtime_entity_add_source_tracked,entity,Source/NexusForever.Script.*,"mapInstance.EnqueueAdd(entity, new ScriptMapPosition",runtime_gauntlet_shared_enqueue_add_action_tested,wildstar_client_mysql/PublicEventObjective.tbl.sql;wildstar_client_mysql/Creature2.tbl.sql;Source/NexusForever.Script.Instance/Expedition/Gauntlet/GauntletEventScript.cs;Source/NexusForever.Game.Tests/Instances/GauntletEventScriptTests.cs,automated_focus_pass,not_retail_complete,"Gauntlet shared map-add action is covered by focused tests proving reviewed Pilot Taboro and airlock marker spawns enqueue at mapped positions. The WIP-guessed branch trigger create row remains blocked on retail trigger-row/timing proof, and route smoke, rewards, and achievements remain tracked by producer, dependency, and parent instance rows."
script_runtime_action,script_instance,Source\NexusForever.Script.Instance\Expedition\Infestation\InfestationEventScript.cs,319,95,,EnqueueAdd,script_entity_add_to_map,entity_or_position,entity,,source_expression_tracked,runtime_entity_add_expression_tracked,entity,Source/NexusForever.Script.*,runtime_entity_add_source_tracked,entity,Source/NexusForever.Script.*,"mapInstance.EnqueueAdd(entity, new ScriptMapPosition",script_entity_add_to_map_pending_spawn_lifecycle_smoke,Source/NexusForever.Script.Main;Source/NexusForever.Script.Instance,pending,not_retail_complete,"Scripted runtime action is tracked from source, but retail completion needs exact trigger timing, target selection, payload/effect semantics, cleanup/replay behavior, and content smoke."
script_runtime_action,script_instance,Source\NexusForever.Script.Instance\Expedition\OutpostM13\OutpostM13EventScript.cs,202,108,,EnqueueAdd,script_entity_add_to_map,entity_or_position,entity,,source_expression_tracked,runtime_entity_add_expression_tracked,entity,Source/NexusForever.Script.*,runtime_entity_add_source_tracked,entity,Source/NexusForever.Script.*,"mapInstance.EnqueueAdd(entity, new ScriptMapPosition",script_entity_add_to_map_pending_spawn_lifecycle_smoke,Source/NexusForever.Script.Main;Source/NexusForever.Script.Instance,pending,not_retail_complete,"Scripted runtime action is tracked from source, but retail completion needs exact trigger timing, target selection, payload/effect semantics, cleanup/replay behavior, and content smoke."
script_runtime_action,script_instance,Source\NexusForever.Script.Instance\Expedition\SpaceMadness\SpaceMadnessEventScript.cs,677,390,,EnqueueAdd,script_entity_add_to_map,entity_or_position,entity,,source_expression_tracked,runtime_entity_add_expression_tracked,entity,Source/NexusForever.Script.*,runtime_entity_add_source_tracked,entity,Source/NexusForever.Script.*,"mapInstance.EnqueueAdd(entity, new ScriptMapPosition",runtime_space_madness_shared_enqueue_add_action_tested,wildstar_client_mysql/PublicEventObjective.tbl.sql;wildstar_client_mysql/Creature2.tbl.sql;Source/NexusForever.Script.Instance/Expedition/SpaceMadness/SpaceMadnessEventScript.cs;Source/NexusForever.Game.Tests/Instances/SpaceMadnessEventScriptTests.cs,automated_focus_pass,not_retail_complete,"Space Madness shared map-add action is covered by focused tests proving reviewed talk NPC, simple placement, datapad, panicked-worker nightmare, escaped-experiment, and livestock paths enqueue entities at expected positions. WIP-guessed trigger creation remains blocked on retail trigger-row/timing proof, and route smoke, rewards, and achievements remain tracked by producer, dependency, and parent instance rows."
script_runtime_action,script_instance,Source\NexusForever.Script.Instance\Raid\Datascape\DatascapeEventScript.cs,600,157,,EnqueueAdd,script_entity_add_to_map,entity_or_position,entity,,source_expression_tracked,runtime_entity_add_expression_tracked,entity,Source/NexusForever.Script.*,runtime_entity_add_source_tracked,entity,Source/NexusForever.Script.*,"mapInstance.EnqueueAdd(entity, new ScriptMapPosition",script_entity_add_to_map_pending_spawn_lifecycle_smoke,Source/NexusForever.Script.Main;Source/NexusForever.Script.Instance,pending,not_retail_complete,"Scripted runtime action is tracked from source, but retail completion needs exact trigger timing, target selection, payload/effect semantics, cleanup/replay behavior, and content smoke."
script_runtime_action,script_instance,Source\NexusForever.Script.Instance\Raid\GeneticArchives\GeneticArchivesEventScript.cs,224,159,,EnqueueAdd,script_entity_add_to_map,entity_or_position,entity,,source_expression_tracked,runtime_entity_add_expression_tracked,entity,Source/NexusForever.Script.*,runtime_entity_add_source_tracked,entity,Source/NexusForever.Script.*,"mapInstance.EnqueueAdd(entity, new ScriptMapPosition",script_entity_add_to_map_pending_spawn_lifecycle_smoke,Source/NexusForever.Script.Main;Source/NexusForever.Script.Instance,pending,not_retail_complete,"Scripted runtime action is tracked from source, but retail completion needs exact trigger timing, target selection, payload/effect semantics, cleanup/replay behavior, and content smoke."
script_runtime_action,script_instance,Source\NexusForever.Script.Instance\Raid\RedMoonTerror\FortyMan\RedMoonTerror40ManEventScript.cs,136,650,,EnqueueAdd,script_entity_add_to_map,entity_or_position,entity,,source_expression_tracked,runtime_entity_add_expression_tracked,entity,Source/NexusForever.Script.*,runtime_entity_add_source_tracked,entity,Source/NexusForever.Script.*,"mapInstance.EnqueueAdd(entity, new ScriptMapPosition",script_entity_add_to_map_pending_spawn_lifecycle_smoke,Source/NexusForever.Script.Main;Source/NexusForever.Script.Instance,pending,not_retail_complete,"Scripted runtime action is tracked from source, but retail completion needs exact trigger timing, target selection, payload/effect semantics, cleanup/replay behavior, and content smoke."
script_runtime_action,script_instance,Source\NexusForever.Script.Instance\Raid\RedMoonTerror\RedMoonTerrorEventScript.cs,266,705,,EnqueueAdd,script_entity_add_to_map,entity_or_position,entity,,source_expression_tracked,runtime_entity_add_expression_tracked,entity,Source/NexusForever.Script.*,runtime_entity_add_source_tracked,entity,Source/NexusForever.Script.*,"mapInstance.EnqueueAdd(entity, new ScriptMapPosition",script_entity_add_to_map_pending_spawn_lifecycle_smoke,Source/NexusForever.Script.Main;Source/NexusForever.Script.Instance,pending,not_retail_complete,"Scripted runtime action is tracked from source, but retail completion needs exact trigger timing, target selection, payload/effect semantics, cleanup/replay behavior, and content smoke."
script_runtime_action,script_instance,Source\NexusForever.Script.Instance\WorldStory\HallOfTheHundred\ColdAndHungryEventScript.cs,95,677,,EnqueueAdd,script_entity_add_to_map,entity_or_position,triggerEntity,,source_expression_tracked,runtime_entity_add_expression_tracked,triggerEntity,Source/NexusForever.Script.*,runtime_entity_add_source_tracked,triggerEntity,Source/NexusForever.Script.*,"mapInstance.EnqueueAdd(triggerEntity, new ScriptMapPosition",runtime_hoth_cold_and_hungry_leave_trigger_enqueue_add_action_tested,wildstar_client_mysql/PublicEventObjective.tbl.sql;wildstar_client_mysql/WorldLocation2.tbl.sql;Source/NexusForever.Script.Instance/WorldStory/HallOfTheHundred/ColdAndHungryEventScript.cs;Source/NexusForever.Game.Tests/Instances/HallOfTheHundredOptionalEventScriptTests.cs,automated_focus_pass,not_retail_complete,"Hall of the Hundred Cold and Hungry leave-trigger map-add action is covered by focused optional-event tests proving the created trigger is enqueued at the mapped position in world 3009. Optional route choreography, rewards, achievements, and client smoke remain tracked by producer, dependency, and parent instance rows."
script_runtime_action,script_instance,Source\NexusForever.Script.Instance\WorldStory\HallOfTheHundred\ColdSoupForTheSoulrotEventScript.cs,102,678,,EnqueueAdd,script_entity_add_to_map,entity_or_position,triggerEntity,,source_expression_tracked,runtime_entity_add_expression_tracked,triggerEntity,Source/NexusForever.Script.*,runtime_entity_add_source_tracked,triggerEntity,Source/NexusForever.Script.*,"mapInstance.EnqueueAdd(triggerEntity, new ScriptMapPosition",runtime_hoth_cold_soup_canister_trigger_enqueue_add_action_tested,wildstar_client_mysql/PublicEventObjective.tbl.sql;wildstar_client_mysql/WorldLocation2.tbl.sql;Source/NexusForever.Script.Instance/WorldStory/HallOfTheHundred/ColdSoupForTheSoulrotEventScript.cs;Source/NexusForever.Game.Tests/Instances/HallOfTheHundredOptionalEventScriptTests.cs,automated_focus_pass,not_retail_complete,"Hall of the Hundred Cold Soup canister-trigger map-add action is covered by focused optional-event tests proving the created trigger is enqueued at the mapped position in world 3009. Optional route choreography, rewards, achievements, and client smoke remain tracked by producer, dependency, and parent instance rows."
script_runtime_action,script_instance,Source\NexusForever.Script.Instance\WorldStory\HallOfTheHundred\HallOfTheHundredEventScript.cs,1241,666,,EnqueueAdd,script_entity_add_to_map,entity_or_position,entity,,source_expression_tracked,runtime_entity_add_expression_tracked,entity,Source/NexusForever.Script.*,runtime_entity_add_source_tracked,entity,Source/NexusForever.Script.*,"mapInstance.EnqueueAdd(entity, new ScriptMapPosition",runtime_hoth_shared_trigger_enqueue_add_action_tested,wildstar_client_mysql/PublicEventObjective.tbl.sql;wildstar_client_mysql/WorldLocation2.tbl.sql;Source/NexusForever.Script.Instance/WorldStory/HallOfTheHundred/HallOfTheHundredEventScript.cs;Source/NexusForever.Game.Tests/Instances/HallOfTheHundredEventScriptTests.cs,automated_focus_pass,not_retail_complete,"Hall of the Hundred shared trigger map-add helper is covered by focused phase tests proving the created trigger is enqueued with the expected position and world 3009 map entry. Route choreography, rewards, achievements, and client smoke remain tracked by producer, dependency, and parent instance rows."
script_runtime_action,script_instance,Source\NexusForever.Script.Instance\WorldStory\HallOfTheHundred\TheGraveyardEchoedEventScript.cs,101,696,,EnqueueAdd,script_entity_add_to_map,entity_or_position,triggerEntity,,source_expression_tracked,runtime_entity_add_expression_tracked,triggerEntity,Source/NexusForever.Script.*,runtime_entity_add_source_tracked,triggerEntity,Source/NexusForever.Script.*,"mapInstance.EnqueueAdd(triggerEntity, new ScriptMapPosition",runtime_hoth_graveyard_trigger_enqueue_add_action_tested,wildstar_client_mysql/PublicEventObjective.tbl.sql;wildstar_client_mysql/WorldLocation2.tbl.sql;Source/NexusForever.Script.Instance/WorldStory/HallOfTheHundred/TheGraveyardEchoedEventScript.cs;Source/NexusForever.Game.Tests/Instances/HallOfTheHundredOptionalEventScriptTests.cs,automated_focus_pass,not_retail_complete,"Hall of the Hundred Graveyard Echoed trigger map-add action is covered by focused optional-event tests proving the created trigger is enqueued at the mapped position in world 3009. Optional route choreography, rewards, achievements, and client smoke remain tracked by producer, dependency, and parent instance rows."
script_runtime_action,script_instance,Source\NexusForever.Script.Instance\WorldStory\HallOfTheHundred\TheWarhoundsOfVaregorEventScript.cs,137,693,,EnqueueAdd,script_entity_add_to_map,entity_or_position,triggerEntity,,source_expression_tracked,runtime_entity_add_expression_tracked,triggerEntity,Source/NexusForever.Script.*,runtime_entity_add_source_tracked,triggerEntity,Source/NexusForever.Script.*,"mapInstance.EnqueueAdd(triggerEntity, new ScriptMapPosition",runtime_hoth_warhounds_kennel_trigger_enqueue_add_action_tested,wildstar_client_mysql/PublicEventObjective.tbl.sql;wildstar_client_mysql/WorldLocation2.tbl.sql;Source/NexusForever.Script.Instance/WorldStory/HallOfTheHundred/TheWarhoundsOfVaregorEventScript.cs;Source/NexusForever.Game.Tests/Instances/HallOfTheHundredOptionalEventScriptTests.cs,automated_focus_pass,not_retail_complete,"Hall of the Hundred Warhounds kennel trigger map-add action is covered by focused optional-event tests proving the created trigger is enqueued at the mapped position in world 3009. Optional route choreography, rewards, achievements, and client smoke remain tracked by producer, dependency, and parent instance rows."
script_runtime_action,script_main,Source\NexusForever.Script.Main\Quests\Galeras\GalerasMapScript.cs,105,51,,EnqueueAdd,script_entity_add_to_map,entity_or_position,trigger,,source_expression_tracked,runtime_entity_add_expression_tracked,trigger,Source/NexusForever.Script.*,runtime_entity_add_source_tracked,trigger,Source/NexusForever.Script.*,"owner.EnqueueAdd(trigger, new GalerasMapPosition",script_entity_add_to_map_pending_spawn_lifecycle_smoke,Source/NexusForever.Script.Main;Source/NexusForever.Script.Instance,pending,not_retail_complete,"Scripted runtime action is tracked from source, but retail completion needs exact trigger timing, target selection, payload/effect semantics, cleanup/replay behavior, and content smoke."
script_runtime_action,script_main,Source\NexusForever.Script.Main\Quests\NorthernWilds\NorthernWildsMapScript.cs,350,426,,EnqueueAdd,script_entity_add_to_map,entity_or_position,avalanche,,source_expression_tracked,runtime_entity_add_expression_tracked,avalanche,Source/NexusForever.Script.*,runtime_entity_add_source_tracked,avalanche,Source/NexusForever.Script.*,"owner.EnqueueAdd(avalanche, new NorthernWildsMapPosition",script_entity_add_to_map_pending_spawn_lifecycle_smoke,Source/NexusForever.Script.Main;Source/NexusForever.Script.Instance,pending,not_retail_complete,"Scripted runtime action is tracked from source, but retail completion needs exact trigger timing, target selection, payload/effect semantics, cleanup/replay behavior, and content smoke."
script_runtime_action,script_main,Source\NexusForever.Script.Main\Quests\NorthernWilds\NorthernWildsMapScript.cs,421,426,,EnqueueAdd,script_entity_add_to_map,entity_or_position,entity,,source_expression_tracked,runtime_entity_add_expression_tracked,entity,Source/NexusForever.Script.*,runtime_entity_add_source_tracked,entity,Source/NexusForever.Script.*,"owner.EnqueueAdd(entity, new NorthernWildsMapPosition",script_entity_add_to_map_pending_spawn_lifecycle_smoke,Source/NexusForever.Script.Main;Source/NexusForever.Script.Instance,pending,not_retail_complete,"Scripted runtime action is tracked from source, but retail completion needs exact trigger timing, target selection, payload/effect semantics, cleanup/replay behavior, and content smoke."
script_runtime_action,script_main,Source\NexusForever.Script.Main\Quests\NorthernWilds\NorthernWildsSoldierPathMissionScripts.cs,226,,,EnqueueAdd,script_entity_add_to_map,entity_or_position,entity,,source_expression_tracked,runtime_entity_add_expression_tracked,entity,Source/NexusForever.Script.*,runtime_entity_add_source_tracked,entity,Source/NexusForever.Script.*,"owner.Map.EnqueueAdd(entity, new SoldierHoldoutMapPosition",script_entity_add_to_map_pending_spawn_lifecycle_smoke,Source/NexusForever.Script.Main;Source/NexusForever.Script.Instance,pending,not_retail_complete,"Scripted runtime action is tracked from source, but retail completion needs exact trigger timing, target selection, payload/effect semantics, cleanup/replay behavior, and content smoke."
script_runtime_action,script_main,Source\NexusForever.Script.Main\Tutorial\TutorialMapScript.cs,269,3460,,EnqueueAdd,script_entity_add_to_map,entity_or_position,trigger,,source_expression_tracked,runtime_entity_add_expression_tracked,trigger,Source/NexusForever.Script.*,runtime_entity_add_source_tracked,trigger,Source/NexusForever.Script.*,"owner.EnqueueAdd(trigger, new TutorialMapPosition",script_entity_add_to_map_pending_spawn_lifecycle_smoke,Source/NexusForever.Script.Main;Source/NexusForever.Script.Instance,pending,not_retail_complete,"Scripted runtime action is tracked from source, but retail completion needs exact trigger timing, target selection, payload/effect semantics, cleanup/replay behavior, and content smoke."
script_runtime_action,script_main,Source\NexusForever.Script.Main\Tutorial\TutorialMapScript.cs,462,3460,,EnqueueAdd,script_entity_add_to_map,entity_or_position,entity,,source_expression_tracked,runtime_entity_add_expression_tracked,entity,Source/NexusForever.Script.*,runtime_entity_add_source_tracked,entity,Source/NexusForever.Script.*,"owner.EnqueueAdd(entity, new TutorialMapPosition",script_entity_add_to_map_pending_spawn_lifecycle_smoke,Source/NexusForever.Script.Main;Source/NexusForever.Script.Instance,pending,not_retail_complete,"Scripted runtime action is tracked from source, but retail completion needs exact trigger timing, target selection, payload/effect semantics, cleanup/replay behavior, and content smoke."
script_runtime_action,script_instance,Source\NexusForever.Script.Instance\Dungeon\ColdbloodCitadel\ColdbloodCitadelEventScript.cs,162,907,,CreateEntity,script_entity_create,entity_type,IWorldLocationVolumeGridTriggerEntity,,generic_entity_type_tracked,runtime_entity_type_tracked,IWorldLocationVolumeGridTriggerEntity,Source/NexusForever.Script.*,runtime_entity_type_source_tracked,IWorldLocationVolumeGridTriggerEntity,Source/NexusForever.Script.*,IWorldLocationVolumeGridTriggerEntity triggerEntity = publicEvent.CreateEntity<IWorldLocationVolumeGridTriggerEntity>();,script_entity_create_pending_spawn_initialise_lifecycle_smoke,Source/NexusForever.Script.Main;Source/NexusForever.Script.Instance,pending,not_retail_complete,"Scripted runtime action is tracked from source, but retail completion needs exact trigger timing, target selection, payload/effect semantics, cleanup/replay behavior, and content smoke."
script_runtime_action,script_instance,Source\NexusForever.Script.Instance\Dungeon\ColdbloodCitadel\ColdbloodCitadelEventScript.cs,194,907,,CreateEntity,script_entity_create,entity_type,INonPlayerEntity,,generic_entity_type_tracked,runtime_entity_type_tracked,INonPlayerEntity,Source/NexusForever.Script.*,runtime_entity_type_source_tracked,INonPlayerEntity,Source/NexusForever.Script.*,INonPlayerEntity hailstone = publicEvent.CreateEntity<INonPlayerEntity>();,script_entity_create_pending_spawn_initialise_lifecycle_smoke,Source/NexusForever.Script.Main;Source/NexusForever.Script.Instance,pending,not_retail_complete,"Scripted runtime action is tracked from source, but retail completion needs exact trigger timing, target selection, payload/effect semantics, cleanup/replay behavior, and content smoke."
script_runtime_action,script_instance,Source\NexusForever.Script.Instance\Dungeon\ColdbloodCitadel\ColdbloodCitadelEventScript.cs,241,907,,CreateEntity,script_entity_create,entity_type,ISimpleEntity,,generic_entity_type_tracked,runtime_entity_type_tracked,ISimpleEntity,Source/NexusForever.Script.*,runtime_entity_type_source_tracked,ISimpleEntity,Source/NexusForever.Script.*,ISimpleEntity gatherRing = publicEvent.CreateEntity<ISimpleEntity>();,script_entity_create_pending_spawn_initialise_lifecycle_smoke,Source/NexusForever.Script.Main;Source/NexusForever.Script.Instance,pending,not_retail_complete,"Scripted runtime action is tracked from source, but retail completion needs exact trigger timing, target selection, payload/effect semantics, cleanup/replay behavior, and content smoke."
script_runtime_action,script_instance,Source\NexusForever.Script.Instance\Dungeon\ColdbloodCitadel\ColdbloodCitadelEventScript.cs,296,907,,CreateEntity,script_entity_create,entity_type,IDoorEntity,,generic_entity_type_tracked,runtime_entity_type_tracked,IDoorEntity,Source/NexusForever.Script.*,runtime_entity_type_source_tracked,IDoorEntity,Source/NexusForever.Script.*,IDoorEntity coldbloodGate = publicEvent.CreateEntity<IDoorEntity>();,script_entity_create_pending_spawn_initialise_lifecycle_smoke,Source/NexusForever.Script.Main;Source/NexusForever.Script.Instance,pending,not_retail_complete,"Scripted runtime action is tracked from source, but retail completion needs exact trigger timing, target selection, payload/effect semantics, cleanup/replay behavior, and content smoke."
script_runtime_action,script_instance,Source\NexusForever.Script.Instance\Dungeon\ProtogamesAcademy\ProtogamesAcademyEventScript.cs,285,667,,CreateEntity,script_entity_create,entity_type,IWorldLocationVolumeGridTriggerEntity,,generic_entity_type_tracked,runtime_entity_type_tracked,IWorldLocationVolumeGridTriggerEntity,Source/NexusForever.Script.*,runtime_entity_type_source_tracked,IWorldLocationVolumeGridTriggerEntity,Source/NexusForever.Script.*,IWorldLocationVolumeGridTriggerEntity triggerEntity = publicEvent.CreateEntity<IWorldLocationVolumeGridTriggerEntity>();,script_entity_create_pending_spawn_initialise_lifecycle_smoke,Source/NexusForever.Script.Main;Source/NexusForever.Script.Instance,pending,not_retail_complete,"Scripted runtime action is tracked from source, but retail completion needs exact trigger timing, target selection, payload/effect semantics, cleanup/replay behavior, and content smoke."
script_runtime_action,script_instance,Source\NexusForever.Script.Instance\Dungeon\ProtogamesAcademy\ProtogamesAcademyEventScript.cs,378,667,,CreateEntity,script_entity_create,entity_type,INonPlayerEntity,,generic_entity_type_tracked,runtime_entity_type_tracked,INonPlayerEntity,Source/NexusForever.Script.*,runtime_entity_type_source_tracked,INonPlayerEntity,Source/NexusForever.Script.*,INonPlayerEntity entity = publicEvent.CreateEntity<INonPlayerEntity>();,script_entity_create_pending_spawn_initialise_lifecycle_smoke,Source/NexusForever.Script.Main;Source/NexusForever.Script.Instance,pending,not_retail_complete,"Scripted runtime action is tracked from source, but retail completion needs exact trigger timing, target selection, payload/effect semantics, cleanup/replay behavior, and content smoke."
script_runtime_action,script_instance,Source\NexusForever.Script.Instance\Dungeon\RuinsOfKelVoreth\RuinsOfKelVorethEventScript.cs,152,161,,CreateEntity,script_entity_create,entity_type,INonPlayerEntity,,generic_entity_type_tracked,runtime_entity_type_tracked,INonPlayerEntity,Source/NexusForever.Script.*,runtime_entity_type_source_tracked,INonPlayerEntity,Source/NexusForever.Script.*,INonPlayerEntity entity = publicEvent.CreateEntity<INonPlayerEntity>();,runtime_kel_voreth_boss_spawn_create_action_tested,wildstar_client_mysql/PublicEventObjective.tbl.sql;wildstar_client_mysql/Creature2.tbl.sql;Source/NexusForever.Script.Instance/Dungeon/RuinsOfKelVoreth/RuinsOfKelVorethEventScript.cs;Source/NexusForever.Game.Tests/Instances/RuinsOfKelVorethEventScriptTests.cs,automated_focus_pass,not_retail_complete,"Ruins of Kel Voreth reviewed boss spawn create action is covered by focused tests proving the spawn model and map-add path for mapped boss phases. Exact boss mechanics, rewards, achievements, and client smoke remain tracked by producer, dependency, and parent instance rows."
script_runtime_action,script_instance,Source\NexusForever.Script.Instance\Dungeon\SanctuaryOfTheSwordmaiden\SanctuaryOfTheSwordmaidenEventScript.cs,188,166,,CreateEntity,script_entity_create,entity_type,INonPlayerEntity,,generic_entity_type_tracked,runtime_entity_type_tracked,INonPlayerEntity,Source/NexusForever.Script.*,runtime_entity_type_source_tracked,INonPlayerEntity,Source/NexusForever.Script.*,INonPlayerEntity flameCrazedDemon = publicEvent.CreateEntity<INonPlayerEntity>();,runtime_swordmaiden_flame_crazed_demon_create_action_tested,wildstar_client_mysql/PublicEventObjective.tbl.sql;wildstar_client_mysql/Creature2.tbl.sql;Source/NexusForever.Script.Instance/Dungeon/SanctuaryOfTheSwordmaiden/SanctuaryOfTheSwordmaidenEventScript.cs;Source/NexusForever.Game.Tests/Instances/SanctuaryOfTheSwordmaidenEventScriptTests.cs,automated_focus_pass,not_retail_complete,"Sanctuary of the Swordmaiden Flame-Crazed Demon create action is covered by focused tests proving the reviewed Creature2 29254 model, WIP entity id, public-event metadata, script binding, and map-add position. Exact boss mechanics, rewards, achievements, and client smoke remain tracked by producer, dependency, and parent instance rows."
script_runtime_action,script_instance,Source\NexusForever.Script.Instance\Dungeon\Skullcano\SkullcanoEventScript.cs,190,148,,CreateEntity,script_entity_create,entity_type,INonPlayerEntity,,generic_entity_type_tracked,runtime_entity_type_tracked,INonPlayerEntity,Source/NexusForever.Script.*,runtime_entity_type_source_tracked,INonPlayerEntity,Source/NexusForever.Script.*,INonPlayerEntity thunderfoot = publicEvent.CreateEntity<INonPlayerEntity>();,runtime_skullcano_thunderfoot_create_action_tested,wildstar_client_mysql/PublicEventObjective.tbl.sql;wildstar_client_mysql/Creature2.tbl.sql;Source/NexusForever.Script.Instance/Dungeon/Skullcano/SkullcanoEventScript.cs;Source/NexusForever.Game.Tests/Instances/SkullcanoEventScriptTests.cs,automated_focus_pass,not_retail_complete,"Skullcano Thunderfoot create action is covered by focused tests proving the reviewed opening boss spawn model and map-add position. Exact boss mechanics, rewards, achievements, and client smoke remain tracked by producer, dependency, and parent instance rows."
script_runtime_action,script_instance,Source\NexusForever.Script.Instance\Dungeon\Skullcano\SkullcanoEventScript.cs,214,148,,CreateEntity,script_entity_create,entity_type,INonPlayerEntity,,generic_entity_type_tracked,runtime_entity_type_tracked,INonPlayerEntity,Source/NexusForever.Script.*,runtime_entity_type_source_tracked,INonPlayerEntity,Source/NexusForever.Script.*,INonPlayerEntity tugga = publicEvent.CreateEntity<INonPlayerEntity>();,runtime_skullcano_stew_shaman_tugga_create_action_tested,wildstar_client_mysql/PublicEventObjective.tbl.sql;wildstar_client_mysql/Creature2.tbl.sql;Source/NexusForever.Script.Instance/Dungeon/Skullcano/SkullcanoEventScript.cs;Source/NexusForever.Game.Tests/Instances/SkullcanoEventScriptTests.cs,automated_focus_pass,not_retail_complete,"Skullcano Stew Shaman Tugga create action is covered by focused tests proving the reviewed opening boss spawn model and map-add position. Exact boss mechanics, rewards, achievements, and client smoke remain tracked by producer, dependency, and parent instance rows."
script_runtime_action,script_instance,Source\NexusForever.Script.Instance\Dungeon\StormtalonsLair\StormtalonsLairEventScript.cs,324,145,,CreateEntity,script_entity_create,entity_type,INonPlayerEntity,,generic_entity_type_tracked,runtime_entity_type_tracked,INonPlayerEntity,Source/NexusForever.Script.*,runtime_entity_type_source_tracked,INonPlayerEntity,Source/NexusForever.Script.*,INonPlayerEntity aethros = publicEvent.CreateEntity<INonPlayerEntity>();,runtime_stormtalon_aethros_create_action_tested,wildstar_client_mysql/PublicEventObjective.tbl.sql;wildstar_client_mysql/Creature2.tbl.sql;Source/NexusForever.Script.Instance/Dungeon/StormtalonsLair/StormtalonsLairEventScript.cs;Source/NexusForever.Game.Tests/Instances/StormtalonsLairEventScriptTests.cs,automated_focus_pass,not_retail_complete,"Stormtalon's Lair Aethros create action is covered by focused tests proving the reviewed model, script binding, and map-add position. Exact combat, route smoke, rewards, achievements, and client validation remain tracked by producer, dependency, and parent instance rows."
script_runtime_action,script_instance,Source\NexusForever.Script.Instance\Dungeon\StormtalonsLair\StormtalonsLairEventScript.cs,376,145,,CreateEntity,script_entity_create,entity_type,INonPlayerEntity,,generic_entity_type_tracked,runtime_entity_type_tracked,INonPlayerEntity,Source/NexusForever.Script.*,runtime_entity_type_source_tracked,INonPlayerEntity,Source/NexusForever.Script.*,INonPlayerEntity bladeWind = publicEvent.CreateEntity<INonPlayerEntity>();,runtime_stormtalon_blade_wind_create_action_tested,wildstar_client_mysql/PublicEventObjective.tbl.sql;wildstar_client_mysql/Creature2.tbl.sql;Source/NexusForever.Script.Instance/Dungeon/StormtalonsLair/StormtalonsLairEventScript.cs;Source/NexusForever.Game.Tests/Instances/StormtalonsLairEventScriptTests.cs,automated_focus_pass,not_retail_complete,"Stormtalon's Lair Blade-Wind create action is covered by focused tests proving the reviewed model, script binding, and map-add position. Exact combat, route smoke, rewards, achievements, and client validation remain tracked by producer, dependency, and parent instance rows."
script_runtime_action,script_instance,Source\NexusForever.Script.Instance\Dungeon\StormtalonsLair\StormtalonsLairEventScript.cs,431,145,,CreateEntity,script_entity_create,entity_type,ISimpleEntity,,generic_entity_type_tracked,runtime_entity_type_tracked,ISimpleEntity,Source/NexusForever.Script.*,runtime_entity_type_source_tracked,ISimpleEntity,Source/NexusForever.Script.*,ISimpleEntity stem = publicEvent.CreateEntity<ISimpleEntity>();,runtime_stormtalon_tainted_flower_stem_create_action_tested,wildstar_client_mysql/PublicEventObjective.tbl.sql;wildstar_client_mysql/Creature2.tbl.sql;Source/NexusForever.Script.Instance/Dungeon/StormtalonsLair/StormtalonsLairEventScript.cs;Source/NexusForever.Game.Tests/Instances/StormtalonsLairEventScriptTests.cs,automated_focus_pass,not_retail_complete,"Stormtalon's Lair tainted flower stem create action is covered by focused tests proving reviewed optional producer placements and duplicate guards. Optional route selection, interaction smoke, rewards, achievements, and client validation remain tracked by producer, dependency, and parent instance rows."
script_runtime_action,script_instance,Source\NexusForever.Script.Instance\Dungeon\StormtalonsLair\StormtalonsLairEventScript.cs,469,145,,CreateEntity,script_entity_create,entity_type,ISimpleEntity,,generic_entity_type_tracked,runtime_entity_type_tracked,ISimpleEntity,Source/NexusForever.Script.*,runtime_entity_type_source_tracked,ISimpleEntity,Source/NexusForever.Script.*,ISimpleEntity platform = publicEvent.CreateEntity<ISimpleEntity>();,runtime_stormtalon_construction_platform_create_action_tested,wildstar_client_mysql/PublicEventObjective.tbl.sql;wildstar_client_mysql/Creature2.tbl.sql;Source/NexusForever.Script.Instance/Dungeon/StormtalonsLair/StormtalonsLairEventScript.cs;Source/NexusForever.Game.Tests/Instances/StormtalonsLairEventScriptTests.cs,automated_focus_pass,not_retail_complete,"Stormtalon's Lair construction platform create action is covered by focused tests proving reviewed optional producer placements and duplicate guards. Optional route selection, interaction smoke, rewards, achievements, and client validation remain tracked by producer, dependency, and parent instance rows."
script_runtime_action,script_instance,Source\NexusForever.Script.Instance\Dungeon\StormtalonsLair\StormtalonsLairEventScript.cs,507,145,,CreateEntity,script_entity_create,entity_type,ISimpleEntity,,generic_entity_type_tracked,runtime_entity_type_tracked,ISimpleEntity,Source/NexusForever.Script.*,runtime_entity_type_source_tracked,ISimpleEntity,Source/NexusForever.Script.*,ISimpleEntity altar = publicEvent.CreateEntity<ISimpleEntity>();,runtime_stormtalon_data_altar_create_action_tested,wildstar_client_mysql/PublicEventObjective.tbl.sql;wildstar_client_mysql/Creature2.tbl.sql;Source/NexusForever.Script.Instance/Dungeon/StormtalonsLair/StormtalonsLairEventScript.cs;Source/NexusForever.Game.Tests/Instances/StormtalonsLairEventScriptTests.cs,automated_focus_pass,not_retail_complete,"Stormtalon's Lair Thundercall data altar create action is covered by focused tests proving reviewed optional producer placements and duplicate guards. Optional route selection, interaction smoke, rewards, achievements, and client validation remain tracked by producer, dependency, and parent instance rows."
script_runtime_action,script_instance,Source\NexusForever.Script.Instance\Dungeon\StormtalonsLair\StormtalonsLairEventScript.cs,545,145,,CreateEntity,script_entity_create,entity_type,INonPlayerEntity,,generic_entity_type_tracked,runtime_entity_type_tracked,INonPlayerEntity,Source/NexusForever.Script.*,runtime_entity_type_source_tracked,INonPlayerEntity,Source/NexusForever.Script.*,INonPlayerEntity totem = publicEvent.CreateEntity<INonPlayerEntity>();,runtime_stormtalon_storm_totem_create_action_tested,wildstar_client_mysql/PublicEventObjective.tbl.sql;wildstar_client_mysql/Creature2.tbl.sql;Source/NexusForever.Script.Instance/Dungeon/StormtalonsLair/StormtalonsLairEventScript.cs;Source/NexusForever.Game.Tests/Instances/StormtalonsLairEventScriptTests.cs,automated_focus_pass,not_retail_complete,"Stormtalon's Lair Thundercall storm totem create action is covered by focused tests proving reviewed optional producer placements, interrupt-armour model data, and duplicate guards. Optional route selection, combat smoke, rewards, achievements, and client validation remain tracked by producer, dependency, and parent instance rows."
script_runtime_action,script_instance,Source\NexusForever.Script.Instance\Dungeon\StormtalonsLair\StormtalonsLairEventScript.cs,591,145,,CreateEntity,script_entity_create,entity_type,ISimpleEntity,,generic_entity_type_tracked,runtime_entity_type_tracked,ISimpleEntity,Source/NexusForever.Script.*,runtime_entity_type_source_tracked,ISimpleEntity,Source/NexusForever.Script.*,ISimpleEntity launchPad = publicEvent.CreateEntity<ISimpleEntity>();,runtime_stormtalon_launch_pad_create_action_tested,wildstar_client_mysql/PublicEventObjective.tbl.sql;wildstar_client_mysql/Creature2.tbl.sql;Source/NexusForever.Script.Instance/Dungeon/StormtalonsLair/StormtalonsLairEventScript.cs;Source/NexusForever.Game.Tests/Instances/StormtalonsLairEventScriptTests.cs,automated_focus_pass,not_retail_complete,"Stormtalon's Lair launch pad create action is covered by focused tests proving reviewed optional producer placements and duplicate guards. Optional route selection, interaction smoke, rewards, achievements, and client validation remain tracked by producer, dependency, and parent instance rows."
script_runtime_action,script_instance,Source\NexusForever.Script.Instance\Dungeon\StormtalonsLair\StormtalonsLairEventScript.cs,629,145,,CreateEntity,script_entity_create,entity_type,ISimpleCollidableEntity,,generic_entity_type_tracked,runtime_entity_type_tracked,ISimpleCollidableEntity,Source/NexusForever.Script.*,runtime_entity_type_source_tracked,ISimpleCollidableEntity,Source/NexusForever.Script.*,ISimpleCollidableEntity cage = publicEvent.CreateEntity<ISimpleCollidableEntity>();,runtime_stormtalon_thundercall_cage_create_action_tested,wildstar_client_mysql/PublicEventObjective.tbl.sql;wildstar_client_mysql/Creature2.tbl.sql;Source/NexusForever.Script.Instance/Dungeon/StormtalonsLair/StormtalonsLairEventScript.cs;Source/NexusForever.Game.Tests/Instances/StormtalonsLairEventScriptTests.cs,automated_focus_pass,not_retail_complete,"Stormtalon's Lair Thundercall cage create action is covered by focused tests proving reviewed optional producer placements and duplicate guards. Optional route selection, interaction smoke, rewards, achievements, and client validation remain tracked by producer, dependency, and parent instance rows."
script_runtime_action,script_instance,Source\NexusForever.Script.Instance\Dungeon\StormtalonsLair\StormtalonsLairEventScript.cs,666,145,,CreateEntity,script_entity_create,entity_type,IWorldLocationVolumeGridTriggerEntity,,generic_entity_type_tracked,runtime_entity_type_tracked,IWorldLocationVolumeGridTriggerEntity,Source/NexusForever.Script.*,runtime_entity_type_source_tracked,IWorldLocationVolumeGridTriggerEntity,Source/NexusForever.Script.*,IWorldLocationVolumeGridTriggerEntity triggerEntity = publicEvent.CreateEntity<IWorldLocationVolumeGridTriggerEntity>();,runtime_stormtalon_high_priest_trigger_create_action_tested,wildstar_client_mysql/PublicEventObjective.tbl.sql;wildstar_client_mysql/WorldLocation2.tbl.sql;Source/NexusForever.Script.Instance/Dungeon/StormtalonsLair/StormtalonsLairEventScript.cs;Source/NexusForever.Game.Tests/Instances/StormtalonsLairEventScriptTests.cs,automated_focus_pass,not_retail_complete,"Stormtalon's Lair high-priest trigger create action is covered by focused tests proving the mapped world-location/object binding and map-add position. Exact route smoke and client validation remain tracked by producer, dependency, and parent instance rows."
script_runtime_action,script_instance,Source\NexusForever.Script.Instance\Dungeon\UltimateProtogames\UltimateProtogamesEventScript.cs,692,594,,CreateEntity,script_entity_create,entity_type,ISimpleEntity,,generic_entity_type_tracked,runtime_entity_type_tracked,ISimpleEntity,Source/NexusForever.Script.*,runtime_entity_type_source_tracked,ISimpleEntity,Source/NexusForever.Script.*,ISimpleEntity startButton = publicEvent.CreateEntity<ISimpleEntity>();,runtime_up_start_button_create_action_tested,wildstar_client_mysql/PublicEventObjective.tbl.sql;wildstar_client_mysql/Creature2.tbl.sql;Source/NexusForever.Script.Instance/Dungeon/UltimateProtogames/UltimateProtogamesEventScript.cs;Source/NexusForever.Game.Tests/Instances/UltimateProtogamesEventScriptTests.cs,automated_focus_pass,not_retail_complete,"Ultimate Protogames start-button create action is covered by focused tests proving the reviewed simple-entity model, script binding, duplicate guard, and map-add position. Route selection, encounter mechanics, rewards, achievements, and client smoke remain tracked by producer, dependency, and parent instance rows."
script_runtime_action,script_instance,Source\NexusForever.Script.Instance\Dungeon\UltimateProtogames\UltimateProtogamesEventScript.cs,732,594,,CreateEntity,script_entity_create,entity_type,INonPlayerEntity,,generic_entity_type_tracked,runtime_entity_type_tracked,INonPlayerEntity,Source/NexusForever.Script.*,runtime_entity_type_source_tracked,INonPlayerEntity,Source/NexusForever.Script.*,INonPlayerEntity bevORage = publicEvent.CreateEntity<INonPlayerEntity>();,runtime_up_bevorage_create_action_tested,wildstar_client_mysql/PublicEventObjective.tbl.sql;wildstar_client_mysql/Creature2.tbl.sql;Source/NexusForever.Script.Instance/Dungeon/UltimateProtogames/UltimateProtogamesEventScript.cs;Source/NexusForever.Game.Tests/Instances/UltimateProtogamesEventScriptTests.cs,automated_focus_pass,not_retail_complete,"Ultimate Protogames Bev-O-Rage create action is covered by focused tests proving the reviewed boss model, script binding, and map-add position. Boss mechanics, rewards, achievements, and client smoke remain tracked by producer, dependency, and parent instance rows."
script_runtime_action,script_instance,Source\NexusForever.Script.Instance\Dungeon\UltimateProtogames\UltimateProtogamesEventScript.cs,803,594,,CreateEntity,script_entity_create,entity_type,INonPlayerEntity,,generic_entity_type_tracked,runtime_entity_type_tracked,INonPlayerEntity,Source/NexusForever.Script.*,runtime_entity_type_source_tracked,INonPlayerEntity,Source/NexusForever.Script.*,INonPlayerEntity tank = publicEvent.CreateEntity<INonPlayerEntity>();,runtime_up_tank_room_create_action_tested,wildstar_client_mysql/PublicEventObjective.tbl.sql;wildstar_client_mysql/Creature2.tbl.sql;Source/NexusForever.Script.Instance/Dungeon/UltimateProtogames/UltimateProtogamesEventScript.cs;Source/NexusForever.Game.Tests/Instances/UltimateProtogamesEventScriptTests.cs,automated_focus_pass,not_retail_complete,"Ultimate Protogames tank-room create action is covered by focused tests proving reviewed tank spawn models, script binding, duplicate guard, and map-add positions. Room mechanics, rewards, achievements, and client smoke remain tracked by producer, dependency, and parent instance rows."
script_runtime_action,script_instance,Source\NexusForever.Script.Instance\Dungeon\UltimateProtogames\UltimateProtogamesEventScript.cs,876,594,,CreateEntity,script_entity_create,entity_type,INonPlayerEntity,,generic_entity_type_tracked,runtime_entity_type_tracked,INonPlayerEntity,Source/NexusForever.Script.*,runtime_entity_type_source_tracked,INonPlayerEntity,Source/NexusForever.Script.*,INonPlayerEntity mammoth = publicEvent.CreateEntity<INonPlayerEntity>();,runtime_up_misplaced_mammoth_create_action_tested,wildstar_client_mysql/PublicEventObjective.tbl.sql;wildstar_client_mysql/Creature2.tbl.sql;Source/NexusForever.Script.Instance/Dungeon/UltimateProtogames/UltimateProtogamesEventScript.cs;Source/NexusForever.Game.Tests/Instances/UltimateProtogamesEventScriptTests.cs,automated_focus_pass,not_retail_complete,"Ultimate Protogames Misplaced Mammoth create action is covered by focused tests proving the reviewed model, script binding, duplicate guard, and map-add position. Timed room mechanics, rewards, achievements, and client smoke remain tracked by producer, dependency, and parent instance rows."
script_runtime_action,script_instance,Source\NexusForever.Script.Instance\Dungeon\UltimateProtogames\UltimateProtogamesEventScript.cs,885,594,,CreateEntity,script_entity_create,entity_type,INonPlayerEntity,,generic_entity_type_tracked,runtime_entity_type_tracked,INonPlayerEntity,Source/NexusForever.Script.*,runtime_entity_type_source_tracked,INonPlayerEntity,Source/NexusForever.Script.*,INonPlayerEntity mondo = publicEvent.CreateEntity<INonPlayerEntity>();,runtime_up_mondos_monstrosity_create_action_tested,wildstar_client_mysql/PublicEventObjective.tbl.sql;wildstar_client_mysql/Creature2.tbl.sql;Source/NexusForever.Script.Instance/Dungeon/UltimateProtogames/UltimateProtogamesEventScript.cs;Source/NexusForever.Game.Tests/Instances/UltimateProtogamesEventScriptTests.cs,automated_focus_pass,not_retail_complete,"Ultimate Protogames Mondo's Monstrosity create action is covered by focused tests proving the reviewed model, script binding, duplicate guard, and map-add position. Timed room mechanics, rewards, achievements, and client smoke remain tracked by producer, dependency, and parent instance rows."
script_runtime_action,script_instance,Source\NexusForever.Script.Instance\Dungeon\UltimateProtogames\UltimateProtogamesEventScript.cs,894,594,,CreateEntity,script_entity_create,entity_type,INonPlayerEntity,,generic_entity_type_tracked,runtime_entity_type_tracked,INonPlayerEntity,Source/NexusForever.Script.*,runtime_entity_type_source_tracked,INonPlayerEntity,Source/NexusForever.Script.*,INonPlayerEntity crate = publicEvent.CreateEntity<INonPlayerEntity>();,runtime_up_mondos_crate_create_action_tested,wildstar_client_mysql/PublicEventObjective.tbl.sql;wildstar_client_mysql/Creature2.tbl.sql;Source/NexusForever.Script.Instance/Dungeon/UltimateProtogames/UltimateProtogamesEventScript.cs;Source/NexusForever.Game.Tests/Instances/UltimateProtogamesEventScriptTests.cs,automated_focus_pass,not_retail_complete,"Ultimate Protogames Mondo's Crate create action is covered by focused tests proving the reviewed model, script binding, duplicate guard, and map-add position. Timed room mechanics, rewards, achievements, and client smoke remain tracked by producer, dependency, and parent instance rows."
script_runtime_action,script_instance,Source\NexusForever.Script.Instance\Dungeon\UltimateProtogames\UltimateProtogamesEventScript.cs,1071,594,,CreateEntity,script_entity_create,entity_type,INonPlayerEntity,,generic_entity_type_tracked,runtime_entity_type_tracked,INonPlayerEntity,Source/NexusForever.Script.*,runtime_entity_type_source_tracked,INonPlayerEntity,Source/NexusForever.Script.*,INonPlayerEntity ruffles = publicEvent.CreateEntity<INonPlayerEntity>();,runtime_up_ruffles_create_action_tested,wildstar_client_mysql/PublicEventObjective.tbl.sql;wildstar_client_mysql/Creature2.tbl.sql;Source/NexusForever.Script.Instance/Dungeon/UltimateProtogames/UltimateProtogamesEventScript.cs;Source/NexusForever.Game.Tests/Instances/UltimateProtogamesEventScriptTests.cs,automated_focus_pass,not_retail_complete,"Ultimate Protogames Ruffles create action is covered by focused tests proving the reviewed model, script binding, duplicate guard, and map-add position. Hunt mechanics, rewards, achievements, and client smoke remain tracked by producer, dependency, and parent instance rows."
script_runtime_action,script_instance,Source\NexusForever.Script.Instance\Dungeon\UltimateProtogames\UltimateProtogamesEventScript.cs,1149,594,,CreateEntity,script_entity_create,entity_type,INonPlayerEntity,,generic_entity_type_tracked,runtime_entity_type_tracked,INonPlayerEntity,Source/NexusForever.Script.*,runtime_entity_type_source_tracked,INonPlayerEntity,Source/NexusForever.Script.*,INonPlayerEntity gildedFowl = publicEvent.CreateEntity<INonPlayerEntity>();,runtime_up_gilded_fowl_create_action_tested,wildstar_client_mysql/PublicEventObjective.tbl.sql;wildstar_client_mysql/Creature2.tbl.sql;Source/NexusForever.Script.Instance/Dungeon/UltimateProtogames/UltimateProtogamesEventScript.cs;Source/NexusForever.Game.Tests/Instances/UltimateProtogamesEventScriptTests.cs,automated_focus_pass,not_retail_complete,"Ultimate Protogames Gilded Fowl create action is covered by focused tests proving the reviewed model, script binding, duplicate guard, and map-add position. Power Plunge scoring, rewards, achievements, and client smoke remain tracked by producer, dependency, and parent instance rows."
script_runtime_action,script_instance,Source\NexusForever.Script.Instance\Dungeon\UltimateProtogames\UltimateProtogamesEventScript.cs,1230,594,,CreateEntity,script_entity_create,entity_type,INonPlayerEntity,,generic_entity_type_tracked,runtime_entity_type_tracked,INonPlayerEntity,Source/NexusForever.Script.*,runtime_entity_type_source_tracked,INonPlayerEntity,Source/NexusForever.Script.*,INonPlayerEntity hutHut = publicEvent.CreateEntity<INonPlayerEntity>();,runtime_up_hut_hut_create_action_tested,wildstar_client_mysql/PublicEventObjective.tbl.sql;wildstar_client_mysql/Creature2.tbl.sql;Source/NexusForever.Script.Instance/Dungeon/UltimateProtogames/UltimateProtogamesEventScript.cs;Source/NexusForever.Game.Tests/Instances/UltimateProtogamesEventScriptTests.cs,automated_focus_pass,not_retail_complete,"Ultimate Protogames Hut-Hut create action is covered by focused tests proving the reviewed boss model, script binding, duplicate guard, and map-add position. Boss mechanics, rewards, achievements, and client smoke remain tracked by producer, dependency, and parent instance rows."
script_runtime_action,script_instance,Source\NexusForever.Script.Instance\Dungeon\UltimateProtogames\UltimateProtogamesEventScript.cs,1316,594,,CreateEntity,script_entity_create,entity_type,ISimpleEntity,,generic_entity_type_tracked,runtime_entity_type_tracked,ISimpleEntity,Source/NexusForever.Script.*,runtime_entity_type_source_tracked,ISimpleEntity,Source/NexusForever.Script.*,ISimpleEntity console = publicEvent.CreateEntity<ISimpleEntity>();,runtime_up_prototentiary_console_create_action_tested,wildstar_client_mysql/PublicEventObjective.tbl.sql;wildstar_client_mysql/Creature2.tbl.sql;Source/NexusForever.Script.Instance/Dungeon/UltimateProtogames/UltimateProtogamesEventScript.cs;Source/NexusForever.Game.Tests/Instances/UltimateProtogamesEventScriptTests.cs,automated_focus_pass,not_retail_complete,"Ultimate Protogames Prototentiary console create action is covered by focused tests proving reviewed console models, script binding, duplicate guard, and map-add positions. Stealth/no-alarm semantics, rewards, achievements, and client smoke remain tracked by producer, dependency, and parent instance rows."
script_runtime_action,script_instance,Source\NexusForever.Script.Instance\Dungeon\UltimateProtogames\UltimateProtogamesEventScript.cs,1325,594,,CreateEntity,script_entity_create,entity_type,INonPlayerEntity,,generic_entity_type_tracked,runtime_entity_type_tracked,INonPlayerEntity,Source/NexusForever.Script.*,runtime_entity_type_source_tracked,INonPlayerEntity,Source/NexusForever.Script.*,INonPlayerEntity deputy = publicEvent.CreateEntity<INonPlayerEntity>();,runtime_up_prototentiary_deputy_create_action_tested,wildstar_client_mysql/PublicEventObjective.tbl.sql;wildstar_client_mysql/Creature2.tbl.sql;Source/NexusForever.Script.Instance/Dungeon/UltimateProtogames/UltimateProtogamesEventScript.cs;Source/NexusForever.Game.Tests/Instances/UltimateProtogamesEventScriptTests.cs,automated_focus_pass,not_retail_complete,"Ultimate Protogames Prototentiary Deputy create action is covered by focused tests proving the reviewed model, script binding, duplicate guard, and map-add position. Patrol/choreography, rewards, achievements, and client smoke remain tracked by producer, dependency, and parent instance rows."
script_runtime_action,script_instance,Source\NexusForever.Script.Instance\Dungeon\UltimateProtogames\UltimateProtogamesEventScript.cs,1332,594,,CreateEntity,script_entity_create,entity_type,INonPlayerEntity,,generic_entity_type_tracked,runtime_entity_type_tracked,INonPlayerEntity,Source/NexusForever.Script.*,runtime_entity_type_source_tracked,INonPlayerEntity,Source/NexusForever.Script.*,INonPlayerEntity warden = publicEvent.CreateEntity<INonPlayerEntity>();,runtime_up_prototentiary_warden_create_action_tested,wildstar_client_mysql/PublicEventObjective.tbl.sql;wildstar_client_mysql/Creature2.tbl.sql;Source/NexusForever.Script.Instance/Dungeon/UltimateProtogames/UltimateProtogamesEventScript.cs;Source/NexusForever.Game.Tests/Instances/UltimateProtogamesEventScriptTests.cs,automated_focus_pass,not_retail_complete,"Ultimate Protogames Prototentiary Warden create action is covered by focused tests proving the reviewed model, script binding, duplicate guard, and map-add position. Combat, stealth/no-alarm semantics, rewards, achievements, and client smoke remain tracked by producer, dependency, and parent instance rows."
script_runtime_action,script_instance,Source\NexusForever.Script.Instance\EventInstance\ShadesEve\ShadesEveMainEventScript.cs,148,597,,CreateEntity,script_entity_create,entity_type,ISimpleEntity,,generic_entity_type_tracked,runtime_entity_type_tracked,ISimpleEntity,Source/NexusForever.Script.*,runtime_entity_type_source_tracked,ISimpleEntity,Source/NexusForever.Script.*,ISimpleEntity entity = publicEvent.CreateEntity<ISimpleEntity>();,script_entity_create_pending_spawn_initialise_lifecycle_smoke,Source/NexusForever.Script.Main;Source/NexusForever.Script.Instance,pending,not_retail_complete,"Scripted runtime action is tracked from source, but retail completion needs exact trigger timing, target selection, payload/effect semantics, cleanup/replay behavior, and content smoke."
script_runtime_action,script_instance,Source\NexusForever.Script.Instance\EventInstance\ShadesEve\ShadesEveMainEventScript.cs,188,597,,CreateEntity,script_entity_create,entity_type,INonPlayerEntity,,generic_entity_type_tracked,runtime_entity_type_tracked,INonPlayerEntity,Source/NexusForever.Script.*,runtime_entity_type_source_tracked,INonPlayerEntity,Source/NexusForever.Script.*,INonPlayerEntity entity = publicEvent.CreateEntity<INonPlayerEntity>();,script_entity_create_pending_spawn_initialise_lifecycle_smoke,Source/NexusForever.Script.Main;Source/NexusForever.Script.Instance,pending,not_retail_complete,"Scripted runtime action is tracked from source, but retail completion needs exact trigger timing, target selection, payload/effect semantics, cleanup/replay behavior, and content smoke."
script_runtime_action,script_instance,Source\NexusForever.Script.Instance\Expedition\EvilFromTheEther\EvilFromTheEtherEventScript.cs,313,781,,CreateEntity,script_entity_create,entity_type,IWorldLocationVolumeGridTriggerEntity,,generic_entity_type_tracked,runtime_entity_type_tracked,IWorldLocationVolumeGridTriggerEntity,Source/NexusForever.Script.*,runtime_entity_type_source_tracked,IWorldLocationVolumeGridTriggerEntity,Source/NexusForever.Script.*,var triggerEntity = publicEvent.CreateEntity<IWorldLocationVolumeGridTriggerEntity>();,runtime_evil_ether_airlock_gather_trigger_create_action_tested,wildstar_client_mysql/PublicEventObjective.tbl.sql;wildstar_client_mysql/WorldLocation2.tbl.sql;Source/NexusForever.Script.Instance/Expedition/EvilFromTheEther/EvilFromTheEtherEventScript.cs;Source/NexusForever.Game.Tests/PublicEvents/EvilFromTheEtherEventScriptTests.cs,automated_focus_pass,not_retail_complete,"Evil from the Ether airlock gather-trigger creation is covered by focused tests proving the world-location/object binding and map-add position. Exact route timing, replay cleanup, rewards, achievements, and client smoke remain tracked by producer, dependency, and parent instance rows."
script_runtime_action,script_instance,Source\NexusForever.Script.Instance\Expedition\EvilFromTheEther\EvilFromTheEtherEventScript.cs,419,781,,CreateEntity,script_entity_create,entity_type,ITurnstileGridTriggerEntity,,generic_entity_type_tracked,runtime_entity_type_tracked,ITurnstileGridTriggerEntity,Source/NexusForever.Script.*,runtime_entity_type_source_tracked,ITurnstileGridTriggerEntity,Source/NexusForever.Script.*,var triggerEntity = publicEvent.CreateEntity<ITurnstileGridTriggerEntity>();,runtime_evil_ether_find_teleporter_turnstile_create_action_tested,wildstar_client_mysql/PublicEventObjective.tbl.sql;Source/NexusForever.Script.Instance/Expedition/EvilFromTheEther/EvilFromTheEtherEventScript.cs;Source/NexusForever.Game.Tests/PublicEvents/EvilFromTheEtherEventScriptTests.cs,automated_focus_pass,not_retail_complete,"Evil from the Ether FindTeleporter turnstile creation is covered by focused tests proving trigger id, range, objective object id, and map-add position. Exact route timing, replay cleanup, rewards, achievements, and client smoke remain tracked by producer, dependency, and parent instance rows."
script_runtime_action,script_instance,Source\NexusForever.Script.Instance\Expedition\EvilFromTheEther\EvilFromTheEtherEventScript.cs,437,781,,CreateEntity,script_entity_create,entity_type,IWorldLocationVolumeGridTriggerEntity,,generic_entity_type_tracked,runtime_entity_type_tracked,IWorldLocationVolumeGridTriggerEntity,Source/NexusForever.Script.*,runtime_entity_type_source_tracked,IWorldLocationVolumeGridTriggerEntity,Source/NexusForever.Script.*,var triggerEntity = publicEvent.CreateEntity<IWorldLocationVolumeGridTriggerEntity>();,runtime_evil_ether_teleporter_gather_trigger_create_action_tested,wildstar_client_mysql/PublicEventObjective.tbl.sql;wildstar_client_mysql/WorldLocation2.tbl.sql;Source/NexusForever.Script.Instance/Expedition/EvilFromTheEther/EvilFromTheEtherEventScript.cs;Source/NexusForever.Game.Tests/PublicEvents/EvilFromTheEtherEventScriptTests.cs,automated_focus_pass,not_retail_complete,"Evil from the Ether teleporter gather-trigger creation is covered by focused tests proving the mapped world-location/object binding and map-add position. Exact route timing, replay cleanup, rewards, achievements, and client smoke remain tracked by producer, dependency, and parent instance rows."
script_runtime_action,script_instance,Source\NexusForever.Script.Instance\Expedition\EvilFromTheEther\EvilFromTheEtherEventScript.cs,446,781,,CreateEntity,script_entity_create,entity_type,IGridTriggerEntity,,generic_entity_type_tracked,runtime_entity_type_tracked,IGridTriggerEntity,Source/NexusForever.Script.*,runtime_entity_type_source_tracked,IGridTriggerEntity,Source/NexusForever.Script.*,var triggerEntity = publicEvent.CreateEntity<IGridTriggerEntity>();,runtime_evil_ether_upper_deck_trigger_create_action_tested,wildstar_client_mysql/PublicEventObjective.tbl.sql;Source/NexusForever.Script.Instance/Expedition/EvilFromTheEther/EvilFromTheEtherEventScript.cs;Source/NexusForever.Game.Tests/PublicEvents/EvilFromTheEtherEventScriptTests.cs;Source/NexusForever.Game.Tests/PublicEvents/EvilFromTheEtherTriggerScriptTests.cs,automated_focus_pass,not_retail_complete,"Evil from the Ether upper-deck trigger creation is covered by focused tests proving trigger id, range, participant max, and map-add position, with trigger-script tests covering per-player objective credit. Exact route timing, replay cleanup, rewards, achievements, and client smoke remain tracked by producer, dependency, and parent instance rows."
script_runtime_action,script_instance,Source\NexusForever.Script.Instance\Expedition\EvilFromTheEther\EvilFromTheEtherEventScript.cs,461,781,,CreateEntity,script_entity_create,entity_type,IWorldLocationVolumeGridTriggerEntity,,generic_entity_type_tracked,runtime_entity_type_tracked,IWorldLocationVolumeGridTriggerEntity,Source/NexusForever.Script.*,runtime_entity_type_source_tracked,IWorldLocationVolumeGridTriggerEntity,Source/NexusForever.Script.*,var triggerEntity = publicEvent.CreateEntity<IWorldLocationVolumeGridTriggerEntity>();,runtime_evil_ether_bridge_access_gather_trigger_create_action_tested,wildstar_client_mysql/PublicEventObjective.tbl.sql;wildstar_client_mysql/WorldLocation2.tbl.sql;Source/NexusForever.Script.Instance/Expedition/EvilFromTheEther/EvilFromTheEtherEventScript.cs;Source/NexusForever.Game.Tests/PublicEvents/EvilFromTheEtherEventScriptTests.cs,automated_focus_pass,not_retail_complete,"Evil from the Ether bridge-access gather-trigger creation is covered by focused tests proving the world-location/object binding, participant max, door open, and map-add position. Exact route timing, replay cleanup, rewards, achievements, and client smoke remain tracked by producer, dependency, and parent instance rows."
script_runtime_action,script_instance,Source\NexusForever.Script.Instance\Expedition\EvilFromTheEther\EvilFromTheEtherEventScript.cs,484,781,,CreateEntity,script_entity_create,entity_type,IWorldLocationVolumeGridTriggerEntity,,generic_entity_type_tracked,runtime_entity_type_tracked,IWorldLocationVolumeGridTriggerEntity,Source/NexusForever.Script.*,runtime_entity_type_source_tracked,IWorldLocationVolumeGridTriggerEntity,Source/NexusForever.Script.*,var triggerEntity = publicEvent.CreateEntity<IWorldLocationVolumeGridTriggerEntity>();,runtime_evil_ether_shades_bridge_gather_trigger_create_action_tested,wildstar_client_mysql/PublicEventObjective.tbl.sql;wildstar_client_mysql/WorldLocation2.tbl.sql;Source/NexusForever.Script.Instance/Expedition/EvilFromTheEther/EvilFromTheEtherEventScript.cs;Source/NexusForever.Game.Tests/PublicEvents/EvilFromTheEtherEventScriptTests.cs,automated_focus_pass,not_retail_complete,"Evil from the Ether Shades Bridge gather-trigger creation is covered by focused tests proving the world-location/object binding, participant max, door opens, and map-add position. Exact route timing, replay cleanup, rewards, achievements, and client smoke remain tracked by producer, dependency, and parent instance rows."
script_runtime_action,script_instance,Source\NexusForever.Script.Instance\Expedition\EvilFromTheEther\EvilFromTheEtherEventScript.cs,532,781,,CreateEntity,script_entity_create,entity_type,IGridTriggerEntity,,generic_entity_type_tracked,runtime_entity_type_tracked,IGridTriggerEntity,Source/NexusForever.Script.*,runtime_entity_type_source_tracked,IGridTriggerEntity,Source/NexusForever.Script.*,var triggerEntity = publicEvent.CreateEntity<IGridTriggerEntity>();,runtime_evil_ether_escape_teleporter_trigger_create_action_tested,wildstar_client_mysql/PublicEventObjective.tbl.sql;Source/NexusForever.Script.Instance/Expedition/EvilFromTheEther/EvilFromTheEtherEventScript.cs;Source/NexusForever.Game.Tests/PublicEvents/EvilFromTheEtherEventScriptTests.cs;Source/NexusForever.Game.Tests/PublicEvents/EvilFromTheEtherTriggerScriptTests.cs,automated_focus_pass,not_retail_complete,"Evil from the Ether escape-teleporter trigger creation is covered by focused tests proving trigger id, range, and map-add position, with trigger-script tests covering per-player objective credit. Exact route timing, replay cleanup, rewards, achievements, and client smoke remain tracked by producer, dependency, and parent instance rows."
script_runtime_action,script_instance,Source\NexusForever.Script.Instance\Expedition\EvilFromTheEther\EvilFromTheEtherEventScript.cs,551,781,,CreateEntity,script_entity_create,entity_type,INonPlayerEntity,,generic_entity_type_tracked,runtime_entity_type_tracked,INonPlayerEntity,Source/NexusForever.Script.*,runtime_entity_type_source_tracked,INonPlayerEntity,Source/NexusForever.Script.*,INonPlayerEntity entity = publicEvent.CreateEntity<INonPlayerEntity>();,runtime_evil_ether_drive_spark_create_action_tested,wildstar_client_mysql/PublicEventObjective.tbl.sql;wildstar_client_mysql/Creature2.tbl.sql;Source/NexusForever.Script.Instance/Expedition/EvilFromTheEther/EvilFromTheEtherEventScript.cs;Source/NexusForever.Game.Tests/PublicEvents/EvilFromTheEtherEventScriptTests.cs,automated_focus_pass,not_retail_complete,"Evil from the Ether drive-spark create action is covered by focused tests proving reviewed NPC models, public-event metadata, duplicate guard, and map-add positions. Exact diagnostics visuals, rewards, achievements, and client smoke remain tracked by producer, dependency, and parent instance rows."
script_runtime_action,script_instance,Source\NexusForever.Script.Instance\Expedition\FragmentZero\FragmentZeroEventScript.cs,215,680,,CreateEntity,script_entity_create,entity_type,ITurnstileGridTriggerEntity,,generic_entity_type_tracked,runtime_entity_type_tracked,ITurnstileGridTriggerEntity,Source/NexusForever.Script.*,runtime_entity_type_source_tracked,ITurnstileGridTriggerEntity,Source/NexusForever.Script.*,ITurnstileGridTriggerEntity triggerEntity = publicEvent.CreateEntity<ITurnstileGridTriggerEntity>();,runtime_fragment_zero_missing_crew_turnstile_trigger_create_action_tested,wildstar_client_mysql/PublicEventObjective.tbl.sql;Source/NexusForever.Script.Instance/Expedition/FragmentZero/FragmentZeroEventScript.cs;Source/NexusForever.Game.Tests/Instances/FragmentZeroEventScriptTests.cs,automated_focus_pass,not_retail_complete,"Fragment Zero SearchForMissingCrew turnstile trigger creation is covered by focused tests proving trigger id 4397, range 15, objective object id 4397, and map-add position. Exact retail trigger placement, route timing, replay cleanup, rewards, achievements, and expedition client smoke remain tracked by producer, dependency, and parent instance rows."
script_runtime_action,script_instance,Source\NexusForever.Script.Instance\Expedition\FragmentZero\FragmentZeroEventScript.cs,225,680,,CreateEntity,script_entity_create,entity_type,IWorldLocationVolumeGridTriggerEntity,,generic_entity_type_tracked,runtime_entity_type_tracked,IWorldLocationVolumeGridTriggerEntity,Source/NexusForever.Script.*,runtime_entity_type_source_tracked,IWorldLocationVolumeGridTriggerEntity,Source/NexusForever.Script.*,IWorldLocationVolumeGridTriggerEntity triggerEntity = publicEvent.CreateEntity<IWorldLocationVolumeGridTriggerEntity>();,runtime_fragment_zero_worldlocation_trigger_create_action_tested,wildstar_client_mysql/PublicEventObjective.tbl.sql;wildstar_client_mysql/WorldLocation2.tbl.sql;Source/NexusForever.Script.Instance/Expedition/FragmentZero/FragmentZeroEventScript.cs;Source/NexusForever.Game.Tests/Instances/FragmentZeroEventScriptTests.cs,automated_focus_pass,not_retail_complete,"Fragment Zero world-location trigger creation is covered by focused tests proving the branch world-location/object bindings and map-add positions for FollowTheFriendlySkeech, ReturnToTheAirlockOfTheLifeOverseersCreche, and ContinueTheSearchForTheMissingCrew. Exact retail trigger timing, route choreography, replay cleanup, rewards, achievements, and expedition client smoke remain tracked by producer, dependency, and parent instance rows."
script_runtime_action,script_instance,Source\NexusForever.Script.Instance\Expedition\FragmentZero\FragmentZeroEventScript.cs,236,680,,CreateEntity,script_entity_create,entity_type,IGridTriggerEntity,,generic_entity_type_tracked,runtime_entity_type_tracked,IGridTriggerEntity,Source/NexusForever.Script.*,runtime_entity_type_source_tracked,IGridTriggerEntity,Source/NexusForever.Script.*,IGridTriggerEntity triggerEntity = publicEvent.CreateEntity<IGridTriggerEntity>();,runtime_fragment_zero_search_grid_trigger_create_action_tested,wildstar_client_mysql/PublicEventObjective.tbl.sql;Source/NexusForever.Script.Instance/Expedition/FragmentZero/FragmentZeroEventScript.cs;Source/NexusForever.Script.Instance/Expedition/FragmentZero/Script/FragmentZeroSearchGridTriggerScripts.cs;Source/NexusForever.Game.Tests/Instances/FragmentZeroEventScriptTests.cs,automated_focus_pass,not_retail_complete,"Fragment Zero search grid-trigger creation is covered by focused tests proving object ids 7892/7919, one-unit trigger ranges, map-add positions, and trigger-script objective credit bindings for the Incubation Complex and Biomatics Chamber searches. Exact retail trigger timing, route choreography, replay cleanup, rewards, achievements, and expedition client smoke remain tracked by producer, dependency, and parent instance rows."
script_runtime_action,script_instance,Source\NexusForever.Script.Instance\Expedition\FragmentZero\FragmentZeroEventScript.cs,262,680,,CreateEntity,script_entity_create,entity_type,INonPlayerEntity,,generic_entity_type_tracked,runtime_entity_type_tracked,INonPlayerEntity,Source/NexusForever.Script.*,runtime_entity_type_source_tracked,INonPlayerEntity,Source/NexusForever.Script.*,INonPlayerEntity entity = publicEvent.CreateEntity<INonPlayerEntity>();,runtime_fragment_zero_supervisor_lola_create_action_tested,wildstar_client_mysql/PublicEventObjective.tbl.sql;wildstar_client_mysql/Creature2.tbl.sql;Source/NexusForever.Script.Instance/Expedition/FragmentZero/FragmentZeroEventScript.cs;Source/NexusForever.Game.Tests/Instances/FragmentZeroEventScriptTests.cs,automated_focus_pass,not_retail_complete,"Fragment Zero Supervisor Lola create action is covered by focused tests proving the reviewed Creature2 model, duplicate guard, and map-add position. WIP trigger/cinematic rows, route smoke, rewards, achievements, and client validation remain tracked by producer, dependency, and parent instance rows."
script_runtime_action,script_instance,Source\NexusForever.Script.Instance\Expedition\Gauntlet\GauntletEventScript.cs,145,446,,CreateEntity,script_entity_create,entity_type,IWorldLocationVolumeGridTriggerEntity,,generic_entity_type_tracked,runtime_entity_type_tracked,IWorldLocationVolumeGridTriggerEntity,Source/NexusForever.Script.*,runtime_entity_type_source_tracked,IWorldLocationVolumeGridTriggerEntity,Source/NexusForever.Script.*,IWorldLocationVolumeGridTriggerEntity triggerEntity = publicEvent.CreateEntity<IWorldLocationVolumeGridTriggerEntity>();,runtime_gauntlet_gather_worldlocation_trigger_create_action_tested,wildstar_client_mysql/PublicEventObjective.tbl.sql;wildstar_client_mysql/WorldLocation2.tbl.sql;Source/NexusForever.Script.Instance/Expedition/Gauntlet/GauntletEventScript.cs;Source/NexusForever.Game.Tests/Instances/GauntletEventScriptTests.cs,automated_focus_pass,not_retail_complete,"Gauntlet gather world-location trigger creation is covered by focused tests proving the GetIntoAirlock and GatherAtTheSwarmPit world-location/object bindings and map-add positions. Exact retail trigger timing, route choreography, replay cleanup, rewards, achievements, and expedition client smoke remain tracked by producer, dependency, and parent instance rows."
script_runtime_action,script_instance,Source\NexusForever.Script.Instance\Expedition\Gauntlet\GauntletEventScript.cs,176,446,,CreateEntity,script_entity_create,entity_type,INonPlayerEntity,,generic_entity_type_tracked,runtime_entity_type_tracked,INonPlayerEntity,Source/NexusForever.Script.*,runtime_entity_type_source_tracked,INonPlayerEntity,Source/NexusForever.Script.*,INonPlayerEntity pilotTaboro = publicEvent.CreateEntity<INonPlayerEntity>();,runtime_gauntlet_pilot_taboro_create_action_tested,wildstar_client_mysql/PublicEventObjective.tbl.sql;wildstar_client_mysql/Creature2.tbl.sql;Source/NexusForever.Script.Instance/Expedition/Gauntlet/GauntletEventScript.cs;Source/NexusForever.Game.Tests/Instances/GauntletEventScriptTests.cs,automated_focus_pass,not_retail_complete,"Gauntlet Pilot Taboro create action is covered by focused tests proving the reviewed Creature2 48580 model, instance entity placement, and map-add position. Dialog route smoke, rewards, achievements, and client validation remain tracked by producer, dependency, and parent instance rows."
script_runtime_action,script_instance,Source\NexusForever.Script.Instance\Expedition\Gauntlet\GauntletEventScript.cs,189,446,,CreateEntity,script_entity_create,entity_type,ISimpleEntity,,generic_entity_type_tracked,runtime_entity_type_tracked,ISimpleEntity,Source/NexusForever.Script.*,runtime_entity_type_source_tracked,ISimpleEntity,Source/NexusForever.Script.*,ISimpleEntity marker = publicEvent.CreateEntity<ISimpleEntity>();,runtime_gauntlet_airlock_marker_create_action_tested,wildstar_client_mysql/PublicEventObjective.tbl.sql;wildstar_client_mysql/Creature2.tbl.sql;Source/NexusForever.Script.Instance/Expedition/Gauntlet/GauntletEventScript.cs;Source/NexusForever.Game.Tests/Instances/GauntletEventScriptTests.cs,automated_focus_pass,not_retail_complete,"Gauntlet airlock gather marker create action is covered by focused tests proving the reviewed simple entity model, duplicate guard, and map-add position. Exact marker visibility/cleanup timing, route smoke, rewards, and achievements remain tracked by producer, dependency, and parent instance rows."
script_runtime_action,script_instance,Source\NexusForever.Script.Instance\Expedition\Infestation\InfestationEventScript.cs,195,95,,CreateEntity,script_entity_create,entity_type,ITurnstileGridTriggerEntity,,generic_entity_type_tracked,runtime_entity_type_tracked,ITurnstileGridTriggerEntity,Source/NexusForever.Script.*,runtime_entity_type_source_tracked,ITurnstileGridTriggerEntity,Source/NexusForever.Script.*,ITurnstileGridTriggerEntity triggerEntity = publicEvent.CreateEntity<ITurnstileGridTriggerEntity>();,script_entity_create_pending_spawn_initialise_lifecycle_smoke,Source/NexusForever.Script.Main;Source/NexusForever.Script.Instance,pending,not_retail_complete,"Scripted runtime action is tracked from source, but retail completion needs exact trigger timing, target selection, payload/effect semantics, cleanup/replay behavior, and content smoke."
script_runtime_action,script_instance,Source\NexusForever.Script.Instance\Expedition\Infestation\InfestationEventScript.cs,208,95,,CreateEntity,script_entity_create,entity_type,INonPlayerEntity,,generic_entity_type_tracked,runtime_entity_type_tracked,INonPlayerEntity,Source/NexusForever.Script.*,runtime_entity_type_source_tracked,INonPlayerEntity,Source/NexusForever.Script.*,INonPlayerEntity captainTolben = publicEvent.CreateEntity<INonPlayerEntity>();,script_entity_create_pending_spawn_initialise_lifecycle_smoke,Source/NexusForever.Script.Main;Source/NexusForever.Script.Instance,pending,not_retail_complete,"Scripted runtime action is tracked from source, but retail completion needs exact trigger timing, target selection, payload/effect semantics, cleanup/replay behavior, and content smoke."
script_runtime_action,script_instance,Source\NexusForever.Script.Instance\Expedition\Infestation\InfestationEventScript.cs,247,95,,CreateEntity,script_entity_create,entity_type,ISimpleEntity,,generic_entity_type_tracked,runtime_entity_type_tracked,ISimpleEntity,Source/NexusForever.Script.*,runtime_entity_type_source_tracked,ISimpleEntity,Source/NexusForever.Script.*,ISimpleEntity entity = publicEvent.CreateEntity<ISimpleEntity>();,script_entity_create_pending_spawn_initialise_lifecycle_smoke,Source/NexusForever.Script.Main;Source/NexusForever.Script.Instance,pending,not_retail_complete,"Scripted runtime action is tracked from source, but retail completion needs exact trigger timing, target selection, payload/effect semantics, cleanup/replay behavior, and content smoke."
script_runtime_action,script_instance,Source\NexusForever.Script.Instance\Expedition\Infestation\InfestationEventScript.cs,285,95,,CreateEntity,script_entity_create,entity_type,INonPlayerEntity,,generic_entity_type_tracked,runtime_entity_type_tracked,INonPlayerEntity,Source/NexusForever.Script.*,runtime_entity_type_source_tracked,INonPlayerEntity,Source/NexusForever.Script.*,INonPlayerEntity entity = publicEvent.CreateEntity<INonPlayerEntity>();,script_entity_create_pending_spawn_initialise_lifecycle_smoke,Source/NexusForever.Script.Main;Source/NexusForever.Script.Instance,pending,not_retail_complete,"Scripted runtime action is tracked from source, but retail completion needs exact trigger timing, target selection, payload/effect semantics, cleanup/replay behavior, and content smoke."
script_runtime_action,script_instance,Source\NexusForever.Script.Instance\Expedition\OutpostM13\OutpostM13EventScript.cs,156,108,,CreateEntity,script_entity_create,entity_type,INonPlayerEntity,,generic_entity_type_tracked,runtime_entity_type_tracked,INonPlayerEntity,Source/NexusForever.Script.*,runtime_entity_type_source_tracked,INonPlayerEntity,Source/NexusForever.Script.*,INonPlayerEntity entity = publicEvent.CreateEntity<INonPlayerEntity>();,script_entity_create_pending_spawn_initialise_lifecycle_smoke,Source/NexusForever.Script.Main;Source/NexusForever.Script.Instance,pending,not_retail_complete,"Scripted runtime action is tracked from source, but retail completion needs exact trigger timing, target selection, payload/effect semantics, cleanup/replay behavior, and content smoke."
script_runtime_action,script_instance,Source\NexusForever.Script.Instance\Expedition\SpaceMadness\SpaceMadnessEventScript.cs,528,390,,CreateEntity,script_entity_create,entity_type,IWorldLocationVolumeGridTriggerEntity,,generic_entity_type_tracked,runtime_entity_type_tracked,IWorldLocationVolumeGridTriggerEntity,Source/NexusForever.Script.*,runtime_entity_type_source_tracked,IWorldLocationVolumeGridTriggerEntity,Source/NexusForever.Script.*,IWorldLocationVolumeGridTriggerEntity triggerEntity = publicEvent.CreateEntity<IWorldLocationVolumeGridTriggerEntity>();,runtime_space_madness_gather_worldlocation_trigger_create_action_tested,wildstar_client_mysql/PublicEventObjective.tbl.sql;wildstar_client_mysql/WorldLocation2.tbl.sql;Source/NexusForever.Script.Instance/Expedition/SpaceMadness/SpaceMadnessEventScript.cs;Source/NexusForever.Game.Tests/Instances/SpaceMadnessEventScriptTests.cs,automated_focus_pass,not_retail_complete,"Space Madness gather world-location trigger creation is covered by focused tests proving EnterTheAirlock and EnterTheResearchLaboratory world-location/object bindings and map-add positions. Exact retail trigger timing, route choreography, replay cleanup, rewards, achievements, and expedition client smoke remain tracked by producer, dependency, and parent instance rows."
script_runtime_action,script_instance,Source\NexusForever.Script.Instance\Expedition\SpaceMadness\SpaceMadnessEventScript.cs,541,390,,CreateEntity,script_entity_create,entity_type,INonPlayerEntity,,generic_entity_type_tracked,runtime_entity_type_tracked,INonPlayerEntity,Source/NexusForever.Script.*,runtime_entity_type_source_tracked,INonPlayerEntity,Source/NexusForever.Script.*,INonPlayerEntity entity = publicEvent.CreateEntity<INonPlayerEntity>();,runtime_space_madness_talk_npc_create_action_tested,wildstar_client_mysql/PublicEventObjective.tbl.sql;wildstar_client_mysql/Creature2.tbl.sql;Source/NexusForever.Script.Instance/Expedition/SpaceMadness/SpaceMadnessEventScript.cs;Source/NexusForever.Game.Tests/Instances/SpaceMadnessEventScriptTests.cs,automated_focus_pass,not_retail_complete,"Space Madness reviewed talk-NPC create action is covered by focused tests proving Captain Tero and Major Lee Barmy spawn models, duplicate guards, and map-add positions. Exact route timing, rewards, achievements, and client smoke remain tracked by producer, dependency, and parent instance rows."
script_runtime_action,script_instance,Source\NexusForever.Script.Instance\Expedition\SpaceMadness\SpaceMadnessEventScript.cs,555,390,,CreateEntity,script_entity_create,entity_type,ISimpleEntity,,generic_entity_type_tracked,runtime_entity_type_tracked,ISimpleEntity,Source/NexusForever.Script.*,runtime_entity_type_source_tracked,ISimpleEntity,Source/NexusForever.Script.*,ISimpleEntity entity = publicEvent.CreateEntity<ISimpleEntity>();,runtime_space_madness_simple_placement_create_action_tested,wildstar_client_mysql/PublicEventObjective.tbl.sql;wildstar_client_mysql/Creature2.tbl.sql;Source/NexusForever.Script.Instance/Expedition/SpaceMadness/SpaceMadnessEventScript.cs;Source/NexusForever.Game.Tests/Instances/SpaceMadnessEventScriptTests.cs,automated_focus_pass,not_retail_complete,"Space Madness reviewed simple-placement create action is covered by focused tests proving observation deck, hazmat, Air Scrubber Controls, and engineering computer models, duplicate guards, and map-add paths. Exact coordinate/timing smoke, rewards, achievements, and client validation remain tracked by producer, dependency, and parent instance rows."
script_runtime_action,script_instance,Source\NexusForever.Script.Instance\Expedition\SpaceMadness\SpaceMadnessEventScript.cs,568,390,,CreateEntity,script_entity_create,entity_type,ISimpleEntity,,generic_entity_type_tracked,runtime_entity_type_tracked,ISimpleEntity,Source/NexusForever.Script.*,runtime_entity_type_source_tracked,ISimpleEntity,Source/NexusForever.Script.*,ISimpleEntity entity = publicEvent.CreateEntity<ISimpleEntity>();,runtime_space_madness_datapad_simple_placement_create_action_tested,wildstar_client_mysql/PublicEventObjective.tbl.sql;wildstar_client_mysql/Creature2.tbl.sql;Tools/DataMapping/output/creature_spawn_map.csv;Source/NexusForever.Script.Instance/Expedition/SpaceMadness/SpaceMadnessEventScript.cs;Source/NexusForever.Game.Tests/Instances/SpaceMadnessEventScriptTests.cs,automated_focus_pass,not_retail_complete,"Space Madness datapad simple-placement create action is covered by focused tests proving the eight nonzero reviewed Datapad 45993 spawn models, duplicate guards, and map-add paths. Exact datapad visual/despawn state, client checklist UI timing, rewards, achievements, and full expedition smoke remain tracked by producer, dependency, and parent instance rows."
script_runtime_action,script_instance,Source\NexusForever.Script.Instance\Expedition\SpaceMadness\SpaceMadnessEventScript.cs,583,390,,CreateEntity,script_entity_create,entity_type,INonPlayerEntity,,generic_entity_type_tracked,runtime_entity_type_tracked,INonPlayerEntity,Source/NexusForever.Script.*,runtime_entity_type_source_tracked,INonPlayerEntity,Source/NexusForever.Script.*,INonPlayerEntity entity = publicEvent.CreateEntity<INonPlayerEntity>();,runtime_space_madness_npc_placement_create_action_tested,wildstar_client_mysql/PublicEventObjective.tbl.sql;wildstar_client_mysql/Creature2.tbl.sql;Tools/DataMapping/output/creature_spawn_map.csv;Source/NexusForever.Script.Instance/Expedition/SpaceMadness/SpaceMadnessEventScript.cs;Source/NexusForever.Game.Tests/Instances/SpaceMadnessEventScriptTests.cs,automated_focus_pass,not_retail_complete,"Space Madness reviewed NPC placement create action is covered by focused tests proving panicked-worker nightmare, representative escaped-experiment, and shared map-add spawn models. Exact route selection, full spawn distribution, collection/combat UI timing, rewards, achievements, and full expedition smoke remain tracked by producer, dependency, and parent instance rows."
script_runtime_action,script_instance,Source\NexusForever.Script.Instance\Expedition\SpaceMadness\SpaceMadnessEventScript.cs,601,390,,CreateEntity,script_entity_create,entity_type,INonPlayerEntity,,generic_entity_type_tracked,runtime_entity_type_tracked,INonPlayerEntity,Source/NexusForever.Script.*,runtime_entity_type_source_tracked,INonPlayerEntity,Source/NexusForever.Script.*,INonPlayerEntity entity = publicEvent.CreateEntity<INonPlayerEntity>();,runtime_space_madness_hallucinating_livestock_create_action_tested,wildstar_client_mysql/PublicEventObjective.tbl.sql;wildstar_client_mysql/Creature2.tbl.sql;Source/NexusForever.Script.Instance/Expedition/SpaceMadness/SpaceMadnessEventScript.cs;Source/NexusForever.Game.Tests/Instances/SpaceMadnessEventScriptTests.cs,automated_focus_pass,not_retail_complete,"Space Madness reviewed Hallucinating Livestock create action is covered by focused tests proving the phase-four spawn models, duplicate guard, and map-add positions. Exact combat/challenge timing, rewards, achievements, and client smoke remain tracked by producer, dependency, and parent instance rows."
script_runtime_action,script_instance,Source\NexusForever.Script.Instance\Raid\Datascape\DatascapeEventScript.cs,454,157,,CreateEntity,script_entity_create,entity_type,INonPlayerEntity,,generic_entity_type_tracked,runtime_entity_type_tracked,INonPlayerEntity,Source/NexusForever.Script.*,runtime_entity_type_source_tracked,INonPlayerEntity,Source/NexusForever.Script.*,INonPlayerEntity entity = publicEvent.CreateEntity<INonPlayerEntity>();,script_entity_create_pending_spawn_initialise_lifecycle_smoke,Source/NexusForever.Script.Main;Source/NexusForever.Script.Instance,pending,not_retail_complete,"Scripted runtime action is tracked from source, but retail completion needs exact trigger timing, target selection, payload/effect semantics, cleanup/replay behavior, and content smoke."
script_runtime_action,script_instance,Source\NexusForever.Script.Instance\Raid\Datascape\DatascapeEventScript.cs,547,157,,CreateEntity,script_entity_create,entity_type,INonPlayerEntity,,generic_entity_type_tracked,runtime_entity_type_tracked,INonPlayerEntity,Source/NexusForever.Script.*,runtime_entity_type_source_tracked,INonPlayerEntity,Source/NexusForever.Script.*,INonPlayerEntity entity = publicEvent.CreateEntity<INonPlayerEntity>();,script_entity_create_pending_spawn_initialise_lifecycle_smoke,Source/NexusForever.Script.Main;Source/NexusForever.Script.Instance,pending,not_retail_complete,"Scripted runtime action is tracked from source, but retail completion needs exact trigger timing, target selection, payload/effect semantics, cleanup/replay behavior, and content smoke."
script_runtime_action,script_instance,Source\NexusForever.Script.Instance\Raid\GeneticArchives\GeneticArchivesEventScript.cs,178,159,,CreateEntity,script_entity_create,entity_type,INonPlayerEntity,,generic_entity_type_tracked,runtime_entity_type_tracked,INonPlayerEntity,Source/NexusForever.Script.*,runtime_entity_type_source_tracked,INonPlayerEntity,Source/NexusForever.Script.*,INonPlayerEntity entity = publicEvent.CreateEntity<INonPlayerEntity>();,script_entity_create_pending_spawn_initialise_lifecycle_smoke,Source/NexusForever.Script.Main;Source/NexusForever.Script.Instance,pending,not_retail_complete,"Scripted runtime action is tracked from source, but retail completion needs exact trigger timing, target selection, payload/effect semantics, cleanup/replay behavior, and content smoke."
script_runtime_action,script_instance,Source\NexusForever.Script.Instance\Raid\RedMoonTerror\FortyMan\RedMoonTerror40ManEventScript.cs,87,650,,CreateEntity,script_entity_create,entity_type,INonPlayerEntity,,generic_entity_type_tracked,runtime_entity_type_tracked,INonPlayerEntity,Source/NexusForever.Script.*,runtime_entity_type_source_tracked,INonPlayerEntity,Source/NexusForever.Script.*,INonPlayerEntity entity = publicEvent.CreateEntity<INonPlayerEntity>();,script_entity_create_pending_spawn_initialise_lifecycle_smoke,Source/NexusForever.Script.Main;Source/NexusForever.Script.Instance,pending,not_retail_complete,"Scripted runtime action is tracked from source, but retail completion needs exact trigger timing, target selection, payload/effect semantics, cleanup/replay behavior, and content smoke."
script_runtime_action,script_instance,Source\NexusForever.Script.Instance\Raid\RedMoonTerror\RedMoonTerrorEventScript.cs,217,705,,CreateEntity,script_entity_create,entity_type,INonPlayerEntity,,generic_entity_type_tracked,runtime_entity_type_tracked,INonPlayerEntity,Source/NexusForever.Script.*,runtime_entity_type_source_tracked,INonPlayerEntity,Source/NexusForever.Script.*,INonPlayerEntity entity = publicEvent.CreateEntity<INonPlayerEntity>();,script_entity_create_pending_spawn_initialise_lifecycle_smoke,Source/NexusForever.Script.Main;Source/NexusForever.Script.Instance,pending,not_retail_complete,"Scripted runtime action is tracked from source, but retail completion needs exact trigger timing, target selection, payload/effect semantics, cleanup/replay behavior, and content smoke."
script_runtime_action,script_instance,Source\NexusForever.Script.Instance\WorldStory\HallOfTheHundred\ColdAndHungryEventScript.cs,93,677,,CreateEntity,script_entity_create,entity_type,IWorldLocationVolumeGridTriggerEntity,,generic_entity_type_tracked,runtime_entity_type_tracked,IWorldLocationVolumeGridTriggerEntity,Source/NexusForever.Script.*,runtime_entity_type_source_tracked,IWorldLocationVolumeGridTriggerEntity,Source/NexusForever.Script.*,IWorldLocationVolumeGridTriggerEntity triggerEntity = publicEvent.CreateEntity<IWorldLocationVolumeGridTriggerEntity>();,runtime_hoth_cold_and_hungry_leave_trigger_create_action_tested,wildstar_client_mysql/PublicEventObjective.tbl.sql;wildstar_client_mysql/WorldLocation2.tbl.sql;Source/NexusForever.Script.Instance/WorldStory/HallOfTheHundred/ColdAndHungryEventScript.cs;Source/NexusForever.Game.Tests/Instances/HallOfTheHundredOptionalEventScriptTests.cs,automated_focus_pass,not_retail_complete,"Hall of the Hundred Cold and Hungry leave-trigger creation is covered by focused optional-event tests proving the world-location/object binding and map-add position. Optional route choreography, rewards, achievements, and client smoke remain tracked by producer, dependency, and parent instance rows."
script_runtime_action,script_instance,Source\NexusForever.Script.Instance\WorldStory\HallOfTheHundred\ColdSoupForTheSoulrotEventScript.cs,100,678,,CreateEntity,script_entity_create,entity_type,IWorldLocationVolumeGridTriggerEntity,,generic_entity_type_tracked,runtime_entity_type_tracked,IWorldLocationVolumeGridTriggerEntity,Source/NexusForever.Script.*,runtime_entity_type_source_tracked,IWorldLocationVolumeGridTriggerEntity,Source/NexusForever.Script.*,IWorldLocationVolumeGridTriggerEntity triggerEntity = publicEvent.CreateEntity<IWorldLocationVolumeGridTriggerEntity>();,runtime_hoth_cold_soup_canister_trigger_create_action_tested,wildstar_client_mysql/PublicEventObjective.tbl.sql;wildstar_client_mysql/WorldLocation2.tbl.sql;Source/NexusForever.Script.Instance/WorldStory/HallOfTheHundred/ColdSoupForTheSoulrotEventScript.cs;Source/NexusForever.Game.Tests/Instances/HallOfTheHundredOptionalEventScriptTests.cs,automated_focus_pass,not_retail_complete,"Hall of the Hundred Cold Soup canister-trigger creation is covered by focused optional-event tests proving the world-location/object binding and map-add position. Optional route choreography, rewards, achievements, and client smoke remain tracked by producer, dependency, and parent instance rows."
script_runtime_action,script_instance,Source\NexusForever.Script.Instance\WorldStory\HallOfTheHundred\HallOfTheHundredEventScript.cs,380,666,,CreateEntity,script_entity_create,entity_type,IWorldLocationVolumeGridTriggerEntity,,generic_entity_type_tracked,runtime_entity_type_tracked,IWorldLocationVolumeGridTriggerEntity,Source/NexusForever.Script.*,runtime_entity_type_source_tracked,IWorldLocationVolumeGridTriggerEntity,Source/NexusForever.Script.*,IWorldLocationVolumeGridTriggerEntity triggerEntity = publicEvent.CreateEntity<IWorldLocationVolumeGridTriggerEntity>();,runtime_hoth_opening_gather_trigger_create_action_tested,wildstar_client_mysql/PublicEventObjective.tbl.sql;wildstar_client_mysql/WorldLocation2.tbl.sql;Source/NexusForever.Script.Instance/WorldStory/HallOfTheHundred/HallOfTheHundredEventScript.cs;Source/NexusForever.Game.Tests/Instances/HallOfTheHundredEventScriptTests.cs,automated_focus_pass,not_retail_complete,"Hall of the Hundred opening gather trigger creation is covered by focused tests proving the world-location/object binding and map-add position for the phase. Route choreography, rewards, achievements, and client smoke remain tracked by producer, dependency, and parent instance rows."
script_runtime_action,script_instance,Source\NexusForever.Script.Instance\WorldStory\HallOfTheHundred\HallOfTheHundredEventScript.cs,429,666,,CreateEntity,script_entity_create,entity_type,IWorldLocationVolumeGridTriggerEntity,,generic_entity_type_tracked,runtime_entity_type_tracked,IWorldLocationVolumeGridTriggerEntity,Source/NexusForever.Script.*,runtime_entity_type_source_tracked,IWorldLocationVolumeGridTriggerEntity,Source/NexusForever.Script.*,IWorldLocationVolumeGridTriggerEntity triggerEntity = publicEvent.CreateEntity<IWorldLocationVolumeGridTriggerEntity>();,runtime_hoth_locked_gate_trigger_create_action_tested,wildstar_client_mysql/PublicEventObjective.tbl.sql;wildstar_client_mysql/WorldLocation2.tbl.sql;Source/NexusForever.Script.Instance/WorldStory/HallOfTheHundred/HallOfTheHundredEventScript.cs;Source/NexusForever.Game.Tests/Instances/HallOfTheHundredEventScriptTests.cs,automated_focus_pass,not_retail_complete,"Hall of the Hundred locked-gate trigger creation is covered by focused tests proving the world-location/object binding and map-add position for the phase. Route choreography, rewards, achievements, and client smoke remain tracked by producer, dependency, and parent instance rows."
script_runtime_action,script_instance,Source\NexusForever.Script.Instance\WorldStory\HallOfTheHundred\HallOfTheHundredEventScript.cs,455,666,,CreateEntity,script_entity_create,entity_type,IWorldLocationVolumeGridTriggerEntity,,generic_entity_type_tracked,runtime_entity_type_tracked,IWorldLocationVolumeGridTriggerEntity,Source/NexusForever.Script.*,runtime_entity_type_source_tracked,IWorldLocationVolumeGridTriggerEntity,Source/NexusForever.Script.*,IWorldLocationVolumeGridTriggerEntity triggerEntity = publicEvent.CreateEntity<IWorldLocationVolumeGridTriggerEntity>();,runtime_hoth_bridge_meet_trigger_create_action_tested,wildstar_client_mysql/PublicEventObjective.tbl.sql;wildstar_client_mysql/WorldLocation2.tbl.sql;Source/NexusForever.Script.Instance/WorldStory/HallOfTheHundred/HallOfTheHundredEventScript.cs;Source/NexusForever.Game.Tests/Instances/HallOfTheHundredEventScriptTests.cs,automated_focus_pass,not_retail_complete,"Hall of the Hundred bridge-meet trigger creation is covered by focused tests proving the world-location/object binding and map-add position for the phase. Route choreography, rewards, achievements, and client smoke remain tracked by producer, dependency, and parent instance rows."
script_runtime_action,script_instance,Source\NexusForever.Script.Instance\WorldStory\HallOfTheHundred\HallOfTheHundredEventScript.cs,481,666,,CreateEntity,script_entity_create,entity_type,IWorldLocationVolumeGridTriggerEntity,,generic_entity_type_tracked,runtime_entity_type_tracked,IWorldLocationVolumeGridTriggerEntity,Source/NexusForever.Script.*,runtime_entity_type_source_tracked,IWorldLocationVolumeGridTriggerEntity,Source/NexusForever.Script.*,IWorldLocationVolumeGridTriggerEntity triggerEntity = publicEvent.CreateEntity<IWorldLocationVolumeGridTriggerEntity>();,runtime_hoth_kel_havik_regroup_trigger_create_action_tested,wildstar_client_mysql/PublicEventObjective.tbl.sql;wildstar_client_mysql/WorldLocation2.tbl.sql;Source/NexusForever.Script.Instance/WorldStory/HallOfTheHundred/HallOfTheHundredEventScript.cs;Source/NexusForever.Game.Tests/Instances/HallOfTheHundredEventScriptTests.cs,automated_focus_pass,not_retail_complete,"Hall of the Hundred Kel Havik regroup trigger creation is covered by focused tests proving the world-location/object binding and map-add position for the phase. Route choreography, rewards, achievements, and client smoke remain tracked by producer, dependency, and parent instance rows."
script_runtime_action,script_instance,Source\NexusForever.Script.Instance\WorldStory\HallOfTheHundred\HallOfTheHundredEventScript.cs,500,666,,CreateEntity,script_entity_create,entity_type,ITurnstileGridTriggerEntity,,generic_entity_type_tracked,runtime_entity_type_tracked,ITurnstileGridTriggerEntity,Source/NexusForever.Script.*,runtime_entity_type_source_tracked,ITurnstileGridTriggerEntity,Source/NexusForever.Script.*,ITurnstileGridTriggerEntity triggerEntity = publicEvent.CreateEntity<ITurnstileGridTriggerEntity>();,runtime_hoth_watchtower_turnstile_create_action_tested,wildstar_client_mysql/PublicEventObjective.tbl.sql;wildstar_client_mysql/WorldLocation2.tbl.sql;Source/NexusForever.Script.Instance/WorldStory/HallOfTheHundred/HallOfTheHundredEventScript.cs;Source/NexusForever.Game.Tests/Instances/HallOfTheHundredEventScriptTests.cs,automated_focus_pass,not_retail_complete,"Hall of the Hundred watchtower turnstile trigger creation is covered by focused tests proving the trigger id, range, object binding, and map-add position for the phase. Route choreography, rewards, achievements, and client smoke remain tracked by producer, dependency, and parent instance rows."
script_runtime_action,script_instance,Source\NexusForever.Script.Instance\WorldStory\HallOfTheHundred\HallOfTheHundredEventScript.cs,1228,666,,CreateEntity,script_entity_create,entity_type,IWorldLocationVolumeGridTriggerEntity,,generic_entity_type_tracked,runtime_entity_type_tracked,IWorldLocationVolumeGridTriggerEntity,Source/NexusForever.Script.*,runtime_entity_type_source_tracked,IWorldLocationVolumeGridTriggerEntity,Source/NexusForever.Script.*,IWorldLocationVolumeGridTriggerEntity triggerEntity = publicEvent.CreateEntity<IWorldLocationVolumeGridTriggerEntity>();,runtime_hoth_shared_world_location_trigger_create_action_tested,wildstar_client_mysql/PublicEventObjective.tbl.sql;wildstar_client_mysql/WorldLocation2.tbl.sql;Source/NexusForever.Script.Instance/WorldStory/HallOfTheHundred/HallOfTheHundredEventScript.cs;Source/NexusForever.Game.Tests/Instances/HallOfTheHundredEventScriptTests.cs,automated_focus_pass,not_retail_complete,"Hall of the Hundred shared world-location trigger creation helper is covered by focused phase tests proving trigger creation, initialization, and map-add positions across the route. Route choreography, rewards, achievements, and client smoke remain tracked by producer, dependency, and parent instance rows."
script_runtime_action,script_instance,Source\NexusForever.Script.Instance\WorldStory\HallOfTheHundred\TheGraveyardEchoedEventScript.cs,99,696,,CreateEntity,script_entity_create,entity_type,IWorldLocationVolumeGridTriggerEntity,,generic_entity_type_tracked,runtime_entity_type_tracked,IWorldLocationVolumeGridTriggerEntity,Source/NexusForever.Script.*,runtime_entity_type_source_tracked,IWorldLocationVolumeGridTriggerEntity,Source/NexusForever.Script.*,IWorldLocationVolumeGridTriggerEntity triggerEntity = publicEvent.CreateEntity<IWorldLocationVolumeGridTriggerEntity>();,runtime_hoth_graveyard_trigger_create_action_tested,wildstar_client_mysql/PublicEventObjective.tbl.sql;wildstar_client_mysql/WorldLocation2.tbl.sql;Source/NexusForever.Script.Instance/WorldStory/HallOfTheHundred/TheGraveyardEchoedEventScript.cs;Source/NexusForever.Game.Tests/Instances/HallOfTheHundredOptionalEventScriptTests.cs,automated_focus_pass,not_retail_complete,"Hall of the Hundred Graveyard Echoed trigger creation is covered by focused optional-event tests proving the world-location/object binding and map-add position. Optional route choreography, rewards, achievements, and client smoke remain tracked by producer, dependency, and parent instance rows."
script_runtime_action,script_instance,Source\NexusForever.Script.Instance\WorldStory\HallOfTheHundred\TheWarhoundsOfVaregorEventScript.cs,135,693,,CreateEntity,script_entity_create,entity_type,IWorldLocationVolumeGridTriggerEntity,,generic_entity_type_tracked,runtime_entity_type_tracked,IWorldLocationVolumeGridTriggerEntity,Source/NexusForever.Script.*,runtime_entity_type_source_tracked,IWorldLocationVolumeGridTriggerEntity,Source/NexusForever.Script.*,IWorldLocationVolumeGridTriggerEntity triggerEntity = publicEvent.CreateEntity<IWorldLocationVolumeGridTriggerEntity>();,runtime_hoth_warhounds_kennel_trigger_create_action_tested,wildstar_client_mysql/PublicEventObjective.tbl.sql;wildstar_client_mysql/WorldLocation2.tbl.sql;Source/NexusForever.Script.Instance/WorldStory/HallOfTheHundred/TheWarhoundsOfVaregorEventScript.cs;Source/NexusForever.Game.Tests/Instances/HallOfTheHundredOptionalEventScriptTests.cs,automated_focus_pass,not_retail_complete,"Hall of the Hundred Warhounds kennel trigger creation is covered by focused optional-event tests proving the world-location/object binding and map-add position. Optional route choreography, rewards, achievements, and client smoke remain tracked by producer, dependency, and parent instance rows."
script_runtime_action,script_main,Source\NexusForever.Script.Main\Quests\Galeras\GalerasMapScript.cs,102,51,,CreateEntity,script_entity_create,entity_type,IWorldLocationVolumeGridTriggerEntity,,generic_entity_type_tracked,runtime_entity_type_tracked,IWorldLocationVolumeGridTriggerEntity,Source/NexusForever.Script.*,runtime_entity_type_source_tracked,IWorldLocationVolumeGridTriggerEntity,Source/NexusForever.Script.*,IWorldLocationVolumeGridTriggerEntity trigger = entityFactory.CreateEntity<IWorldLocationVolumeGridTriggerEntity>();,script_entity_create_pending_spawn_initialise_lifecycle_smoke,Source/NexusForever.Script.Main;Source/NexusForever.Script.Instance,pending,not_retail_complete,"Scripted runtime action is tracked from source, but retail completion needs exact trigger timing, target selection, payload/effect semantics, cleanup/replay behavior, and content smoke."
script_runtime_action,script_main,Source\NexusForever.Script.Main\Quests\NorthernWilds\NorthernWildsMapScript.cs,341,426,,CreateEntity,script_entity_create,entity_type,INonPlayerEntity,,generic_entity_type_tracked,runtime_entity_type_tracked,INonPlayerEntity,Source/NexusForever.Script.*,runtime_entity_type_source_tracked,INonPlayerEntity,Source/NexusForever.Script.*,INonPlayerEntity avalanche = entityFactory.CreateEntity<INonPlayerEntity>();,script_entity_create_pending_spawn_initialise_lifecycle_smoke,Source/NexusForever.Script.Main;Source/NexusForever.Script.Instance,pending,not_retail_complete,"Scripted runtime action is tracked from source, but retail completion needs exact trigger timing, target selection, payload/effect semantics, cleanup/replay behavior, and content smoke."
script_runtime_action,script_main,Source\NexusForever.Script.Main\Quests\NorthernWilds\NorthernWildsMapScript.cs,406,426,,CreateEntity,script_entity_create,entity_type,INonPlayerEntity,,generic_entity_type_tracked,runtime_entity_type_tracked,INonPlayerEntity,Source/NexusForever.Script.*,runtime_entity_type_source_tracked,INonPlayerEntity,Source/NexusForever.Script.*,INonPlayerEntity entity = entityFactory.CreateEntity<INonPlayerEntity>();,script_entity_create_pending_spawn_initialise_lifecycle_smoke,Source/NexusForever.Script.Main;Source/NexusForever.Script.Instance,pending,not_retail_complete,"Scripted runtime action is tracked from source, but retail completion needs exact trigger timing, target selection, payload/effect semantics, cleanup/replay behavior, and content smoke."
script_runtime_action,script_main,Source\NexusForever.Script.Main\Quests\NorthernWilds\NorthernWildsSoldierPathMissionScripts.cs,215,,,CreateEntity,script_entity_create,entity_type,INonPlayerEntity,,generic_entity_type_tracked,runtime_entity_type_tracked,INonPlayerEntity,Source/NexusForever.Script.*,runtime_entity_type_source_tracked,INonPlayerEntity,Source/NexusForever.Script.*,INonPlayerEntity entity = entityFactory.CreateEntity<INonPlayerEntity>();,script_entity_create_pending_spawn_initialise_lifecycle_smoke,Source/NexusForever.Script.Main;Source/NexusForever.Script.Instance,pending,not_retail_complete,"Scripted runtime action is tracked from source, but retail completion needs exact trigger timing, target selection, payload/effect semantics, cleanup/replay behavior, and content smoke."
script_runtime_action,script_main,Source\NexusForever.Script.Main\Tutorial\TutorialMapScript.cs,266,3460,,CreateEntity,script_entity_create,entity_type,IWorldLocationVolumeGridTriggerEntity,,generic_entity_type_tracked,runtime_entity_type_tracked,IWorldLocationVolumeGridTriggerEntity,Source/NexusForever.Script.*,runtime_entity_type_source_tracked,IWorldLocationVolumeGridTriggerEntity,Source/NexusForever.Script.*,IWorldLocationVolumeGridTriggerEntity trigger = entityFactory.CreateEntity<IWorldLocationVolumeGridTriggerEntity>();,script_entity_create_pending_spawn_initialise_lifecycle_smoke,Source/NexusForever.Script.Main;Source/NexusForever.Script.Instance,pending,not_retail_complete,"Scripted runtime action is tracked from source, but retail completion needs exact trigger timing, target selection, payload/effect semantics, cleanup/replay behavior, and content smoke."
script_runtime_action,script_main,Source\NexusForever.Script.Main\Tutorial\TutorialMapScript.cs,439,3460,,CreateEntity,script_entity_create,entity_type,T,,generic_entity_type_tracked,runtime_entity_type_tracked,T,Source/NexusForever.Script.*,runtime_entity_type_source_tracked,T,Source/NexusForever.Script.*,T entity = entityFactory.CreateEntity<T>();,script_entity_create_pending_spawn_initialise_lifecycle_smoke,Source/NexusForever.Script.Main;Source/NexusForever.Script.Instance,pending,not_retail_complete,"Scripted runtime action is tracked from source, but retail completion needs exact trigger timing, target selection, payload/effect semantics, cleanup/replay behavior, and content smoke."
script_runtime_action,script_instance,Source\NexusForever.Script.Instance\Dungeon\ColdbloodCitadel\ColdbloodCitadelEventScript.cs,176,907,,RemoveFromMap,script_entity_remove_from_map,entity_or_guid,,,source_expression_empty,runtime_entity_remove_receiver_tracked,,Source/NexusForever.Script.*,runtime_entity_remove_source_tracked,RemoveFromMap target is the call receiver.,Source/NexusForever.Script.*,triggerEntity?.RemoveFromMap();,script_entity_remove_from_map_pending_cleanup_smoke,Source/NexusForever.Script.Main;Source/NexusForever.Script.Instance,pending,not_retail_complete,"Scripted runtime action is tracked from source, but retail completion needs exact trigger timing, target selection, payload/effect semantics, cleanup/replay behavior, and content smoke."
script_runtime_action,script_instance,Source\NexusForever.Script.Instance\Dungeon\ColdbloodCitadel\ColdbloodCitadelEventScript.cs,179,907,,RemoveFromMap,script_entity_remove_from_map,entity_or_guid,,,source_expression_empty,runtime_entity_remove_receiver_tracked,,Source/NexusForever.Script.*,runtime_entity_remove_source_tracked,RemoveFromMap target is the call receiver.,Source/NexusForever.Script.*,gatherRing?.RemoveFromMap();,script_entity_remove_from_map_pending_cleanup_smoke,Source/NexusForever.Script.Main;Source/NexusForever.Script.Instance,pending,not_retail_complete,"Scripted runtime action is tracked from source, but retail completion needs exact trigger timing, target selection, payload/effect semantics, cleanup/replay behavior, and content smoke."
script_runtime_action,script_instance,Source\NexusForever.Script.Instance\Dungeon\ColdbloodCitadel\Script\HailstoneGatecrasherEntityScript.cs,49,,HailstoneGatecrasherEntityScript,RemoveFromMap,script_entity_remove_from_map,entity_or_guid,,,source_expression_empty,runtime_entity_remove_receiver_tracked,,Source/NexusForever.Script.*,runtime_entity_remove_source_tracked,RemoveFromMap target is the call receiver.,Source/NexusForever.Script.*,entity.RemoveFromMap();,script_entity_remove_from_map_pending_cleanup_smoke,Source/NexusForever.Script.Main;Source/NexusForever.Script.Instance,pending,not_retail_complete,"Scripted runtime action is tracked from source, but retail completion needs exact trigger timing, target selection, payload/effect semantics, cleanup/replay behavior, and content smoke."
script_runtime_action,script_instance,Source\NexusForever.Script.Instance\Dungeon\StormtalonsLair\StormtalonsLairEventScript.cs,674,145,,RemoveFromMap,script_entity_remove_from_map,entity_or_guid,,,source_expression_empty,runtime_entity_remove_receiver_tracked,,Source/NexusForever.Script.*,runtime_entity_remove_source_tracked,RemoveFromMap target is the call receiver.,Source/NexusForever.Script.*,triggerEntity?.RemoveFromMap();,runtime_stormtalon_high_priest_trigger_remove_action_tested,wildstar_client_mysql/PublicEventObjective.tbl.sql;Source/NexusForever.Script.Instance/Dungeon/StormtalonsLair/StormtalonsLairEventScript.cs;Source/NexusForever.Game.Tests/Instances/StormtalonsLairEventScriptTests.cs,automated_focus_pass,not_retail_complete,"Stormtalon's Lair high-priest trigger removal action is covered by focused tests proving the mapped succeeded objective removes the expected trigger. Route replay and client smoke remain tracked by producer, dependency, and parent instance rows."
script_runtime_action,script_instance,Source\NexusForever.Script.Instance\Expedition\EvilFromTheEther\EvilFromTheEtherEventScript.cs,330,781,,RemoveFromMap,script_entity_remove_from_map,entity_or_guid,,,source_expression_empty,runtime_entity_remove_receiver_tracked,,Source/NexusForever.Script.*,runtime_entity_remove_source_tracked,RemoveFromMap target is the call receiver.,Source/NexusForever.Script.*,mapInstance.GetEntity<IWorldLocationVolumeGridTriggerEntity>(gatherRingTriggerGuid)?.RemoveFromMap();,runtime_evil_ether_medbay_gather_trigger_remove_action_tested,wildstar_client_mysql/PublicEventObjective.tbl.sql;wildstar_client_mysql/WorldLocation2.tbl.sql;Source/NexusForever.Script.Instance/Expedition/EvilFromTheEther/EvilFromTheEtherEventScript.cs;Source/NexusForever.Game.Tests/PublicEvents/EvilFromTheEtherEventScriptTests.cs,automated_focus_pass,not_retail_complete,"Evil from the Ether medbay gather-trigger cleanup is covered by focused tests proving the tracked trigger is removed when OpenMedbay starts. Replay cleanup, rewards, achievements, and client smoke remain tracked by producer, dependency, and parent instance rows."
script_runtime_action,script_instance,Source\NexusForever.Script.Instance\Expedition\EvilFromTheEther\EvilFromTheEtherEventScript.cs,331,781,,RemoveFromMap,script_entity_remove_from_map,entity_or_guid,,,source_expression_empty,runtime_entity_remove_receiver_tracked,,Source/NexusForever.Script.*,runtime_entity_remove_source_tracked,RemoveFromMap target is the call receiver.,Source/NexusForever.Script.*,mapInstance.GetEntity<IWorldEntity>(gatherRingGuid)?.RemoveFromMap();,runtime_evil_ether_medbay_gather_ring_remove_action_tested,wildstar_client_mysql/PublicEventObjective.tbl.sql;wildstar_client_mysql/Creature2.tbl.sql;Source/NexusForever.Script.Instance/Expedition/EvilFromTheEther/EvilFromTheEtherEventScript.cs;Source/NexusForever.Game.Tests/PublicEvents/EvilFromTheEtherEventScriptTests.cs,automated_focus_pass,not_retail_complete,"Evil from the Ether medbay gather-ring cleanup is covered by focused tests proving the tracked gather ring is removed when OpenMedbay starts. Replay cleanup, rewards, achievements, and client smoke remain tracked by producer, dependency, and parent instance rows."
script_runtime_action,script_instance,Source\NexusForever.Script.Instance\Expedition\EvilFromTheEther\EvilFromTheEtherEventScript.cs,355,781,,RemoveFromMap,script_entity_remove_from_map,entity_or_guid,,,source_expression_empty,runtime_entity_remove_receiver_tracked,,Source/NexusForever.Script.*,runtime_entity_remove_source_tracked,RemoveFromMap target is the call receiver.,Source/NexusForever.Script.*,mapInstance.GetEntity<IWorldEntity>(medbayDoorControlGuid)?.RemoveFromMap();,runtime_evil_ether_medbay_door_control_remove_action_tested,wildstar_client_mysql/PublicEventObjective.tbl.sql;wildstar_client_mysql/Creature2.tbl.sql;Source/NexusForever.Script.Instance/Expedition/EvilFromTheEther/EvilFromTheEtherEventScript.cs;Source/NexusForever.Game.Tests/PublicEvents/EvilFromTheEtherEventScriptTests.cs,automated_focus_pass,not_retail_complete,"Evil from the Ether medbay door-control cleanup is covered by focused tests proving the tracked control object is removed during RepairDoor. Replay cleanup, rewards, achievements, and client smoke remain tracked by producer, dependency, and parent instance rows."
script_runtime_action,script_instance,Source\NexusForever.Script.Instance\Expedition\EvilFromTheEther\EvilFromTheEtherEventScript.cs,472,781,,RemoveFromMap,script_entity_remove_from_map,entity_or_guid,,,source_expression_empty,runtime_entity_remove_receiver_tracked,,Source/NexusForever.Script.*,runtime_entity_remove_source_tracked,RemoveFromMap target is the call receiver.,Source/NexusForever.Script.*,mapInstance.GetEntity<IWorldEntity>(gatherMarker1Guid)?.RemoveFromMap();,runtime_evil_ether_bridge_access_marker_remove_action_tested,wildstar_client_mysql/PublicEventObjective.tbl.sql;wildstar_client_mysql/Creature2.tbl.sql;Source/NexusForever.Script.Instance/Expedition/EvilFromTheEther/EvilFromTheEtherEventScript.cs;Source/NexusForever.Game.Tests/PublicEvents/EvilFromTheEtherEventScriptTests.cs,automated_focus_pass,not_retail_complete,"Evil from the Ether bridge-access gather-marker cleanup is covered by focused tests proving the first tracked marker is removed during DefeatTetheredOrganisms. Replay cleanup, rewards, achievements, and client smoke remain tracked by producer, dependency, and parent instance rows."
script_runtime_action,script_instance,Source\NexusForever.Script.Instance\Expedition\EvilFromTheEther\EvilFromTheEtherEventScript.cs,493,781,,RemoveFromMap,script_entity_remove_from_map,entity_or_guid,,,source_expression_empty,runtime_entity_remove_receiver_tracked,,Source/NexusForever.Script.*,runtime_entity_remove_source_tracked,RemoveFromMap target is the call receiver.,Source/NexusForever.Script.*,mapInstance.GetEntity<IWorldEntity>(gatherMarker2Guid)?.RemoveFromMap();,runtime_evil_ether_shades_bridge_marker_remove_action_tested,wildstar_client_mysql/PublicEventObjective.tbl.sql;wildstar_client_mysql/Creature2.tbl.sql;Source/NexusForever.Script.Instance/Expedition/EvilFromTheEther/EvilFromTheEtherEventScript.cs;Source/NexusForever.Game.Tests/PublicEvents/EvilFromTheEtherEventScriptTests.cs,automated_focus_pass,not_retail_complete,"Evil from the Ether Shades Bridge gather-marker cleanup is covered by focused tests proving the second tracked marker is removed during DefeatTetheredOrganisms2. Replay cleanup, rewards, achievements, and client smoke remain tracked by producer, dependency, and parent instance rows."
script_runtime_action,script_instance,Source\NexusForever.Script.Instance\Expedition\EvilFromTheEther\Script\EthericDriveSchematicsEntityScript.cs,30,,,RemoveFromMap,script_entity_remove_from_map,entity_or_guid,,,source_expression_empty,runtime_entity_remove_receiver_tracked,,Source/NexusForever.Script.*,runtime_entity_remove_source_tracked,RemoveFromMap target is the call receiver.,Source/NexusForever.Script.*,entity.RemoveFromMap();,script_entity_remove_from_map_pending_cleanup_smoke,Source/NexusForever.Script.Main;Source/NexusForever.Script.Instance,pending,not_retail_complete,"Scripted runtime action is tracked from source, but retail completion needs exact trigger timing, target selection, payload/effect semantics, cleanup/replay behavior, and content smoke."
script_runtime_action,script_instance,Source\NexusForever.Script.Instance\Expedition\EvilFromTheEther\Script\EthericDriveSchematicsEntityScript.cs,56,,,RemoveFromMap,script_entity_remove_from_map,entity_or_guid,,,source_expression_empty,runtime_entity_remove_receiver_tracked,,Source/NexusForever.Script.*,runtime_entity_remove_source_tracked,RemoveFromMap target is the call receiver.,Source/NexusForever.Script.*,entity.RemoveFromMap();,script_entity_remove_from_map_pending_cleanup_smoke,Source/NexusForever.Script.Main;Source/NexusForever.Script.Instance,pending,not_retail_complete,"Scripted runtime action is tracked from source, but retail completion needs exact trigger timing, target selection, payload/effect semantics, cleanup/replay behavior, and content smoke."
script_runtime_action,script_instance,Source\NexusForever.Script.Instance\Expedition\EvilFromTheEther\Script\EthericPortalEntityScript.cs,123,,,RemoveFromMap,script_entity_remove_from_map,entity_or_guid,,,source_expression_empty,runtime_entity_remove_receiver_tracked,,Source/NexusForever.Script.*,runtime_entity_remove_source_tracked,RemoveFromMap target is the call receiver.,Source/NexusForever.Script.*,entity.RemoveFromMap();,script_entity_remove_from_map_pending_cleanup_smoke,Source/NexusForever.Script.Main;Source/NexusForever.Script.Instance,pending,not_retail_complete,"Scripted runtime action is tracked from source, but retail completion needs exact trigger timing, target selection, payload/effect semantics, cleanup/replay behavior, and content smoke."
script_runtime_action,script_instance,Source\NexusForever.Script.Instance\Expedition\EvilFromTheEther\Script\KatjaZarkhovFloatingEntityScript.cs,68,,,RemoveFromMap,script_entity_remove_from_map,entity_or_guid,,,source_expression_empty,runtime_entity_remove_receiver_tracked,,Source/NexusForever.Script.*,runtime_entity_remove_source_tracked,RemoveFromMap target is the call receiver.,Source/NexusForever.Script.*,entity.RemoveFromMap();,script_entity_remove_from_map_pending_cleanup_smoke,Source/NexusForever.Script.Main;Source/NexusForever.Script.Instance,pending,not_retail_complete,"Scripted runtime action is tracked from source, but retail completion needs exact trigger timing, target selection, payload/effect semantics, cleanup/replay behavior, and content smoke."
script_runtime_action,script_instance,Source\NexusForever.Script.Instance\Expedition\EvilFromTheEther\Script\MedbayObjectiveEntityScripts.cs,50,,,RemoveFromMap,script_entity_remove_from_map,entity_or_guid,,,source_expression_empty,runtime_entity_remove_receiver_tracked,,Source/NexusForever.Script.*,runtime_entity_remove_source_tracked,RemoveFromMap target is the call receiver.,Source/NexusForever.Script.*,entity.RemoveFromMap();,script_entity_remove_from_map_pending_cleanup_smoke,Source/NexusForever.Script.Main;Source/NexusForever.Script.Instance,pending,not_retail_complete,"Scripted runtime action is tracked from source, but retail completion needs exact trigger timing, target selection, payload/effect semantics, cleanup/replay behavior, and content smoke."
script_runtime_action,script_instance,Source\NexusForever.Script.Instance\Expedition\EvilFromTheEther\Script\TetheredOrganismEntityScript.cs,63,,,RemoveFromMap,script_entity_remove_from_map,entity_or_guid,,,source_expression_empty,runtime_entity_remove_receiver_tracked,,Source/NexusForever.Script.*,runtime_entity_remove_source_tracked,RemoveFromMap target is the call receiver.,Source/NexusForever.Script.*,entity.RemoveFromMap();,script_entity_remove_from_map_pending_cleanup_smoke,Source/NexusForever.Script.Main;Source/NexusForever.Script.Instance,pending,not_retail_complete,"Scripted runtime action is tracked from source, but retail completion needs exact trigger timing, target selection, payload/effect semantics, cleanup/replay behavior, and content smoke."
script_runtime_action,script_instance,Source\NexusForever.Script.Instance\Expedition\FragmentZero\Script\FragmentZeroObjectiveEntityScripts.cs,78,,,RemoveFromMap,script_entity_remove_from_map,entity_or_guid,,,source_expression_empty,runtime_entity_remove_receiver_tracked,,Source/NexusForever.Script.*,runtime_entity_remove_source_tracked,RemoveFromMap target is the call receiver.,Source/NexusForever.Script.*,entity.RemoveFromMap();,script_entity_remove_from_map_pending_cleanup_smoke,Source/NexusForever.Script.Main;Source/NexusForever.Script.Instance,pending,not_retail_complete,"Scripted runtime action is tracked from source, but retail completion needs exact trigger timing, target selection, payload/effect semantics, cleanup/replay behavior, and content smoke."
script_runtime_action,script_instance,Source\NexusForever.Script.Instance\Expedition\FragmentZero\Script\FragmentZeroObjectiveEntityScripts.cs,105,,,RemoveFromMap,script_entity_remove_from_map,entity_or_guid,,,source_expression_empty,runtime_entity_remove_receiver_tracked,,Source/NexusForever.Script.*,runtime_entity_remove_source_tracked,RemoveFromMap target is the call receiver.,Source/NexusForever.Script.*,entity.RemoveFromMap();,script_entity_remove_from_map_pending_cleanup_smoke,Source/NexusForever.Script.Main;Source/NexusForever.Script.Instance,pending,not_retail_complete,"Scripted runtime action is tracked from source, but retail completion needs exact trigger timing, target selection, payload/effect semantics, cleanup/replay behavior, and content smoke."
script_runtime_action,script_instance,Source\NexusForever.Script.Instance\Expedition\OutpostM13\Script\DeadM13MinerEntityScript.cs,42,,,RemoveFromMap,script_entity_remove_from_map,entity_or_guid,,,source_expression_empty,runtime_entity_remove_receiver_tracked,,Source/NexusForever.Script.*,runtime_entity_remove_source_tracked,RemoveFromMap target is the call receiver.,Source/NexusForever.Script.*,entity.RemoveFromMap();,script_entity_remove_from_map_pending_cleanup_smoke,Source/NexusForever.Script.Main;Source/NexusForever.Script.Instance,pending,not_retail_complete,"Scripted runtime action is tracked from source, but retail completion needs exact trigger timing, target selection, payload/effect semantics, cleanup/replay behavior, and content smoke."
script_runtime_action,script_instance,Source\NexusForever.Script.Instance\Expedition\RageLogic\Script\RageLogicObjectiveEntityScripts.cs,41,,,RemoveFromMap,script_entity_remove_from_map,entity_or_guid,,,source_expression_empty,runtime_entity_remove_receiver_tracked,,Source/NexusForever.Script.*,runtime_entity_remove_source_tracked,RemoveFromMap target is the call receiver.,Source/NexusForever.Script.*,entity.RemoveFromMap();,script_entity_remove_from_map_pending_cleanup_smoke,Source/NexusForever.Script.Main;Source/NexusForever.Script.Instance,pending,not_retail_complete,"Scripted runtime action is tracked from source, but retail completion needs exact trigger timing, target selection, payload/effect semantics, cleanup/replay behavior, and content smoke."
script_runtime_action,script_instance,Source\NexusForever.Script.Instance\Expedition\RageLogic\Script\RageLogicObjectiveEntityScripts.cs,78,,,RemoveFromMap,script_entity_remove_from_map,entity_or_guid,,,source_expression_empty,runtime_entity_remove_receiver_tracked,,Source/NexusForever.Script.*,runtime_entity_remove_source_tracked,RemoveFromMap target is the call receiver.,Source/NexusForever.Script.*,entity.RemoveFromMap();,script_entity_remove_from_map_pending_cleanup_smoke,Source/NexusForever.Script.Main;Source/NexusForever.Script.Instance,pending,not_retail_complete,"Scripted runtime action is tracked from source, but retail completion needs exact trigger timing, target selection, payload/effect semantics, cleanup/replay behavior, and content smoke."
script_runtime_action,script_instance,Source\NexusForever.Script.Instance\WorldStory\HallOfTheHundred\ColdAndHungryEventScript.cs,163,677,,RemoveFromMap,script_entity_remove_from_map,entity_or_guid,,,source_expression_empty,runtime_entity_remove_receiver_tracked,,Source/NexusForever.Script.*,runtime_entity_remove_source_tracked,RemoveFromMap target is the call receiver.,Source/NexusForever.Script.*,triggerEntity?.RemoveFromMap();,runtime_hoth_cold_and_hungry_leave_trigger_remove_action_tested,wildstar_client_mysql/PublicEventObjective.tbl.sql;Source/NexusForever.Script.Instance/WorldStory/HallOfTheHundred/ColdAndHungryEventScript.cs;Source/NexusForever.Game.Tests/Instances/HallOfTheHundredOptionalEventScriptTests.cs,automated_focus_pass,not_retail_complete,"Hall of the Hundred Cold and Hungry leave-trigger removal is covered by focused optional-event tests proving the mapped succeeded objective removes the expected trigger. Optional route replay and client smoke remain tracked by producer, dependency, and parent instance rows."
script_runtime_action,script_instance,Source\NexusForever.Script.Instance\WorldStory\HallOfTheHundred\ColdSoupForTheSoulrotEventScript.cs,208,678,,RemoveFromMap,script_entity_remove_from_map,entity_or_guid,,,source_expression_empty,runtime_entity_remove_receiver_tracked,,Source/NexusForever.Script.*,runtime_entity_remove_source_tracked,RemoveFromMap target is the call receiver.,Source/NexusForever.Script.*,triggerEntity?.RemoveFromMap();,runtime_hoth_cold_soup_canister_trigger_remove_action_tested,wildstar_client_mysql/PublicEventObjective.tbl.sql;Source/NexusForever.Script.Instance/WorldStory/HallOfTheHundred/ColdSoupForTheSoulrotEventScript.cs;Source/NexusForever.Game.Tests/Instances/HallOfTheHundredOptionalEventScriptTests.cs,automated_focus_pass,not_retail_complete,"Hall of the Hundred Cold Soup canister-trigger removal is covered by focused optional-event tests proving the mapped succeeded objective removes the expected trigger. Optional route replay and client smoke remain tracked by producer, dependency, and parent instance rows."
script_runtime_action,script_instance,Source\NexusForever.Script.Instance\WorldStory\HallOfTheHundred\HallOfTheHundredEventScript.cs,1236,666,,RemoveFromMap,script_entity_remove_from_map,entity_or_guid,,,source_expression_empty,runtime_entity_remove_receiver_tracked,,Source/NexusForever.Script.*,runtime_entity_remove_source_tracked,RemoveFromMap target is the call receiver.,Source/NexusForever.Script.*,triggerEntity?.RemoveFromMap();,runtime_hoth_shared_trigger_remove_action_tested,wildstar_client_mysql/PublicEventObjective.tbl.sql;Source/NexusForever.Script.Instance/WorldStory/HallOfTheHundred/HallOfTheHundredEventScript.cs;Source/NexusForever.Game.Tests/Instances/HallOfTheHundredEventScriptTests.cs,automated_focus_pass,not_retail_complete,"Hall of the Hundred shared trigger removal helper is covered by focused objective-status tests proving succeeded route objectives remove the expected trigger and incomplete statuses do not remove unrelated triggers. Full route replay and client smoke remain tracked by producer, dependency, and parent instance rows."
script_runtime_action,script_instance,Source\NexusForever.Script.Instance\WorldStory\HallOfTheHundred\Script\BridgeObjectiveEntityScripts.cs,41,,,RemoveFromMap,script_entity_remove_from_map,entity_or_guid,,,source_expression_empty,runtime_entity_remove_receiver_tracked,,Source/NexusForever.Script.*,runtime_entity_remove_source_tracked,RemoveFromMap target is the call receiver.,Source/NexusForever.Script.*,entity.RemoveFromMap();,script_entity_remove_from_map_pending_cleanup_smoke,Source/NexusForever.Script.Main;Source/NexusForever.Script.Instance,pending,not_retail_complete,"Scripted runtime action is tracked from source, but retail completion needs exact trigger timing, target selection, payload/effect semantics, cleanup/replay behavior, and content smoke."
script_runtime_action,script_instance,Source\NexusForever.Script.Instance\WorldStory\HallOfTheHundred\Script\BridgeObjectiveEntityScripts.cs,78,,,RemoveFromMap,script_entity_remove_from_map,entity_or_guid,,,source_expression_empty,runtime_entity_remove_receiver_tracked,,Source/NexusForever.Script.*,runtime_entity_remove_source_tracked,RemoveFromMap target is the call receiver.,Source/NexusForever.Script.*,entity.RemoveFromMap();,script_entity_remove_from_map_pending_cleanup_smoke,Source/NexusForever.Script.Main;Source/NexusForever.Script.Instance,pending,not_retail_complete,"Scripted runtime action is tracked from source, but retail completion needs exact trigger timing, target selection, payload/effect semantics, cleanup/replay behavior, and content smoke."
script_runtime_action,script_instance,Source\NexusForever.Script.Instance\WorldStory\HallOfTheHundred\Script\BridgeObjectiveEntityScripts.cs,362,,,RemoveFromMap,script_entity_remove_from_map,entity_or_guid,,,source_expression_empty,runtime_entity_remove_receiver_tracked,,Source/NexusForever.Script.*,runtime_entity_remove_source_tracked,RemoveFromMap target is the call receiver.,Source/NexusForever.Script.*,entity.RemoveFromMap();,script_entity_remove_from_map_pending_cleanup_smoke,Source/NexusForever.Script.Main;Source/NexusForever.Script.Instance,pending,not_retail_complete,"Scripted runtime action is tracked from source, but retail completion needs exact trigger timing, target selection, payload/effect semantics, cleanup/replay behavior, and content smoke."
script_runtime_action,script_instance,Source\NexusForever.Script.Instance\WorldStory\HallOfTheHundred\TheGraveyardEchoedEventScript.cs,206,696,,RemoveFromMap,script_entity_remove_from_map,entity_or_guid,,,source_expression_empty,runtime_entity_remove_receiver_tracked,,Source/NexusForever.Script.*,runtime_entity_remove_source_tracked,RemoveFromMap target is the call receiver.,Source/NexusForever.Script.*,triggerEntity?.RemoveFromMap();,runtime_hoth_graveyard_trigger_remove_action_tested,wildstar_client_mysql/PublicEventObjective.tbl.sql;Source/NexusForever.Script.Instance/WorldStory/HallOfTheHundred/TheGraveyardEchoedEventScript.cs;Source/NexusForever.Game.Tests/Instances/HallOfTheHundredOptionalEventScriptTests.cs,automated_focus_pass,not_retail_complete,"Hall of the Hundred Graveyard Echoed trigger removal is covered by focused optional-event tests proving the mapped succeeded objective removes the expected trigger. Optional route replay and client smoke remain tracked by producer, dependency, and parent instance rows."
script_runtime_action,script_instance,Source\NexusForever.Script.Instance\WorldStory\HallOfTheHundred\TheWarhoundsOfVaregorEventScript.cs,189,693,,RemoveFromMap,script_entity_remove_from_map,entity_or_guid,,,source_expression_empty,runtime_entity_remove_receiver_tracked,,Source/NexusForever.Script.*,runtime_entity_remove_source_tracked,RemoveFromMap target is the call receiver.,Source/NexusForever.Script.*,triggerEntity?.RemoveFromMap();,runtime_hoth_warhounds_kennel_trigger_remove_action_tested,wildstar_client_mysql/PublicEventObjective.tbl.sql;Source/NexusForever.Script.Instance/WorldStory/HallOfTheHundred/TheWarhoundsOfVaregorEventScript.cs;Source/NexusForever.Game.Tests/Instances/HallOfTheHundredOptionalEventScriptTests.cs,automated_focus_pass,not_retail_complete,"Hall of the Hundred Warhounds kennel trigger removal is covered by focused optional-event tests proving the mapped succeeded objective removes the expected trigger. Optional route replay and client smoke remain tracked by producer, dependency, and parent instance rows."
script_runtime_action,script_main,Source\NexusForever.Script.Main\Quests\CrimsonIsle\Q5597.cs,50,5597,,RemoveFromMap,script_entity_remove_from_map,entity_or_guid,,,source_expression_empty,runtime_entity_remove_receiver_tracked,,Source/NexusForever.Script.*,runtime_entity_remove_source_tracked,RemoveFromMap target is the call receiver.,Source/NexusForever.Script.*,owner.RemoveFromMap();,script_entity_remove_from_map_pending_cleanup_smoke,Source/NexusForever.Script.Main;Source/NexusForever.Script.Instance,pending,not_retail_complete,"Scripted runtime action is tracked from source, but retail completion needs exact trigger timing, target selection, payload/effect semantics, cleanup/replay behavior, and content smoke."
script_runtime_action,script_main,Source\NexusForever.Script.Main\Quests\NorthernWilds\NorthernWildsAvalancheEntityScript.cs,158,,,RemoveFromMap,script_entity_remove_from_map,entity_or_guid,,,source_expression_empty,runtime_entity_remove_receiver_tracked,,Source/NexusForever.Script.*,runtime_entity_remove_source_tracked,RemoveFromMap target is the call receiver.,Source/NexusForever.Script.*,owner.RemoveFromMap();,script_entity_remove_from_map_pending_cleanup_smoke,Source/NexusForever.Script.Main;Source/NexusForever.Script.Instance,pending,not_retail_complete,"Scripted runtime action is tracked from source, but retail completion needs exact trigger timing, target selection, payload/effect semantics, cleanup/replay behavior, and content smoke."
script_runtime_action,script_main,Source\NexusForever.Script.Main\Quests\NorthernWilds\NorthernWildsMapScript.cs,195,426,,RemoveFromMap,script_entity_remove_from_map,entity_or_guid,,,source_expression_empty,runtime_entity_remove_receiver_tracked,,Source/NexusForever.Script.*,runtime_entity_remove_source_tracked,RemoveFromMap target is the call receiver.,Source/NexusForever.Script.*,entity.RemoveFromMap();,script_entity_remove_from_map_pending_cleanup_smoke,Source/NexusForever.Script.Main;Source/NexusForever.Script.Instance,pending,not_retail_complete,"Scripted runtime action is tracked from source, but retail completion needs exact trigger timing, target selection, payload/effect semantics, cleanup/replay behavior, and content smoke."
script_runtime_action,script_main,Source\NexusForever.Script.Main\Quests\NorthernWilds\NorthernWildsSoldierPathMissionScripts.cs,262,,,RemoveFromMap,script_entity_remove_from_map,entity_or_guid,,,source_expression_empty,runtime_entity_remove_receiver_tracked,,Source/NexusForever.Script.*,runtime_entity_remove_source_tracked,RemoveFromMap target is the call receiver.,Source/NexusForever.Script.*,entity.RemoveFromMap();,script_entity_remove_from_map_pending_cleanup_smoke,Source/NexusForever.Script.Main;Source/NexusForever.Script.Instance,pending,not_retail_complete,"Scripted runtime action is tracked from source, but retail completion needs exact trigger timing, target selection, payload/effect semantics, cleanup/replay behavior, and content smoke."
script_runtime_action,script_main,Source\NexusForever.Script.Main\Quests\NorthernWilds\NorthernWildsSoldierPathMissionScripts.cs,302,,,RemoveFromMap,script_entity_remove_from_map,entity_or_guid,,,source_expression_empty,runtime_entity_remove_receiver_tracked,,Source/NexusForever.Script.*,runtime_entity_remove_source_tracked,RemoveFromMap target is the call receiver.,Source/NexusForever.Script.*,entity.RemoveFromMap();,script_entity_remove_from_map_pending_cleanup_smoke,Source/NexusForever.Script.Main;Source/NexusForever.Script.Instance,pending,not_retail_complete,"Scripted runtime action is tracked from source, but retail completion needs exact trigger timing, target selection, payload/effect semantics, cleanup/replay behavior, and content smoke."
script_runtime_action,script_main,Source\NexusForever.Script.Main\Quests\NorthernWilds\Q3741ScatteredSupplies.cs,44,3741,,RemoveFromMap,script_entity_remove_from_map,entity_or_guid,,,source_expression_empty,runtime_entity_remove_receiver_tracked,,Source/NexusForever.Script.*,runtime_entity_remove_source_tracked,RemoveFromMap target is the call receiver.,Source/NexusForever.Script.*,owner.RemoveFromMap();,script_entity_remove_from_map_pending_cleanup_smoke,Source/NexusForever.Script.Main;Source/NexusForever.Script.Instance,pending,not_retail_complete,"Scripted runtime action is tracked from source, but retail completion needs exact trigger timing, target selection, payload/effect semantics, cleanup/replay behavior, and content smoke."
script_runtime_action,script_main,Source\NexusForever.Script.Main\Quests\NorthernWilds\Q3777ByLeapsAndBounds.cs,56,3777,,RemoveFromMap,script_entity_remove_from_map,entity_or_guid,,,source_expression_empty,runtime_entity_remove_receiver_tracked,,Source/NexusForever.Script.*,runtime_entity_remove_source_tracked,RemoveFromMap target is the call receiver.,Source/NexusForever.Script.*,owner.RemoveFromMap();,script_entity_remove_from_map_pending_cleanup_smoke,Source/NexusForever.Script.Main;Source/NexusForever.Script.Instance,pending,not_retail_complete,"Scripted runtime action is tracked from source, but retail completion needs exact trigger timing, target selection, payload/effect semantics, cleanup/replay behavior, and content smoke."
script_runtime_action,script_instance,Source\NexusForever.Script.Instance\Arena\TheCryoPlex\TheCryoPlexEventScript.cs,172,581,,TeleportToLocal,script_local_teleport,local_position,entrance.Position,,source_expression_tracked,dynamic_local_position_pending_source_trace,entrance.Position,Source/NexusForever.Script.*,matching_map_entrance_runtime_lookup_tracked,"Teleport destination comes from matchingDataManager.GetMapEntrance(map.Entry.Id, team); retail completion still needs entrance row and PvP respawn/end smoke.",Source/NexusForever.Script.Instance/Arena;Source/NexusForever.Game/Matching,"player.TeleportToLocal(entrance.Position, false);",script_local_teleport_pending_destination_access_smoke,Source/NexusForever.Script.Main;Source/NexusForever.Script.Instance,pending,not_retail_complete,"Scripted runtime action is tracked from source, but retail completion needs exact trigger timing, target selection, payload/effect semantics, cleanup/replay behavior, and content smoke."
script_runtime_action,script_instance,Source\NexusForever.Script.Instance\Arena\TheCryoPlex\TheCryoPlexMapScript.cs,70,3022,,TeleportToLocal,script_local_teleport,local_position,entrance.Position,,source_expression_tracked,dynamic_local_position_pending_source_trace,entrance.Position,Source/NexusForever.Script.*,matching_map_entrance_runtime_lookup_tracked,"Teleport destination comes from matchingDataManager.GetMapEntrance(map.Entry.Id, team); retail completion still needs entrance row and PvP respawn/end smoke.",Source/NexusForever.Script.Instance/Arena;Source/NexusForever.Game/Matching,"player.TeleportToLocal(entrance.Position, false);",script_local_teleport_pending_destination_access_smoke,Source/NexusForever.Script.Main;Source/NexusForever.Script.Instance,pending,not_retail_complete,"Scripted runtime action is tracked from source, but retail completion needs exact trigger timing, target selection, payload/effect semantics, cleanup/replay behavior, and content smoke."
script_runtime_action,script_instance,Source\NexusForever.Script.Instance\Arena\TheSlaughterdome\TheSlaughterdomeEventScript.cs,167,205,,TeleportToLocal,script_local_teleport,local_position,entrance.Position,,source_expression_tracked,dynamic_local_position_pending_source_trace,entrance.Position,Source/NexusForever.Script.*,matching_map_entrance_runtime_lookup_tracked,"Teleport destination comes from matchingDataManager.GetMapEntrance(map.Entry.Id, team); retail completion still needs entrance row and PvP respawn/end smoke.",Source/NexusForever.Script.Instance/Arena;Source/NexusForever.Game/Matching,"player.TeleportToLocal(entrance.Position, false);",script_local_teleport_pending_destination_access_smoke,Source/NexusForever.Script.Main;Source/NexusForever.Script.Instance,pending,not_retail_complete,"Scripted runtime action is tracked from source, but retail completion needs exact trigger timing, target selection, payload/effect semantics, cleanup/replay behavior, and content smoke."
script_runtime_action,script_instance,Source\NexusForever.Script.Instance\Arena\TheSlaughterdome\TheSlaughterdomeMapScript.cs,65,1535,,TeleportToLocal,script_local_teleport,local_position,entrance.Position,,source_expression_tracked,dynamic_local_position_pending_source_trace,entrance.Position,Source/NexusForever.Script.*,matching_map_entrance_runtime_lookup_tracked,"Teleport destination comes from matchingDataManager.GetMapEntrance(map.Entry.Id, team); retail completion still needs entrance row and PvP respawn/end smoke.",Source/NexusForever.Script.Instance/Arena;Source/NexusForever.Game/Matching,"player.TeleportToLocal(entrance.Position, false);",script_local_teleport_pending_destination_access_smoke,Source/NexusForever.Script.Main;Source/NexusForever.Script.Instance,pending,not_retail_complete,"Scripted runtime action is tracked from source, but retail completion needs exact trigger timing, target selection, payload/effect semantics, cleanup/replay behavior, and content smoke."
script_runtime_action,script_instance,Source\NexusForever.Script.Instance\Expedition\EvilFromTheEther\EvilFromTheEtherEventScript.cs,328,781,,TeleportToLocal,script_local_teleport,local_position,"new Vector3(53.180374f, -852.86273f, -91.41684f)",,source_expression_tracked,literal_local_position_tracked,"new Vector3(53.180374f, -852.86273f, -91.41684f)",Source/NexusForever.Script.*,literal_local_position_source_tracked,"new Vector3(53.180374f, -852.86273f, -91.41684f)",Source/NexusForever.Script.*,"player.TeleportToLocal(new Vector3(53.180374f, -852.86273f, -91.41684f));",runtime_evil_ether_medbay_local_teleport_action_tested,wildstar_client_mysql/PublicEventObjective.tbl.sql;Source/NexusForever.Script.Instance/Expedition/EvilFromTheEther/EvilFromTheEtherEventScript.cs;Source/NexusForever.Game.Tests/PublicEvents/EvilFromTheEtherEventScriptTests.cs,automated_focus_pass,not_retail_complete,"Evil from the Ether medbay transition teleport is covered by focused tests proving players are moved to the scripted local position after the OpenMedbay objectives activate. Exact retail transition timing, destination access smoke, rewards, and client validation remain tracked by producer, dependency, and parent instance rows."
script_runtime_action,script_instance,Source\NexusForever.Script.Instance\Expedition\EvilFromTheEther\Script\CaptainWeirTeleportGridTriggerEntityScript.cs,36,8243,,TeleportToLocal,script_local_teleport,local_position,"new Vector3(-398.65857f, -842.03436f, 119.298386f)",,source_expression_tracked,literal_local_position_tracked,"new Vector3(-398.65857f, -842.03436f, 119.298386f)",Source/NexusForever.Script.*,literal_local_position_source_tracked,"new Vector3(-398.65857f, -842.03436f, 119.298386f)",Source/NexusForever.Script.*,"player.TeleportToLocal(new Vector3(-398.65857f, -842.03436f, 119.298386f));",script_local_teleport_pending_destination_access_smoke,Source/NexusForever.Script.Main;Source/NexusForever.Script.Instance,pending,not_retail_complete,"Scripted runtime action is tracked from source, but retail completion needs exact trigger timing, target selection, payload/effect semantics, cleanup/replay behavior, and content smoke."
script_runtime_action,script_instance,Source\NexusForever.Script.Instance\Expedition\EvilFromTheEther\Script\UpperDeckTeleportGridTriggerEntityScript.cs,36,8242,,TeleportToLocal,script_local_teleport,local_position,"new Vector3(-53.353714f, -841.44684f, 164.51099f)",,source_expression_tracked,literal_local_position_tracked,"new Vector3(-53.353714f, -841.44684f, 164.51099f)",Source/NexusForever.Script.*,literal_local_position_source_tracked,"new Vector3(-53.353714f, -841.44684f, 164.51099f)",Source/NexusForever.Script.*,"player.TeleportToLocal(new Vector3(-53.353714f, -841.44684f, 164.51099f), false);",script_local_teleport_pending_destination_access_smoke,Source/NexusForever.Script.Main;Source/NexusForever.Script.Instance,pending,not_retail_complete,"Scripted runtime action is tracked from source, but retail completion needs exact trigger timing, target selection, payload/effect semantics, cleanup/replay behavior, and content smoke."
script_runtime_action,script_instance,Source\NexusForever.Script.Instance\Adventure\BayOfBetrayal\BayOfBetrayalEventScript.cs,49,673,,Finish,script_public_event_finish,public_event_team,PublicEventTeam.PublicTeam,,source_expression_tracked,public_event_team_expression_tracked,PublicEventTeam.PublicTeam,Source/NexusForever.Script.*,public_event_finish_team_source_tracked,PublicEventTeam.PublicTeam,Source/NexusForever.Script.*,publicEvent.Finish(PublicEventTeam.PublicTeam);,script_public_event_finish_pending_reward_completion_smoke,Source/NexusForever.Script.Main;Source/NexusForever.Script.Instance,pending,not_retail_complete,"Scripted runtime action is tracked from source, but retail completion needs exact trigger timing, target selection, payload/effect semantics, cleanup/replay behavior, and content smoke."
script_runtime_action,script_instance,Source\NexusForever.Script.Instance\Adventure\BayOfBetrayal\BayOfBetrayalIntroEventScript.cs,66,672,,Finish,script_public_event_finish,public_event_team,PublicEventTeam.PublicTeam,,source_expression_tracked,public_event_team_expression_tracked,PublicEventTeam.PublicTeam,Source/NexusForever.Script.*,public_event_finish_team_source_tracked,PublicEventTeam.PublicTeam,Source/NexusForever.Script.*,publicEvent.Finish(PublicEventTeam.PublicTeam);,script_public_event_finish_pending_reward_completion_smoke,Source/NexusForever.Script.Main;Source/NexusForever.Script.Instance,pending,not_retail_complete,"Scripted runtime action is tracked from source, but retail completion needs exact trigger timing, target selection, payload/effect semantics, cleanup/replay behavior, and content smoke."
script_runtime_action,script_instance,Source\NexusForever.Script.Instance\Adventure\CrimelordsOfWhitevale\CrimelordsOfWhitevaleEventScript.cs,86,146,,Finish,script_public_event_finish,public_event_team,PublicEventTeam.PublicTeam,,source_expression_tracked,public_event_team_expression_tracked,PublicEventTeam.PublicTeam,Source/NexusForever.Script.*,public_event_finish_team_source_tracked,PublicEventTeam.PublicTeam,Source/NexusForever.Script.*,publicEvent.Finish(PublicEventTeam.PublicTeam);,script_public_event_finish_pending_reward_completion_smoke,Source/NexusForever.Script.Main;Source/NexusForever.Script.Instance,pending,not_retail_complete,"Scripted runtime action is tracked from source, but retail completion needs exact trigger timing, target selection, payload/effect semantics, cleanup/replay behavior, and content smoke."
script_runtime_action,script_instance,Source\NexusForever.Script.Instance\Adventure\RiotInTheVoid\RiotInTheVoidEventScript.cs,48,179,,Finish,script_public_event_finish,public_event_team,PublicEventTeam.PublicTeam,,source_expression_tracked,public_event_team_expression_tracked,PublicEventTeam.PublicTeam,Source/NexusForever.Script.*,public_event_finish_team_source_tracked,PublicEventTeam.PublicTeam,Source/NexusForever.Script.*,publicEvent.Finish(PublicEventTeam.PublicTeam);,script_public_event_finish_pending_reward_completion_smoke,Source/NexusForever.Script.Main;Source/NexusForever.Script.Instance,pending,not_retail_complete,"Scripted runtime action is tracked from source, but retail completion needs exact trigger timing, target selection, payload/effect semantics, cleanup/replay behavior, and content smoke."
script_runtime_action,script_instance,Source\NexusForever.Script.Instance\Adventure\RiotInTheVoid\RiotInTheVoidIntroEventScript.cs,81,178,,Finish,script_public_event_finish,public_event_team,PublicEventTeam.PublicTeam,,source_expression_tracked,public_event_team_expression_tracked,PublicEventTeam.PublicTeam,Source/NexusForever.Script.*,public_event_finish_team_source_tracked,PublicEventTeam.PublicTeam,Source/NexusForever.Script.*,publicEvent.Finish(PublicEventTeam.PublicTeam);,script_public_event_finish_pending_reward_completion_smoke,Source/NexusForever.Script.Main;Source/NexusForever.Script.Instance,pending,not_retail_complete,"Scripted runtime action is tracked from source, but retail completion needs exact trigger timing, target selection, payload/effect semantics, cleanup/replay behavior, and content smoke."
script_runtime_action,script_instance,Source\NexusForever.Script.Instance\Adventure\TheHycrestInsurrection\TheHycrestInsurrectionEventScript.cs,48,419,,Finish,script_public_event_finish,public_event_team,PublicEventTeam.PublicTeam,,source_expression_tracked,public_event_team_expression_tracked,PublicEventTeam.PublicTeam,Source/NexusForever.Script.*,public_event_finish_team_source_tracked,PublicEventTeam.PublicTeam,Source/NexusForever.Script.*,publicEvent.Finish(PublicEventTeam.PublicTeam);,script_public_event_finish_pending_reward_completion_smoke,Source/NexusForever.Script.Main;Source/NexusForever.Script.Instance,pending,not_retail_complete,"Scripted runtime action is tracked from source, but retail completion needs exact trigger timing, target selection, payload/effect semantics, cleanup/replay behavior, and content smoke."
script_runtime_action,script_instance,Source\NexusForever.Script.Instance\Adventure\TheHycrestInsurrection\TheHycrestInsurrectionIntroEventScript.cs,66,418,,Finish,script_public_event_finish,public_event_team,PublicEventTeam.PublicTeam,,source_expression_tracked,public_event_team_expression_tracked,PublicEventTeam.PublicTeam,Source/NexusForever.Script.*,public_event_finish_team_source_tracked,PublicEventTeam.PublicTeam,Source/NexusForever.Script.*,publicEvent.Finish(PublicEventTeam.PublicTeam);,script_public_event_finish_pending_reward_completion_smoke,Source/NexusForever.Script.Main;Source/NexusForever.Script.Instance,pending,not_retail_complete,"Scripted runtime action is tracked from source, but retail completion needs exact trigger timing, target selection, payload/effect semantics, cleanup/replay behavior, and content smoke."
script_runtime_action,script_instance,Source\NexusForever.Script.Instance\Adventure\TheMalgraveTrail\TheMalgraveTrailEventScript.cs,49,53,,Finish,script_public_event_finish,public_event_team,PublicEventTeam.PublicTeam,,source_expression_tracked,public_event_team_expression_tracked,PublicEventTeam.PublicTeam,Source/NexusForever.Script.*,public_event_finish_team_source_tracked,PublicEventTeam.PublicTeam,Source/NexusForever.Script.*,publicEvent.Finish(PublicEventTeam.PublicTeam);,script_public_event_finish_pending_reward_completion_smoke,Source/NexusForever.Script.Main;Source/NexusForever.Script.Instance,pending,not_retail_complete,"Scripted runtime action is tracked from source, but retail completion needs exact trigger timing, target selection, payload/effect semantics, cleanup/replay behavior, and content smoke."
script_runtime_action,script_instance,Source\NexusForever.Script.Instance\Adventure\TheSiegeOfTempestRefuge\TheSiegeOfTempestRefugeEventScript.cs,90,,,Finish,script_public_event_finish,public_event_team,PublicEventTeam.PublicTeam,,source_expression_tracked,public_event_team_expression_tracked,PublicEventTeam.PublicTeam,Source/NexusForever.Script.*,public_event_finish_team_source_tracked,PublicEventTeam.PublicTeam,Source/NexusForever.Script.*,publicEvent.Finish(PublicEventTeam.PublicTeam);,script_public_event_finish_pending_reward_completion_smoke,Source/NexusForever.Script.Main;Source/NexusForever.Script.Instance,pending,not_retail_complete,"Scripted runtime action is tracked from source, but retail completion needs exact trigger timing, target selection, payload/effect semantics, cleanup/replay behavior, and content smoke."
script_runtime_action,script_instance,Source\NexusForever.Script.Instance\Adventure\TheSiegeOfTempestRefuge\TheSiegeOfTempestRefugeMapScript.cs,63,1233,,Finish,script_public_event_finish,public_event_team,PublicEventTeam.PublicTeam,,source_expression_tracked,public_event_team_expression_tracked,PublicEventTeam.PublicTeam,Source/NexusForever.Script.*,public_event_finish_team_source_tracked,PublicEventTeam.PublicTeam,Source/NexusForever.Script.*,exilePublicEvent?.Finish(PublicEventTeam.PublicTeam);,script_public_event_finish_pending_reward_completion_smoke,Source/NexusForever.Script.Main;Source/NexusForever.Script.Instance,pending,not_retail_complete,"Scripted runtime action is tracked from source, but retail completion needs exact trigger timing, target selection, payload/effect semantics, cleanup/replay behavior, and content smoke."
script_runtime_action,script_instance,Source\NexusForever.Script.Instance\Adventure\TheSiegeOfTempestRefuge\TheSiegeOfTempestRefugeMapScript.cs,64,1233,,Finish,script_public_event_finish,public_event_team,PublicEventTeam.PublicTeam,,source_expression_tracked,public_event_team_expression_tracked,PublicEventTeam.PublicTeam,Source/NexusForever.Script.*,public_event_finish_team_source_tracked,PublicEventTeam.PublicTeam,Source/NexusForever.Script.*,dominionPublicEvent?.Finish(PublicEventTeam.PublicTeam);,script_public_event_finish_pending_reward_completion_smoke,Source/NexusForever.Script.Main;Source/NexusForever.Script.Instance,pending,not_retail_complete,"Scripted runtime action is tracked from source, but retail completion needs exact trigger timing, target selection, payload/effect semantics, cleanup/replay behavior, and content smoke."
script_runtime_action,script_instance,Source\NexusForever.Script.Instance\Adventure\WarOfTheWilds\WarOfTheWildsAdventureEventScript.cs,58,158,,Finish,script_public_event_finish,public_event_team,PublicEventTeam.PublicTeam,,source_expression_tracked,public_event_team_expression_tracked,PublicEventTeam.PublicTeam,Source/NexusForever.Script.*,public_event_finish_team_source_tracked,PublicEventTeam.PublicTeam,Source/NexusForever.Script.*,publicEvent.Finish(PublicEventTeam.PublicTeam);,script_public_event_finish_pending_reward_completion_smoke,Source/NexusForever.Script.Main;Source/NexusForever.Script.Instance,pending,not_retail_complete,"Scripted runtime action is tracked from source, but retail completion needs exact trigger timing, target selection, payload/effect semantics, cleanup/replay behavior, and content smoke."
script_runtime_action,script_instance,Source\NexusForever.Script.Instance\Dungeon\ColdbloodCitadel\ColdbloodCitadelEventScript.cs,377,907,,Finish,script_public_event_finish,public_event_team,PublicEventTeam.PublicTeam,,source_expression_tracked,public_event_team_expression_tracked,PublicEventTeam.PublicTeam,Source/NexusForever.Script.*,public_event_finish_team_source_tracked,PublicEventTeam.PublicTeam,Source/NexusForever.Script.*,publicEvent.Finish(PublicEventTeam.PublicTeam);,script_public_event_finish_pending_reward_completion_smoke,Source/NexusForever.Script.Main;Source/NexusForever.Script.Instance,pending,not_retail_complete,"Scripted runtime action is tracked from source, but retail completion needs exact trigger timing, target selection, payload/effect semantics, cleanup/replay behavior, and content smoke."
script_runtime_action,script_instance,Source\NexusForever.Script.Instance\Dungeon\ProtogamesAcademy\ProtogamesAcademyEventScript.cs,498,667,,Finish,script_public_event_finish,public_event_team,PublicEventTeam.PublicTeam,,source_expression_tracked,public_event_team_expression_tracked,PublicEventTeam.PublicTeam,Source/NexusForever.Script.*,public_event_finish_team_source_tracked,PublicEventTeam.PublicTeam,Source/NexusForever.Script.*,publicEvent.Finish(PublicEventTeam.PublicTeam);,script_public_event_finish_pending_reward_completion_smoke,Source/NexusForever.Script.Main;Source/NexusForever.Script.Instance,pending,not_retail_complete,"Scripted runtime action is tracked from source, but retail completion needs exact trigger timing, target selection, payload/effect semantics, cleanup/replay behavior, and content smoke."
script_runtime_action,script_instance,Source\NexusForever.Script.Instance\Dungeon\RuinsOfKelVoreth\RuinsOfKelVorethEventScript.cs,115,161,,Finish,script_public_event_finish,public_event_team,PublicEventTeam.PublicTeam,,source_expression_tracked,public_event_team_expression_tracked,PublicEventTeam.PublicTeam,Source/NexusForever.Script.*,public_event_finish_team_source_tracked,PublicEventTeam.PublicTeam,Source/NexusForever.Script.*,publicEvent.Finish(PublicEventTeam.PublicTeam);,runtime_kel_voreth_final_boss_finish_action_tested,wildstar_client_mysql/PublicEvent.tbl.sql;wildstar_client_mysql/PublicEventObjective.tbl.sql;Source/NexusForever.Script.Instance/Dungeon/RuinsOfKelVoreth/RuinsOfKelVorethEventScript.cs;Source/NexusForever.Game.Tests/Instances/RuinsOfKelVorethEventScriptTests.cs,automated_focus_pass,not_retail_complete,"Ruins of Kel Voreth final public-event finish action is covered by focused tests proving the event finishes when the mapped final boss objective succeeds and incomplete objectives do not advance. Rewards, achievements, route smoke, and client validation remain tracked by producer, dependency, and parent instance rows."
script_runtime_action,script_instance,Source\NexusForever.Script.Instance\Dungeon\SanctuaryOfTheSwordmaiden\SanctuaryOfTheSwordmaidenEventScript.cs,179,166,,Finish,script_public_event_finish,public_event_team,PublicEventTeam.PublicTeam,,source_expression_tracked,public_event_team_expression_tracked,PublicEventTeam.PublicTeam,Source/NexusForever.Script.*,public_event_finish_team_source_tracked,PublicEventTeam.PublicTeam,Source/NexusForever.Script.*,publicEvent.Finish(PublicEventTeam.PublicTeam);,runtime_swordmaiden_final_boss_finish_action_tested,wildstar_client_mysql/PublicEvent.tbl.sql;wildstar_client_mysql/PublicEventObjective.tbl.sql;Source/NexusForever.Script.Instance/Dungeon/SanctuaryOfTheSwordmaiden/SanctuaryOfTheSwordmaidenEventScript.cs;Source/NexusForever.Game.Tests/Instances/SanctuaryOfTheSwordmaidenEventScriptTests.cs,automated_focus_pass,not_retail_complete,"Sanctuary of the Swordmaiden final public-event finish action is covered by focused tests proving the event finishes when the mapped final boss objective succeeds and incomplete objectives do not advance. Rewards, achievements, route smoke, and client validation remain tracked by producer, dependency, and parent instance rows."
script_runtime_action,script_instance,Source\NexusForever.Script.Instance\Dungeon\Skullcano\SkullcanoEventScript.cs,181,148,,Finish,script_public_event_finish,public_event_team,PublicEventTeam.PublicTeam,,source_expression_tracked,public_event_team_expression_tracked,PublicEventTeam.PublicTeam,Source/NexusForever.Script.*,public_event_finish_team_source_tracked,PublicEventTeam.PublicTeam,Source/NexusForever.Script.*,publicEvent.Finish(PublicEventTeam.PublicTeam);,runtime_skullcano_final_boss_finish_action_tested,wildstar_client_mysql/PublicEvent.tbl.sql;wildstar_client_mysql/PublicEventObjective.tbl.sql;Source/NexusForever.Script.Instance/Dungeon/Skullcano/SkullcanoEventScript.cs;Source/NexusForever.Game.Tests/Instances/SkullcanoEventScriptTests.cs,automated_focus_pass,not_retail_complete,"Skullcano final public-event finish action is covered by focused tests proving the event finishes when the mapped Mordechai Redmoon objective succeeds and incomplete objectives do not advance. Rewards, achievements, route smoke, and client validation remain tracked by producer, dependency, and parent instance rows."
script_runtime_action,script_instance,Source\NexusForever.Script.Instance\Dungeon\StormtalonsLair\StormtalonsLairEventScript.cs,315,145,,Finish,script_public_event_finish,public_event_team,PublicEventTeam.PublicTeam,,source_expression_tracked,public_event_team_expression_tracked,PublicEventTeam.PublicTeam,Source/NexusForever.Script.*,public_event_finish_team_source_tracked,PublicEventTeam.PublicTeam,Source/NexusForever.Script.*,publicEvent.Finish(PublicEventTeam.PublicTeam);,runtime_stormtalon_final_boss_finish_action_tested,wildstar_client_mysql/PublicEvent.tbl.sql;wildstar_client_mysql/PublicEventObjective.tbl.sql;Source/NexusForever.Script.Instance/Dungeon/StormtalonsLair/StormtalonsLairEventScript.cs;Source/NexusForever.Game.Tests/Instances/StormtalonsLairEventScriptTests.cs,automated_focus_pass,not_retail_complete,"Stormtalon's Lair final public-event finish action is covered by focused tests proving the event finishes when the mapped Stormtalon objective succeeds and incomplete objectives do not advance. Rewards, achievements, route smoke, and client validation remain tracked by producer, dependency, and parent instance rows."
script_runtime_action,script_instance,Source\NexusForever.Script.Instance\Dungeon\UltimateProtogames\Downsizer\UltimateProtogamesEventScript.cs,43,642,,Finish,script_public_event_finish,public_event_team,PublicEventTeam.PublicTeam,,source_expression_tracked,public_event_team_expression_tracked,PublicEventTeam.PublicTeam,Source/NexusForever.Script.*,public_event_finish_team_source_tracked,PublicEventTeam.PublicTeam,Source/NexusForever.Script.*,publicEvent.Finish(PublicEventTeam.PublicTeam);,runtime_up_downsizer_public_event_finish_action_tested,wildstar_client_mysql/PublicEvent.tbl.sql;Source/NexusForever.Script.Instance/Dungeon/UltimateProtogames/Downsizer/UltimateProtogamesEventScript.cs;Source/NexusForever.Game.Tests/Instances/UltimateProtogamesDownsizerEventScriptTests.cs,automated_focus_pass,not_retail_complete,"UltimateProtogames Downsizer public-event finish action is covered by focused tests: PE642 finishes only after objective 3197 succeeds, and active or challenge-objective status changes do not finish the event. Boss mechanics, rewards, achievements, portal route, and client smoke remain tracked by producer, dependency, and parent instance rows."
script_runtime_action,script_instance,Source\NexusForever.Script.Instance\EventBaseContentMapScript.cs,86,,,Finish,script_public_event_finish,public_event_team,PublicEventTeam.PublicTeam,,source_expression_tracked,public_event_team_expression_tracked,PublicEventTeam.PublicTeam,Source/NexusForever.Script.*,public_event_finish_team_source_tracked,PublicEventTeam.PublicTeam,Source/NexusForever.Script.*,publicEvent?.Finish(PublicEventTeam.PublicTeam);,script_public_event_finish_pending_reward_completion_smoke,Source/NexusForever.Script.Main;Source/NexusForever.Script.Instance,pending,not_retail_complete,"Scripted runtime action is tracked from source, but retail completion needs exact trigger timing, target selection, payload/effect semantics, cleanup/replay behavior, and content smoke."
script_runtime_action,script_instance,Source\NexusForever.Script.Instance\EventBaseContentMapScript.cs,88,,,Finish,script_public_event_finish,public_event_team,PublicEventTeam.PublicTeam,,source_expression_tracked,public_event_team_expression_tracked,PublicEventTeam.PublicTeam,Source/NexusForever.Script.*,public_event_finish_team_source_tracked,PublicEventTeam.PublicTeam,Source/NexusForever.Script.*,additionalPublicEvent.Finish(PublicEventTeam.PublicTeam);,script_public_event_finish_pending_reward_completion_smoke,Source/NexusForever.Script.Main;Source/NexusForever.Script.Instance,pending,not_retail_complete,"Scripted runtime action is tracked from source, but retail completion needs exact trigger timing, target selection, payload/effect semantics, cleanup/replay behavior, and content smoke."
script_runtime_action,script_instance,Source\NexusForever.Script.Instance\EventBasePvpContentMapScript.cs,83,,,Finish,script_public_event_finish,public_event_team,matchWinner == MatchWinner.Red ? PublicEventTeam.RedTeam_2 : PublicEventTeam.BlueTeam_2,,source_expression_tracked,public_event_team_expression_tracked,matchWinner == MatchWinner.Red ? PublicEventTeam.RedTeam_2 : PublicEventTeam.BlueTeam_2,Source/NexusForever.Script.*,public_event_finish_team_source_tracked,matchWinner == MatchWinner.Red ? PublicEventTeam.RedTeam_2 : PublicEventTeam.BlueTeam_2,Source/NexusForever.Script.*,publicEvent.Finish(matchWinner == MatchWinner.Red ? PublicEventTeam.RedTeam_2 : PublicEventTeam.BlueTeam_2);,script_public_event_finish_pending_reward_completion_smoke,Source/NexusForever.Script.Main;Source/NexusForever.Script.Instance,pending,not_retail_complete,"Scripted runtime action is tracked from source, but retail completion needs exact trigger timing, target selection, payload/effect semantics, cleanup/replay behavior, and content smoke."
script_runtime_action,script_instance,Source\NexusForever.Script.Instance\EventBasePvpContentMapScript.cs,84,,,Finish,script_public_event_finish,public_event_team,PublicEventTeam.PublicTeam,,source_expression_tracked,public_event_team_expression_tracked,PublicEventTeam.PublicTeam,Source/NexusForever.Script.*,public_event_finish_team_source_tracked,PublicEventTeam.PublicTeam,Source/NexusForever.Script.*,publicSubEvent.Finish(PublicEventTeam.PublicTeam);,script_public_event_finish_pending_reward_completion_smoke,Source/NexusForever.Script.Main;Source/NexusForever.Script.Instance,pending,not_retail_complete,"Scripted runtime action is tracked from source, but retail completion needs exact trigger timing, target selection, payload/effect semantics, cleanup/replay behavior, and content smoke."
script_runtime_action,script_instance,Source\NexusForever.Script.Instance\Expedition\EvilFromTheEther\EvilFromTheEtherEventScript.cs,726,781,,Finish,script_public_event_finish,public_event_team,PublicEventTeam.PublicTeam,,source_expression_tracked,public_event_team_expression_tracked,PublicEventTeam.PublicTeam,Source/NexusForever.Script.*,public_event_finish_team_source_tracked,PublicEventTeam.PublicTeam,Source/NexusForever.Script.*,publicEvent.Finish(PublicEventTeam.PublicTeam);,runtime_evil_ether_final_captain_weir_finish_action_tested,wildstar_client_mysql/PublicEvent.tbl.sql;wildstar_client_mysql/PublicEventObjective.tbl.sql;Source/NexusForever.Script.Instance/Expedition/EvilFromTheEther/EvilFromTheEtherEventScript.cs;Source/NexusForever.Game.Tests/PublicEvents/EvilFromTheEtherEventScriptTests.cs,automated_focus_pass,not_retail_complete,"Evil from the Ether final public-event finish action is covered by focused tests proving the event finishes when the mapped final Captain Weir objective succeeds and incomplete objectives do not finish. Rewards, achievements, route smoke, and client validation remain tracked by producer, dependency, and parent instance rows."
script_runtime_action,script_instance,Source\NexusForever.Script.Instance\Expedition\FragmentZero\FragmentZeroEventScript.cs,379,680,,Finish,script_public_event_finish,public_event_team,PublicEventTeam.PublicTeam,,source_expression_tracked,public_event_team_expression_tracked,PublicEventTeam.PublicTeam,Source/NexusForever.Script.*,public_event_finish_team_source_tracked,PublicEventTeam.PublicTeam,Source/NexusForever.Script.*,publicEvent.Finish(PublicEventTeam.PublicTeam);,runtime_fragment_zero_final_hugo_finish_action_tested,wildstar_client_mysql/PublicEvent.tbl.sql;wildstar_client_mysql/PublicEventObjective.tbl.sql;Source/NexusForever.Script.Instance/Expedition/FragmentZero/FragmentZeroEventScript.cs;Source/NexusForever.Game.Tests/Instances/FragmentZeroEventScriptTests.cs,automated_focus_pass,not_retail_complete,"Fragment Zero final public-event finish action is covered by focused tests proving the event finishes when the mapped Hugo objective succeeds. Rewards, achievements, route smoke, and client validation remain tracked by producer, dependency, and parent instance rows."
script_runtime_action,script_instance,Source\NexusForever.Script.Instance\Expedition\Gauntlet\GauntletEventScript.cs,305,446,,Finish,script_public_event_finish,public_event_team,PublicEventTeam.PublicTeam,,source_expression_tracked,public_event_team_expression_tracked,PublicEventTeam.PublicTeam,Source/NexusForever.Script.*,public_event_finish_team_source_tracked,PublicEventTeam.PublicTeam,Source/NexusForever.Script.*,publicEvent.Finish(PublicEventTeam.PublicTeam);,runtime_gauntlet_final_npc_finish_action_tested,wildstar_client_mysql/PublicEvent.tbl.sql;wildstar_client_mysql/PublicEventObjective.tbl.sql;Source/NexusForever.Script.Instance/Expedition/Gauntlet/GauntletEventScript.cs;Source/NexusForever.Game.Tests/Instances/GauntletEventScriptTests.cs,automated_focus_pass,not_retail_complete,"Gauntlet final public-event finish action is covered by focused tests proving the event finishes when the mapped Judge Kain talk objective succeeds and incomplete objectives do not finish. Rewards, achievements, route smoke, and client validation remain tracked by producer, dependency, and parent instance rows."
script_runtime_action,script_instance,Source\NexusForever.Script.Instance\Expedition\Infestation\InfestationEventScript.cs,361,95,,Finish,script_public_event_finish,public_event_team,PublicEventTeam.PublicTeam,,source_expression_tracked,public_event_team_expression_tracked,PublicEventTeam.PublicTeam,Source/NexusForever.Script.*,public_event_finish_team_source_tracked,PublicEventTeam.PublicTeam,Source/NexusForever.Script.*,publicEvent.Finish(PublicEventTeam.PublicTeam);,script_public_event_finish_pending_reward_completion_smoke,Source/NexusForever.Script.Main;Source/NexusForever.Script.Instance,pending,not_retail_complete,"Scripted runtime action is tracked from source, but retail completion needs exact trigger timing, target selection, payload/effect semantics, cleanup/replay behavior, and content smoke."
script_runtime_action,script_instance,Source\NexusForever.Script.Instance\Expedition\OutpostM13\OutpostM13EventScript.cs,255,108,,Finish,script_public_event_finish,public_event_team,PublicEventTeam.PublicTeam,,source_expression_tracked,public_event_team_expression_tracked,PublicEventTeam.PublicTeam,Source/NexusForever.Script.*,public_event_finish_team_source_tracked,PublicEventTeam.PublicTeam,Source/NexusForever.Script.*,publicEvent.Finish(PublicEventTeam.PublicTeam);,script_public_event_finish_pending_reward_completion_smoke,Source/NexusForever.Script.Main;Source/NexusForever.Script.Instance,pending,not_retail_complete,"Scripted runtime action is tracked from source, but retail completion needs exact trigger timing, target selection, payload/effect semantics, cleanup/replay behavior, and content smoke."
script_runtime_action,script_instance,Source\NexusForever.Script.Instance\Expedition\RageLogic\RageLogicVehicleChoiceEventScript.cs,42,213,,Finish,script_public_event_finish,public_event_team,PublicEventTeam.PublicTeam,,source_expression_tracked,public_event_team_expression_tracked,PublicEventTeam.PublicTeam,Source/NexusForever.Script.*,public_event_finish_team_source_tracked,PublicEventTeam.PublicTeam,Source/NexusForever.Script.*,publicEvent.Finish(PublicEventTeam.PublicTeam);,script_public_event_finish_pending_reward_completion_smoke,Source/NexusForever.Script.Main;Source/NexusForever.Script.Instance,pending,not_retail_complete,"Scripted runtime action is tracked from source, but retail completion needs exact trigger timing, target selection, payload/effect semantics, cleanup/replay behavior, and content smoke."
script_runtime_action,script_instance,Source\NexusForever.Script.Instance\Expedition\SpaceMadness\SpaceMadnessEventScript.cs,733,390,,Finish,script_public_event_finish,public_event_team,PublicEventTeam.PublicTeam,,source_expression_tracked,public_event_team_expression_tracked,PublicEventTeam.PublicTeam,Source/NexusForever.Script.*,public_event_finish_team_source_tracked,PublicEventTeam.PublicTeam,Source/NexusForever.Script.*,publicEvent.Finish(PublicEventTeam.PublicTeam);,runtime_space_madness_final_signal_finish_action_tested,wildstar_client_mysql/PublicEvent.tbl.sql;wildstar_client_mysql/PublicEventObjective.tbl.sql;Source/NexusForever.Script.Instance/Expedition/SpaceMadness/SpaceMadnessEventScript.cs;Source/NexusForever.Game.Tests/Instances/SpaceMadnessEventScriptTests.cs,automated_focus_pass,not_retail_complete,"Space Madness final public-event finish action is covered by focused tests proving the event finishes when the mapped all-clear signal objective succeeds. Rewards, achievements, route smoke, and client validation remain tracked by producer, dependency, and parent instance rows."
script_runtime_action,script_instance,Source\NexusForever.Script.Instance\Raid\Datascape\DatascapeEventScript.cs,430,157,,Finish,script_public_event_finish,public_event_team,PublicEventTeam.PublicTeam,,source_expression_tracked,public_event_team_expression_tracked,PublicEventTeam.PublicTeam,Source/NexusForever.Script.*,public_event_finish_team_source_tracked,PublicEventTeam.PublicTeam,Source/NexusForever.Script.*,publicEvent.Finish(PublicEventTeam.PublicTeam);,script_public_event_finish_pending_reward_completion_smoke,Source/NexusForever.Script.Main;Source/NexusForever.Script.Instance,pending,not_retail_complete,"Scripted runtime action is tracked from source, but retail completion needs exact trigger timing, target selection, payload/effect semantics, cleanup/replay behavior, and content smoke."
script_runtime_action,script_instance,Source\NexusForever.Script.Instance\Raid\GeneticArchives\GeneticArchivesEventScript.cs,157,159,,Finish,script_public_event_finish,public_event_team,PublicEventTeam.PublicTeam,,source_expression_tracked,public_event_team_expression_tracked,PublicEventTeam.PublicTeam,Source/NexusForever.Script.*,public_event_finish_team_source_tracked,PublicEventTeam.PublicTeam,Source/NexusForever.Script.*,publicEvent.Finish(PublicEventTeam.PublicTeam);,script_public_event_finish_pending_reward_completion_smoke,Source/NexusForever.Script.Main;Source/NexusForever.Script.Instance,pending,not_retail_complete,"Scripted runtime action is tracked from source, but retail completion needs exact trigger timing, target selection, payload/effect semantics, cleanup/replay behavior, and content smoke."
script_runtime_action,script_instance,Source\NexusForever.Script.Instance\Raid\InitializationCoreY83\InitializationCoreY83EventScript.cs,88,595,,Finish,script_public_event_finish,public_event_team,PublicEventTeam.PublicTeam,,source_expression_tracked,public_event_team_expression_tracked,PublicEventTeam.PublicTeam,Source/NexusForever.Script.*,public_event_finish_team_source_tracked,PublicEventTeam.PublicTeam,Source/NexusForever.Script.*,publicEvent.Finish(PublicEventTeam.PublicTeam);,script_public_event_finish_pending_reward_completion_smoke,Source/NexusForever.Script.Main;Source/NexusForever.Script.Instance,pending,not_retail_complete,"Scripted runtime action is tracked from source, but retail completion needs exact trigger timing, target selection, payload/effect semantics, cleanup/replay behavior, and content smoke."
script_runtime_action,script_instance,Source\NexusForever.Script.Instance\Raid\RedMoonTerror\FortyMan\RedMoonTerror40ManEventScript.cs,73,650,,Finish,script_public_event_finish,public_event_team,PublicEventTeam.PublicTeam,,source_expression_tracked,public_event_team_expression_tracked,PublicEventTeam.PublicTeam,Source/NexusForever.Script.*,public_event_finish_team_source_tracked,PublicEventTeam.PublicTeam,Source/NexusForever.Script.*,publicEvent.Finish(PublicEventTeam.PublicTeam);,script_public_event_finish_pending_reward_completion_smoke,Source/NexusForever.Script.Main;Source/NexusForever.Script.Instance,pending,not_retail_complete,"Scripted runtime action is tracked from source, but retail completion needs exact trigger timing, target selection, payload/effect semantics, cleanup/replay behavior, and content smoke."
script_runtime_action,script_instance,Source\NexusForever.Script.Instance\Raid\RedMoonTerror\RedMoonTerrorEventScript.cs,204,705,,Finish,script_public_event_finish,public_event_team,PublicEventTeam.PublicTeam,,source_expression_tracked,public_event_team_expression_tracked,PublicEventTeam.PublicTeam,Source/NexusForever.Script.*,public_event_finish_team_source_tracked,PublicEventTeam.PublicTeam,Source/NexusForever.Script.*,publicEvent.Finish(PublicEventTeam.PublicTeam);,script_public_event_finish_pending_reward_completion_smoke,Source/NexusForever.Script.Main;Source/NexusForever.Script.Instance,pending,not_retail_complete,"Scripted runtime action is tracked from source, but retail completion needs exact trigger timing, target selection, payload/effect semantics, cleanup/replay behavior, and content smoke."
script_runtime_action,script_instance,Source\NexusForever.Script.Instance\WorldStory\HallOfTheHundred\ColdAndHungryEventScript.cs,137,677,,Finish,script_public_event_finish,public_event_team,PublicEventTeam.PublicTeam,,source_expression_tracked,public_event_team_expression_tracked,PublicEventTeam.PublicTeam,Source/NexusForever.Script.*,public_event_finish_team_source_tracked,PublicEventTeam.PublicTeam,Source/NexusForever.Script.*,publicEvent.Finish(PublicEventTeam.PublicTeam);,runtime_hoth_cold_and_hungry_finish_action_tested,wildstar_client_mysql/PublicEvent.tbl.sql;wildstar_client_mysql/PublicEventObjective.tbl.sql;Source/NexusForever.Script.Instance/WorldStory/HallOfTheHundred/ColdAndHungryEventScript.cs;Source/NexusForever.Game.Tests/Instances/HallOfTheHundredOptionalEventScriptTests.cs,automated_focus_pass,not_retail_complete,"Hall of the Hundred Cold and Hungry finish action is covered by focused optional-event tests proving the event finishes when the mapped defeat objective succeeds. Rewards, achievements, route smoke, and client validation remain tracked by producer, dependency, and parent instance rows."
script_runtime_action,script_instance,Source\NexusForever.Script.Instance\WorldStory\HallOfTheHundred\ColdSoupForTheSoulrotEventScript.cs,164,678,,Finish,script_public_event_finish,public_event_team,PublicEventTeam.PublicTeam,,source_expression_tracked,public_event_team_expression_tracked,PublicEventTeam.PublicTeam,Source/NexusForever.Script.*,public_event_finish_team_source_tracked,PublicEventTeam.PublicTeam,Source/NexusForever.Script.*,publicEvent.Finish(PublicEventTeam.PublicTeam);,runtime_hoth_cold_soup_finish_action_tested,wildstar_client_mysql/PublicEvent.tbl.sql;wildstar_client_mysql/PublicEventObjective.tbl.sql;Source/NexusForever.Script.Instance/WorldStory/HallOfTheHundred/ColdSoupForTheSoulrotEventScript.cs;Source/NexusForever.Game.Tests/Instances/HallOfTheHundredOptionalEventScriptTests.cs,automated_focus_pass,not_retail_complete,"Hall of the Hundred Cold Soup finish action is covered by focused optional-event tests proving the event finishes when the mapped kill objective succeeds. Rewards, achievements, route smoke, and client validation remain tracked by producer, dependency, and parent instance rows."
script_runtime_action,script_instance,Source\NexusForever.Script.Instance\WorldStory\HallOfTheHundred\HallOfTheHundredEventScript.cs,887,666,,Finish,script_public_event_finish,public_event_team,PublicEventTeam.PublicTeam,,source_expression_tracked,public_event_team_expression_tracked,PublicEventTeam.PublicTeam,Source/NexusForever.Script.*,public_event_finish_team_source_tracked,PublicEventTeam.PublicTeam,Source/NexusForever.Script.*,publicEvent.Finish(PublicEventTeam.PublicTeam);,runtime_hoth_vault_exit_public_event_finish_action_tested,wildstar_client_mysql/PublicEvent.tbl.sql;wildstar_client_mysql/PublicEventObjective.tbl.sql;Source/NexusForever.Script.Instance/WorldStory/HallOfTheHundred/HallOfTheHundredEventScript.cs;Source/NexusForever.Game.Tests/Instances/HallOfTheHundredEventScriptTests.cs,automated_focus_pass,not_retail_complete,"Hall of the Hundred final public-event finish action is covered by focused tests proving the event finishes only after the vault-exit objective succeeds and incomplete final status does not finish. Rewards, achievements, route smoke, and client validation remain tracked by producer, dependency, and parent instance rows."
script_runtime_action,script_instance,Source\NexusForever.Script.Instance\WorldStory\HallOfTheHundred\TheGraveyardEchoedEventScript.cs,162,696,,Finish,script_public_event_finish,public_event_team,PublicEventTeam.PublicTeam,,source_expression_tracked,public_event_team_expression_tracked,PublicEventTeam.PublicTeam,Source/NexusForever.Script.*,public_event_finish_team_source_tracked,PublicEventTeam.PublicTeam,Source/NexusForever.Script.*,publicEvent.Finish(PublicEventTeam.PublicTeam);,runtime_hoth_graveyard_finish_action_tested,wildstar_client_mysql/PublicEvent.tbl.sql;wildstar_client_mysql/PublicEventObjective.tbl.sql;Source/NexusForever.Script.Instance/WorldStory/HallOfTheHundred/TheGraveyardEchoedEventScript.cs;Source/NexusForever.Game.Tests/Instances/HallOfTheHundredOptionalEventScriptTests.cs,automated_focus_pass,not_retail_complete,"Hall of the Hundred Graveyard Echoed finish action is covered by focused optional-event tests proving the event finishes when the mapped defeat objective succeeds. Rewards, achievements, route smoke, and client validation remain tracked by producer, dependency, and parent instance rows."
script_runtime_action,script_instance,Source\NexusForever.Script.Instance\Expedition\EvilFromTheEther\Script\KatjaZarkhovFloatingEntityScript.cs,57,,,CastSpell,script_spell_cast,spell4_id,81640,81640,numeric_literal_resolved,spell4_row_matched,W3404 PE781 - Etheric Beam - Being to Portal - KLW - Tier 1,wildstar_client_mysql/Spell4.tbl.sql,literal_or_constant_client_reference_tracked,reference_id=81640;client_reference_status=spell4_row_matched,Source/NexusForever.Script.*;wildstar_client_mysql,"entity.CastSpell(81640, parameters);",script_spell_cast_pending_spell_effect_targeting_smoke,Source/NexusForever.Script.Main;Source/NexusForever.Script.Instance,pending,not_retail_complete,"Scripted runtime action is tracked from source, but retail completion needs exact trigger timing, target selection, payload/effect semantics, cleanup/replay behavior, and content smoke."
script_runtime_action,script_instance,Source\NexusForever.Script.Instance\Expedition\EvilFromTheEther\Script\RavenousRefugeeEntityScript.cs,42,,RavenousRefugeeEntityScript,CastSpell,script_spell_cast,spell4_id,87237,87237,numeric_literal_resolved,spell4_row_matched,w3404 Creature - Sleeping  - Tier 1,wildstar_client_mysql/Spell4.tbl.sql,literal_or_constant_client_reference_tracked,reference_id=87237;client_reference_status=spell4_row_matched,Source/NexusForever.Script.*;wildstar_client_mysql,"entity.CastSpell(87237, spellParameters);",script_spell_cast_pending_spell_effect_targeting_smoke,Source/NexusForever.Script.Main;Source/NexusForever.Script.Instance,pending,not_retail_complete,"Scripted runtime action is tracked from source, but retail completion needs exact trigger timing, target selection, payload/effect semantics, cleanup/replay behavior, and content smoke."
script_runtime_action,script_instance,Source\NexusForever.Script.Instance\Expedition\EvilFromTheEther\Script\RavenousRefugeeEntityScript.cs,49,,RavenousRefugeeEntityScript,CastSpell,script_spell_cast,spell4_id,87245,87245,numeric_literal_resolved,spell4_row_matched,w3404 - Ravenous Awakening - Tier 1,wildstar_client_mysql/Spell4.tbl.sql,literal_or_constant_client_reference_tracked,reference_id=87245;client_reference_status=spell4_row_matched,Source/NexusForever.Script.*;wildstar_client_mysql,"entity.CastSpell(87245, spellParameters);",script_spell_cast_pending_spell_effect_targeting_smoke,Source/NexusForever.Script.Main;Source/NexusForever.Script.Instance,pending,not_retail_complete,"Scripted runtime action is tracked from source, but retail completion needs exact trigger timing, target selection, payload/effect semantics, cleanup/replay behavior, and content smoke."
script_runtime_action,script_instance,Source\NexusForever.Script.Instance\Expedition\EvilFromTheEther\Script\TetheredOrganismEntityScript.cs,55,,,CastSpell,script_spell_cast,spell4_id,81640,81640,numeric_literal_resolved,spell4_row_matched,W3404 PE781 - Etheric Beam - Being to Portal - KLW - Tier 1,wildstar_client_mysql/Spell4.tbl.sql,literal_or_constant_client_reference_tracked,reference_id=81640;client_reference_status=spell4_row_matched,Source/NexusForever.Script.*;wildstar_client_mysql,"entity.CastSpell(81640, parameters);",script_spell_cast_pending_spell_effect_targeting_smoke,Source/NexusForever.Script.Main;Source/NexusForever.Script.Instance,pending,not_retail_complete,"Scripted runtime action is tracked from source, but retail completion needs exact trigger timing, target selection, payload/effect semantics, cleanup/replay behavior, and content smoke."
script_runtime_action,script_main,Source\NexusForever.Script.Main\AI\CombatAI.cs,824,,,CastSpell,script_spell_cast,spell4_id,profile.AggroSpell4Id,,source_expression_tracked,dynamic_spell_reference_pending_source_trace,,Source/NexusForever.Script.*;wildstar_client_mysql/Spell4.tbl.sql,combat_ai_aggro_spell_profile_source_tracked,CombatAI.OnEnterRange casts profile.AggroSpell4Id when nonzero; profile provenance is DefaultCombatProfileProvider/manual profiles and still needs per-profile smoke.,Source/NexusForever.Script.Main/AI/CombatAI.cs;Source/NexusForever.Script.Main/AI/DefaultCombatProfileProvider.cs;Source/NexusForever.Script.Main/AI/CombatProfiles.json;Source/NexusForever.Script.Main/AI/CombatKits.json,"entity.CastSpell(profile.AggroSpell4Id, spellParameters);",script_spell_cast_pending_spell_effect_targeting_smoke,Source/NexusForever.Script.Main;Source/NexusForever.Script.Instance,pending,not_retail_complete,"Scripted runtime action is tracked from source, but retail completion needs exact trigger timing, target selection, payload/effect semantics, cleanup/replay behavior, and content smoke."
script_runtime_action,script_main,Source\NexusForever.Script.Main\Creature\BrambleTrapEntityScript.cs,47,,,CastSpell,script_spell_cast,spell4_id,PenaltySpellId,46051,numeric_constant_resolved,spell4_row_matched,Q6296 - Penalty Spell - Grasping Roots  AE - DEN1 - Tier 1,wildstar_client_mysql/Spell4.tbl.sql,literal_or_constant_client_reference_tracked,reference_id=46051;client_reference_status=spell4_row_matched,Source/NexusForever.Script.*;wildstar_client_mysql,"activator.CastSpell(PenaltySpellId, spellParameters);",script_spell_cast_pending_spell_effect_targeting_smoke,Source/NexusForever.Script.Main;Source/NexusForever.Script.Instance,pending,not_retail_complete,"Scripted runtime action is tracked from source, but retail completion needs exact trigger timing, target selection, payload/effect semantics, cleanup/replay behavior, and content smoke."
script_runtime_action,script_main,Source\NexusForever.Script.Main\Creature\MarauderMineEntityScript.cs,38,,,CastSpell,script_spell_cast,spell4_id,DetonateSpellId,26443,numeric_constant_resolved,spell4_row_matched,Q4544 - Mine Disarm Explosion - Gallow - Tier 1,wildstar_client_mysql/Spell4.tbl.sql,literal_or_constant_client_reference_tracked,reference_id=26443;client_reference_status=spell4_row_matched,Source/NexusForever.Script.*;wildstar_client_mysql,"owner.CastSpell(DetonateSpellId, spellParameters);",script_spell_cast_pending_spell_effect_targeting_smoke,Source/NexusForever.Script.Main;Source/NexusForever.Script.Instance,pending,not_retail_complete,"Scripted runtime action is tracked from source, but retail completion needs exact trigger timing, target selection, payload/effect semantics, cleanup/replay behavior, and content smoke."
script_runtime_action,script_main,Source\NexusForever.Script.Main\Housing\HousingPortalEntityScript.cs,72,,,CastSpell,script_spell_cast,spell4_id,HousingDialogSpellId,39111,numeric_constant_resolved,spell4_row_matched,Teleport to the 1229 - Yes/No - CSI - tchu - Tier 1,wildstar_client_mysql/Spell4.tbl.sql,literal_or_constant_client_reference_tracked,reference_id=39111;client_reference_status=spell4_row_matched,Source/NexusForever.Script.*;wildstar_client_mysql,"activator.CastSpell(HousingDialogSpellId, spellParameters);",script_spell_cast_pending_spell_effect_targeting_smoke,Source/NexusForever.Script.Main;Source/NexusForever.Script.Instance,pending,not_retail_complete,"Scripted runtime action is tracked from source, but retail completion needs exact trigger timing, target selection, payload/effect semantics, cleanup/replay behavior, and content smoke."
script_runtime_action,script_main,Source\NexusForever.Script.Main\Spells\EngineerPulseBlastSpellScript.cs,44,37302;56145;56146;56147;56148;56149;56150;56151;56152,,CastSpell,script_spell_cast,spell4_id,HiddenVolatilitySpellId,42148,numeric_constant_resolved,spell4_row_matched,[Hidden] Engineer - Add 15 Volatility - Tier 1,wildstar_client_mysql/Spell4.tbl.sql,literal_or_constant_client_reference_tracked,reference_id=42148;client_reference_status=spell4_row_matched,Source/NexusForever.Script.*;wildstar_client_mysql,"activeSpell.Caster.CastSpell(HiddenVolatilitySpellId, spellParameters);",script_spell_cast_pending_spell_effect_targeting_smoke,Source/NexusForever.Script.Main;Source/NexusForever.Script.Instance,pending,not_retail_complete,"Scripted runtime action is tracked from source, but retail completion needs exact trigger timing, target selection, payload/effect semantics, cleanup/replay behavior, and content smoke."
script_runtime_action,script_main,Source\NexusForever.Script.Main\Tutorial\StarterTutorialQuestScript.cs,66,10513;10521;10527;10532,,CastSpell,script_spell_cast,spell4_id,spellId<-HoverboardSprintVisualSpellId,82298,helper_numeric_constant_resolved,spell4_row_matched,Hoverboard Sprint Visual - Tier 1,wildstar_client_mysql/Spell4.tbl.sql,starter_tutorial_helper_spell_constant_traced,CastSpell helper parameter traced to spellId<-HoverboardSprintVisualSpellId;client_reference_status=spell4_row_matched,Source/NexusForever.Script.Main/Tutorial/StarterTutorialQuestScript.cs;wildstar_client_mysql/Spell4.tbl.sql,"owner.Player.CastSpell(spellId, spellParameters);",script_spell_cast_pending_spell_effect_targeting_smoke,Source/NexusForever.Script.Main;Source/NexusForever.Script.Instance,pending,not_retail_complete,"Scripted runtime action is tracked from source, but retail completion needs exact trigger timing, target selection, payload/effect semantics, cleanup/replay behavior, and content smoke."
script_runtime_action,script_main,Source\NexusForever.Script.Main\Tutorial\TutorialHoverboardBoosterEntityScript.cs,121,,,CastSpell,script_spell_cast,spell4_id,ExtraGasSpellId,85424,numeric_constant_resolved,spell4_row_matched,Extra Gas - NPEU - Part 1 - Coralus - JBN - Tier 1,wildstar_client_mysql/Spell4.tbl.sql,literal_or_constant_client_reference_tracked,reference_id=85424;client_reference_status=spell4_row_matched,Source/NexusForever.Script.*;wildstar_client_mysql,"player.CastSpell(ExtraGasSpellId, CreateSpellParameters(player));",script_spell_cast_pending_spell_effect_targeting_smoke,Source/NexusForever.Script.Main;Source/NexusForever.Script.Instance,pending,not_retail_complete,"Scripted runtime action is tracked from source, but retail completion needs exact trigger timing, target selection, payload/effect semantics, cleanup/replay behavior, and content smoke."
script_runtime_action,script_main,Source\NexusForever.Script.Main\Tutorial\TutorialHoverboardBoosterEntityScript.cs,122,,,CastSpell,script_spell_cast,spell4_id,HoverboardSprintVisualSpellId,82298,numeric_constant_resolved,spell4_row_matched,Hoverboard Sprint Visual - Tier 1,wildstar_client_mysql/Spell4.tbl.sql,literal_or_constant_client_reference_tracked,reference_id=82298;client_reference_status=spell4_row_matched,Source/NexusForever.Script.*;wildstar_client_mysql,"player.CastSpell(HoverboardSprintVisualSpellId, CreateSpellParameters(player));",script_spell_cast_pending_spell_effect_targeting_smoke,Source/NexusForever.Script.Main;Source/NexusForever.Script.Instance,pending,not_retail_complete,"Scripted runtime action is tracked from source, but retail completion needs exact trigger timing, target selection, payload/effect semantics, cleanup/replay behavior, and content smoke."
script_runtime_action,script_main,Source\NexusForever.Script.Main\Tutorial\TutorialHoverboardRingEntityScript.cs,68,,,CastSpell,script_spell_cast,spell4_id,HoverboardRaceObjectiveFxSpellId,82460,numeric_constant_resolved,spell4_row_matched,HA15 - Hoverboard Race Objective Increment FX - MLB13 - Tier 1,wildstar_client_mysql/Spell4.tbl.sql,literal_or_constant_client_reference_tracked,reference_id=82460;client_reference_status=spell4_row_matched,Source/NexusForever.Script.*;wildstar_client_mysql,"player.CastSpell(HoverboardRaceObjectiveFxSpellId, CreateSpellParameters(player));",script_spell_cast_pending_spell_effect_targeting_smoke,Source/NexusForever.Script.Main;Source/NexusForever.Script.Instance,pending,not_retail_complete,"Scripted runtime action is tracked from source, but retail completion needs exact trigger timing, target selection, payload/effect semantics, cleanup/replay behavior, and content smoke."
script_runtime_action,script_main,Source\NexusForever.Script.Main\Quests\CrimsonIsle\Q5594LastResistance.cs,35,,,TeleportTo,script_teleport,world_or_location,WorldOlyssia,22,numeric_constant_resolved,world_row_matched,Map\Western,wildstar_client_mysql/World.tbl.sql,literal_or_constant_client_reference_tracked,reference_id=22;client_reference_status=world_row_matched,Source/NexusForever.Script.*;wildstar_client_mysql,activator.TeleportTo(,script_teleport_pending_destination_access_smoke,Source/NexusForever.Script.Main;Source/NexusForever.Script.Instance,pending,not_retail_complete,"Scripted runtime action is tracked from source, but retail completion needs exact trigger timing, target selection, payload/effect semantics, cleanup/replay behavior, and content smoke."
script_runtime_action,script_main,Source\NexusForever.Script.Main\Quests\NorthernWilds\Q3963MoreImportantThanRevenge.cs,125,3963,,TeleportTo,script_teleport,world_or_location,destination.WorldId,,source_expression_tracked,dynamic_world_reference_pending_source_trace,,Source/NexusForever.Script.*;wildstar_client_mysql/World.tbl.sql,dynamic_world_reference_pending_source_trace,destination.WorldId,Source/NexusForever.Script.*;wildstar_client_mysql/World.tbl.sql,player.TeleportTo(,script_teleport_pending_destination_access_smoke,Source/NexusForever.Script.Main;Source/NexusForever.Script.Instance,pending,not_retail_complete,"Scripted runtime action is tracked from source, but retail completion needs exact trigger timing, target selection, payload/effect semantics, cleanup/replay behavior, and content smoke."
script_runtime_action,script_main,Source\NexusForever.Script.Main\Quests\Tutorial\Q10528EscapePod.cs,64,10528,,TeleportTo,script_teleport,world_or_location,destination.WorldId,,source_expression_tracked,dynamic_world_reference_pending_source_trace,,Source/NexusForever.Script.*;wildstar_client_mysql/World.tbl.sql,starter_departure_routing_world_rows_matched,world_ids=426;990;worlds=Map\Eastern;Map\Eastern,Source/NexusForever.Game.Static/Tutorial/StarterTutorialDepartureRouting.cs;Source/NexusForever.Game.Tests/Quests/StarterTutorialDepartureRoutingTests.cs;wildstar_client_mysql/World.tbl.sql,owner.Player.TeleportTo(,script_teleport_pending_destination_access_smoke,Source/NexusForever.Script.Main;Source/NexusForever.Script.Instance,pending,not_retail_complete,"Scripted runtime action is tracked from source, but retail completion needs exact trigger timing, target selection, payload/effect semantics, cleanup/replay behavior, and content smoke."
script_runtime_action,script_main,Source\NexusForever.Script.Main\Quests\Tutorial\Q10530EscapePod.cs,64,10530,,TeleportTo,script_teleport,world_or_location,destination.WorldId,,source_expression_tracked,dynamic_world_reference_pending_source_trace,,Source/NexusForever.Script.*;wildstar_client_mysql/World.tbl.sql,starter_departure_routing_world_rows_matched,world_ids=870;1387;worlds=Map\Western;Map\Western,Source/NexusForever.Game.Static/Tutorial/StarterTutorialDepartureRouting.cs;Source/NexusForever.Game.Tests/Quests/StarterTutorialDepartureRoutingTests.cs;wildstar_client_mysql/World.tbl.sql,owner.Player.TeleportTo(,script_teleport_pending_destination_access_smoke,Source/NexusForever.Script.Main;Source/NexusForever.Script.Instance,pending,not_retail_complete,"Scripted runtime action is tracked from source, but retail completion needs exact trigger timing, target selection, payload/effect semantics, cleanup/replay behavior, and content smoke."
script_runtime_action,script_main,Source\NexusForever.Script.Main\Transport\WorldLocationTeleporterEntityScript.cs,210,,,TeleportTo,script_teleport,world_or_location,destination.WorldId,,source_expression_tracked,dynamic_world_reference_pending_source_trace,,Source/NexusForever.Script.*;wildstar_client_mysql/World.tbl.sql,world_location_teleporter_worldlocation_rows_matched,world_location_ids=1594;9801;19279;19282;20541;21659;21660;21760;24083;32543;36742;36743;37772;37775;37776;37777;40704;40705;40707;43968;43971;46311;46314;46631;49900;49901;49902;50181;50182;50187;matched_world_location_count=30;world_ids=22;51;426;870;990;1061;1068;1333;1421;1462;2979;2997;3335;worlds=Map\Western;Map\Eastern;Map\Eastern;Map\Western;Map\Eastern;Map\NewCentral;Map\HalonRingNew;Map\Datascape;Map\Farsidesque;Map\GeneticArchives;Map\PCPLevianBay;Map\PocketCaps;Map\Arcterra,Source/NexusForever.Script.Main/Transport/WorldLocationTeleporterEntityScript.cs;wildstar_client_mysql/WorldLocation2.tbl.sql;wildstar_client_mysql/World.tbl.sql,"activator.TeleportTo((ushort)destination.WorldId, destination.Position0, destination.Position1, destination.Position2);",script_teleport_pending_destination_access_smoke,Source/NexusForever.Script.Main;Source/NexusForever.Script.Instance,pending,not_retail_complete,"Scripted runtime action is tracked from source, but retail completion needs exact trigger timing, target selection, payload/effect semantics, cleanup/replay behavior, and content smoke."
script_runtime_action,script_main,Source\NexusForever.Script.Main\Transport\WorldLocationTeleporterEntityScript.cs,243,,,TeleportTo,script_teleport,world_or_location,world.Id,,source_expression_tracked,dynamic_world_reference_pending_source_trace,,Source/NexusForever.Script.*;wildstar_client_mysql/World.tbl.sql,direct_transport_world_rows_matched,world_ids=51;870;990;1387;worlds=Map\Eastern;Map\Western;Map\Eastern;Map\Western,Source/NexusForever.Script.Main/Transport/WorldLocationTeleporterEntityScript.cs;wildstar_client_mysql/World.tbl.sql,activator.TeleportTo(,script_teleport_pending_destination_access_smoke,Source/NexusForever.Script.Main;Source/NexusForever.Script.Instance,pending,not_retail_complete,"Scripted runtime action is tracked from source, but retail completion needs exact trigger timing, target selection, payload/effect semantics, cleanup/replay behavior, and content smoke."
script_runtime_action,script_main,Source\NexusForever.Script.Main\Tutorial\TutorialCombatProjectorEntityScript.cs,142,,,TeleportTo,script_teleport,world_or_location,destination.WorldId,,source_expression_tracked,dynamic_world_reference_pending_source_trace,,Source/NexusForever.Script.*;wildstar_client_mysql/World.tbl.sql,tutorial_combat_projector_worldlocation_rows_matched,world_location_ids=51739;52898;matched_world_location_count=2;world_ids=3460;worlds=Map\NewPlayerExperience,Source/NexusForever.Script.Main/Tutorial/TutorialCombatProjectorEntityScript.cs;wildstar_client_mysql/WorldLocation2.tbl.sql;wildstar_client_mysql/World.tbl.sql,"activator.TeleportTo((ushort)destination.WorldId, teleportPosition.X, teleportPosition.Y, teleportPosition.Z);",script_teleport_pending_destination_access_smoke,Source/NexusForever.Script.Main;Source/NexusForever.Script.Instance,pending,not_retail_complete,"Scripted runtime action is tracked from source, but retail completion needs exact trigger timing, target selection, payload/effect semantics, cleanup/replay behavior, and content smoke."
script_runtime_action,script_main,Source\NexusForever.Script.Main\Tutorial\TutorialHousingProjectorEntityScript.cs,76,,,TeleportTo,script_teleport,world_or_location,destination.WorldId,,source_expression_tracked,dynamic_world_reference_pending_source_trace,,Source/NexusForever.Script.*;wildstar_client_mysql/World.tbl.sql,tutorial_housing_projector_worldlocation_rows_matched,world_location_ids=51711;matched_world_location_count=1;world_ids=3460;worlds=Map\NewPlayerExperience,Source/NexusForever.Script.Main/Tutorial/TutorialHousingProjectorEntityScript.cs;wildstar_client_mysql/WorldLocation2.tbl.sql;wildstar_client_mysql/World.tbl.sql,"activator.TeleportTo((ushort)destination.WorldId, destination.Position0, destination.Position1, destination.Position2);",script_teleport_pending_destination_access_smoke,Source/NexusForever.Script.Main;Source/NexusForever.Script.Instance,pending,not_retail_complete,"Scripted runtime action is tracked from source, but retail completion needs exact trigger timing, target selection, payload/effect semantics, cleanup/replay behavior, and content smoke."
