"opcode","hex","direction","coverageStatus","decodeState","aliasCount","aliasOpcodes","modelCount","handlerCount","readableModelCount","writableModelCount","placeholderModeled","comment","modelTypes","modelPaths","handlerTypes","handlerPaths"
"State","0x0000","Core","core_modeled","named","1","State","1","1","1","1","False","","State","Source/NexusForever.Network.World/Message/Model/State.cs","ClientStateHeartbeatHandler","Source/NexusForever.WorldServer/Network/Message/Handler/Misc/ClientPingHandler.cs"
"State2","0x0001","Core","core_modeled","named","1","State2","1","1","1","1","False","","State2","Source/NexusForever.Network.World/Message/Model/State2.cs","ClientState2HeartbeatHandler","Source/NexusForever.WorldServer/Network/Message/Handler/Misc/ClientPingHandler.cs"
"ServerHello","0x0003","Server","modeled","named","1","ServerHello","1","0","0","1","False","","ServerHello","Source/NexusForever.Network/Message/Model/ServerHello.cs","",""
"ServerMaxCharacterLevelAchieved","0x0036","Server","modeled","named","1","ServerMaxCharacterLevelAchieved","1","0","0","1","False","","ServerMaxCharacterLevelAchieved","Source/NexusForever.Network.World/Message/Model/Pregame/ServerMaxCharacterLevelAchieved.cs","",""
"Client0x003D","0x003D","Client","handled","named","1","Client0x003D","1","1","1","0","False","0x18-byte payload; semantics unresolved","Client0x003D","Source/NexusForever.Network.World/Message/Model/ClientUnresolvedDiagnosticPackets.cs","Client0x003DHandler","Source/NexusForever.WorldServer/Network/Message/Handler/Misc/ClientUnresolvedDiagnosticHandlers.cs"
"ServerPlayerEnteredWorld","0x0061","Server","modeled","named","1","ServerPlayerEnteredWorld","1","0","0","1","False","","ServerPlayerEnteredWorld","Source/NexusForever.Network.World/Message/Model/ServerPlayerEnteredWorld.cs","",""
"ServerPetSpawned","0x0068","Server","modeled","named","1","ServerPetSpawned","1","0","0","1","False","","ServerPetSpawned","Source/NexusForever.Network.World/Message/Model/Pet/ServerPetSpawned.cs","",""
"ServerClientEntityUpdateInterval","0x0070","Server","modeled","named","1","ServerClientEntityUpdateInterval","1","0","0","1","False","","ServerClientEntityUpdateInterval","Source/NexusForever.Network.World/Message/Model/ServerEntityUpdateInterval.cs","",""
"ServerAuthEncrypted","0x0076","Server","modeled","named","1","ServerAuthEncrypted","1","0","0","1","False","","ServerAuthEncrypted","Source/NexusForever.Network.Auth/Message/Model/ServerAuthEncrypted.cs","",""
"ServerGameCameraRotation","0x0091","Server","modeled","named","1","ServerGameCameraRotation","1","0","0","1","False","","ServerGameCameraRotation","Source/NexusForever.Network.World/Message/Model/ServerGameCameraRotation.cs","",""
"ServerLogoutUpdate","0x0092","Server","modeled","named","1","ServerLogoutUpdate","1","0","0","1","False","","ServerLogoutUpdate","Source/NexusForever.Network.World/Message/Model/ServerLogoutUpdate.cs","",""
"ClientCommodityOrderCancel","0x0093","Client","handled","named","1","ClientCommodityOrderCancel","1","1","1","0","False","","ClientCommodityOrderCancel","Source/NexusForever.Network.World/Message/Model/Marketplace/ClientCommodityOrderCancel.cs","ClientCommodityOrderCancelHandler","Source/NexusForever.WorldServer/Network/Message/Handler/Marketplace/ClientMarketplaceHandlers.cs"
"ClientAuctionCancel","0x0094","Client","handled","named","1","ClientAuctionCancel","1","1","1","0","False","","ClientAuctionCancel","Source/NexusForever.Network.World/Message/Model/Marketplace/ClientAuctionCancel.cs","ClientAuctionCancelHandler","Source/NexusForever.WorldServer/Network/Message/Handler/Marketplace/ClientMarketplaceHandlers.cs"
"ClientActivateUnitCastPosition","0x0096","Client","handled","named","1","ClientActivateUnitCastPosition","1","1","1","0","False","activate-unit family request with context token, selector nibbles, target id, and position","ClientActivateUnitCastPosition","Source/NexusForever.Network.World/Message/Model/ClientActivateUnitCastPosition.cs","ClientActivateUnitCastPositionHandler","Source/NexusForever.WorldServer/Network/Message/Handler/Entity/ClientActivateUnitCastPositionHandler.cs"
"ClientActivateUnitCast","0x0097","Client","handled","named","1","ClientActivateUnitCast","1","1","1","0","False","activate-unit cast request with { ContextToken, ActivateUnitId }","ClientActivateUnitCast","Source/NexusForever.Network.World/Message/Model/ClientActivateUnitCast.cs","ClientActivateUnitCastHandler","Source/NexusForever.WorldServer/Network/Message/Handler/Entity/ClientActivateUnitCastHandler.cs"
"ClientActivateUnitCastTarget","0x0098","Client","handled","named","1","ClientActivateUnitCastTarget","1","1","1","0","False","activate-unit family request with { ContextToken, TargetField }","ClientActivateUnitCastTarget","Source/NexusForever.Network.World/Message/Model/ClientActivateUnitCastTarget.cs","ClientActivateUnitCastTargetHandler","Source/NexusForever.WorldServer/Network/Message/Handler/Entity/ClientActivateUnitCastTargetHandler.cs"
"ClientCastPathExplorerSearching","0x0099","Client","handled","named","1","ClientCastPathExplorerSearching","1","1","1","0","False","","ClientPathExplorerCastSearching","Source/NexusForever.Network.World/Message/Model/PlayerPath/ClientPathExplorerCastSearching.cs","ClientCastPathExplorerSearchingHandler","Source/NexusForever.WorldServer/Network/Message/Handler/Path/ClientCastPathExplorerSearchingHandler.cs"
"ClientCastSpell","0x009A","Client","handled","named","1","ClientCastSpell","1","1","1","0","False","","ClientCastSpell","Source/NexusForever.Network.World/Message/Model/ClientCastSpell.cs","ClientCastSpellHandler","Source/NexusForever.WorldServer/Network/Message/Handler/Spell/ClientCastSpellHandler.cs"
"ClientCastSpellPosition","0x009B","Client","handled","named","1","ClientCastSpellPosition","1","1","1","0","False","","ClientCastSpellPosition","Source/NexusForever.Network.World/Message/Model/ClientCastSpellPosition.cs","ClientCastSpellPositionHandler","Source/NexusForever.WorldServer/Network/Message/Handler/Spell/ClientCastSpellPositionHandler.cs"
"ClientCastSpellSelected","0x009D","Client","handled","named","1","ClientCastSpellSelected","1","1","1","0","False","spell-cast variant with context token, selected entry id, target id, and position","ClientCastSpellSelected","Source/NexusForever.Network.World/Message/Model/ClientCastSpellSelected.cs","ClientCastSpellSelectedHandler","Source/NexusForever.WorldServer/Network/Message/Handler/Spell/ClientCastSpellSelectedHandler.cs"
"ServerChallengeShared","0x00A9","Server","modeled","named","1","ServerChallengeShared","1","0","0","1","False","","ServerChallengeShared","Source/NexusForever.Network.World/Message/Model/Challenges/ServerChallengeShared.cs","",""
"ServerChallengeShareTimeout","0x00AA","Server","modeled","named","1","ServerChallengeShareTimeout","1","0","0","1","False","","ServerChallengeShareTimeout","Source/NexusForever.Network.World/Message/Model/Challenges/ServerChallengeShareTimeout.cs","",""
"ServerChangeWorld","0x00AD","Server","modeled","named","1","ServerChangeWorld","1","0","0","1","False","","ServerChangeWorld","Source/NexusForever.Network.World/Message/Model/ServerChangeWorld.cs","",""
"ServerAchievementInit","0x00AE","Server","modeled","named","1","ServerAchievementInit","1","0","0","1","False","","ServerAchievementInit","Source/NexusForever.Network.World/Message/Model/Achievement/ServerAchievementInit.cs","",""
"ServerAchievementUpdate","0x00AF","Server","modeled","named","1","ServerAchievementUpdate","1","0","0","1","False","","ServerAchievementUpdate","Source/NexusForever.Network.World/Message/Model/Achievement/ServerAchievementUpdate.cs","",""
"ServerLasOpeningUInt18","0x00B0","Server","modeled","named","1","ServerLasOpeningUInt18","1","0","0","1","False","18-bit Spell4Id; reader ServerUInt18_ReadPayload @ 140080d30","ServerLasOpeningUInt18","Source/NexusForever.Network.World/Message/Model/Abilities/ServerLasAuxPackets.cs","",""
"ClientRequestActionSetChanges","0x00B1","Client","handled","named","1","ClientRequestActionSetChanges","1","1","1","0","False","","ClientRequestActionSetChanges","Source/NexusForever.Network.World/Message/Model/Abilities/ClientRequestActionSetChanges.cs","ClientRequestActionSetChangesHandler","Source/NexusForever.WorldServer/Network/Message/Handler/Spell/ClientRequestActionSetChangesHandler.cs"
"ServerActionSetClearCache","0x00B2","Server","modeled","named","1","ServerActionSetClearCache","1","0","0","1","False","server sends this after a ClientRequestActionSetChanges (0xB1)","ServerActionSetClearCache","Source/NexusForever.Network.World/Message/Model/Abilities/ServerActionSetClearCache.cs","",""
"ClientActivateUnit","0x00B3","Client","handled","named","1","ClientActivateUnit","1","1","1","0","False","direct activate-unit request with { ActivateUnitId }","ClientActivateUnit","Source/NexusForever.Network.World/Message/Model/ClientActivateUnit.cs","ClientActivateUnitHandler","Source/NexusForever.WorldServer/Network/Message/Handler/Entity/ClientActivateUnitHandler.cs"
"ClientLootAssignMaster","0x00B5","Client","handled","named","1","ClientLootAssignMaster","1","1","1","0","False","","ClientLootAssignMaster","Source/NexusForever.Network.World/Message/Model/Loot/ClientLootAssignMaster.cs","ClientLootAssignMasterHandler","Source/NexusForever.WorldServer/Network/Message/Handler/Loot/ClientUnsupportedLootHandlers.cs"
"ClientItemContextAction","0x00B6","Client","handled","named","1","ClientItemContextAction","1","1","1","0","False","inventory item-click/context action with item guid and selector bit","ClientItemContextAction","Source/NexusForever.Network.World/Message/Model/ClientItemContextAction.cs","ClientItemContextActionHandler","Source/NexusForever.WorldServer/Network/Message/Handler/Item/ClientItemContextActionHandler.cs"
"ServerItemContextActionAck","0x00B7","Server","modeled","named","1","ServerItemContextActionAck","1","0","0","0","False","1-byte ack after ClientItemContextAction","ServerItemContextActionAck","Source/NexusForever.Network.World/Message/Model/ServerClusterAuxPackets.cs","",""
"ClientFriendshipBlock","0x00B8","Client","handled","named","1","ClientFriendshipBlock","1","1","1","0","False","","ClientFriendshipBlock","Source/NexusForever.Network.World/Message/Model/Friendship/ClientFriendshipBlock.cs","ClientFriendshipBlockHandler","Source/NexusForever.WorldServer/Network/Message/Handler/Friendship/ClientFriendshipAdditionalHandlers.cs"
"ServerBuybackItemUpdated","0x00BA","Server","modeled","named","1","ServerBuybackItemUpdated","1","0","0","1","False","","ServerBuybackItemUpdated","Source/NexusForever.Network.World/Message/Model/ServerBuybackItemUpdated.cs","",""
"ClientBuybackItemFromVendor","0x00BB","Client","handled","named","1","ClientBuybackItemFromVendor","1","1","1","0","False","","ClientBuybackItemFromVendor","Source/NexusForever.Network.World/Message/Model/ClientBuybackItemFromVendor.cs","ClientBuybackItemFromVendorHandler","Source/NexusForever.WorldServer/Network/Message/Handler/Vendor/ClientBuybackItemFromVendorHandler.cs"
"ServerBuybackItems","0x00BC","Server","modeled","named","1","ServerBuybackItems","1","0","0","1","False","","ServerBuybackItems","Source/NexusForever.Network.World/Message/Model/ServerBuybackItems.cs","",""
"ServerBuybackItemRemoved","0x00BD","Server","modeled","named","1","ServerBuybackItemRemoved","1","0","0","1","False","","ServerBuybackItemRemoved","Source/NexusForever.Network.World/Message/Model/ServerBuybackItemRemoved.cs","",""
"ClientVendorPurchase","0x00BE","Client","handled","named","1","ClientVendorPurchase","1","1","1","0","False","","ClientVendorPurchase","Source/NexusForever.Network.World/Message/Model/ClientVendorPurchase.cs","ClientVendorPurchaseHandler","Source/NexusForever.WorldServer/Network/Message/Handler/Vendor/ClientVendorPurchaseHandler.cs"
"ClientLogoutRequest","0x00BF","Client","handled","named","1","ClientLogoutRequest","1","1","1","0","False","","ClientLogoutRequest","Source/NexusForever.Network.World/Message/Model/ClientLogoutRequest.cs","ClientRequestLogoutHandler","Source/NexusForever.WorldServer/Network/Message/Handler/Entity/Player/ClientRequestLogoutHandler.cs"
"ClientLogoutConfirm","0x00C0","Client","handled","named","1","ClientLogoutConfirm","1","1","1","0","False","","ClientLogoutConfirm","Source/NexusForever.Network.World/Message/Model/ClientLogoutConfirm.cs","ClientLogoutConfirmHandler","Source/NexusForever.WorldServer/Network/Message/Handler/Entity/Player/ClientLogoutConfirmHandler.cs"
"ServerDuelCancelWarning","0x00C1","Server","modeled","named","1","ServerDuelCancelWarning","1","0","0","1","False","","ServerDuelCancelWarning","Source/NexusForever.Network.World/Message/Model/Pvp/ServerDuelCancelWarning.cs","",""
"ClientSpellCastWithServiceToken","0x00C2","Client","handled","named","1","ClientSpellCastWithServiceToken","1","1","1","0","False","","ClientSpellCastWithServiceToken","Source/NexusForever.Network.World/Message/Model/Spell/ClientSpellCastWithServiceToken.cs","ClientSpellCastWithServiceTokenHandler","Source/NexusForever.WorldServer/Network/Message/Handler/Spell/ClientSpellCastWithServiceTokenHandler.cs"
"ClientCCStateStunUpdate","0x00C3","Client","handled","named","1","ClientCCStateStunUpdate","1","1","1","0","False","","ClientCCStateStunUpdate","Source/NexusForever.Network.World/Message/Model/Entity/ClientCCStateStunUpdate.cs","ClientCCStateStunUpdateHandler","Source/NexusForever.WorldServer/Network/Message/Handler/Entity/ClientCCStateStunUpdateHandler.cs"
"ServerCCStateStunDirection","0x00C4","Server","modeled","named","1","ServerCCStateStunDirection","1","0","0","1","False","","ServerCCStateStunDirection","Source/NexusForever.Network.World/Message/Model/Entity/ServerCCStateStunDirection.cs","",""
"ClientChallengeChoice","0x00C5","Client","handled","named","1","ClientChallengeChoice","1","1","1","0","False","","ClientChallengeChoice","Source/NexusForever.Network.World/Message/Model/Challenges/ClientChallengeChoice.cs","ClientChallengeChoiceHandler","Source/NexusForever.WorldServer/Network/Message/Handler/Misc/ClientChallengeChoiceHandler.cs"
"ServerChallengeResult","0x00C6","Server","modeled","named","1","ServerChallengeResult","1","0","0","1","False","","ServerChallengeResult","Source/NexusForever.Network.World/Message/Model/Challenges/ServerChallengeResult.cs","",""
"ServerChallengeUpdate","0x00C7","Server","modeled","named","1","ServerChallengeUpdate","1","0","0","1","False","","ServerChallengeUpdate","Source/NexusForever.Network.World/Message/Model/Challenges/ServerChallengeUpdate.cs","",""
"Client0x00C8","0x00C8","Client","handled","named","1","Client0x00C8","1","1","1","0","False","0x4-byte payload; semantics unresolved","Client0x00C8","Source/NexusForever.Network.World/Message/Model/ClientUnresolvedDiagnosticPackets.cs","Client0x00C8Handler","Source/NexusForever.WorldServer/Network/Message/Handler/Misc/ClientUnresolvedDiagnosticHandlers.cs"
"ClientHousingResidencePrivacyLevel","0x00C9","Client","handled","named","1","ClientHousingResidencePrivacyLevel","1","1","1","0","False","","ClientHousingSetPrivacyLevel","Source/NexusForever.Network.World/Message/Model/ClientHousingSetPrivacyLevel.cs","ClientHousingResidencePrivacyLevelHandler","Source/NexusForever.WorldServer/Network/Message/Handler/Housing/ClientHousingResidencePrivacyLevelHandler.cs"
"ServerHousingResidenceKeyedUpdate","0x00CA","Server","modeled","named","1","ServerHousingResidenceKeyedUpdate","1","0","0","1","False","uint64 + uint32 fields; semantics unresolved","ServerHousingResidenceKeyedUpdate","Source/NexusForever.Network.World/Message/Model/ServerHousingResidenceKeyedUpdate.cs","",""
"ServerHousingResidenceEmpty","0x00CB","Server","modeled","named","1","ServerHousingResidenceEmpty","1","0","0","1","False","empty; reader ServerEmpty_ReadPayload @ 14007d8e0","ServerHousingResidenceEmpty","Source/NexusForever.Network.World/Message/Model/ServerHousingAuxPackets.cs","",""
"ServerHousingResidenceUInt15","0x00CC","Server","modeled","named","1","ServerHousingResidenceUInt15","1","0","0","1","False","15-bit scalar; reader ServerUInt15_ReadPayload @ 14007c3a0","ServerHousingResidenceUInt15","Source/NexusForever.Network.World/Message/Model/ServerHousingAuxPackets.cs","",""
"ServerHousingResidenceUInt15Alt","0x00CD","Server","modeled","named","1","ServerHousingResidenceUInt15Alt","1","0","0","1","False","15-bit scalar; shares reader with 0x00CC","ServerHousingResidenceUInt15Alt","Source/NexusForever.Network.World/Message/Model/ServerHousingAuxPackets.cs","",""
"ServerHousingResidenceWideString","0x00CE","Server","modeled","named","1","ServerHousingResidenceWideString","1","0","0","1","False","wide string housing residence output","ServerHousingResidenceWideString","Source/NexusForever.Network.World/Message/Model/ServerHousingAuxPackets.cs","",""
"ServerHousingResidenceEmptyFollowUp","0x00D1","Server","modeled","named","1","ServerHousingResidenceEmptyFollowUp","1","0","0","1","False","empty; reader ServerEmpty_ReadPayload @ 14007d8e0","ServerHousingResidenceEmptyFollowUp","Source/NexusForever.Network.World/Message/Model/ServerHousingAuxPackets.cs","",""
"ClientClosedInstanceSettings","0x00D2","Client","handled","named","1","ClientClosedInstanceSettings","1","1","1","0","False","","ClientClosedInstanceSettings","Source/NexusForever.Network.World/Message/Model/Instance/ClientClosedInstanceSettings.cs","ClientClosedInstanceSettingsHandler","Source/NexusForever.WorldServer/Network/Message/Handler/Instance/ClientInstanceSettingsHandlers.cs"
"ServerHideInstanceGameModeDialog","0x00D3","Server","modeled","named","1","ServerHideInstanceGameModeDialog","1","0","0","1","False","","ServerHideInstanceGameModeDialog","Source/NexusForever.Network.World/Message/Model/Instance/ServerHideInstanceGameModeDialog.cs","",""
"ClientCombatOptions","0x00D5","Client","handled","named","1","ClientCombatOptions","1","1","1","0","False","","ClientCombatOptions","Source/NexusForever.Network.World/Message/Model/Option/ClientCombatOptions.cs","ClientCombatOptionsHandler","Source/NexusForever.WorldServer/Network/Message/Handler/Option/ClientOptionHandlers.cs"
"ServerPublicEventEnd","0x00D6","Server","modeled","named","1","ServerPublicEventEnd","1","0","0","1","False","","ServerPublicEventEnd","Source/NexusForever.Network.World/Message/Model/PublicEvent/ServerPublicEventEnd.cs","",""
"ClientConvertResource","0x00D7","Client","handled","named","1","ClientConvertResource","1","1","1","0","False","","ClientConvertResource","Source/NexusForever.Network.World/Message/Model/ClientConvertResource.cs","ClientConvertResourceHandler","Source/NexusForever.WorldServer/Network/Message/Handler/Misc/ClientMappedRequestHandlers.cs"
"ServerCostume","0x00D8","Server","modeled","named","1","ServerCostume","1","0","0","1","False","","ServerCostume","Source/NexusForever.Network.World/Message/Model/ServerCostume.cs","",""
"ServerCostumeList","0x00D9","Server","modeled","named","1","ServerCostumeList","1","0","0","1","False","","ServerCostumeList","Source/NexusForever.Network.World/Message/Model/ServerCostumeList.cs","",""
"ServerCharacterCreate","0x00DC","Server","modeled","named","1","ServerCharacterCreate","1","0","0","1","False","","ServerCharacterCreate","Source/NexusForever.Network.World/Message/Model/Pregame/ServerCharacterCreate.cs","",""
"ServerChannelUpdateLoot","0x00DD","Server","modeled","named","1","ServerChannelUpdateLoot","1","0","0","1","False","","ServerChannelUpdateLoot","Source/NexusForever.Network.World/Message/Model/ServerChannelUpdateLoot.cs","",""
"ClientDashCast","0x00DE","Client","handled","named","1","ClientDashCast","1","1","1","0","False","","ClientDashCast","Source/NexusForever.Network.World/Message/Model/ClientDashCast.cs","ClientDashCastHandler","Source/NexusForever.WorldServer/Network/Message/Handler/Misc/ClientMappedRequestHandlers.cs"
"ServerDatacubeAuxByte","0x00DF","Server","modeled","named","1","ServerDatacubeAuxByte","1","0","0","0","False","1-byte datacube cluster aux","ServerDatacubeAuxByte","Source/NexusForever.Network.World/Message/Model/ServerClusterAuxPackets.cs","",""
"ServerDatacubeUpdateList","0x00E0","Server","modeled","named","1","ServerDatacubeUpdateList","1","0","0","1","False","","ServerDatacubeUpdateList","Source/NexusForever.Network.World/Message/Model/ServerDatacubeUpdateList.cs","",""
"ServerDatacubeUpdate","0x00E1","Server","modeled","named","1","ServerDatacubeUpdate","1","0","0","1","False","","ServerDatacubeUpdate","Source/NexusForever.Network.World/Message/Model/ServerDatacubeUpdate.cs","",""
"ServerDatacubeVolumeUpdate","0x00E2","Server","modeled","named","1","ServerDatacubeVolumeUpdate","1","0","0","1","False","","ServerDatacubeVolumeUpdate","Source/NexusForever.Network.World/Message/Model/ServerDatacubeVolumeUpdate.cs","",""
"ClientSpellCastState","0x00E3","Client","handled","named","1","ClientSpellCastState","1","1","1","0","False","one-bit spell-cast state update from local cast gating","ClientSpellCastState","Source/NexusForever.Network.World/Message/Model/ClientSpellCastState.cs","ClientSpellCastStateHandler","Source/NexusForever.WorldServer/Network/Message/Handler/Spell/ClientSpellCastStateHandler.cs"
"ClientResurrectRequest","0x00E4","Client","handled","named","1","ClientResurrectRequest","1","1","1","0","False","","ClientResurrectRequest","Source/NexusForever.Network.World/Message/Model/ClientResurrectRequest.cs","ClientResurrectRequestHandler","Source/NexusForever.WorldServer/Network/Message/Handler/Entity/Player/ClientResurrectRequestHandler.cs"
"ServerCharacterDeleteResult","0x00E6","Server","modeled","named","1","ServerCharacterDeleteResult","1","0","0","1","False","","ServerCharacterDeleteResult","Source/NexusForever.Network.World/Message/Model/Pregame/ServerCharacterDeleteResult.cs","",""
"ServerCharacterDisabled","0x00E7","Server","modeled","named","1","ServerCharacterDisabled","1","0","0","1","False","","ServerCharacterDisabled","Source/NexusForever.Network.World/Message/Model/Pregame/ServerCharacterDisabled.cs","",""
"ClientDuelAccept","0x00E8","Client","handled","named","1","ClientDuelAccept","1","1","1","0","False","","ClientDuelAccept","Source/NexusForever.Network.World/Message/Model/Pvp/ClientDuelAccept.cs","ClientDuelAcceptHandler","Source/NexusForever.WorldServer/Network/Message/Handler/Pvp/ClientPvpHandlers.cs"
"ClientDuelDecline","0x00E9","Client","handled","named","1","ClientDuelDecline","1","1","1","0","False","","ClientDuelDecline","Source/NexusForever.Network.World/Message/Model/Pvp/ClientDuelDecline.cs","ClientDuelDeclineHandler","Source/NexusForever.WorldServer/Network/Message/Handler/Pvp/ClientPvpHandlers.cs"
"ClientDuelForfeit","0x00EA","Client","handled","named","1","ClientDuelForfeit","1","1","1","0","False","","ClientDuelForfeit","Source/NexusForever.Network.World/Message/Model/Pvp/ClientDuelForfeit.cs","ClientDuelForfeitHandler","Source/NexusForever.WorldServer/Network/Message/Handler/Pvp/ClientPvpHandlers.cs"
"ServerDuelFailure","0x00EB","Server","modeled","named","1","ServerDuelFailure","1","0","0","1","False","","ServerDuelFailure","Source/NexusForever.Network.World/Message/Model/Pvp/ServerDuelFailure.cs","",""
"ClientDuelInitiate","0x00EC","Client","handled","named","1","ClientDuelInitiate","1","1","1","0","False","","ClientDuelInitiate","Source/NexusForever.Network.World/Message/Model/Pvp/ClientDuelInitiate.cs","ClientDuelInitiateHandler","Source/NexusForever.WorldServer/Network/Message/Handler/Pvp/ClientPvpHandlers.cs"
"Client0x00ED","0x00ED","Client","handled","named","1","Client0x00ED","1","1","1","0","False","0x20-byte payload; semantics unresolved","Client0x00ED","Source/NexusForever.Network.World/Message/Model/ClientUnresolvedDiagnosticPackets.cs","Client0x00EDHandler","Source/NexusForever.WorldServer/Network/Message/Handler/Misc/ClientUnresolvedDiagnosticHandlers.cs"
"ServerDuelAuxByte","0x00EE","Server","modeled","named","1","ServerDuelAuxByte","1","0","0","0","False","1-byte duel cluster aux","ServerDuelAuxByte","Source/NexusForever.Network.World/Message/Model/ServerClusterAuxPackets.cs","",""
"ClientPathScientistDismissScanbot","0x00F0","Client","handled","named","1","ClientPathScientistDismissScanbot","1","1","1","0","False","","ClientPathScientistDismissScanbot","Source/NexusForever.Network.World/Message/Model/PlayerPath/ClientPathScientistDismissScanbot.cs","ClientPathScientistDismissScanbotHandler","Source/NexusForever.WorldServer/Network/Message/Handler/Path/ClientPathScientistDismissScanbotHandler.cs"
"ServerInstanceSettings","0x00F1","Server","modeled","named","1","ServerInstanceSettings","1","0","0","1","False","handler sends 0x00D5 and ClientPlayerMovementSpeedUpdate","ServerInstanceSettings","Source/NexusForever.Network.World/Message/Model/ServerInstanceSettings.cs","",""
"ClientEnteredWorld","0x00F2","Client","handled","named","1","ClientEnteredWorld","1","1","1","0","False","","ClientEnteredWorld","Source/NexusForever.Network.World/Message/Model/ClientEnteredWorld.cs","ClientEnteredWorldHandler","Source/NexusForever.WorldServer/Network/Message/Handler/Misc/ClientEnteredWorldHandler.cs"
"ClientPathExplorerProgressReport","0x00F3","Client","handled","named","1","ClientPathExplorerProgressReport","1","1","1","0","False","","ClientPathExplorerProgressReport","Source/NexusForever.Network.World/Message/Model/PlayerPath/ClientPathExplorerProgressReport.cs","ClientPathExplorerProgressReportHandler","Source/NexusForever.WorldServer/Network/Message/Handler/Path/ClientPathExplorerProgressReportHandler.cs"
"ServerPathMissionAdvanced","0x00F4","Server","modeled","named","1","ServerPathMissionAdvanced","1","0","0","1","False","","ServerPathMissionAdvanced","Source/NexusForever.Network.World/Message/Model/PlayerPath/ServerPathMissionAdvanced.cs","",""
"ServerPathExplorerPowerMapStarted","0x00F5","Server","modeled","named","1","ServerPathExplorerPowerMapStarted","1","0","0","1","False","","ServerPathExplorerPowerMapStarted","Source/NexusForever.Network.World/Message/Model/PlayerPath/ServerPathExplorerPowerMapStarted.cs","",""
"ServerPathExplorerPowerMapEntered","0x00F6","Server","modeled","named","1","ServerPathExplorerPowerMapEntered","1","0","0","1","False","","ServerPathExplorerPowerMapEntered","Source/NexusForever.Network.World/Message/Model/PlayerPath/ServerPathExplorerPowerMapEntered.cs","",""
"ServerPathExplorerPowerMapExited","0x00F7","Server","modeled","named","1","ServerPathExplorerPowerMapExited","1","0","0","1","False","","ServerPathExplorerPowerMapExited","Source/NexusForever.Network.World/Message/Model/PlayerPath/ServerPathExplorerPowerMapExited.cs","",""
"ServerPathExplorerPowerMapFailed","0x00F8","Server","modeled","named","1","ServerPathExplorerPowerMapFailed","1","0","0","1","False","","ServerPathExplorerPowerMapFailed","Source/NexusForever.Network.World/Message/Model/PlayerPath/ServerPathExplorerPowerMapFailed.cs","",""
"ClientPathExplorerPowerMapProgress","0x00F9","Client","handled","named","1","ClientPathExplorerPowerMapProgress","1","1","1","0","False","","ClientPathExplorerPowerMapProgress","Source/NexusForever.Network.World/Message/Model/PlayerPath/ClientPathExplorerPowerMapProgress.cs","ClientPathExplorerPowerMapProgressHandler","Source/NexusForever.WorldServer/Network/Message/Handler/Path/ClientPathExplorerPowerMapProgressHandler.cs"
"ServerPathExplorerPowerMapWaiting","0x00FA","Server","modeled","named","1","ServerPathExplorerPowerMapWaiting","1","0","0","1","False","","ServerPathExplorerPowerMapWaiting","Source/NexusForever.Network.World/Message/Model/PlayerPath/ServerPathExplorerPowerMapWaiting.cs","",""
"ClientMovementFallDamage","0x00FB","Client","handled","named","1","ClientMovementFallDamage","1","1","1","0","False","movement/fall branch sends one float from local movement state","ClientMovementFallDamage","Source/NexusForever.Network.World/Message/Model/ClientMovementFallDamage.cs","ClientMovementFallDamageHandler","Source/NexusForever.WorldServer/Network/Message/Handler/Misc/ClientMappedRequestHandlers.cs"
"ClientMovementFallLand","0x00FC","Client","handled","named","1","ClientMovementFallLand","1","1","1","0","False","movement state payload sent when local fall/landing state changes","ClientMovementFallLand","Source/NexusForever.Network.World/Message/Model/ClientMovementFallLand.cs","ClientMovementFallLandHandler","Source/NexusForever.WorldServer/Network/Message/Handler/Misc/ClientMappedRequestHandlers.cs"
"ServerCharacterFlagsUpdated","0x00FE","Server","modeled","named","1","ServerCharacterFlagsUpdated","1","0","0","1","False","","ServerCharacterFlagsUpdated","Source/NexusForever.Network.World/Message/Model/ServerCharacterFlagsUpdated.cs","",""
"ClientFlightPathPurchase","0x00FF","Client","handled","named","1","ClientFlightPathPurchase","1","1","1","0","False","","ClientFlightPathPurchase","Source/NexusForever.Network.World/Message/Model/ClientFlightPathPurchase.cs","ClientFlightPathPurchaseHandler","Source/NexusForever.WorldServer/Network/Message/Handler/Entity/Player/ClientFlightPathPurchaseHandler.cs"
"ServerResurrectionState","0x0100","Server","modeled","named","1","ServerResurrectionState","1","0","0","1","False","","ServerResurrectionState","Source/NexusForever.Network.World/Message/Model/ServerResurrectionState.cs","",""
"ServerResurrectionAuxByte","0x0101","Server","modeled","named","1","ServerResurrectionAuxByte","1","0","0","0","False","1-byte resurrection cluster aux","ServerResurrectionAuxByte","Source/NexusForever.Network.World/Message/Model/ServerClusterAuxPackets.cs","",""
"ServerGalacticArchiveRefresh","0x0102","Server","modeled","named","1","ServerGalacticArchiveRefresh","1","0","0","1","False","","ServerGalacticArchiveRefresh","Source/NexusForever.Network.World/Message/Model/GalacticArchive/ServerGalacticArchiveRefresh.cs","",""
"ClientGalacticArchiveUnlock","0x0103","Client","handled","named","1","ClientGalacticArchiveUnlock","1","1","1","0","False","","ClientGalacticArchiveUnlock","Source/NexusForever.Network.World/Message/Model/GalacticArchive/ClientGalacticArchiveUnlock.cs","ClientGalacticArchiveUnlockHandler","Source/NexusForever.WorldServer/Network/Message/Handler/GalacticArchive/ClientGalacticArchiveUnlockHandler.cs"
"ServerGalacticArchiveUpdate","0x0104","Server","modeled","named","1","ServerGalacticArchiveUpdate","1","0","0","1","False","","ServerGalacticArchiveUpdate","Source/NexusForever.Network.World/Message/Model/GalacticArchive/ServerGalacticArchiveUpdate.cs","",""
"ClientGalacticArchiveViewed","0x0105","Client","handled","named","1","ClientGalacticArchiveViewed","1","1","1","0","False","","ClientGalacticArchiveViewed","Source/NexusForever.Network.World/Message/Model/GalacticArchive/ClientGalacticArchiveViewed.cs","ClientGalacticArchiveViewedHandler","Source/NexusForever.WorldServer/Network/Message/Handler/GalacticArchive/ClientGalacticArchiveViewedHandler.cs"
"ServerGenericError","0x0106","Server","modeled","named","1","ServerGenericError","1","0","0","1","False","","ServerGenericError","Source/NexusForever.Network.World/Message/Model/Info/ServerGenericError.cs","",""
"ServerHazardAction","0x0109","Server","modeled","named","1","ServerHazardAction","1","0","0","1","False","","ServerHazardAction","Source/NexusForever.Network.World/Message/Model/Hazard/ServerHazardAction.cs","",""
"ServerHazardList","0x010A","Server","modeled","named","1","ServerHazardList","1","0","0","1","False","","ServerHazardList","Source/NexusForever.Network.World/Message/Model/Hazard/ServerHazardList.cs","",""
"ServerHazardModifiers","0x010B","Server","modeled","named","1","ServerHazardModifiers","1","0","0","1","False","","ServerHazardModifiers","Source/NexusForever.Network.World/Message/Model/Hazard/ServerHazardModifiers.cs","",""
"ClientGuildHolomarkUpdate","0x010C","Client","handled","named","1","ClientGuildHolomarkUpdate","1","1","1","0","False","","ClientGuildHolomarkUpdate","Source/NexusForever.Network.World/Message/Model/Guild/ClientGuildHolomarkUpdate.cs","ClientGuildHolomarkUpdateHandler","Source/NexusForever.WorldServer/Network/Message/Handler/Guild/ClientGuildHolomarkUpdateHandler.cs"
"ServerHousingBasicsEmpty","0x010D","Server","modeled","named","1","ServerHousingBasicsEmpty","1","0","0","1","False","empty; reader ServerEmpty_ReadPayload @ 14007d8e0","ServerHousingBasicsEmpty","Source/NexusForever.Network.World/Message/Model/ServerHousingAuxPackets.cs","",""
"ServerHousingBasics","0x010E","Server","modeled","named","1","ServerHousingBasics","1","0","0","1","False","","ServerHousingBasics","Source/NexusForever.Network.World/Message/Model/ServerHousingBasics.cs","",""
"ServerHousingBasicsFollowup","0x0110","Server","modeled","named","1","ServerHousingBasicsFollowup","1","0","0","1","False","uint32 + 18-bit + uint32 + 8-bit; reader 14008de70","ServerHousingBasicsFollowup","Source/NexusForever.Network.World/Message/Model/ServerHousingAuxPackets.cs","",""
"ServerItemAdd","0x0111","Server","modeled","named","1","ServerItemAdd","1","0","0","1","False","","ServerItemAdd","Source/NexusForever.Network.World/Message/Model/ServerItemAdd.cs","",""
"ServerPublicEventStart","0x0112","Server","modeled","named","1","ServerPublicEventStart","1","0","0","1","False","","ServerPublicEventStart","Source/NexusForever.Network.World/Message/Model/PublicEvent/ServerPublicEventStart.cs","",""
"ServerPublicEventLeave","0x0113","Server","modeled","named","1","ServerPublicEventLeave","1","0","0","1","False","","ServerPublicEventLeave","Source/NexusForever.Network.World/Message/Model/PublicEvent/ServerPublicEventLeave.cs","",""
"ServerDuelLeftArea","0x0114","Server","modeled","named","1","ServerDuelLeftArea","1","0","0","1","False","","ServerDuelLeftArea","Source/NexusForever.Network.World/Message/Model/Pvp/ServerDuelLeftArea.cs","",""
"ServerCharacterDeletedInfo","0x0116","Server","modeled","named","1","ServerCharacterDeletedInfo","1","0","0","1","False","","ServerCharacterDeletedInfo","Source/NexusForever.Network.World/Message/Model/Pregame/ServerCharacterDeletedInfo.cs","",""
"ServerCharacterList","0x0117","Server","modeled","named","1","ServerCharacterList","1","0","0","1","False","","ServerCharacterList","Source/NexusForever.Network.World/Message/Model/Pregame/ServerCharacterList.cs","",""
"Client0x011B","0x011B","Client","handled","named","1","Client0x011B","1","1","1","0","False","0x1-byte payload; semantics unresolved","Client0x011B","Source/NexusForever.Network.World/Message/Model/ClientUnresolvedDiagnosticPackets.cs","Client0x011BHandler","Source/NexusForever.WorldServer/Network/Message/Handler/Misc/ClientUnresolvedDiagnosticHandlers.cs"
"ServerLootBindOnPickup","0x011C","Server","modeled","named","1","ServerLootBindOnPickup","1","0","0","1","False","","ServerLootBindOnPickup","Source/NexusForever.Network.World/Message/Model/Loot/ServerLootBindOnPickup.cs","",""
"Client0x011D","0x011D","Client","handled","named","1","Client0x011D","1","1","1","0","False","0x4-byte payload; semantics unresolved","Client0x011D","Source/NexusForever.Network.World/Message/Model/ClientUnresolvedDiagnosticPackets.cs","Client0x011DHandler","Source/NexusForever.WorldServer/Network/Message/Handler/Misc/ClientUnresolvedDiagnosticHandlers.cs"
"ClientMailDelete","0x011E","Client","handled","named","1","ClientMailDelete","1","1","1","0","False","","ClientMailDelete","Source/NexusForever.Network.World/Message/Model/Mail/ClientMailDelete.cs","ClientMailDeleteHandler","Source/NexusForever.WorldServer/Network/Message/Handler/Mail/ClientMailDeleteHandler.cs"
"ClientMailOpen","0x0122","Client","handled","named","1","ClientMailOpen","1","1","1","0","False","","ClientMailOpen","Source/NexusForever.Network.World/Message/Model/Mail/ClientMailOpen.cs","ClientMailOpenHandler","Source/NexusForever.WorldServer/Network/Message/Handler/Mail/ClientMailOpenHandler.cs"
"ClientMailPayCod","0x0123","Client","handled","named","1","ClientMailPayCod","1","1","1","0","False","","ClientMailPayCod","Source/NexusForever.Network.World/Message/Model/Mail/ClientMailPayCOD.cs","ClientMailPayCodHandler","Source/NexusForever.WorldServer/Network/Message/Handler/Mail/ClientMailPayCodHandler.cs"
"ClientMailReturn","0x0124","Client","handled","named","1","ClientMailReturn","1","1","1","0","False","","ClientMailReturn","Source/NexusForever.Network.World/Message/Model/Mail/ClientMailReturn.cs","ClientMailReturnHandler","Source/NexusForever.WorldServer/Network/Message/Handler/Mail/ClientMailReturnHandler.cs"
"ClientMailTakeAllFromSelection","0x0125","Client","handled","named","1","ClientMailTakeAllFromSelection","1","1","1","0","False","","ClientMailTakeAllFromSelection","Source/NexusForever.Network.World/Message/Model/Mail/ClientMailTakeAllFromSelection.cs","ClientMailTakeAllFromSelectionHandler","Source/NexusForever.WorldServer/Network/Message/Handler/Mail/ClientMailTakeAllFromSelectionHandler.cs"
"ClientMailTakeAttachment","0x0126","Client","handled","named","1","ClientMailTakeAttachment","1","1","1","0","False","","ClientMailTakeAttachment","Source/NexusForever.Network.World/Message/Model/Mail/ClientMailTakeAttachment.cs","ClientMailTakeAttachmentHandler","Source/NexusForever.WorldServer/Network/Message/Handler/Mail/ClientMailTakeAttachmentHandler.cs"
"ClientMailTakeCash","0x0127","Client","handled","named","1","ClientMailTakeCash","1","1","1","0","False","","ClientMailTakeCash","Source/NexusForever.Network.World/Message/Model/Mail/ClientMailTakeCash.cs","ClientMailTakeCashHandler","Source/NexusForever.WorldServer/Network/Message/Handler/Mail/ClientMailTakeCashHandler.cs"
"ServerUnlockMount","0x0129","Server","modeled","named","1","ServerUnlockMount","1","0","0","1","False","","ServerUnlockMount","Source/NexusForever.Network.World/Message/Model/ServerUnlockMount.cs","",""
"ClientItemMoveToSupplySatchel","0x012A","Client","handled","named","1","ClientItemMoveToSupplySatchel","1","1","1","0","False","","ClientItemMoveToSupplySatchel","Source/NexusForever.Network.World/Message/Model/ClientItemMoveToSupplySatchel.cs","ClientItemMoveToSupplySatchelHandler","Source/NexusForever.WorldServer/Network/Message/Handler/Item/ClientItemMoveToSupplySatchelHandler.cs"
"ClientOptions","0x012B","Client","handled","named","1","ClientOptions","1","1","1","0","False","","ClientOptions","Source/NexusForever.Network.World/Message/Model/Option/ClientOptions.cs","ClientOptionsHandler","Source/NexusForever.WorldServer/Network/Message/Handler/Option/ClientOptionHandlers.cs"
"ServerQuestObjectiveWorldLocation","0x012C","Server","modeled","named","1","ServerQuestObjectiveWorldLocation","1","0","0","1","False","","ServerQuestObjectiveWorldLocation","Source/NexusForever.Network.World/Message/Model/ServerQuestObjectiveWorldLocation.cs","",""
"Client0x012D","0x012D","Client","handled","named","1","Client0x012D","1","1","1","0","False","0x8-byte payload; semantics unresolved","Client0x012D","Source/NexusForever.Network.World/Message/Model/ClientUnresolvedDiagnosticPackets.cs","Client0x012DHandler","Source/NexusForever.WorldServer/Network/Message/Handler/Misc/ClientUnresolvedDiagnosticHandlers.cs"
"ServerPetCustomisationList","0x012E","Server","modeled","named","1","ServerPetCustomisationList","1","0","0","1","False","","ServerPetCustomisationList","Source/NexusForever.Network.World/Message/Model/Pet/ServerPetCustomisationList.cs","",""
"ServerPetCustomisation","0x012F","Server","modeled","named","1","ServerPetCustomisation","1","0","0","1","False","","ServerPetCustomisation","Source/NexusForever.Network.World/Message/Model/Pet/ServerPetCustomisation.cs","",""
"ServerPublicEventStatsUpdate","0x0130","Server","modeled","named","1","ServerPublicEventStatsUpdate","1","0","0","1","False","","ServerPublicEventStatsUpdate","Source/NexusForever.Network.World/Message/Model/PublicEvent/ServerPublicEventStatsUpdate.cs","",""
"ServerPublicEventLocationUpdate","0x0131","Server","modeled","named","1","ServerPublicEventLocationUpdate","1","0","0","1","False","","ServerPublicEventLocationUpdate","Source/NexusForever.Network.World/Message/Model/PublicEvent/ServerPublicEventLocationUpdate.cs","",""
"ServerPublicEventObjectiveUpdate","0x0132","Server","modeled","named","1","ServerPublicEventObjectiveUpdate","1","0","0","1","False","","ServerPublicEventObjectiveUpdate","Source/NexusForever.Network.World/Message/Model/PublicEvent/ServerPublicEventObjectiveUpdate.cs","",""
"ServerPublicEventObjectiveNotificationMode","0x0133","Server","modeled","named","1","ServerPublicEventObjectiveNotificationMode","1","0","0","1","False","","ServerPublicEventObjectiveNotificationMode","Source/NexusForever.Network.World/Message/Model/PublicEvent/ServerPublicEventObjectiveNotificationMode.cs","",""
"ServerPublicEventObjectiveStatusUpdate","0x0134","Server","modeled","named","1","ServerPublicEventObjectiveStatusUpdate","1","0","0","1","False","","ServerPublicEventObjectiveStatusUpdate","Source/NexusForever.Network.World/Message/Model/PublicEvent/ServerPublicEventObjectiveStatusUpdate.cs","",""
"ServerPublicEventTeamMultiplier","0x0135","Server","modeled","named","1","ServerPublicEventTeamMultiplier","1","0","0","1","False","","ServerPublicEventTeamMultiplier","Source/NexusForever.Network.World/Message/Model/PublicEvent/ServerPublicEventTeamMultiplier.cs","",""
"ServerPublicEventTimeUpdate","0x0136","Server","modeled","named","1","ServerPublicEventTimeUpdate","1","0","0","1","False","","ServerPublicEventTimeUpdate","Source/NexusForever.Network.World/Message/Model/PublicEvent/ServerPublicEventTimeUpdate.cs","",""
"ServerPublicEventPersonalStatsUpdate","0x0137","Server","modeled","named","1","ServerPublicEventPersonalStatsUpdate","1","0","0","0","False","","ServerPublicEventPersonalStatsUpdate","Source/NexusForever.Network.World/Message/Model/PublicEvent/ServerPublicEventPersonalStatsUpdate.cs","",""
"ServerPublicEventMapRegionUpdate","0x0138","Server","modeled","named","1","ServerPublicEventMapRegionUpdate","1","0","0","1","False","","ServerPublicEventMapRegionUpdate","Source/NexusForever.Network.World/Message/Model/PublicEvent/ServerPublicEventMapRegionUpdate.cs","",""
"ServerPublicEventAuxRaw","0x0139","Server","modeled","named","1","ServerPublicEventAuxRaw","1","0","0","0","False","0x10-byte public-event cluster aux","ServerPublicEventAuxRaw","Source/NexusForever.Network.World/Message/Model/ServerClusterAuxPackets.cs","",""
"ServerPublicEventResetObjectiveState","0x013A","Server","modeled","named","1","ServerPublicEventResetObjectiveState","1","0","0","1","False","","ServerPublicEventResetObjectiveState","Source/NexusForever.Network.World/Message/Model/PublicEvent/ServerPublicEventResetObjectiveState.cs","",""
"ServerPublicEventPersonalStatUpdate","0x013B","Server","modeled","named","1","ServerPublicEventPersonalStatUpdate","1","0","0","1","False","","ServerPublicEventPersonalStatUpdate","Source/NexusForever.Network.World/Message/Model/PublicEvent/ServerPublicEventPersonalStatUpdate.cs","",""
"ServerPveRatingUpdate","0x013C","Server","modeled","named","1","ServerPveRatingUpdate","1","0","0","1","False","","ServerPveRatingUpdate","Source/NexusForever.Network.World/Message/Model/ServerPveRatingUpdate.cs","",""
"ServerPvpCooldownClear","0x013D","Server","modeled","named","1","ServerPvpCooldownClear","1","0","0","1","False","","ServerPvpCooldownClear","Source/NexusForever.Network.World/Message/Model/Pvp/ServerPvpCooldownClear.cs","",""
"ServerPvpCooldownUpdate","0x013E","Server","modeled","named","1","ServerPvpCooldownUpdate","1","0","0","1","False","","ServerPvpCooldownUpdate","Source/NexusForever.Network.World/Message/Model/Pvp/ServerPvpCooldownUpdate.cs","",""
"ServerPvpRatingUpdate","0x0140","Server","modeled","named","1","ServerPvpRatingUpdate","1","0","0","1","False","","ServerPvpRatingUpdate","Source/NexusForever.Network.World/Message/Model/ServerPvpRatingUpdate.cs","",""
"ClientRapidTransport","0x0141","Client","handled","named","1","ClientRapidTransport","1","1","1","0","False","","ClientRapidTransport","Source/NexusForever.Network.World/Message/Model/ClientRapidTransport.cs","ClientRapidTransportHandler","Source/NexusForever.WorldServer/Network/Message/Handler/Entity/Player/ClientRapidTransportHandler.cs"
"Client0x0142","0x0142","Client","handled","named","1","Client0x0142","1","1","1","0","False","0x10-byte payload; semantics unresolved","Client0x0142","Source/NexusForever.Network.World/Message/Model/ClientUnresolvedDiagnosticPackets.cs","Client0x0142Handler","Source/NexusForever.WorldServer/Network/Message/Handler/Misc/ClientUnresolvedDiagnosticHandlers.cs"
"ServerAppearanceAuxByte","0x0143","Server","modeled","named","1","ServerAppearanceAuxByte","1","0","0","0","False","1-byte appearance cluster aux","ServerAppearanceAuxByte","Source/NexusForever.Network.World/Message/Model/ServerClusterAuxPackets.cs","",""
"ClientCharacterAppearanceChange","0x0144","Client","handled","named","1","ClientCharacterAppearanceChange","1","1","1","0","False","","ClientCharacterAppearanceChange","Source/NexusForever.Network.World/Message/Model/ClientCharacterAppearanceChange.cs","ClientAppearanceChangeHandler","Source/NexusForever.WorldServer/Network/Message/Handler/Entity/Player/ClientAppearanceChangeHandler.cs"
"ServerCharacterAppearanceResult","0x0145","Server","modeled","named","1","ServerCharacterAppearanceResult","1","0","0","1","False","","ServerCharacterAppearanceResult","Source/NexusForever.Network.World/Message/Model/ServerCharacterAppearanceResult.cs","",""
"ServerItemDelete","0x0148","Server","modeled","named","1","ServerItemDelete","1","0","0","1","False","","ServerItemDelete","Source/NexusForever.Network.World/Message/Model/ServerItemDelete.cs","",""
"ClientItemDelete","0x0149","Client","handled","named","1","ClientItemDelete","1","1","1","0","False","","ClientItemDelete","Source/NexusForever.Network.World/Message/Model/ClientItemDelete.cs","ClientItemDeleteHandler","Source/NexusForever.WorldServer/Network/Message/Handler/Item/ClientItemDeleteHandler.cs"
"ServerAbilityRemove","0x014A","Server","modeled","named","1","ServerAbilityRemove","1","0","0","1","False","","ServerAbilityRemove","Source/NexusForever.Network.World/Message/Model/Abilities/ServerAbilityRemove.cs","",""
"ServerCharacterRenameResult","0x014B","Server","modeled","named","1","ServerCharacterRenameResult","1","0","0","1","False","","ServerCharacterRenameResult","Source/NexusForever.Network.World/Message/Model/Pregame/ServerCharacterRenameResult.cs","",""
"ClientRepairItemVendor","0x014C","Client","handled","named","1","ClientRepairItemVendor","1","1","1","0","False","repair item/all vendor request; zero item branch carries total repair cost","ClientRepairItemVendor","Source/NexusForever.Network.World/Message/Model/ClientRepairItemVendor.cs","ClientRepairItemVendorHandler","Source/NexusForever.WorldServer/Network/Message/Handler/Vendor/ClientVendorRepairHandlers.cs"
"ServerLootAuxByte","0x014D","Server","modeled","named","1","ServerLootAuxByte","1","0","0","0","False","1-byte loot cluster aux","ServerLootAuxByte","Source/NexusForever.Network.World/Message/Model/ServerClusterAuxPackets.cs","",""
"ClientEntityInteractChair","0x014E","Client","handled","named","1","ClientEntityInteractChair","1","1","1","0","False","","ClientEntityInteractChair","Source/NexusForever.Network.World/Message/Model/ClientEntityInteractChair.cs","ClientEntityInteractChairHandler","Source/NexusForever.WorldServer/Network/Message/Handler/Entity/ClientEntityInteractChairHandler.cs"
"ClientLootItem","0x014F","Client","handled","named","1","ClientLootItem","1","1","1","0","False","","ClientLootItem","Source/NexusForever.Network.World/Message/Model/Loot/ClientLootItem.cs","ClientLootItemHandler","Source/NexusForever.WorldServer/Network/Message/Handler/Loot/ClientUnsupportedLootHandlers.cs"
"ClientResetAttributePoints","0x0150","Client","handled","named","1","ClientResetAttributePoints","1","1","1","0","False","","ClientResetAttributePoints","Source/NexusForever.Network.World/Message/Model/ClientResetAttributePoints.cs","ClientResetAttributePointsHandler","Source/NexusForever.WorldServer/Network/Message/Handler/Character/ClientAttributePointHandlers.cs"
"ClientRespecAmps","0x0151","Client","handled","named","1","ClientRespecAmps","1","1","1","0","False","","ClientRespecAmps","Source/NexusForever.Network.World/Message/Model/Abilities/ClientRespecAmps.cs","ClientRespecAmpsHandler","Source/NexusForever.WorldServer/Network/Message/Handler/Spell/ClientRespecAmpsHandler.cs"
"ServerAmpRespecResult","0x0152","Server","modeled","named","1","ServerAmpRespecResult","1","0","0","1","False","","ServerAmpRespecResult","Source/NexusForever.Network.World/Message/Model/Abilities/ServerAmpRespecResult.cs","",""
"ClientResetSingleInstance","0x0153","Client","handled","named","1","ClientResetSingleInstance","1","1","1","0","False","","ClientResetSingleInstance","Source/NexusForever.Network.World/Message/Model/Instance/ClientResetSingleInstance.cs","ClientResetSingleInstanceHandler","Source/NexusForever.WorldServer/Network/Message/Handler/Instance/ClientInstanceSettingsHandlers.cs"
"ServerInstanceResetFailed","0x0154","Server","modeled","named","1","ServerInstanceResetFailed","1","0","0","1","False","","ServerInstanceResetFailed","Source/NexusForever.Network.World/Message/Model/Instance/ServerInstanceResetFailed.cs","",""
"ServerInstanceResetResult","0x0155","Server","modeled","named","1","ServerInstanceResetResult","1","0","0","1","False","","ServerInstanceResetResult","Source/NexusForever.Network.World/Message/Model/Instance/ServerInstanceResetResult.cs","",""
"ServerInstanceResetAux","0x0157","Server","modeled","named","1","ServerInstanceResetAux","1","0","0","0","False","8-byte instance-reset cluster aux","ServerInstanceResetAux","Source/NexusForever.Network.World/Message/Model/ServerClusterAuxPackets.cs","",""
"ServerShowInstanceRestrictedDialog","0x0158","Server","modeled","named","1","ServerShowInstanceRestrictedDialog","1","0","0","1","False","","ServerShowInstanceRestrictedDialog","Source/NexusForever.Network.World/Message/Model/Instance/ServerShowInstanceRestrictedDialog.cs","",""
"ClientResurrectAccept","0x015A","Client","handled","named","1","ClientResurrectAccept","1","1","1","0","False","","ClientResurrectAccept","Source/NexusForever.Network.World/Message/Model/ClientResurrectAccept.cs","ClientResurrectAcceptHandler","Source/NexusForever.WorldServer/Network/Message/Handler/Entity/Player/ClientResurrectAcceptHandler.cs"
"ServerResurrectRequest","0x015B","Server","modeled","named","1","ServerResurrectRequest","1","0","0","1","False","","ServerResurrectRequest","Source/NexusForever.Network.World/Message/Model/ServerResurrectRequest.cs","",""
"ClientCCStateKnockdownBreak","0x015C","Client","handled","named","1","ClientCCStateKnockdownBreak","1","1","1","0","False","","ClientCCStateKnockdownBreak","Source/NexusForever.Network.World/Message/Model/Entity/ClientCCStateKnockdownBreak.cs","ClientCCStateKnockdownBreakHandler","Source/NexusForever.WorldServer/Network/Message/Handler/Entity/Player/ClientCCStateKnockdownBreakHandler.cs"
"ClientLootRollAction","0x015D","Client","handled","named","1","ClientLootRollAction","1","1","1","0","False","","ClientLootRollAction","Source/NexusForever.Network.World/Message/Model/Loot/ClientLootRollAction.cs","ClientLootRollActionHandler","Source/NexusForever.WorldServer/Network/Message/Handler/Loot/ClientUnsupportedLootHandlers.cs"
"ClientItemUseLootBag","0x015E","Client","handled","named","1","ClientItemUseLootBag","1","1","1","0","False","","ClientItemUseLootBag","Source/NexusForever.Network.World/Message/Model/ClientItemUseLootBag.cs","ClientItemUseLootBagHandler","Source/NexusForever.WorldServer/Network/Message/Handler/Item/ClientItemUseLootBagHandler.cs"
"ClientPathScientistDismissScanbotPathAction","0x015F","Client","handled","named","1","ClientPathScientistDismissScanbotPathAction","1","1","1","0","False","","ClientPathScientistDismissScanbotPathAction","Source/NexusForever.Network.World/Message/Model/PlayerPath/ClientPathScientistDismissScanbotPathAction.cs","ClientPathScientistDismissScanbotPathActionHandler","Source/NexusForever.WorldServer/Network/Message/Handler/Path/ClientPathScientistDismissScanbotPathActionHandler.cs"
"ServerPathMissionAuxByte","0x0160","Server","modeled","named","1","ServerPathMissionAuxByte","1","0","0","0","False","1-byte path-mission cluster aux","ServerPathMissionAuxByte","Source/NexusForever.Network.World/Message/Model/ServerClusterAuxPackets.cs","",""
"ServerCharacterSelectFail","0x0162","Server","modeled","named","1","ServerCharacterSelectFail","1","0","0","1","False","","ServerCharacterSelectFail","Source/NexusForever.Network.World/Message/Model/Pregame/ServerCharacterSelectFail.cs","",""
"ClientSetInstanceSettings","0x0163","Client","handled","named","1","ClientSetInstanceSettings","1","1","1","0","False","","ClientSetInstanceSettings","Source/NexusForever.Network.World/Message/Model/Instance/ClientSetInstanceSettings.cs","ClientSetInstanceSettingsHandler","Source/NexusForever.WorldServer/Network/Message/Handler/Instance/ClientInstanceSettingsHandlers.cs"
"ServerShowInstanceGameModeDialog","0x0164","Server","modeled","named","1","ServerShowInstanceGameModeDialog","1","0","0","1","False","","ServerShowInstanceGameModeDialog","Source/NexusForever.Network.World/Message/Model/Instance/ServerShowInstanceGameModeDialog.cs","",""
"ClientSellItemToVendor","0x0166","Client","handled","named","1","ClientSellItemToVendor","1","1","1","0","False","","ClientVendorSell","Source/NexusForever.Network.World/Message/Model/ClientVendorSell.cs","ClientVendorSellHandler","Source/NexusForever.WorldServer/Network/Message/Handler/Vendor/ClientVendorSellHandler.cs"
"ClientRepairVendorStatusRequest","0x0167","Client","handled","named","1","ClientRepairVendorStatusRequest","1","1","1","0","False","","ClientRepairVendorStatusRequest","Source/NexusForever.Network.World/Message/Model/ClientRepairVendorStatusRequest.cs","ClientRepairVendorStatusRequestHandler","Source/NexusForever.WorldServer/Network/Message/Handler/Vendor/ClientVendorRepairHandlers.cs"
"ClientMailSend","0x0168","Client","handled","named","1","ClientMailSend","1","1","1","0","False","","ClientMailSend","Source/NexusForever.Network.World/Message/Model/Mail/ClientMailSend.cs","ClientMailSendHandler","Source/NexusForever.WorldServer/Network/Message/Handler/Mail/ClientMailSendHandler.cs"
"ServerAbilityPoints","0x0169","Server","modeled","named","1","ServerAbilityPoints","1","0","0","1","False","","ServerAbilityPoints","Source/NexusForever.Network.World/Message/Model/Abilities/ServerAbilityPoints.cs","",""
"ClientNonSpellActionSetChanges","0x016A","Client","handled","named","1","ClientNonSpellActionSetChanges","1","1","1","0","False","","ClientNonSpellActionSetChanges","Source/NexusForever.Network.World/Message/Model/Abilities/ClientNonSpellActionSetChanges.cs","ClientNonSpellActionSetChangesHandler","Source/NexusForever.WorldServer/Network/Message/Handler/Spell/ClientNonSpellActionSetChangesHandler.cs"
"ServerActionSetDualUInt32Lists","0x016B","Server","modeled","named","1","ServerActionSetDualUInt32Lists","1","0","0","1","False","uint32 pair + counted uint32 lists; reader FUN_14008dc30","ServerActionSetDualUInt32Lists","Source/NexusForever.Network.World/Message/Model/Abilities/ServerLasAuxPackets.cs","",""
"ServerShowActionBar","0x016C","Server","modeled","named","1","ServerShowActionBar","1","0","0","1","False","","ServerShowActionBar","Source/NexusForever.Network.World/Message/Model/Abilities/ServerShowActionBar.cs","",""
"ServerActionSetUInt16","0x016D","Server","modeled","named","1","ServerActionSetUInt16","1","0","0","1","False","16-bit scalar; reader LAB_14008ed80","ServerActionSetUInt16","Source/NexusForever.Network.World/Message/Model/Abilities/ServerLasAuxPackets.cs","",""
"ServerActionSetUInt32","0x016E","Server","modeled","named","1","ServerActionSetUInt32","1","0","0","1","False","uint32 scalar; reader ServerUInt32_ReadPayload","ServerActionSetUInt32","Source/NexusForever.Network.World/Message/Model/Abilities/ServerLasAuxPackets.cs","",""
"ClientSetStance","0x016F","Client","handled","named","1","ClientSetStance","1","1","1","0","False","","ClientSetStance","Source/NexusForever.Network.World/Message/Model/Abilities/ClientSetStance.cs","ClientSetStanceHandler","Source/NexusForever.WorldServer/Network/Message/Handler/Spell/ClientSetStanceHandler.cs"
"ClientSetIgnoreDuelRequests","0x0170","Client","handled","named","1","ClientSetIgnoreDuelRequests","1","1","1","0","False","","ClientSetIgnoreDuelRequests","Source/NexusForever.Network.World/Message/Model/Pvp/ClientSetIgnoreDuelRequests.cs","ClientSetIgnoreDuelRequestsHandler","Source/NexusForever.WorldServer/Network/Message/Handler/Pvp/ClientPvpHandlers.cs"
"ServerPhaseVisibilityWorldLocation","0x0171","Server","modeled","named","1","ServerPhaseVisibilityWorldLocation","1","0","0","1","False","","ServerPhaseVisibilityWorldLocation","Source/NexusForever.Network.World/Message/Model/ServerPhaseVisibilityWorldLocation.cs","",""
"ServerPlaneVisibilitySpellSlingerVoid","0x0172","Server","modeled","named","1","ServerPlaneVisibilitySpellSlingerVoid","1","0","0","1","False","","ServerPlaneVisibilitySpellSlingerVoid","Source/NexusForever.Network.World/Message/Model/ServerPlaneVisibilitySpellSlingerVoid.cs","",""
"ClientPvpToggleFlags","0x0173","Client","handled","named","1","ClientPvpToggleFlags","1","1","1","0","False","","ClientPvpToggleFlags","Source/NexusForever.Network.World/Message/Model/Pvp/ClientPvpToggle.cs","ClientPvpToggleFlagsHandler","Source/NexusForever.WorldServer/Network/Message/Handler/Pvp/ClientPvpHandlers.cs"
"ClientSetSpec","0x0174","Client","handled","named","1","ClientSetSpec","1","1","1","0","False","","ClientSetSpec","Source/NexusForever.Network.World/Message/Model/Abilities/ClientSetSpec.cs","ClientSetSpecHandler","Source/NexusForever.WorldServer/Network/Message/Handler/Spell/ClientSetSpecHandler.cs"
"ServerSpecChanged","0x0175","Server","modeled","named","1","ServerSpecChanged","1","0","0","1","False","","ServerSpecChanged","Source/NexusForever.Network.World/Message/Model/Abilities/ServerSpecChanged.cs","",""
"ServerQuestSpellShortcut","0x0176","Server","modeled","named","1","ServerQuestSpellShortcut","1","0","0","1","False","","ServerQuestSpellShortcut","Source/NexusForever.Network.World/Message/Model/ServerQuestSpellShortcut.cs","",""
"ClientToggleWeapons","0x0177","Client","handled","named","1","ClientToggleWeapons","1","1","1","0","False","","ClientToggleWeapons","Source/NexusForever.Network.World/Message/Model/ClientToggleWeapons.cs","ClientToggleWeaponsHandler","Source/NexusForever.WorldServer/Network/Message/Handler/Misc/ClientToggleWeaponsHandler.cs"
"ServerSoundTrigger","0x0178","Server","modeled","named","1","ServerSoundTrigger","1","0","0","1","False","","ServerSoundTrigger","Source/NexusForever.Network.World/Message/Model/ServerSoundTrigger.cs","",""
"ServerTutorial","0x0179","Server","modeled","named","1","ServerTutorial","1","0","0","1","False","","ServerTutorial","Source/NexusForever.Network.World/Message/Model/ServerTutorial.cs","",""
"ClientAbilityBookActivateSpell","0x017A","Client","handled","named","1","ClientAbilityBookActivateSpell","1","1","1","0","False","","ClientAbilityBookActivateSpell","Source/NexusForever.Network.World/Message/Model/Abilities/ClientAbilityBookActivateSpell.cs","ClientAbilityBookActivateSpellHandler","Source/NexusForever.WorldServer/Network/Message/Handler/Spell/ClientAbilityBookActivateSpellHandler.cs"
"ServerSpellUpdate","0x017B","Server","modeled","named","1","ServerSpellUpdate","1","0","0","1","False","","ServerSpellUpdate","Source/NexusForever.Network.World/Message/Model/Abilities/ServerSpellUpdate.cs","",""
"ClientSpendAttributePoints","0x017C","Client","handled","named","1","ClientSpendAttributePoints","1","1","1","0","False","","ClientSpendAttributePoints","Source/NexusForever.Network.World/Message/Model/ClientSpendAttributePoints.cs","ClientSpendAttributePointsHandler","Source/NexusForever.WorldServer/Network/Message/Handler/Character/ClientAttributePointHandlers.cs"
"ClientItemSplit","0x017D","Client","handled","named","1","ClientItemSplit","1","1","1","0","False","","ClientItemSplit","Source/NexusForever.Network.World/Message/Model/ClientItemSplit.cs","ClientItemSplitHandler","Source/NexusForever.WorldServer/Network/Message/Handler/Item/ClientItemSplitHandler.cs"
"ClientSpellToggleCast","0x017E","Client","handled","named","1","ClientSpellToggleCast","1","1","1","0","False","","ClientSpellToggleCast","Source/NexusForever.Network.World/Message/Model/ClientSpellToggleCast.cs","ClientSpellToggleCastHandler","Source/NexusForever.WorldServer/Network/Message/Handler/Spell/ClientSpellToggleCastHandler.cs"
"ServerItemStackCountUpdate","0x017F","Server","modeled","named","1","ServerItemStackCountUpdate","1","0","0","1","False","","ServerItemStackCountUpdate","Source/NexusForever.Network.World/Message/Model/ServerItemStackCountUpdate.cs","",""
"ClientPathScientistRequestScanbot","0x0180","Client","handled","named","1","ClientPathScientistRequestScanbot","1","1","1","0","False","","ClientPathScientistRequestScanbot","Source/NexusForever.Network.World/Message/Model/PlayerPath/ClientPathScientistRequestScanbot.cs","ClientPathScientistRequestScanbotHandler","Source/NexusForever.WorldServer/Network/Message/Handler/Path/ClientPathScientistRequestScanbotHandler.cs"
"ServerPathScientistAuxUInt32","0x0181","Server","modeled","named","1","ServerPathScientistAuxUInt32","1","0","0","0","False","4-byte path-scientist cluster aux","ServerPathScientistAuxUInt32","Source/NexusForever.Network.World/Message/Model/ServerClusterAuxPackets.cs","",""
"ClientItemMove","0x0182","Client","handled","named","1","ClientItemMove","1","1","1","0","False","","ClientItemMove","Source/NexusForever.Network.World/Message/Model/ClientItemMove.cs","ClientItemMoveHandler","Source/NexusForever.WorldServer/Network/Message/Handler/Item/ClientItemMoveHandler.cs"
"ServerItemUnlockUInt32Flag","0x0183","Server","modeled","named","1","ServerItemUnlockUInt32Flag","1","0","0","0","False","uint32 + flag item-unlock aux","ServerItemUnlockUInt32Flag","Source/NexusForever.Network.World/Message/Model/ServerClusterAuxPackets.cs","",""
"ClientItemMoveFromSupplySatchel","0x0184","Client","handled","named","1","ClientItemMoveFromSupplySatchel","1","1","1","0","False","","ClientItemMoveFromSupplySatchel","Source/NexusForever.Network.World/Message/Model/ClientItemMoveFromSupplySatchel.cs","ClientItemMoveFromSupplySatchelHandler","Source/NexusForever.WorldServer/Network/Message/Handler/Item/ClientItemMoveFromSupplySatchelHandler.cs"
"ClientEntitySelect","0x0185","Client","handled","named","1","ClientEntitySelect","1","1","1","0","False","","ClientEntitySelect","Source/NexusForever.Network.World/Message/Model/ClientEntitySelect.cs","ClientEntityTargetHandler","Source/NexusForever.WorldServer/Network/Message/Handler/Entity/ClientEntityTargetHandler.cs"
"ServerEntitySelectAuxUInt32","0x0186","Server","modeled","named","1","ServerEntitySelectAuxUInt32","1","0","0","0","False","4-byte entity-select cluster aux","ServerEntitySelectAuxUInt32","Source/NexusForever.Network.World/Message/Model/ServerClusterAuxPackets.cs","",""
"ServerEntitySelectAuxByte","0x0187","Server","modeled","named","1","ServerEntitySelectAuxByte","1","0","0","0","False","1-byte entity-select cluster aux","ServerEntitySelectAuxByte","Source/NexusForever.Network.World/Message/Model/ServerClusterAuxPackets.cs","",""
"ServerFlightPathUpdate","0x0188","Server","modeled","named","1","ServerFlightPathUpdate","1","0","0","1","False","","ServerFlightPathUpdate","Source/NexusForever.Network.World/Message/Model/ServerFlightPathUpdate.cs","",""
"ServerTitleSet","0x0189","Server","modeled","named","1","ServerTitleSet","1","0","0","1","False","","ServerTitleSet","Source/NexusForever.Network.World/Message/Model/ServerTitleSet.cs","",""
"ServerTitleUpdate","0x018A","Server","modeled","named","1","ServerTitleUpdate","1","0","0","1","False","","ServerTitleUpdate","Source/NexusForever.Network.World/Message/Model/ServerTitleUpdate.cs","",""
"ServerTitles","0x018B","Server","modeled","named","1","ServerTitles","1","0","0","1","False","","ServerTitles","Source/NexusForever.Network.World/Message/Model/ServerTitles.cs","",""
"ClientP2PTradingAcceptInvite","0x018C","Client","handled","named","1","ClientP2PTradingAcceptInvite","1","1","1","0","False","","ClientP2PTradingAcceptInvite","Source/NexusForever.Network.World/Message/Model/ClientP2PTradingAcceptInvite.cs","ClientP2PTradingAcceptInviteHandler","Source/NexusForever.WorldServer/Network/Message/Handler/Trade/ClientP2PTradingHandlers.cs"
"ClientP2PTradingAddItem","0x018D","Client","handled","named","1","ClientP2PTradingAddItem","1","1","1","0","False","","ClientP2PTradingAddItem","Source/NexusForever.Network.World/Message/Model/ClientP2PTradingAddItem.cs","ClientP2PTradingAddItemHandler","Source/NexusForever.WorldServer/Network/Message/Handler/Trade/ClientP2PTradingHandlers.cs"
"ServerP2PTradeUpdateItem","0x018E","Server","modeled","named","1","ServerP2PTradeUpdateItem","1","0","0","1","False","","ServerP2PTradeUpdateItem","Source/NexusForever.Network.World/Message/Model/ServerP2PTradeUpdateItem.cs","",""
"ClientP2PTradingCancelTrade","0x018F","Client","handled","named","1","ClientP2PTradingCancelTrade","1","1","1","0","False","","ClientP2PTradingCancelTrade","Source/NexusForever.Network.World/Message/Model/ClientP2PTradingCancelTrade.cs","ClientP2PTradingCancelTradeHandler","Source/NexusForever.WorldServer/Network/Message/Handler/Trade/ClientP2PTradingHandlers.cs"
"ClientP2PTradingCommit","0x0190","Client","handled","named","1","ClientP2PTradingCommit","1","1","1","0","False","","ClientP2PTradingCommit","Source/NexusForever.Network.World/Message/Model/ClientP2PTradingCommit.cs","ClientP2PTradingCommitHandler","Source/NexusForever.WorldServer/Network/Message/Handler/Trade/ClientP2PTradingHandlers.cs"
"ClientP2PTradingDeclineInvite","0x0191","Client","handled","named","1","ClientP2PTradingDeclineInvite","1","1","1","0","False","","ClientP2PTradingDeclineInvite","Source/NexusForever.Network.World/Message/Model/ClientP2PTradingDeclineInvite.cs","ClientP2PTradingDeclineInviteHandler","Source/NexusForever.WorldServer/Network/Message/Handler/Trade/ClientP2PTradingHandlers.cs"
"ClientP2PTradingInitiateTrade","0x0192","Client","handled","named","1","ClientP2PTradingInitiateTrade","1","1","1","0","False","","ClientP2PTradingInitiateTrade","Source/NexusForever.Network.World/Message/Model/ClientP2PTradingInitiateTrade.cs","ClientP2PTradingInitiateTradeHandler","Source/NexusForever.WorldServer/Network/Message/Handler/Trade/ClientP2PTradingHandlers.cs"
"ServerP2PTradeInvite","0x0193","Server","modeled","named","1","ServerP2PTradeInvite","1","0","0","1","False","","ServerP2PTradeInvite","Source/NexusForever.Network.World/Message/Model/ServerP2PTradeInvite.cs","",""
"ClientP2PTradingRemoveItem","0x0194","Client","handled","named","1","ClientP2PTradingRemoveItem","1","1","1","0","False","","ClientP2PTradingRemoveItem","Source/NexusForever.Network.World/Message/Model/ClientP2PTradingRemoveItem.cs","ClientP2PTradingRemoveItemHandler","Source/NexusForever.WorldServer/Network/Message/Handler/Trade/ClientP2PTradingHandlers.cs"
"ServerP2PTradeItemRemoved","0x0195","Server","modeled","named","1","ServerP2PTradeItemRemoved","1","0","0","1","False","","ServerPTPTradeItemRemoved","Source/NexusForever.Network.World/Message/Model/ServerP2PTradeItemRemoved.cs","",""
"ServerP2PTradeResult","0x0196","Server","modeled","named","1","ServerP2PTradeResult","1","0","0","1","False","","ServerP2PTradeResult","Source/NexusForever.Network.World/Message/Model/ServerP2PTradeResult.cs","",""
"ClientP2PTradingSetMoney","0x0197","Client","handled","named","1","ClientP2PTradingSetMoney","1","1","1","0","False","","ClientP2PTradingSetMoney","Source/NexusForever.Network.World/Message/Model/ClientP2PTradingSetMoney.cs","ClientP2PTradingSetMoneyHandler","Source/NexusForever.WorldServer/Network/Message/Handler/Trade/ClientP2PTradingHandlers.cs"
"ServerP2PTradeUpdateMoney","0x0198","Server","modeled","named","1","ServerP2PTradeUpdateMoney","1","0","0","1","False","","ServerP2PTradeUpdateMoney","Source/NexusForever.Network.World/Message/Model/ServerP2PTradeUpdateMoney.cs","",""
"ServerSupplySatchelUpdate","0x0199","Server","modeled","named","1","ServerSupplySatchelUpdate","1","0","0","1","False","","ServerSupplySatchelUpdate","Source/NexusForever.Network.World/Message/Model/ServerSupplySatchelUpdate.cs","",""
"ServerSupplySatchelAux","0x019A","Server","modeled","named","1","ServerSupplySatchelAux","1","0","0","0","False","8-byte supply-satchel cluster aux","ServerSupplySatchelAux","Source/NexusForever.Network.World/Message/Model/ServerClusterAuxPackets.cs","",""
"ServerPlayerChanged","0x019B","Server","modeled","named","1","ServerPlayerChanged","1","0","0","1","False","","ServerPlayerChanged","Source/NexusForever.Network.World/Message/Model/ServerPlayerChanged.cs","",""
"ServerActionSetUInt16List","0x019C","Server","modeled","named","1","ServerActionSetUInt16List","1","0","0","1","False","7-bit count + ushort rows; reader FUN_14008e1f0","ServerActionSetUInt16List","Source/NexusForever.Network.World/Message/Model/Abilities/ServerLasAuxPackets.cs","",""
"ServerActionSet","0x019D","Server","modeled","named","1","ServerActionSet","1","0","0","1","False","","ServerActionSet","Source/NexusForever.Network.World/Message/Model/Abilities/ServerActionSet.cs","",""
"ServerAttributePoints","0x019E","Server","modeled","named","1","ServerAttributePoints","1","0","0","1","False","","ServerAttributePoints","Source/NexusForever.Network.World/Message/Model/ServerAttributePoints.cs","",""
"ServerStanceChanged","0x019F","Server","modeled","named","1","ServerStanceChanged","1","0","0","1","False","","ServerStanceChanged","Source/NexusForever.Network.World/Message/Model/Abilities/ServerStanceChanged.cs","",""
"ServerAbilityBook","0x01A0","Server","modeled","named","1","ServerAbilityBook","1","0","0","1","False","","ServerAbilityBook","Source/NexusForever.Network.World/Message/Model/Abilities/ServerAbilityBook.cs","",""
"ServerAmpPowerUpdate","0x01A1","Server","modeled","named","1","ServerAmpPowerUpdate","1","0","0","1","False","","ServerAmpPowerUpdate","Source/NexusForever.Network.World/Message/Model/Abilities/ServerAmpPowerUpdate.cs","",""
"ClientCommitAmpSpec","0x01A2","Client","handled","named","1","ClientCommitAmpSpec","1","1","1","0","False","","ClientCommitAmpSpec","Source/NexusForever.Network.World/Message/Model/Abilities/ClientCommitAmpSpec.cs","ClientCommitAmpSpecHandler","Source/NexusForever.WorldServer/Network/Message/Handler/Spell/ClientCommitAmpSpecHandler.cs"
"ServerAmpList","0x01A3","Server","modeled","named","1","ServerAmpList","1","0","0","1","False","","ServerAmpList","Source/NexusForever.Network.World/Message/Model/Abilities/ServerAMPList.cs","",""
"ServerActionSetFiveUInt32","0x01A4","Server","modeled","named","1","ServerActionSetFiveUInt32","1","0","0","1","False","five uint32 fields; reader FUN_1400819b0 (shared with 0x01AC)","ServerActionSetFiveUInt32","Source/NexusForever.Network.World/Message/Model/Abilities/ServerLasAuxPackets.cs","",""
"ServerReputationUpdate","0x01A5","Server","modeled","named","1","ServerReputationUpdate","1","0","0","1","False","","ServerReputationUpdate","Source/NexusForever.Network.World/Message/Model/Reputation/ServerReputationUpdate.cs","",""
"ServerReputationAuxUInt32","0x01A6","Server","modeled","named","1","ServerReputationAuxUInt32","1","0","0","0","False","4-byte reputation follow-up aux","ServerReputationAuxUInt32","Source/NexusForever.Network.World/Message/Model/ServerClusterAuxPackets.cs","",""
"ServerReputationAuxRow","0x01A7","Server","modeled","named","1","ServerReputationAuxRow","1","0","0","0","False","0x10-byte reputation follow-up aux","ServerReputationAuxRow","Source/NexusForever.Network.World/Message/Model/ServerClusterAuxPackets.cs","",""
"ServerReputationAuxRowAlt","0x01A8","Server","modeled","named","1","ServerReputationAuxRowAlt","1","0","0","0","False","0x10-byte reputation follow-up aux","ServerReputationAuxRowAlt","Source/NexusForever.Network.World/Message/Model/ServerClusterAuxPackets.cs","",""
"ServerReputationAuxUInt64","0x01A9","Server","modeled","named","1","ServerReputationAuxUInt64","1","0","0","0","False","8-byte reputation follow-up aux","ServerReputationAuxUInt64","Source/NexusForever.Network.World/Message/Model/ServerClusterAuxPackets.cs","",""
"ServerPathUpdateXP","0x01AA","Server","modeled","named","1","ServerPathUpdateXP","1","0","0","1","False","","ServerPathUpdateXP","Source/NexusForever.Network.World/Message/Model/PlayerPath/ServerPathUpdateXP.cs","",""
"ServerResurrectionUpdate","0x01AB","Server","modeled","named","1","ServerResurrectionUpdate","1","0","0","1","False","","ServerResurrectionUpdate","Source/NexusForever.Network.World/Message/Model/ServerResurrectionUpdate.cs","",""
"ServerExperienceGained","0x01AC","Server","modeled","named","1","ServerExperienceGained","1","0","0","1","False","","ServerExperienceGained","Source/NexusForever.Network.World/Message/Model/ServerExperienceGained.cs","",""
"ClientLootVacuum","0x01AD","Client","handled","named","1","ClientLootVacuum","1","1","1","0","False","","ClientLootVacuum","Source/NexusForever.Network.World/Message/Model/Loot/ClientLootVacuum.cs","ClientLootVacuumHandler","Source/NexusForever.WorldServer/Network/Message/Handler/Loot/ClientUnsupportedLootHandlers.cs"
"ServerUnlockVanityPet","0x01AE","Server","modeled","named","1","ServerUnlockVanityPet","1","0","0","1","False","","ServerUnlockVanityPet","Source/NexusForever.Network.World/Message/Model/Pet/ServerUnlockVanityPet.cs","",""
"ClientVehicleDisembark","0x01AF","Client","handled","named","1","ClientVehicleDisembark","1","1","1","0","False","","ClientVehicleDisembark","Source/NexusForever.Network.World/Message/Model/ClientVehicleDisembark.cs","ClientVehicleDisembarkHandler","Source/NexusForever.WorldServer/Network/Message/Handler/Entity/Vehicle/ClientVehicleDisembarkHandler.cs"
"ClientVehicleEmbark","0x01B0","Client","handled","named","1","ClientVehicleEmbark","1","1","1","0","False","","ClientVehicleEmbark","Source/NexusForever.Network.World/Message/Model/ClientVehicleEmbark.cs","ClientVehicleEmbarkHandler","Source/NexusForever.WorldServer/Network/Message/Handler/Entity/Vehicle/ClientVehicleEmbarkHandler.cs"
"ServerVehicleEmbarkAux","0x01B2","Server","modeled","named","1","ServerVehicleEmbarkAux","1","0","0","0","False","0x10-byte vehicle embark cluster aux","ServerVehicleEmbarkAux","Source/NexusForever.Network.World/Message/Model/ServerClusterAuxPackets.cs","",""
"ServerResurrectionShow","0x01B3","Server","modeled","named","1","ServerResurrectionShow","1","0","0","1","False","","ServerResurrectionShow","Source/NexusForever.Network.World/Message/Model/ServerResurrectionShow.cs","",""
"ServerZoneMap","0x01B4","Server","modeled","named","1","ServerZoneMap","1","0","0","1","False","","ServerZoneMap","Source/NexusForever.Network.World/Message/Model/Map/ServerZoneMap.cs","",""
"ServerChatAction","0x01B5","Server","modeled","named","1","ServerChatAction","1","0","0","1","False","","ServerChatAction","Source/NexusForever.Network.World/Message/Model/Chat/ServerChatAction.cs","",""
"ServerChatFlag","0x01B7","Server","modeled","named","1","ServerChatFlag","1","0","0","1","False","","ServerChatFlag","Source/NexusForever.Network.World/Message/Model/Chat/ServerChatFlag.cs","",""
"ServerChatAuxBulk","0x01B8","Server","modeled","named","1","ServerChatAuxBulk","1","0","0","0","False","0x68-byte chat cluster aux","ServerChatAuxBulk","Source/NexusForever.Network.World/Message/Model/ServerClusterAuxPackets.cs","",""
"ClientChatJoin","0x01BA","Client","handled","named","1","ClientChatJoin","1","1","1","0","False","","ClientChatJoin","Source/NexusForever.Network.World/Message/Model/Chat/ClientChatJoin.cs","ClientChatJoinHandler","Source/NexusForever.WorldServer/Network/Message/Handler/Chat/ClientChatJoinHandler.cs"
"ServerChatJoinResult","0x01BB","Server","modeled","named","1","ServerChatJoinResult","1","0","0","1","False","","ServerChatJoinResult","Source/NexusForever.Network.World/Message/Model/Chat/ServerChatJoinResult.cs","",""
"ServerChatJoin","0x01BC","Server","modeled","named","1","ServerChatJoin","1","0","0","1","False","","ServerChatJoin","Source/NexusForever.Network.World/Message/Model/Chat/ServerChatJoin.cs","",""
"ClientChatKick","0x01BD","Client","handled","named","1","ClientChatKick","1","1","1","0","False","","ClientChatKick","Source/NexusForever.Network.World/Message/Model/Chat/ClientChatKick.cs","ClientChatKickHandler","Source/NexusForever.WorldServer/Network/Message/Handler/Chat/ClientChatKickHandler.cs"
"ClientChatLeave","0x01BE","Client","handled","named","1","ClientChatLeave","1","1","1","0","False","","ClientChatLeave","Source/NexusForever.Network.World/Message/Model/Chat/ClientChatLeave.cs","ClientChatLeaveHandler","Source/NexusForever.WorldServer/Network/Message/Handler/Chat/ClientChatLeaveHandler.cs"
"ServerChatLeave","0x01BF","Server","modeled","named","1","ServerChatLeave","1","0","0","1","False","","ServerChatLeave","Source/NexusForever.Network.World/Message/Model/Chat/ServerChatLeave.cs","",""
"ServerChatList","0x01C0","Server","modeled","named","1","ServerChatList","1","0","0","1","False","","ServerChatList","Source/NexusForever.Network.World/Message/Model/Chat/ServerChatList.cs","",""
"ServerChatAuxPayload","0x01C1","Server","modeled","named","1","ServerChatAuxPayload","1","0","0","0","False","0x20-byte chat cluster aux","ServerChatAuxPayload","Source/NexusForever.Network.World/Message/Model/ServerClusterAuxPackets.cs","",""
"ServerChatAccept","0x01C2","Server","modeled","named","1","ServerChatAccept","1","0","0","1","False","","ServerChatAccept","Source/NexusForever.Network.World/Message/Model/Chat/ServerChatAccept.cs","",""
"ClientChat","0x01C3","Client","handled","named","1","ClientChat","1","1","1","0","False","","ClientChat","Source/NexusForever.Network.World/Message/Model/Chat/ClientChat.cs","ClientChatHandler","Source/NexusForever.WorldServer/Network/Message/Handler/Chat/ClientChatHandler.cs"
"ServerChatAuxPayloadAlt","0x01C4","Server","modeled","named","1","ServerChatAuxPayloadAlt","1","0","0","0","False","0x20-byte chat cluster aux","ServerChatAuxPayloadAlt","Source/NexusForever.Network.World/Message/Model/ServerClusterAuxPackets.cs","",""
"ServerChatNPC","0x01C6","Server","modeled","named","1","ServerChatNPC","1","0","0","1","False","","ServerChatNPC","Source/NexusForever.Network.World/Message/Model/Chat/ServerChatNPC.cs","",""
"ServerChat","0x01C8","Server","modeled","named","1","ServerChat","1","0","0","1","False","","ServerChat","Source/NexusForever.Network.World/Message/Model/Chat/ServerChat.cs","",""
"ServerChatNPCCustom","0x01CA","Server","modeled","named","1","ServerChatNPCCustom","1","0","0","1","False","","ServerChatNPCCustom","Source/NexusForever.Network.World/Message/Model/Chat/ServerChatNPCCustom.cs","",""
"ClientChatModerator","0x01CD","Client","handled","named","1","ClientChatModerator","1","1","1","0","False","","ClientChatModerator","Source/NexusForever.Network.World/Message/Model/Chat/ClientChatModerator.cs","ClientChatModeratorHandler","Source/NexusForever.WorldServer/Network/Message/Handler/Chat/ClientChatModeratorHandler.cs"
"ClientChatMute","0x01CE","Client","handled","named","1","ClientChatMute","1","1","1","0","False","","ClientChatMute","Source/NexusForever.Network.World/Message/Model/Chat/ClientChatMute.cs","ClientChatMuteHandler","Source/NexusForever.WorldServer/Network/Message/Handler/Chat/ClientChatMuteHandler.cs"
"ClientChatOwner","0x01CF","Client","handled","named","1","ClientChatOwner","1","1","1","0","False","","ClientChatOwner","Source/NexusForever.Network.World/Message/Model/Chat/ClientChatOwner.cs","ClientChatOwnerHandler","Source/NexusForever.WorldServer/Network/Message/Handler/Chat/ClientChatOwnerHandler.cs"
"ClientChatPassword","0x01D0","Client","handled","named","1","ClientChatPassword","1","1","1","0","False","","ClientChatPassword","Source/NexusForever.Network.World/Message/Model/Chat/ClientChatPassword.cs","ClientChatPasswordHandler","Source/NexusForever.WorldServer/Network/Message/Handler/Chat/ClientChatPasswordHandler.cs"
"ClientChatList","0x01D2","Client","handled","named","1","ClientChatList","1","1","1","0","False","","ClientChatList","Source/NexusForever.Network.World/Message/Model/Chat/ClientChatList.cs","ClientChatListHandler","Source/NexusForever.WorldServer/Network/Message/Handler/Chat/ClientChatListHandler.cs"
"ServerChatResult","0x01D3","Server","modeled","named","1","ServerChatResult","1","0","0","1","False","","ServerChatResult","Source/NexusForever.Network.World/Message/Model/Chat/ServerChatResult.cs","",""
"ClientChatWhisper","0x01D4","Client","handled","named","1","ClientChatWhisper","1","1","1","0","False","","ClientChatWhisper","Source/NexusForever.Network.World/Message/Model/Chat/ClientChatWhisper.cs","ClientChatWhisperHandler","Source/NexusForever.WorldServer/Network/Message/Handler/Chat/ClientChatWhisperHandler.cs"
"ServerChatWhisperFail","0x01D9","Server","modeled","named","1","ServerChatWhisperFail","1","0","0","1","False","","ServerChatWhisperFail","Source/NexusForever.Network.World/Message/Model/Chat/ServerChatWhisperFail.cs","",""
"ServerChatZoneChange","0x01DA","Server","modeled","named","1","ServerChatZoneChange","1","0","0","1","False","","ServerChatZoneChange","Source/NexusForever.Network.World/Message/Model/Chat/ServerChatZoneChange.cs","",""
"ServerChatAuxNotification","0x01EF","Server","modeled","named","1","ServerChatAuxNotification","1","0","0","0","False","0x10-byte chat/cinematic boundary aux","ServerChatAuxNotification","Source/NexusForever.Network.World/Message/Model/ServerClusterAuxPackets.cs","",""
"ServerCinematicComplete","0x0210","Server","modeled","named","1","ServerCinematicComplete","1","0","0","1","False","","ServerCinematicComplete","Source/NexusForever.Network.World/Message/Model/Cinematic/ServerCinematicComplete.cs","",""
"ServerCinematicPlatformAdd","0x0211","Server","modeled","named","1","ServerCinematicPlatformAdd","1","0","0","1","False","","ServerCinematicPlatformAdd","Source/NexusForever.Network.World/Message/Model/Cinematic/ServerCinematicPlatformAdd.cs","",""
"ServerCinematicTransitionPosition","0x0212","Server","modeled","named","1","ServerCinematicTransitionPosition","1","0","0","1","False","","ServerCinematicTransitionPosition","Source/NexusForever.Network.World/Message/Model/Cinematic/ServerCinematicTransitionPosition.cs","",""
"ServerCinematicCameraAttach","0x0213","Server","modeled","named","1","ServerCinematicCameraAttach","1","0","0","1","False","","ServerCinematicCameraAttach","Source/NexusForever.Network.World/Message/Model/Cinematic/ServerCinematicActorAttach.cs","",""
"ServerCinematicCameraPosVel","0x0214","Server","modeled","named","1","ServerCinematicCameraPosVel","1","0","0","1","False","","ServerCinematicCameraPosVel","Source/NexusForever.Network.World/Message/Model/Cinematic/ServerCinematicCameraPosVel.cs","",""
"ServerCinematicCameraSpline","0x0215","Server","modeled","named","1","ServerCinematicCameraSpline","1","0","0","1","False","","ServerCinematicCameraSpline","Source/NexusForever.Network.World/Message/Model/Cinematic/ServerCinematicCameraSpline.cs","",""
"ServerCinematicCameraTransition","0x0216","Server","modeled","named","1","ServerCinematicCameraTransition","1","0","0","1","False","","ServerCinematicCameraTransition","Source/NexusForever.Network.World/Message/Model/Cinematic/ServerCinematicCameraTransition.cs","",""
"ServerCinematicCameraUnit","0x0217","Server","modeled","named","1","ServerCinematicCameraUnit","1","0","0","1","False","delay, unit id, and target flag for the cinematic camera subject","ServerCinematicCameraUnit","Source/NexusForever.Network.World/Message/Model/Cinematic/ServerCinematicCameraUnit.cs","",""
"ServerCinematicCamera","0x0218","Server","modeled","named","1","ServerCinematicCamera","1","0","0","1","False","","ServerCinematicCamera","Source/NexusForever.Network.World/Message/Model/Cinematic/ServerCinematicCamera.cs","",""
"ServerCinematicPlayerControl","0x0219","Server","modeled","named","1","ServerCinematicPlayerControl","1","0","0","1","False","","ServerCinematicPlayerControl","Source/NexusForever.Network.World/Message/Model/Cinematic/ServerCinematicPlayerControl.cs","",""
"ServerCinematicFullScreenEffectAdd","0x021A","Server","modeled","named","1","ServerCinematicFullScreenEffectAdd","1","0","0","1","False","","ServerCinematicFullScreenEffectAdd","Source/NexusForever.Network.World/Message/Model/Cinematic/ServerCinematicFullScreenEffectAdd.cs","",""
"ServerCinematicMissileActorAdd","0x021B","Server","modeled","named","1","ServerCinematicMissileActorAdd","1","0","0","1","False","","ServerCinematicMissileActorAdd","Source/NexusForever.Network.World/Message/Model/Cinematic/ServerCinematicMissileActorAdd.cs","",""
"ServerCinematicVisualEffectAdd","0x021C","Server","modeled","named","1","ServerCinematicVisualEffectAdd","1","0","0","1","False","","ServerCinematicVisualEffectAdd","Source/NexusForever.Network.World/Message/Model/Cinematic/ServerCinematicVisualEffectAdd.cs","",""
"ServerCinematicActorRemove","0x021D","Server","modeled","named","1","ServerCinematicActorRemove","1","0","0","1","False","","ServerCinematicActorRemove","Source/NexusForever.Network.World/Message/Model/Cinematic/ServerCinematicActorRemove.cs","",""
"ServerCinematicPlatformDetachActor","0x021E","Server","modeled","named","1","ServerCinematicPlatformDetachActor","1","0","0","1","False","","ServerCinematicPlatformDetachActor","Source/NexusForever.Network.World/Message/Model/Cinematic/ServerCinematicPlatformDetachActor.cs","",""
"ServerCinematicAdvanceToEnding","0x021F","Server","modeled","named","1","ServerCinematicAdvanceToEnding","1","0","0","1","False","","ServerCinematicAdvanceToEnding","Source/NexusForever.Network.World/Message/Model/Cinematic/ServerCinematicAdvanceToEnding.cs","",""
"ServerCinematicActorVisibility","0x0220","Server","modeled","named","1","ServerCinematicActorVisibility","1","0","0","1","False","","ServerCinematicActorVisibility","Source/NexusForever.Network.World/Message/Model/Cinematic/ServerCinematicActorVisibility.cs","",""
"ServerCinematicCameraRotation","0x0221","Server","modeled","named","1","ServerCinematicCameraRotation","1","0","0","1","False","","ServerCinematicCameraRotation","Source/NexusForever.Network.World/Message/Model/Cinematic/ServerCinematicCameraRotation.cs","",""
"ServerCinematicTransitionDurationSet","0x0222","Server","modeled","named","1","ServerCinematicTransitionDurationSet","1","0","0","1","False","scale transition type plus start/mid/end durations","ServerCinematicTransitionDurationSet","Source/NexusForever.Network.World/Message/Model/Cinematic/ServerCinematicTransitionDurationSet.cs","",""
"ServerCinematicFullScreenEffectRemove","0x0223","Server","modeled","named","1","ServerCinematicFullScreenEffectRemove","1","0","0","1","False","","ServerCinematicFullScreenEffectRemove","Source/NexusForever.Network.World/Message/Model/Cinematic/ServerCinematicFullScreenEffectRemove.cs","",""
"ServerCinematicMissileActorRemove","0x0224","Server","modeled","named","1","ServerCinematicMissileActorRemove","1","0","0","1","False","","ServerCinematicMissileActorRemove","Source/NexusForever.Network.World/Message/Model/Cinematic/ServerCinematicMissileActorRemove.cs","",""
"ServerCinematicVisualEffectEnd","0x0225","Server","modeled","named","1","ServerCinematicVisualEffectEnd","1","0","0","1","False","","ServerCinematicVisualEffectEnd","Source/NexusForever.Network.World/Message/Model/Cinematic/ServerCinematicVisualEffectEnd.cs","",""
"ServerCinematicSequenceOffset","0x0226","Server","modeled","named","1","ServerCinematicSequenceOffset","1","0","0","1","False","adjusts scheduled cinematic action timing relative to current time","ServerCinematicSequenceOffset","Source/NexusForever.Network.World/Message/Model/Cinematic/ServerCinematicSequenceOffset.cs","",""
"ServerCinematicFlags","0x0227","Server","modeled","named","1","ServerCinematicFlags","1","0","0","1","False","","ServerCinematicFlags","Source/NexusForever.Network.World/Message/Model/Cinematic/ServerCinematicFlags.cs","",""
"ServerCinematicActorAdd","0x0228","Server","modeled","named","1","ServerCinematicActorAdd","1","0","0","1","False","","ServerCinematicActorAdd","Source/NexusForever.Network.World/Message/Model/Cinematic/ServerCinematicActorAdd.cs","",""
"ServerCinematicStoryPanelDialogHide","0x0229","Server","modeled","named","1","ServerCinematicStoryPanelDialogHide","1","0","0","1","False","","ServerCinematicStoryPanelDialogHide","Source/NexusForever.Network.World/Message/Model/Cinematic/ServerCinematicStoryPanelDialogHide.cs","",""
"ServerCinematicText","0x022A","Server","modeled","named","1","ServerCinematicText","1","0","0","1","False","","ServerCinematicText","Source/NexusForever.Network.World/Message/Model/Cinematic/ServerCinematicText.cs","",""
"ServerCinematicDelayFlag","0x022B","Server","modeled","named","1","ServerCinematicDelayFlag","1","0","0","1","False","cinematic setup shell carrying one 32-bit delay and one trailing flag bit; bootstrap sends zeroed payload while Q3673 sets the flag before transition duration setup","ServerCinematicDelayFlag","Source/NexusForever.Network.World/Message/Model/Cinematic/ServerCinematicDelayFlag.cs","",""
"ServerCinematicEnd","0x022C","Server","modeled","named","1","ServerCinematicEnd","1","0","0","1","False","","ServerCinematicEnd","Source/NexusForever.Network.World/Message/Model/Cinematic/ServerCinematicEnd.cs","",""
"ServerCinematicWhiteOut","0x022D","Server","modeled","named","1","ServerCinematicWhiteOut","1","0","0","1","False","","ServerCinematicWhiteOut","Source/NexusForever.Network.World/Message/Model/Cinematic/ServerCinematicWhiteOut.cs","",""
"ServerCinematicStart","0x022E","Server","modeled","named","1","ServerCinematicStart","1","0","0","1","False","","ServerCinematicStart","Source/NexusForever.Network.World/Message/Model/Cinematic/ServerCinematicStart.cs","",""
"ServerCinematicActorSpline","0x022F","Server","modeled","named","1","ServerCinematicActorSpline","1","0","0","1","False","","ServerCinematicActorSpline","Source/NexusForever.Network.World/Message/Model/Cinematic/ServerCinematicActorSpline.cs","",""
"ServerCinematicActorAngle","0x0230","Server","modeled","named","1","ServerCinematicActorAngle","1","0","0","1","False","","ServerCinematicActorAngle","Source/NexusForever.Network.World/Message/Model/Cinematic/ServerCinematicActorAngle.cs","",""
"ServerCinematicActorMode","0x0231","Server","modeled","named","1","ServerCinematicActorMode","1","0","0","1","False","","ServerCinematicActorMode","Source/NexusForever.Network.World/Message/Model/Cinematic/ServerCinematicActorMode.cs","",""
"ServerCinematicNotify","0x0232","Server","modeled","named","1","ServerCinematicNotify","1","0","0","1","False","","ServerCinematicNotify","Source/NexusForever.Network.World/Message/Model/Cinematic/ServerCinematicNotify.cs","",""
"ClientAccountItemClaimPendingItemGroup","0x0233","Client","handled","named","1","ClientAccountItemClaimPendingItemGroup","1","1","1","0","False","","ClientAccountItemClaimPendingItemGroup","Source/NexusForever.Network.World/Message/Model/ClientAccountItemClaimPendingItemGroup.cs","ClientAccountItemClaimPendingItemGroupHandler","Source/NexusForever.WorldServer/Network/Message/Handler/Account/ClientAccountItemHandlers.cs"
"ServerUiWindowState","0x0237","Server","modeled","named","1","ServerUiWindowState","1","0","0","1","False","one 32-bit UI window state/id used by vehicle and vendor-style panes","ServerUiWindowState","Source/NexusForever.Network.World/Message/Model/ServerUiWindowState.cs","",""
"ServerPetClearFlair","0x023B","Server","modeled","named","1","ServerPetClearFlair","1","0","0","1","False","","ServerPetClearFlair","Source/NexusForever.Network.World/Message/Model/Pet/ServerPetClearFlair.cs","",""
"ClientStatisticsWatchdog","0x023C","Client","handled","named","1","ClientStatisticsWatchdog","1","1","1","0","False","","ClientStatisticsWatchdog","Source/NexusForever.Network.World/Message/Model/ClientStatisticsWatchdog.cs","ClientStatisticsWatchdogHandler","Source/NexusForever.WorldServer/Network/Message/Handler/Misc/ClientStatisticsWatchdogHandler.cs"
"ClientStatisticsWindowOpen","0x023D","Client","handled","named","1","ClientStatisticsWindowOpen","1","1","1","0","False","","ClientStatisticsWindowOpen","Source/NexusForever.Network.World/Message/Model/ClientStatisticsWindowOpen.cs","ClientStatisticsWindowOpenHandler","Source/NexusForever.WorldServer/Network/Message/Handler/Misc/ClientStatisticsWindowOpenHandler.cs"
"ClientStatisticsGfx","0x023E","Client","handled","named","1","ClientStatisticsGfx","1","1","1","0","False","","ClientStatisticsGfx","Source/NexusForever.Network.World/Message/Model/ClientStatisticsGfx.cs","ClientStatisticsGfxHandler","Source/NexusForever.WorldServer/Network/Message/Handler/Misc/ClientStatisticsGfxHandler.cs"
"ClientStatisticsConnection","0x023F","Client","handled","named","1","ClientStatisticsConnection","1","1","1","0","False","","ClientStatisticsConnection","Source/NexusForever.Network.World/Message/Model/ClientStatisticsConnection.cs","ClientStatisticsConnectionHandler","Source/NexusForever.WorldServer/Network/Message/Handler/Misc/ClientStatisticsConnectionHandler.cs"
"ClientStatisticsFramerate","0x0240","Client","handled","named","1","ClientStatisticsFramerate","1","1","1","0","False","","ClientStatisticsFramerate","Source/NexusForever.Network.World/Message/Model/ClientStatisticsFramerate.cs","ClientStatisticsFramerateHandler","Source/NexusForever.WorldServer/Network/Message/Handler/Misc/ClientStatisticsFramerateHandler.cs"
"ClientPregameKeepAlive","0x0241","Client","handled","named","1","ClientPregameKeepAlive","1","1","1","0","False","","ClientPregameKeepAlive","Source/NexusForever.Network.World/Message/Model/Pregame/ClientPregameKeepAlive.cs","ClientPingHandler","Source/NexusForever.WorldServer/Network/Message/Handler/Misc/ClientPingHandler.cs"
"ClientEncrypted","0x0244","Client","handled","named","1","ClientEncrypted","1","1","1","0","False","","ClientEncrypted","Source/NexusForever.Network/Message/Model/ClientEncrypted.cs","ClientEncryptedHandler","Source/NexusForever.Network/Message/Handler/ClientEncryptedHandler.cs"
"ServerCombatLog","0x0247","Server","modeled","named","1","ServerCombatLog","1","0","0","1","False","","ServerCombatLog","Source/NexusForever.Network.World/Message/Model/ServerCombatLog.cs","",""
"ClientCombatLogDisableOthers","0x0248","Client","handled","named","1","ClientCombatLogDisableOthers","1","1","1","0","False","","ClientCombatLogDisableOthers","Source/NexusForever.Network.World/Message/Model/Option/ClientCombatLogDisableOthers.cs","ClientCombatLogDisableOthersHandler","Source/NexusForever.WorldServer/Network/Message/Handler/Option/ClientOptionHandlers.cs"
"ClientCombatLogDisables","0x0249","Client","handled","named","1","ClientCombatLogDisables","1","1","1","0","False","","ClientCombatLogDisables","Source/NexusForever.Network.World/Message/Model/Option/ClientCombatLogDisables.cs","ClientCombatLogDisablesHandler","Source/NexusForever.WorldServer/Network/Message/Handler/Option/ClientOptionHandlers.cs"
"ServerCommodityAuctionFilledPartial","0x024A","Server","modeled","named","1","ServerCommodityAuctionFilledPartial","1","0","0","1","False","","ServerCommodityAuctionFilledPartial","Source/NexusForever.Network.World/Message/Model/Marketplace/ServerCommodityAuctionFilledPartial.cs","",""
"ServerCommodityAuctionRemoved","0x024B","Server","modeled","named","1","ServerCommodityAuctionRemoved","1","0","0","1","False","","ServerCommodityAuctionRemoved","Source/NexusForever.Network.World/Message/Model/Marketplace/ServerCommodityAuctionRemoved.cs","",""
"ServerCommodityInfoResults","0x024C","Server","modeled","named","1","ServerCommodityInfoResults","1","0","0","1","False","","ServerCommodityInfoResults","Source/NexusForever.Network.World/Message/Model/Marketplace/ServerCommodityInfoResults.cs","",""
"ServerHousingCommunityRename","0x024D","Server","modeled","named","1","ServerHousingCommunityRename","1","0","0","1","False","","ServerHousingCommunityRename","Source/NexusForever.Network.World/Message/Model/ServerHousingCommunityRename.cs","",""
"ServerQuestContractGoodQualityChanged","0x0252","Server","modeled","named","1","ServerQuestContractGoodQualityChanged","1","0","0","1","False","","ServerQuestContractGoodQualityChanged","Source/NexusForever.Network.World/Message/Model/ServerQuestContractGoodQualityChanged.cs","",""
"ClientCostumeSave","0x0255","Client","handled","named","1","ClientCostumeSave","1","1","1","0","False","","ClientCostumeSave","Source/NexusForever.Network.World/Message/Model/ClientCostumeSave.cs","ClientCostumeSaveHandler","Source/NexusForever.WorldServer/Network/Message/Handler/Costume/ClientCostumeSaveHandler.cs"
"ClientCostumeSet","0x0256","Client","handled","named","1","ClientCostumeSet","1","1","1","0","False","","ClientCostumeSet","Source/NexusForever.Network.World/Message/Model/ClientCostumeSet.cs","ClientCostumeSetHandler","Source/NexusForever.WorldServer/Network/Message/Handler/Costume/ClientCostumeSetHandler.cs"
"ServerCostumeSave","0x0257","Server","modeled","named","1","ServerCostumeSave","1","0","0","1","False","","ServerCostumeSave","Source/NexusForever.Network.World/Message/Model/ServerCostumeSave.cs","",""
"ServerCostumeItemUnlockMultiple","0x0258","Server","modeled","named","1","ServerCostumeItemUnlockMultiple","1","0","0","1","False","","ServerCostumeItemUnlockMultiple","Source/NexusForever.Network.World/Message/Model/ServerCostumeItemUnlockMultiple.cs","",""
"ServerCostumeItemUnlock","0x0259","Server","modeled","named","1","ServerCostumeItemUnlock","1","0","0","1","False","","ServerCostumeItemUnlock","Source/NexusForever.Network.World/Message/Model/ServerCostumeItemUnlock.cs","",""
"ServerCostumeItemList","0x025A","Server","modeled","named","1","ServerCostumeItemList","1","0","0","1","False","","ServerCostumeItemList","Source/NexusForever.Network.World/Message/Model/ServerCostumeItemList.cs","",""
"ClientCharacterCreate","0x025B","Client","handled","named","1","ClientCharacterCreate","1","1","1","0","False","","ClientCharacterCreate","Source/NexusForever.Network.World/Message/Model/Pregame/ClientCharacterCreate.cs","ClientCharacterCreateHandler","Source/NexusForever.WorldServer/Network/Message/Handler/Character/ClientCharacterCreateHandler.cs"
"ClientPacked","0x025C","Client","handled","named","1","ClientPacked","1","1","1","0","False","the same as ClientEncrypted except the contents isn't encrypted?","ClientPacked","Source/NexusForever.Network/Message/Model/ClientPacked.cs","ClientPackedHandler","Source/NexusForever.Network/Message/Handler/ClientPackedHandler.cs"
"ServerPlayerCreate","0x025E","Server","modeled","named","1","ServerPlayerCreate","1","0","0","1","False","","ServerPlayerCreate","Source/NexusForever.Network.World/Message/Model/ServerPlayerCreate.cs","",""
"ServerEntityCreateAuxRow","0x025F","Server","modeled","named","1","ServerEntityCreateAuxRow","1","0","0","0","False","entity-create aux row; reader 140095c20","ServerEntityCreateAuxSingleRow","Source/NexusForever.Network.World/Message/Model/Entity/ServerEntityCreateAuxPackets.cs","",""
"ServerEntityCreateAuxRowList","0x0260","Server","modeled","named","1","ServerEntityCreateAuxRowList","1","0","0","1","False","counted 0x025F rows; reader 140095ce0","ServerEntityCreateAuxRowList","Source/NexusForever.Network.World/Message/Model/Entity/ServerEntityCreateAuxPackets.cs","",""
"ServerEntityCreateAuxBitPackedRowList","0x0261","Server","modeled","named","1","ServerEntityCreateAuxBitPackedRowList","1","0","0","1","False","counted 0x0263 rows; reader 140095a80","ServerEntityCreateAuxBitPackedRowList","Source/NexusForever.Network.World/Message/Model/Entity/ServerEntityCreateAuxPackets.cs","",""
"ServerEntityCreate","0x0262","Server","modeled","named","1","ServerEntityCreate","1","0","0","1","False","","ServerEntityCreate","Source/NexusForever.Network.World/Message/Model/ServerEntityCreate.cs","",""
"ServerEntityCreateAuxBitPackedRow","0x0263","Server","modeled","named","1","ServerEntityCreateAuxBitPackedRow","1","0","0","0","False","entity-create aux bit-packed row; reader 1400959c0","ServerEntityCreateAuxSingleBitPackedRow","Source/NexusForever.Network.World/Message/Model/Entity/ServerEntityCreateAuxPackets.cs","",""
"ServerEntityCreateAuxScalarList","0x0264","Server","modeled","named","1","ServerEntityCreateAuxScalarList","1","0","0","1","False","entity-create aux scalar list; reader 140095b40","ServerEntityCreateAuxScalarList","Source/NexusForever.Network.World/Message/Model/Entity/ServerEntityCreateAuxPackets.cs","",""
"ClientCREDDExchangeBuyOrderSubmit","0x0265","Client","handled","named","1","ClientCREDDExchangeBuyOrderSubmit","1","1","1","0","False","","ClientCREDDExchangeBuyOrderSubmit","Source/NexusForever.Network.World/Message/Model/CREDDExchange/ClientCREDDExchangeBuyOrderSubmit.cs","ClientCREDDExchangeBuyOrderSubmitHandler","Source/NexusForever.WorldServer/Network/Message/Handler/Account/ClientCREDDExchangeHandlers.cs"
"ClientCREDDExchangeCancelOrder","0x0267","Client","handled","named","1","ClientCREDDExchangeCancelOrder","1","1","1","0","False","","ClientCREDDExchangeCancelOrder","Source/NexusForever.Network.World/Message/Model/CREDDExchange/ClientCREDDExchangeCancelOrder.cs","ClientCREDDExchangeCancelOrderHandler","Source/NexusForever.WorldServer/Network/Message/Handler/Account/ClientCREDDExchangeHandlers.cs"
"ClientCREDDRedeem","0x0268","Client","handled","named","1","ClientCREDDRedeem","1","1","1","0","False","","ClientCREDDRedeem","Source/NexusForever.Network.World/Message/Model/CREDDExchange/ClientCREDDRedeem.cs","ClientCREDDRedeemHandler","Source/NexusForever.WorldServer/Network/Message/Handler/Account/ClientAccountTerminalHandlers.cs"
"ClientCREDDExchangeRequestInfo","0x0269","Client","handled","named","1","ClientCREDDExchangeRequestInfo","1","1","1","0","False","","ClientCREDDExchangeRequestInfo","Source/NexusForever.Network.World/Message/Model/CREDDExchange/ClientCREDDExchangeRequestInfo.cs","ClientCREDDExchangeRequestInfoHandler","Source/NexusForever.WorldServer/Network/Message/Handler/Account/ClientCREDDExchangeHandlers.cs"
"ServerCREDDExchangeInfoResults","0x026A","Server","modeled","named","1","ServerCREDDExchangeInfoResults","1","0","0","1","False","","ServerCREDDExchangeInfoResults","Source/NexusForever.Network.World/Message/Model/ServerCREDDExchangeInfoResults.cs","",""
"ClientCREDDExchangeSellOrderSubmit","0x026B","Client","handled","named","1","ClientCREDDExchangeSellOrderSubmit","1","1","1","0","False","","ClientCREDDExchangeSellOrderSubmit","Source/NexusForever.Network.World/Message/Model/CREDDExchange/ClientCREDDExchangeSellOrderSubmit.cs","ClientCREDDExchangeSellOrderSubmitHandler","Source/NexusForever.WorldServer/Network/Message/Handler/Account/ClientCREDDExchangeHandlers.cs"
"ServerSubscriptionInfo","0x033D","Server","modeled","named","1","ServerSubscriptionInfo","1","0","0","1","False","","ServerSubscriptionInfo","Source/NexusForever.Network.World/Message/Model/Pregame/ServerSubscriptionInfo.cs","",""
"ServerCustomerSurveyRequest","0x033E","Server","modeled","named","1","ServerCustomerSurveyRequest","1","0","0","1","False","","ServerCustomerSurveyRequest","Source/NexusForever.Network.World/Message/Model/Support/ServerCustomerSurvey.cs","",""
"ClientCustomerSurveySubmit","0x033F","Client","handled","named","1","ClientCustomerSurveySubmit","1","1","1","0","False","","ClientCustomerSurveySubmit","Source/NexusForever.Network.World/Message/Model/Support/ClientCustomerSurvey.cs","ClientCustomerSurveySubmitHandler","Source/NexusForever.WorldServer/Network/Message/Handler/Misc/ClientCustomerSurveySubmitHandler.cs"
"ServerSupportUInt32WideString","0x0347","Server","modeled","named","1","ServerSupportUInt32WideString","1","0","0","0","False","uint32 + wide string; reader 1400980f0","ServerSupportUInt32WideString","Source/NexusForever.Network.World/Message/Model/Support/ServerSupportAuxPackets.cs","",""
"ServerSupportUInt32HeaderAndTriplets","0x0348","Server","modeled","named","1","ServerSupportUInt32HeaderAndTriplets","1","0","0","1","False","3x uint32 + 3x uint32 triplet; reader 1400a40c0","ServerSupportUInt32HeaderAndTriplets","Source/NexusForever.Network.World/Message/Model/Support/ServerSupportAuxPackets.cs","",""
"ServerSupportEmptyAck349","0x0349","Server","modeled","named","1","ServerSupportEmptyAck349","1","0","0","0","False","empty; reader 14007d8e0","ServerSupportEmptyAck349","Source/NexusForever.Network.World/Message/Model/Support/ServerSupportAuxPackets.cs","",""
"ServerSupportUInt32Ack34A","0x034A","Server","modeled","named","1","ServerSupportUInt32Ack34A","1","0","0","0","False","uint32; reader 14007ab50","ServerSupportUInt32Ack34A","Source/NexusForever.Network.World/Message/Model/Support/ServerSupportAuxPackets.cs","",""
"ServerSupportEmptyAck34B","0x034B","Server","modeled","named","1","ServerSupportEmptyAck34B","1","0","0","0","False","empty; reader 14007d8e0","ServerSupportEmptyAck34B","Source/NexusForever.Network.World/Message/Model/Support/ServerSupportAuxPackets.cs","",""
"ServerSupportUInt5AndSixUInt32","0x034C","Server","modeled","named","1","ServerSupportUInt5AndSixUInt32","1","0","0","1","False","5-bit + 6x uint32; reader 1400a4040","ServerSupportUInt5AndSixUInt32","Source/NexusForever.Network.World/Message/Model/Support/ServerSupportAuxPackets.cs","",""
"ServerSupportUInt32HeaderAndFourTriplets","0x034D","Server","modeled","named","1","ServerSupportUInt32HeaderAndFourTriplets","1","0","0","1","False","4x uint32 + 4x triplet; reader 1400a4150","ServerSupportUInt32HeaderAndFourTriplets","Source/NexusForever.Network.World/Message/Model/Support/ServerSupportAuxPackets.cs","",""
"ServerSupportSurveyList","0x034E","Server","modeled","named","1","ServerSupportSurveyList","1","0","0","1","False","wide string + header + counted rows; reader 1400a4260","ServerSupportSurveyList","Source/NexusForever.Network.World/Message/Model/Support/ServerSupportAuxPackets.cs","",""
"ServerSupportUInt32AndFlags","0x034F","Server","modeled","named","1","ServerSupportUInt32AndFlags","1","0","0","1","False","uint32 + 2-bit; reader 1400a3f70","ServerSupportUInt32AndFlags","Source/NexusForever.Network.World/Message/Model/Support/ServerSupportAuxPackets.cs","",""
"ServerSupportUInt32Ack350","0x0350","Server","modeled","named","1","ServerSupportUInt32Ack350","1","0","0","0","False","uint32; reader 14007ab50","ServerSupportUInt32Ack350","Source/NexusForever.Network.World/Message/Model/Support/ServerSupportAuxPackets.cs","",""
"ServerSupportUInt32AndTwoTriplets","0x0351","Server","modeled","named","1","ServerSupportUInt32AndTwoTriplets","1","0","0","1","False","uint32 + 2x triplet + uint32; reader 1400a3fd0","ServerSupportUInt32AndTwoTriplets","Source/NexusForever.Network.World/Message/Model/Support/ServerSupportAuxPackets.cs","",""
"ClientCharacterDelete","0x0352","Client","handled","named","1","ClientCharacterDelete","1","1","1","0","False","","ClientCharacterDelete","Source/NexusForever.Network.World/Message/Model/Pregame/ClientCharacterDelete.cs","CharacterDeleteHandler","Source/NexusForever.WorldServer/Network/Message/Handler/Character/CharacterDeleteHandler.cs"
"ServerEntityDestroy","0x0355","Server","modeled","named","1","ServerEntityDestroy","1","0","0","1","False","","ServerEntityDestroy","Source/NexusForever.Network.World/Message/Model/ServerEntityDestroy.cs","",""
"ClientDialogOpened","0x0356","Client","handled","named","1","ClientDialogOpened","1","1","1","0","False","","ClientDialogOpened","Source/NexusForever.Network.World/Message/Model/ClientDialogOpened.cs","ClientDialogOpenedHandler","Source/NexusForever.WorldServer/Network/Message/Handler/Misc/ClientDialogOpenedHandler.cs"
"ServerDialogStart","0x0357","Server","modeled","named","1","ServerDialogStart","1","0","0","1","False","","ServerDialogStart","Source/NexusForever.Network.World/Message/Model/ServerDialogStart.cs","",""
"ServerDialogEnd","0x0358","Server","modeled","named","1","ServerDialogEnd","1","0","0","1","False","","ServerDialogEnd","Source/NexusForever.Network.World/Message/Model/ServerDialogEnd.cs","",""
"ServerQuestLuaEvent","0x0359","Server","modeled","named","1","ServerQuestLuaEvent","1","0","0","1","False","","ServerQuestLuaEvent","Source/NexusForever.Network.World/Message/Model/ServerQuestLuaEvent.cs","",""
"ClientQuestAbandon","0x035A","Client","handled","named","1","ClientQuestAbandon","1","1","1","0","False","","ClientQuestAbandon","Source/NexusForever.Network.World/Message/Model/ClientQuestAbandon.cs","ClientQuestAbandonHandler","Source/NexusForever.WorldServer/Network/Message/Handler/Quest/ClientQuestAbandonHandler.cs"
"ClientQuestAccept","0x035B","Client","handled","named","1","ClientQuestAccept","1","1","1","0","False","","ClientQuestAccept","Source/NexusForever.Network.World/Message/Model/ClientQuestAccept.cs","ClientQuestAcceptHandler","Source/NexusForever.WorldServer/Network/Message/Handler/Quest/ClientQuestAcceptHandler.cs"
"ServerQuestStateChange","0x035C","Server","modeled","named","1","ServerQuestStateChange","1","0","0","1","False","","ServerQuestStateChange","Source/NexusForever.Network.World/Message/Model/ServerQuestStateChange.cs","",""
"ClientQuestComplete","0x035D","Client","handled","named","1","ClientQuestComplete","1","1","1","0","False","","ClientQuestComplete","Source/NexusForever.Network.World/Message/Model/ClientQuestComplete.cs","ClientQuestCompleteHandler","Source/NexusForever.WorldServer/Network/Message/Handler/Quest/ClientQuestCompleteHandler.cs"
"ClientQuestSetIgnore","0x035E","Client","handled","named","1","ClientQuestSetIgnore","1","1","1","0","False","","ClientQuestSetIgnore","Source/NexusForever.Network.World/Message/Model/ClientQuestSetIgnore.cs","ClientQuestSetIgnoreHandler","Source/NexusForever.WorldServer/Network/Message/Handler/Quest/ClientQuestSetIgnoreHandler.cs"
"ServerQuestInit","0x035F","Server","modeled","named","1","ServerQuestInit","1","0","0","1","False","","ServerQuestInit","Source/NexusForever.Network.World/Message/Model/ServerQuestInit.cs","",""
"ClientCommunicatorAction","0x0360","Client","handled","named","1","ClientCommunicatorAction","1","1","1","0","False","","ClientCommunicatorAction","Source/NexusForever.Network.World/Message/Model/ClientCommunicatorAction.cs","ClientCommunicatorActionHandler","Source/NexusForever.WorldServer/Network/Message/Handler/Quest/ClientCommunicatorActionHandler.cs"
"ServerQuestObjectiveUpdate","0x0361","Server","modeled","named","1","ServerQuestObjectiveUpdate","1","0","0","1","False","","ServerQuestObjectiveUpdate","Source/NexusForever.Network.World/Message/Model/ServerQuestObjectiveUpdate.cs","",""
"ServerQuestPeriodicReset","0x0362","Server","modeled","named","1","ServerQuestPeriodicReset","1","0","0","1","False","","ServerQuestPeriodicReset","Source/NexusForever.Network.World/Message/Model/ServerQuestPeriodicReset.cs","",""
"ServerQuestShared","0x0363","Server","modeled","named","1","ServerQuestShared","1","0","0","1","False","","ServerQuestShared","Source/NexusForever.Network.World/Message/Model/ServerQuestShared.cs","",""
"ClientQuestSetTracked","0x0364","Client","handled","named","1","ClientQuestSetTracked","1","1","1","0","False","","ClientQuestSetTracked","Source/NexusForever.Network.World/Message/Model/ClientQuestSetTracked.cs","ClientQuestSetTrackedHandler","Source/NexusForever.WorldServer/Network/Message/Handler/Quest/ClientQuestSetTrackedHandler.cs"
"ClientQuestRetry","0x0365","Client","handled","named","1","ClientQuestRetry","1","1","1","0","False","","ClientQuestRetry","Source/NexusForever.Network.World/Message/Model/ClientQuestRetry.cs","ClientQuestRetryHandler","Source/NexusForever.WorldServer/Network/Message/Handler/Quest/ClientQuestRetryHandler.cs"
"ServerDisabledGameplaySystems","0x0366","Server","modeled","named","1","ServerDisabledGameplaySystems","1","0","0","1","False","","ServerDisabledGameplaySystems","Source/NexusForever.Network.World/Message/Model/Info/ServerDisabledGameplaySystems.cs","",""
"ServerForceKick","0x036A","Server","modeled","named","1","ServerForceKick","1","0","0","1","False","","ServerForceKick","Source/NexusForever.Network.World/Message/Model/Pregame/ServerForceKick.cs","",""
"ClientEmote","0x037E","Client","handled","named","1","ClientEmote","1","1","1","0","False","","ClientEmote","Source/NexusForever.Network.World/Message/Model/ClientEmote.cs","ClientEmoteHandler","Source/NexusForever.WorldServer/Network/Message/Handler/Chat/ClientEmoteHandler.cs"
"ServerCostumeItemAux","0x037F","Server","modeled","named","1","ServerCostumeItemAux","1","0","0","0","False","0x18-byte costume/emote cluster aux","ServerCostumeItemAux","Source/NexusForever.Network.World/Message/Model/ServerClusterAuxPackets.cs","",""
"ClientCostumeItemForget","0x038B","Client","handled","named","1","ClientCostumeItemForget","1","1","1","0","False","","ClientCostumeItemForget","Source/NexusForever.Network.World/Message/Model/ClientCostumeItemForget.cs","ClientCostumeItemForgetHandler","Source/NexusForever.WorldServer/Network/Message/Handler/Costume/ClientCostumeItemForgetHandler.cs"
"ClientPackedWorld","0x038C","Client","handled","named","1","ClientPackedWorld","1","1","1","0","False","","ClientPackedWorld","Source/NexusForever.Network.World/Message/Model/ClientPackedWorld.cs","ClientPackedWorldHandler","Source/NexusForever.WorldServer/Network/Message/Handler/ClientPackedWorldHandler.cs"
"ClientFriendshipAccountAddByEmail","0x0397","Client","handled","named","1","ClientFriendshipAccountAddByEmail","1","1","1","0","False","","ClientFriendshipAccountAddByEmail","Source/NexusForever.Network.World/Message/Model/Friendship/ClientFriendshipAccountAddByEmail.cs","ClientFriendshipAccountAddByEmailHandler","Source/NexusForever.WorldServer/Network/Message/Handler/Friendship/ClientFriendshipAccountAddByEmailHandler.cs"
"ClientFriendshipAccountUpgradeFromFriend","0x0398","Client","handled","named","1","ClientFriendshipAccountUpgradeFromFriend","1","1","1","0","False","","ClientFriendshipAccountUpgradeFromFriend","Source/NexusForever.Network.World/Message/Model/Friendship/ClientFriendshipAccountUpgradeFromFriend.cs","ClientFriendshipAccountUpgradeFromFriendHandler","Source/NexusForever.WorldServer/Network/Message/Handler/Friendship/ClientFriendshipAccountUpgradeFromFriendHandler.cs"
"ServerFriendshipAccountUpdate","0x0399","Server","modeled","named","1","ServerFriendshipAccountUpdate","1","0","0","1","False","","ServerFriendshipAccountUpdate","Source/NexusForever.Network.World/Message/Model/Friendship/ServerFriendshipAccountUpdate.cs","",""
"ServerFriendshipAccountRemovedCharacter","0x039A","Server","modeled","named","1","ServerFriendshipAccountRemovedCharacter","1","0","0","1","False","","ServerFriendshipAccountRemovedCharacter","Source/NexusForever.Network.World/Message/Model/Friendship/ServerFriendshipAccountRemovedCharacter.cs","",""
"ClientFriendshipAccountSetPublicDisplayName","0x039B","Client","handled","named","1","ClientFriendshipAccountSetPublicDisplayName","1","1","1","0","False","","ClientFriendshipAccountSetPublicDisplayName","Source/NexusForever.Network.World/Message/Model/Friendship/ClientFriendshipAccountSetPublicDisplayName.cs","ClientFriendshipAccountSetPublicDisplayNameHandler","Source/NexusForever.WorldServer/Network/Message/Handler/Friendship/ClientFriendshipAccountSetPublicDisplayNameHandler.cs"
"ServerFriendshipAccountDisplayNameUpdate","0x039C","Server","modeled","named","1","ServerFriendshipAccountDisplayNameUpdate","1","0","0","1","False","","ServerFriendshipAccountDisplayNameUpdate","Source/NexusForever.Network.World/Message/Model/Friendship/ServerFriendshipAccountDisplayNameUpdate.cs","",""
"ClientFriendshipAccountSetPrivateData","0x039D","Client","handled","named","1","ClientFriendshipAccountSetPrivateData","1","1","1","0","False","","ClientFriendshipAccountSetPrivateData","Source/NexusForever.Network.World/Message/Model/Friendship/ClientFriendshipAccountSetPrivateData.cs","ClientFriendshipAccountSetPrivateDataHandler","Source/NexusForever.WorldServer/Network/Message/Handler/Friendship/ClientFriendshipAccountSetPrivateDataHandler.cs"
"ClientFriendshipIgnoreStrangersState","0x039E","Client","handled","named","1","ClientFriendshipIgnoreStrangersState","1","1","1","0","False","","ClientFriendshipIgnoreStrangersState","Source/NexusForever.Network.World/Message/Model/Friendship/ClientFriendshipIgnoreStrangersState.cs","ClientFriendshipIgnoreStrangersStateHandler","Source/NexusForever.WorldServer/Network/Message/Handler/Friendship/ClientFriendshipAdditionalHandlers.cs"
"ServerFriendshipAccountInviteList","0x039F","Server","modeled","named","1","ServerFriendshipAccountInviteList","1","0","0","1","False","","ServerFriendshipAccountInviteList","Source/NexusForever.Network.World/Message/Model/Friendship/ServerFriendshipAccountInviteList.cs","",""
"ServerFriendshipAccountInviteRemove","0x03A0","Server","modeled","named","1","ServerFriendshipAccountInviteRemove","1","0","0","1","False","","ServerFriendshipAccountInviteRemove","Source/NexusForever.Network.World/Message/Model/Friendship/ServerFriendshipAccountInviteRemove.cs","",""
"ClientFriendshipAccountInviteResponse","0x03A1","Client","handled","named","1","ClientFriendshipAccountInviteResponse","1","1","1","0","False","","ClientFriendshipAccountInviteResponse","Source/NexusForever.Network.World/Message/Model/Friendship/ClientFriendshipAccountInviteResponse.cs","ClientFriendshipAccountInviteResponseHandler","Source/NexusForever.WorldServer/Network/Message/Handler/Friendship/ClientFriendshipAccountInviteResponseHandler.cs"
"ClientFriendshipAccountInviteMarkSeen","0x03A2","Client","handled","named","1","ClientFriendshipAccountInviteMarkSeen","1","1","1","0","False","","ClientFriendshipAccountInviteMarkSeen","Source/NexusForever.Network.World/Message/Model/Friendship/ClientFriendshipAccountInviteMarkSeen.cs","ClientFriendshipAccountInviteMarkedSeenHandler","Source/NexusForever.WorldServer/Network/Message/Handler/Friendship/ClientFriendshipAccountInviteMarkedSeenHandler.cs"
"ServerFriendshipAccountList","0x03A3","Server","modeled","named","1","ServerFriendshipAccountList","1","0","0","1","False","","ServerFriendshipAccountList","Source/NexusForever.Network.World/Message/Model/Friendship/ServerFriendshipAccountList.cs","",""
"ServerFriendshipAccountCharacterZoneChanged","0x03A4","Server","modeled","named","1","ServerFriendshipAccountCharacterZoneChanged","1","0","0","1","False","","ServerFriendshipAccountCharacterZoneChanged","Source/NexusForever.Network.World/Message/Model/Friendship/ServerFriendshipAccountCharacterZoneChanged.cs","",""
"ServerFriendshipIgnoreStrangersState","0x03A5","Server","modeled","named","1","ServerFriendshipIgnoreStrangersState","1","0","0","1","False","","ServerFriendshipIgnoreStrangersState","Source/NexusForever.Network.World/Message/Model/Friendship/ServerFriendshipIgnoreStrangersState.cs","",""
"ServerFriendshipAccountPersonalStatus","0x03A6","Server","modeled","named","1","ServerFriendshipAccountPersonalStatus","1","0","0","1","False","","ServerFriendshipAccountPersonalStatus","Source/NexusForever.Network.World/Message/Model/Friendship/ServerFriendshipAccountPersonalStatus.cs","",""
"ClientFriendshipAccountPersonalPresenceChange","0x03A7","Client","handled","named","1","ClientFriendshipAccountPersonalPresenceChange","1","1","1","0","False","","ClientFriendshipAccountPersonalPresenceChange","Source/NexusForever.Network.World/Message/Model/Friendship/ClientFriendshipAccountPersonalPresenceChange.cs","ClientFriendshipAccountPersonalPresenceChangeHandler","Source/NexusForever.WorldServer/Network/Message/Handler/Friendship/ClientFriendshipAccountPersonalPresenceChangeHandler.cs"
"ServerFriendshipAccountPresenceUpdate","0x03AA","Server","modeled","named","1","ServerFriendshipAccountPresenceUpdate","1","0","0","1","False","","ServerFriendshipAccountPresenceUpdate","Source/NexusForever.Network.World/Message/Model/Friendship/ServerFriendshipAccountPresenceUpdate.cs","",""
"ClientFriendshipAccountSetPublicNote","0x03AC","Client","handled","named","1","ClientFriendshipAccountSetPublicNote","1","1","1","0","False","","ClientFriendshipAccountSetPublicNote","Source/NexusForever.Network.World/Message/Model/Friendship/ClientFriendshipAccountSetPublicNote.cs","ClientFriendshipAccountSetPublicNoteHandler","Source/NexusForever.WorldServer/Network/Message/Handler/Friendship/ClientFriendshipAccountSetPublicNoteHandler.cs"
"ServerFriendshipAccountPublicNote","0x03AD","Server","modeled","named","1","ServerFriendshipAccountPublicNote","1","0","0","1","False","","ServerFriendshipAccountPublicNote","Source/NexusForever.Network.World/Message/Model/Friendship/ServerFriendshipAccountPublicNote.cs","",""
"ServerFriendshipAccountPrivateNote","0x03AE","Server","modeled","named","1","ServerFriendshipAccountPrivateNote","1","0","0","1","False","","ServerFriendshipAccountPrivateNote","Source/NexusForever.Network.World/Message/Model/Friendship/ServerFriendshipAccountPrivateNote.cs","",""
"ClientFriendshipAccountRemove","0x03AF","Client","handled","named","1","ClientFriendshipAccountRemove","1","1","1","0","False","","ClientFriendshipAccountRemove","Source/NexusForever.Network.World/Message/Model/Friendship/ClientFriendshipAccountRemove.cs","ClientFriendshipAccountRemoveHandler","Source/NexusForever.WorldServer/Network/Message/Handler/Friendship/ClientFriendshipAccountRemoveHandler.cs"
"ServerFriendshipAccountRemoved","0x03B0","Server","modeled","named","1","ServerFriendshipAccountRemoved","1","0","0","1","False","","ServerFriendshipAccountRemoved","Source/NexusForever.Network.World/Message/Model/Friendship/ServerFriendshipAccountRemoved.cs","",""
"ServerFriendshipAccountLastOnlineUpdate","0x03B1","Server","modeled","named","1","ServerFriendshipAccountLastOnlineUpdate","1","0","0","1","False","","ServerFriendshipAccountLastOnlineUpdate","Source/NexusForever.Network.World/Message/Model/Friendship/ServerFriendshipAccountLastOnlineUpdate.cs","",""
"ServerFriendshipAccountCharacterLevelUpdate","0x03B2","Server","modeled","named","1","ServerFriendshipAccountCharacterLevelUpdate","1","0","0","1","False","","ServerFriendshipAccountCharacterLevelUpdate","Source/NexusForever.Network.World/Message/Model/Friendship/ServerFriendshipAccountCharacterLevelUpdate.cs","",""
"ClientFriendshipAccountAddByIdentity","0x03B3","Client","handled","named","1","ClientFriendshipAccountAddByIdentity","1","1","1","1","False","","ClientFriendshipAddByIdentity","Source/NexusForever.Network.World/Message/Model/Friendship/ClientFriendshipAddByIdentity.cs","ClientFriendshipAddByIdentityHandler","Source/NexusForever.WorldServer/Network/Message/Handler/Friendship/ClientFriendshipAddByIdentityHandler.cs"
"ClientFriendshipAddByName","0x03B4","Client","handled","named","1","ClientFriendshipAddByName","1","1","1","0","False","","ClientFriendshipAddByName","Source/NexusForever.Network.World/Message/Model/Friendship/ClientFriendshipAddByName.cs","ClientFriendshipAddByNameHandler","Source/NexusForever.WorldServer/Network/Message/Handler/Friendship/ClientFriendshipAddByNameHandler.cs"
"ServerFriendshipAdd","0x03B5","Server","modeled","named","1","ServerFriendshipAdd","1","0","0","1","False","","ServerFriendshipAdd","Source/NexusForever.Network.World/Message/Model/Friendship/ServerFriendshipAdd.cs","",""
"ClientFriendshipSetAutoResponseMessage","0x03B7","Client","handled","named","1","ClientFriendshipSetAutoResponseMessage","1","1","1","0","False","","ClientFriendshipSetAutoResponseMessage","Source/NexusForever.Network.World/Message/Model/Friendship/ClientFriendshipSetAutoResponseMessage.cs","ClientFriendshipSetAutoResponseMessageHandler","Source/NexusForever.WorldServer/Network/Message/Handler/Friendship/ClientFriendshipAdditionalHandlers.cs"
"ServerFriendshipInviteList","0x03BA","Server","modeled","named","1","ServerFriendshipInviteList","1","0","0","1","False","","ServerFriendshipInviteList","Source/NexusForever.Network.World/Message/Model/Friendship/ServerFriendshipInviteList.cs","",""
"ServerFriendshipInviteRemove","0x03BB","Server","modeled","named","1","ServerFriendshipInviteRemove","1","0","0","1","False","","ServerFriendshipInviteRemove","Source/NexusForever.Network.World/Message/Model/Friendship/ServerFriendshipInviteRemove.cs","",""
"ClientFriendshipInviteResponse","0x03BC","Client","handled","named","1","ClientFriendshipInviteResponse","1","1","1","0","False","","ClientFriendshipInviteResponse","Source/NexusForever.Network.World/Message/Model/Friendship/ClientFriendshipInviteResponse.cs","ClientFriendshipInviteResponseHandler","Source/NexusForever.WorldServer/Network/Message/Handler/Friendship/ClientFriendshipInviteResponseHandler.cs"
"ClientFriendshipInviteMarkSeen","0x03BD","Client","handled","named","1","ClientFriendshipInviteMarkSeen","1","1","1","0","False","","ClientFriendshipInviteMarkSeen","Source/NexusForever.Network.World/Message/Model/Friendship/ClientFriendshipInviteMarkSeen.cs","ClientFriendshipInviteMarkSeenHandler","Source/NexusForever.WorldServer/Network/Message/Handler/Friendship/ClientFriendshipInviteMarkSeenHandler.cs"
"ServerFriendshipList","0x03BE","Server","modeled","named","1","ServerFriendshipList","1","0","0","1","False","","ServerFriendshipList","Source/NexusForever.Network.World/Message/Model/Friendship/ServerFriendshipList.cs","",""
"ClientFriendshipGetLocations","0x03BF","Client","handled","named","1","ClientFriendshipGetLocations","1","1","1","0","False","","ClientFriendshipGetLocations","Source/NexusForever.Network.World/Message/Model/Friendship/ClientFriendshipGetLocations.cs","ClientFriendshipGetLocationsHandler","Source/NexusForever.WorldServer/Network/Message/Handler/Friendship/ClientFriendshipGetLocationsHandler.cs"
"ServerFriendshipLocationUpdate","0x03C0","Server","modeled","named","1","ServerFriendshipLocationUpdate","1","0","0","1","False","","ServerFriendshipLocationUpdate","Source/NexusForever.Network.World/Message/Model/Friendship/ServerFriendshipLocationUpdate.cs","",""
"ClientFriendshipRemoveByIdentity","0x03C1","Client","handled","named","1","ClientFriendshipRemoveByIdentity","1","1","1","0","False","","ClientFriendshipRemoveByIdentity","Source/NexusForever.Network.World/Message/Model/Friendship/ClientFriendshipRemoveByIdentity.cs","ClientFriendshipRemoveByIdentityHandler","Source/NexusForever.WorldServer/Network/Message/Handler/Friendship/ClientFriendshipRemoveByIdentityHandler.cs"
"ClientFriendshipRemoveByName","0x03C2","Client","handled","named","1","ClientFriendshipRemoveByName","1","1","1","0","False","","ClientFriendshipRemoveByName","Source/NexusForever.Network.World/Message/Model/Friendship/ClientFriendshipRemoveByName.cs","ClientFriendshipRemoveByNameHandler","Source/NexusForever.WorldServer/Network/Message/Handler/Friendship/ClientFriendshipAdditionalHandlers.cs"
"ServerFriendshipRemove","0x03C3","Server","modeled","named","1","ServerFriendshipRemove","1","0","0","1","False","","ServerFriendshipRemove","Source/NexusForever.Network.World/Message/Model/Friendship/ServerFriendshipRemove.cs","",""
"ServerFriendshipResult","0x03C4","Server","modeled","named","1","ServerFriendshipResult","1","0","0","1","False","","ServerFriendshipResult","Source/NexusForever.Network.World/Message/Model/Friendship/ServerFriendshipResult.cs","",""
"ServerFriendshipLevelUpdate","0x03C6","Server","modeled","named","1","ServerFriendshipLevelUpdate","1","0","0","1","False","","ServerFriendshipLevelUpdate","Source/NexusForever.Network.World/Message/Model/Friendship/ServerFriendshipLevelUpdate.cs","",""
"ClientFriendshipSetNoteByIdentity","0x03C7","Client","handled","named","1","ClientFriendshipSetNoteByIdentity","1","1","1","0","False","","ClientFriendshipSetNoteByIdentity","Source/NexusForever.Network.World/Message/Model/Friendship/ClientFriendshipSetNoteByIdentity.cs","ClientFriendshipSetNoteByIdentityHandler","Source/NexusForever.WorldServer/Network/Message/Handler/Friendship/ClientFriendshipSetNoteByIdentityHandler.cs"
"ClientFriendshipSetNoteByName","0x03C8","Client","handled","named","1","ClientFriendshipSetNoteByName","1","1","1","0","False","","ClientFriendshipSetNoteByName","Source/NexusForever.Network.World/Message/Model/Friendship/ClientFriendshipSetNoteByName.cs","ClientFriendshipSetNoteByNameHandler","Source/NexusForever.WorldServer/Network/Message/Handler/Friendship/ClientFriendshipAdditionalHandlers.cs"
"ServerFriendshipSetNote","0x03C9","Server","modeled","named","1","ServerFriendshipSetNote","1","0","0","1","False","","ServerFriendshipSetNote","Source/NexusForever.Network.World/Message/Model/Friendship/ServerFriendshipSetNote.cs","",""
"ServerFriendshipLastOnlineUpdate","0x03CA","Server","modeled","named","1","ServerFriendshipLastOnlineUpdate","1","0","0","1","False","","ServerFriendshipLastOnlineUpdate","Source/NexusForever.Network.World/Message/Model/Friendship/ServerFriendshipLastOnlineUpdate.cs","",""
"ServerFriendshipTypeUpdate","0x03CB","Server","modeled","named","1","ServerFriendshipTypeUpdate","1","0","0","1","False","","ServerFriendshipTypeUpdate","Source/NexusForever.Network.World/Message/Model/Friendship/ServerFriendshipTypeUpdate.cs","",""
"ClientFortuneFlipCard","0x03CD","Client","handled","named","1","ClientFortuneFlipCard","1","1","1","0","False","","ClientFortuneFlipCard","Source/NexusForever.Network.World/Message/Model/Fortune/ClientFortuneFlipCard.cs","ClientFortuneFlipCardHandler","Source/NexusForever.WorldServer/Network/Message/Handler/Fortune/ClientFortuneFlipCardHandler.cs"
"ServerFortuneCardUpdate","0x03CF","Server","modeled","named","1","ServerFortuneCardUpdate","1","0","0","1","False","","ServerFortuneCardUpdate","Source/NexusForever.Network.World/Message/Model/Fortune/ServerFortuneCardUpdate.cs","",""
"ServerFortuneReset","0x03D0","Server","modeled","named","1","ServerFortuneReset","1","0","0","1","False","","ServerFortuneReset","Source/NexusForever.Network.World/Message/Model/Fortune/ServerFortuneReset.cs","",""
"ServerFortuneCards","0x03D1","Server","modeled","named","1","ServerFortuneCards","1","0","0","1","False","","ServerFortuneCards","Source/NexusForever.Network.World/Message/Model/Fortune/ServerFortuneCards.cs","",""
"ServerFortuneRewards","0x03D2","Server","modeled","named","1","ServerFortuneRewards","1","0","0","1","False","","ServerFortuneRewards","Source/NexusForever.Network.World/Message/Model/Fortune/ServerFortuneRewards.cs","",""
"ClientFortuneNotifyStorefront","0x03D3","Client","handled","named","1","ClientFortuneNotifyStorefront","1","1","1","0","False","","ClientFortuneNotifyStorefront","Source/NexusForever.Network.World/Message/Model/Fortune/ClientFortuneNotifyStorefront.cs","ClientFortuneNotifyStorefrontHandler","Source/NexusForever.WorldServer/Network/Message/Handler/Fortune/ClientFortuneNotifyStorefrontHandler.cs"
"ClientFortuneStart","0x03D4","Client","handled","named","1","ClientFortuneStart","1","1","1","0","False","","ClientFortuneStart","Source/NexusForever.Network.World/Message/Model/Fortune/ClientFortuneStart.cs","ClientFortuneStartHandler","Source/NexusForever.WorldServer/Network/Message/Handler/Fortune/ClientFortuneStartHandler.cs"
"ServerRealmInfo","0x03DB","Server","modeled","named","1","ServerRealmInfo","1","0","0","1","False","","ServerRealmInfo","Source/NexusForever.Network.Auth/Message/Model/ServerRealmInfo.cs","",""
"ServerRealmEncrypted","0x03DC","Server","modeled","named","1","ServerRealmEncrypted","1","0","0","1","False","","ServerRealmEncrypted","Source/NexusForever.Network.World/Message/Model/ServerRealmEncrypted.cs","",""
"ClientCheat","0x03E0","Client","handled","named","1","ClientCheat","1","1","1","0","False","","ClientCheat","Source/NexusForever.Network.World/Message/Model/Utility/ClientCheat.cs","ClientCheatHandler","Source/NexusForever.WorldServer/Network/Message/Handler/Cheat/ClientCheatHandler.cs"
"ServerRealmBroadcast","0x03E1","Server","modeled","named","1","ServerRealmBroadcast","1","0","0","1","False","","ServerRealmBroadcast","Source/NexusForever.Network.World/Message/Model/ServerRealmBroadcast.cs","",""
"ClientRequestCommodityInfo","0x03E6","Client","handled","named","1","ClientRequestCommodityInfo","1","1","1","0","False","","ClientRequestCommodityInfo","Source/NexusForever.Network.World/Message/Model/Marketplace/ClientRequestCommodityInfo.cs","ClientRequestCommodityInfoHandler","Source/NexusForever.WorldServer/Network/Message/Handler/Marketplace/ClientMarketplaceHandlers.cs"
"ClientCREDDExchangeRequestHistory","0x03E7","Client","handled","named","1","ClientCREDDExchangeRequestHistory","1","1","1","0","False","","ClientCREDDExchangeRequestHistory","Source/NexusForever.Network.World/Message/Model/CREDDExchange/ClientCREDDExchangeRequestHistory.cs","ClientCREDDExchangeRequestHistoryHandler","Source/NexusForever.WorldServer/Network/Message/Handler/Account/ClientCREDDExchangeHandlers.cs"
"ClientRequestOwnedCommodityOrders","0x03EC","Client","handled","named","1","ClientRequestOwnedCommodityOrders","1","1","1","0","False","","ClientRequestOwnedCommodityOrders","Source/NexusForever.Network.World/Message/Model/Marketplace/ClientRequestOwnedCommodityOrders.cs","ClientRequestOwnedCommodityOrdersHandler","Source/NexusForever.WorldServer/Network/Message/Handler/Marketplace/ClientMarketplaceHandlers.cs"
"ClientRequestOwnedItemAuctions","0x03ED","Client","handled","named","1","ClientRequestOwnedItemAuctions","1","1","1","0","False","","ClientRequestOwnedItemAuctions","Source/NexusForever.Network.World/Message/Model/Marketplace/ClientRequestOwnedItemAuctions.cs","ClientRequestOwnedItemAuctionsHandler","Source/NexusForever.WorldServer/Network/Message/Handler/Marketplace/ClientMarketplaceHandlers.cs"
"ClientGetRealmTransferDestinations","0x03EE","Client","handled","named","1","ClientGetRealmTransferDestinations","1","1","1","0","False","","ClientGetRealmTransferDestinations","Source/NexusForever.Network.World/Message/Model/Pregame/ClientGetRealmTransferDestinations.cs","ClientGetRealmTransferDestinationsHandler","Source/NexusForever.WorldServer/Network/Message/Handler/Misc/ClientGetRealmTransferDestinationsHandler.cs"
"ServerRealmTransferDestinationsAux","0x03EF","Server","modeled","named","1","ServerRealmTransferDestinationsAux","1","0","0","0","False","0x10-byte realm-transfer cluster aux","ServerRealmTransferDestinationsAux","Source/NexusForever.Network.World/Message/Model/ServerClusterAuxPackets.cs","",""
"ClientAccountItemGiftPendingItemGroupToAccount","0x03F1","Client","handled","named","1","ClientAccountItemGiftPendingItemGroupToAccount","1","1","1","0","False","","ClientAccountItemGiftPendingItemGroupToAccount","Source/NexusForever.Network.World/Message/Model/ClientAccountItemGiftPendingItemGroupToAccount.cs","ClientAccountItemGiftPendingItemGroupToAccountHandler","Source/NexusForever.WorldServer/Network/Message/Handler/Account/ClientAccountItemHandlers.cs"
"ClientAccountItemGiftPendingItemGroupToCharacter","0x03F2","Client","handled","named","1","ClientAccountItemGiftPendingItemGroupToCharacter","1","1","1","0","False","","ClientAccountItemGiftPendingItemGroupToCharacter","Source/NexusForever.Network.World/Message/Model/ClientAccountItemGiftPendingItemGroupToCharacter.cs","ClientAccountItemGiftPendingItemGroupToCharacterHandler","Source/NexusForever.WorldServer/Network/Message/Handler/Account/ClientAccountItemHandlers.cs"
"ClientItemGenericUnlock","0x0400","Client","handled","named","1","ClientItemGenericUnlock","1","1","1","0","False","","ClientItemGenericUnlock","Source/NexusForever.Network.World/Message/Model/GenericUnlock/ClientItemGenericUnlock.cs","ClientItemGenericUnlockHandler","Source/NexusForever.WorldServer/Network/Message/Handler/Item/ClientItemGenericUnlockHandler.cs"
"ServerGroupMemberAdd","0x0405","Server","modeled","named","1","ServerGroupMemberAdd","1","0","0","1","False","","ServerGroupMemberAdd","Source/NexusForever.Network.World/Message/Model/ServerGroupMemberAdd.cs","",""
"ClientGroupFlagsChanged","0x0406","Client","handled","named","1","ClientGroupFlagsChanged","1","1","1","0","False","","ClientGroupFlagsChanged","Source/NexusForever.Network.World/Message/Model/ClientGroupFlagsChanged.cs","ClientGroupFlagsChangedHandler","Source/NexusForever.WorldServer/Network/Message/Handler/Group/ClientGroupFlagsChangedHandler.cs"
"ClientGroupSetRole","0x0408","Client","handled","named","1","ClientGroupSetRole","1","1","1","0","False","","ClientGroupSetRole","Source/NexusForever.Network.World/Message/Model/ClientGroupSetRole.cs","ClientGroupSetRoleHandler","Source/NexusForever.WorldServer/Network/Message/Handler/Group/ClientGroupSetRoleHandler.cs"
"ServerGroupFlagsChanged","0x0410","Server","modeled","named","1","ServerGroupFlagsChanged","1","0","0","1","False","","ServerGroupFlagsChanged","Source/NexusForever.Network.World/Message/Model/ServerGroupFlagsChanged.cs","",""
"ClientGroupGotoGroupInstance","0x0411","Client","handled","named","1","ClientGroupGotoGroupInstance","1","1","1","0","False","","ClientGroupGotoGroupInstance","Source/NexusForever.Network.World/Message/Model/ClientGroupGotoGroupInstance.cs","ClientGroupGotoGroupInstanceHandler","Source/NexusForever.WorldServer/Network/Message/Handler/Group/ClientGroupInstanceHandlers.cs"
"ClientGroupSetInstanceDifficulty","0x0412","Client","handled","named","1","ClientGroupSetInstanceDifficulty","1","1","1","0","False","","ClientGroupSetInstanceDifficulty","Source/NexusForever.Network.World/Message/Model/ClientGroupSetInstanceDifficulty.cs","ClientGroupSetInstanceDifficultyHandler","Source/NexusForever.WorldServer/Network/Message/Handler/Group/ClientGroupInstanceHandlers.cs"
"ServerGroupInstanceDifficultyResponse","0x0414","Server","modeled","named","1","ServerGroupInstanceDifficultyResponse","1","0","0","1","False","0x18-byte payload; response to ClientGroupSetInstanceDifficulty (0x0412). Field layout needs Ghidra verification.","ServerGroupInstanceDifficultyResponse","Source/NexusForever.Network.World/Message/Model/ServerGroupInstanceDifficultyResponse.cs","",""
"ClientGroupInvite","0x0416","Client","handled","named","1","ClientGroupInvite","1","1","1","0","False","","ClientGroupInvite","Source/NexusForever.Network.World/Message/Model/ClientGroupInvite.cs","ClientGroupInviteHandler","Source/NexusForever.WorldServer/Network/Message/Handler/Group/ClientGroupInviteHandler.cs"
"ClientGroupInviteResponse","0x041A","Client","handled","named","1","ClientGroupInviteResponse","1","1","1","0","False","","ClientGroupInviteResponse","Source/NexusForever.Network.World/Message/Model/ClientGroupInviteResponse.cs","ClientGroupInviteResponseHandler","Source/NexusForever.WorldServer/Network/Message/Handler/Group/ClientGroupInviteResponseHandler.cs"
"ServerGroupInviteResult","0x041D","Server","modeled","named","1","ServerGroupInviteResult","1","0","0","1","False","","ServerGroupInviteResult","Source/NexusForever.Network.World/Message/Model/ServerGroupInviteResult.cs","",""
"ServerGroupInviteReceived","0x041F","Server","modeled","named","1","ServerGroupInviteReceived","1","0","0","1","False","","ServerGroupInviteReceived","Source/NexusForever.Network.World/Message/Model/ServerGroupInviteReceived.cs","",""
"ClientGroupRequestJoin","0x0422","Client","handled","named","1","ClientGroupRequestJoin","1","1","1","0","False","","ClientGroupRequestJoin","Source/NexusForever.Network.World/Message/Model/ClientGroupRequestJoin.cs","ClientGroupRequestJoinHandler","Source/NexusForever.WorldServer/Network/Message/Handler/Group/ClientGroupRequestJoinHandler.cs"
"ServerGroupRequestJoinResponse","0x0424","Server","modeled","named","1","ServerGroupRequestJoinResponse","1","0","0","1","False","","ServerGroupRequestJoinResponse","Source/NexusForever.Network.World/Message/Model/ServerGroupRequestJoinResponse.cs","",""
"ServerGroupJoin","0x0427","Server","modeled","named","1","ServerGroupJoin","1","0","0","1","False","","ServerGroupJoin","Source/NexusForever.Network.World/Message/Model/ServerGroupJoin.cs","",""
"ClientGroupKick","0x0428","Client","handled","named","1","ClientGroupKick","1","1","1","0","False","","ClientGroupKick","Source/NexusForever.Network.World/Message/Model/ClientGroupKick.cs","ClientGroupKickHandler","Source/NexusForever.WorldServer/Network/Message/Handler/Group/ClientGroupKickHandler.cs"
"ServerGroupKickResult","0x042A","Server","modeled","named","1","ServerGroupKickResult","1","0","0","1","False","0xC-byte payload; response to ClientGroupKick (0x0428).","ServerGroupKickResult","Source/NexusForever.Network.World/Message/Model/ServerGroupKickResult.cs","",""
"ClientGroupLeave","0x042B","Client","handled","named","1","ClientGroupLeave","1","1","1","0","False","","ClientGroupLeave","Source/NexusForever.Network.World/Message/Model/ClientGroupLeave.cs","ClientGroupLeaveHandler","Source/NexusForever.WorldServer/Network/Message/Handler/Group/ClientGroupLeaveHandler.cs"
"ServerGroupLeave","0x042D","Server","modeled","named","1","ServerGroupLeave","1","0","0","1","False","","ServerGroupLeave","Source/NexusForever.Network.World/Message/Model/ServerGroupLeave.cs","",""
"ClientGroupLootRulesChange","0x042E","Client","handled","named","1","ClientGroupLootRulesChange","1","1","1","0","False","","ClientGroupLootRulesChange","Source/NexusForever.Network.World/Message/Model/ClientGroupLootRulesChange.cs","ClientGroupLootRulesChangeHandler","Source/NexusForever.WorldServer/Network/Message/Handler/Group/ClientGroupLootRulesChangeHandler.cs"
"ServerGroupLootRulesChange","0x042F","Server","modeled","named","1","ServerGroupLootRulesChange","1","0","0","1","False","","ServerGroupLootRulesChange","Source/NexusForever.Network.World/Message/Model/ServerGroupLootRulesChange.cs","",""
"ServerGroupLootRuleValidationResult","0x0431","Server","modeled","named","1","ServerGroupLootRuleValidationResult","1","0","0","1","False","0x18-byte payload; after ServerGroupLootRulesChange (0x042F).","ServerGroupLootRuleValidationResult","Source/NexusForever.Network.World/Message/Model/ServerGroupLootRuleValidationResult.cs","",""
"ClientGroupMarkUnit","0x0432","Client","handled","named","1","ClientGroupMarkUnit","1","1","1","0","False","","ClientGroupMark","Source/NexusForever.Network.World/Message/Model/ClientGroupMark.cs","ClientGroupMarkUnitHandler","Source/NexusForever.WorldServer/Network/Message/Handler/Group/ClientGroupMarkUnitHandler.cs"
"ServerGroupRosterUpdate","0x0436","Server","modeled","named","1","ServerGroupRosterUpdate","1","0","0","0","False","0x60-byte payload; per-member roster/stat refresh (FUN_140607490).","ServerGroupRosterUpdate","Source/NexusForever.Network.World/Message/Model/ServerGroupRosterUpdate.cs","",""
"ServerGroupMemberFlagsChanged","0x0437","Server","modeled","named","1","ServerGroupMemberFlagsChanged","1","0","0","1","False","","ServerGroupMemberFlagsChanged","Source/NexusForever.Network.World/Message/Model/ServerGroupMemberFlagsChanged.cs","",""
"ServerGroupMemberRoleChange","0x0438","Server","modeled","named","1","ServerGroupMemberRoleChange","1","0","0","1","False","0x28-byte payload; mirrors ServerGroupMemberFlagsChanged layout.","ServerGroupMemberRoleChange","Source/NexusForever.Network.World/Message/Model/ServerGroupMemberRoleChange.cs","",""
"ServerGroupReadyCheckStatusUpdate","0x0441","Server","modeled","named","1","ServerGroupReadyCheckStatusUpdate","1","0","0","1","False","0x38-byte payload; ready check status broadcast.","ServerGroupReadyCheckStatusUpdate","Source/NexusForever.Network.World/Message/Model/ServerGroupReadyCheckStatusUpdate.cs","",""
"ServerGroupActionResult","0x0443","Server","modeled","named","1","ServerGroupActionResult","1","0","0","1","False","","ServerGroupActionResult","Source/NexusForever.Network.World/Message/Model/ServerGroupActionResult.cs","",""
"ClientGroupPromote","0x0446","Client","handled","named","1","ClientGroupPromote","1","1","1","0","False","","ClientGroupPromote","Source/NexusForever.Network.World/Message/Model/ClientGroupPromote.cs","ClientGroupPromoteHandler","Source/NexusForever.WorldServer/Network/Message/Handler/Group/ClientGroupPromoteHandler.cs"
"ServerGroupPromote","0x0447","Server","modeled","named","1","ServerGroupPromote","1","0","0","1","False","","ServerGroupPromote","Source/NexusForever.Network.World/Message/Model/ServerGroupPromote.cs","",""
"ClientGroupSendReadyCheck","0x044A","Client","handled","named","1","ClientGroupSendReadyCheck","1","1","1","0","False","","ClientGroupSendReadyCheck","Source/NexusForever.Network.World/Message/Model/ClientGroupSendReadyCheck.cs","ClientGroupSendReadyCheckHandler","Source/NexusForever.WorldServer/Network/Message/Handler/Group/ClientGroupSendReadyCheckHandler.cs"
"ServerGroupSendReadyCheck","0x044C","Server","modeled","named","1","ServerGroupSendReadyCheck","1","0","0","1","False","","ServerGroupSendReadyCheck","Source/NexusForever.Network.World/Message/Model/ServerGroupSendReadyCheck.cs","",""
"ServerGroupReferral","0x044F","Server","modeled","named","1","ServerGroupReferral","1","0","0","1","False","","ServerGroupReferral","Source/NexusForever.Network.World/Message/Model/ServerGroupReferral.cs","",""
"ServerGroupRemove","0x0450","Server","modeled","named","1","ServerGroupRemove","1","0","0","1","False","","ServerGroupRemove","Source/NexusForever.Network.World/Message/Model/ServerGroupRemove.cs","",""
"ClientGroupRequestJoinResponse","0x0453","Client","handled","named","1","ClientGroupRequestJoinResponse","1","1","1","0","False","","ClientGroupRequestJoinResponse","Source/NexusForever.Network.World/Message/Model/ClientGroupRequestJoinResponse.cs","ClientGroupRequestJoinResponseHandler","Source/NexusForever.WorldServer/Network/Message/Handler/Group/ClientGroupRequestJoinResponseHandler.cs"
"ServerGroupRequestJoinResult","0x0456","Server","modeled","named","1","ServerGroupRequestJoinResult","1","0","0","1","False","","ServerGroupRequestJoinResult","Source/NexusForever.Network.World/Message/Model/ServerGroupRequestJoinResult.cs","",""
"ServerGroupRequestJoinWindow","0x045A","Server","modeled","named","1","ServerGroupRequestJoinWindow","1","0","0","1","False","0x20-byte payload; join request dialog for leader.","ServerGroupRequestJoinWindow","Source/NexusForever.Network.World/Message/Model/ServerGroupRequestJoinWindow.cs","",""
"ServerGroupMarkUnit","0x045B","Server","modeled","named","1","ServerGroupMarkUnit","1","0","0","1","False","","ServerGroupMarkUnit","Source/NexusForever.Network.World/Message/Model/ServerGroupMarkUnit.cs","",""
"ClientQuestShareResult","0x045E","Client","handled","named","1","ClientQuestShareResult","1","1","1","0","False","","ClientQuestShareResult","Source/NexusForever.Network.World/Message/Model/ClientQuestShareResult.cs","ClientQuestShareResultHandler","Source/NexusForever.WorldServer/Network/Message/Handler/Quest/ClientQuestShareResultHandler.cs"
"ClientQuestShare","0x045F","Client","handled","named","1","ClientQuestShare","1","1","1","0","False","","ClientQuestShare","Source/NexusForever.Network.World/Message/Model/ClientQuestShare.cs","ClientQuestShareHandler","Source/NexusForever.WorldServer/Network/Message/Handler/Quest/ClientQuestShareHandler.cs"
"ServerQuestShareResult","0x0461","Server","modeled","named","1","ServerQuestShareResult","1","0","0","1","False","0x10-byte payload; quest share result between ClientQuestShare (0x045F) and ServerGroupMaxSizeChange (0x0462).","ServerQuestShareResult","Source/NexusForever.Network.World/Message/Model/ServerQuestShareResult.cs","",""
"ServerGroupMaxSizeChange","0x0462","Server","modeled","named","1","ServerGroupMaxSizeChange","1","0","0","1","False","","ServerGroupMaxSizeChange","Source/NexusForever.Network.World/Message/Model/ServerGroupMaxSizeChange.cs","",""
"ServerGroupMemberStatUpdate","0x0466","Server","modeled","named","1","ServerGroupMemberStatUpdate","1","0","0","1","False","","ServerGroupMemberStatUpdate","Source/NexusForever.Network.World/Message/Model/ServerGroupMemberStatUpdate.cs","",""
"ServerGroupUpdatePlayerRealm","0x0467","Server","modeled","named","1","ServerGroupUpdatePlayerRealm","1","0","0","1","False","","ServerGroupUpdatePlayerRealm","Source/NexusForever.Network.World/Message/Model/ServerGroupUpdatePlayerRealm.cs","",""
"ServerGroupMemberDetailUpdate","0x0468","Server","modeled","named","1","ServerGroupMemberDetailUpdate","1","0","0","1","False","0x28-byte payload; compact member detail refresh (prefix of FUN_140607490 layout).","ServerGroupMemberDetailUpdate","Source/NexusForever.Network.World/Message/Model/ServerGroupMemberDetailUpdate.cs","",""
"ServerGroupPositionUpdate","0x0469","Server","modeled","named","1","ServerGroupPositionUpdate","1","0","0","1","False","","ServerGroupPositionUpdate","Source/NexusForever.Network.World/Message/Model/ServerGroupPositionUpdate.cs","",""
"ServerGuildBankInventoryAdd","0x046F","Server","modeled","named","1","ServerGuildBankInventoryAdd","1","0","0","1","False","","ServerGuildBankInventoryAdd","Source/NexusForever.Network.World/Message/Model/Guild/ServerGuildBankInventoryAdd.cs","",""
"ServerGuildBankInventoryRemove","0x0470","Server","modeled","named","1","ServerGuildBankInventoryRemove","1","0","0","1","False","","ServerGuildBankInventoryRemove","Source/NexusForever.Network.World/Message/Model/Guild/ServerGuildBankInventoryRemove.cs","",""
"ClientGuildBankTransaction","0x0471","Client","handled","named","1","ClientGuildBankTransaction","1","1","1","0","False","","ClientGuildBankTransaction","Source/NexusForever.Network.World/Message/Model/Guild/ClientGuildBankTransaction.cs","ClientGuildBankTransactionHandler","Source/NexusForever.WorldServer/Network/Message/Handler/Guild/ClientGuildBankTransactionHandler.cs"
"ClientGuildBankTransaction2","0x0473","Client","handled","named","1","ClientGuildBankTransaction2","1","1","1","0","False","","ClientGuildBankTransaction2","Source/NexusForever.Network.World/Message/Model/Guild/ClientGuildBankTransaction2.cs","ClientGuildBankTransaction2Handler","Source/NexusForever.WorldServer/Network/Message/Handler/Guild/ClientGuildBankTransaction2Handler.cs"
"ServerGuildBankInventoryCount","0x0476","Server","modeled","named","1","ServerGuildBankInventoryCount","1","0","0","1","False","","ServerGuildBankInventoryCount","Source/NexusForever.Network.World/Message/Model/Guild/ServerGuildBankInventoryCount.cs","",""
"ClientGuildBankTabOpen","0x0477","Client","handled","named","1","ClientGuildBankTabOpen","1","1","1","0","False","","ClientGuildBankTabOpen","Source/NexusForever.Network.World/Message/Model/Guild/ClientGuildBankTabOpen.cs","ClientGuildBankTabOpenHandler","Source/NexusForever.WorldServer/Network/Message/Handler/Guild/ClientGuildBankTabOpenHandler.cs"
"ServerGuildBankTabCount","0x0478","Server","modeled","named","1","ServerGuildBankTabCount","1","0","0","1","False","","ServerGuildBankTabCount","Source/NexusForever.Network.World/Message/Model/Guild/ServerGuildBankTabCount.cs","",""
"ServerGuildBankTabRename","0x0479","Server","modeled","named","1","ServerGuildBankTabRename","1","0","0","1","False","","ServerGuildBankTabRename","Source/NexusForever.Network.World/Message/Model/Guild/ServerGuildBankTabRename.cs","",""
"ServerGuildBankTabInventory","0x047A","Server","modeled","named","1","ServerGuildBankTabInventory","1","0","0","1","False","","ServerGuildBankTabInventory","Source/NexusForever.Network.World/Message/Model/Guild/ServerGuildBankTabInventory.cs","",""
"ServerGuildClassification","0x0480","Server","modeled","named","1","ServerGuildClassification","1","0","0","1","False","","ServerGuildClassification","Source/NexusForever.Network.World/Message/Model/Guild/ServerGuildClassification.cs","",""
"ClientGuildRegister","0x0481","Client","handled","named","1","ClientGuildRegister","1","1","1","0","False","","ClientGuildRegister","Source/NexusForever.Network.World/Message/Model/Guild/ClientGuildRegister.cs","ClientGuildRegisterHandler","Source/NexusForever.WorldServer/Network/Message/Handler/Guild/ClientGuildRegisterHandler.cs"
"ServerGuildEventLogChange","0x0487","Server","modeled","named","1","ServerGuildEventLogChange","1","0","0","1","False","","ServerGuildEventLogChange","Source/NexusForever.Network.World/Message/Model/Guild/ServerGuildEventLogChange.cs","",""
"ServerGuildEventLog","0x0489","Server","modeled","named","1","ServerGuildEventLog","1","0","0","1","False","","ServerGuildEventLog","Source/NexusForever.Network.World/Message/Model/Guild/ServerGuildEventLog.cs","",""
"ServerGuildEventLogDeleteEntry","0x048A","Server","modeled","named","1","ServerGuildEventLogDeleteEntry","1","0","0","1","False","","ServerGuildEventLogDeleteEntry","Source/NexusForever.Network.World/Message/Model/Guild/ServerGuildEventLogDeleteEntry.cs","",""
"ServerGuildFlagsUpdate","0x048B","Server","modeled","named","1","ServerGuildFlagsUpdate","1","0","0","1","False","","ServerGuildFlagsUpdate","Source/NexusForever.Network.World/Message/Model/Guild/ServerGuildFlagsUpdate.cs","",""
"ServerGuildInfluenceAndMoney","0x048D","Server","modeled","named","1","ServerGuildInfluenceAndMoney","1","0","0","1","False","","ServerGuildInfluenceAndMoney","Source/NexusForever.Network.World/Message/Model/Guild/ServerGuildInfluenceAndMoney.cs","",""
"ServerGuildInfoMessageUpdate","0x048F","Server","modeled","named","1","ServerGuildInfoMessageUpdate","1","0","0","1","False","","ServerGuildInfoMessageUpdate","Source/NexusForever.Network.World/Message/Model/Guild/ServerGuildInfoMessageUpdate.cs","",""
"ClientGuildInviteResponse","0x0490","Client","handled","named","1","ClientGuildInviteResponse","1","1","1","0","False","","ClientGuildInviteResponse","Source/NexusForever.Network.World/Message/Model/Guild/ClientGuildInviteResponse.cs","ClientGuildInviteResponseHandler","Source/NexusForever.WorldServer/Network/Message/Handler/Guild/ClientGuildInviteResponseHandler.cs"
"ServerGuildInvite","0x0491","Server","modeled","named","1","ServerGuildInvite","1","0","0","1","False","","ServerGuildInvite","Source/NexusForever.Network.World/Message/Model/Guild/ServerGuildInvite.cs","",""
"ServerGuildJoin","0x0493","Server","modeled","named","1","ServerGuildJoin","1","0","0","1","False","","ServerGuildJoin","Source/NexusForever.Network.World/Message/Model/Guild/ServerGuildJoin.cs","",""
"ServerGuildRemove","0x0495","Server","modeled","named","1","ServerGuildRemove","1","0","0","1","False","","ServerGuildRemove","Source/NexusForever.Network.World/Message/Model/Guild/ServerGuildRemove.cs","",""
"ServerGuildInit","0x0497","Server","modeled","named","1","ServerGuildInit","1","0","0","1","False","","ServerGuildInit","Source/NexusForever.Network.World/Message/Model/Guild/ServerGuildInit.cs","",""
"ServerGuildRecruitmentAvailability","0x049F","Server","modeled","named","1","ServerGuildRecruitmentAvailability","1","0","0","1","False","","ServerGuildRecruitmentAvailability","Source/NexusForever.Network.World/Message/Model/Guild/ServerGuildRecruitmentAvailability.cs","",""
"ServerGuildRoster","0x04A0","Server","modeled","named","1","ServerGuildRoster","1","0","0","1","False","","ServerGuildRoster","Source/NexusForever.Network.World/Message/Model/Guild/ServerGuildRoster.cs","",""
"ServerGuildBankWithdraw","0x04A1","Server","modeled","named","1","ServerGuildBankWithdraw","1","0","0","1","False","","ServerGuildBankWithdraw","Source/NexusForever.Network.World/Message/Model/Guild/ServerGuildBankWithdraw.cs","",""
"ServerGuildMemberRemove","0x04A2","Server","modeled","named","1","ServerGuildMemberRemove","1","0","0","1","False","","ServerGuildMemberRemove","Source/NexusForever.Network.World/Message/Model/Guild/ServerGuildMemberRemove.cs","",""
"ServerGuildMemberChange","0x04A3","Server","modeled","named","1","ServerGuildMemberChange","1","0","0","1","False","","ServerGuildMemberChange","Source/NexusForever.Network.World/Message/Model/Guild/ServerGuildMemberChange.cs","",""
"ServerGuildMotdUpdate","0x04A5","Server","modeled","named","1","ServerGuildMotdUpdate","1","0","0","1","False","","ServerGuildMotdUpdate","Source/NexusForever.Network.World/Message/Model/Guild/ServerGuildMotdUpdate.cs","",""
"ClientGuildStandardModify","0x04A6","Client","handled","named","1","ClientGuildStandardModify","1","1","1","0","False","","ClientGuildStandardModify","Source/NexusForever.Network.World/Message/Model/Guild/ClientGuildStandardModify.cs","ClientGuildStandardModifyHandler","Source/NexusForever.WorldServer/Network/Message/Handler/Guild/ClientGuildStandardModifyHandler.cs"
"ClientGuildBankMoneyTransaction","0x04A8","Client","handled","named","1","ClientGuildBankMoneyTransaction","1","1","1","0","False","","ClientGuildBankMoneyTransaction","Source/NexusForever.Network.World/Message/Model/Guild/ClientGuildBankMoneyTransaction.cs","ClientGuildBankMoneyTransactionHandler","Source/NexusForever.WorldServer/Network/Message/Handler/Guild/ClientGuildBankMoneyTransactionHandler.cs"
"ServerGuildNameplateChange","0x04AC","Server","modeled","named","1","ServerGuildNameplateChange","1","0","0","1","False","","ServerGuildNameplateChange","Source/NexusForever.Network.World/Message/Model/Guild/ServerGuildNameplateChange.cs","",""
"ServerUnitGuildNameplateChanged","0x04AE","Server","modeled","named","1","ServerUnitGuildNameplateChanged","1","0","0","1","False","","ServerUnitGuildNameplateChanged","Source/NexusForever.Network.World/Message/Model/Guild/ServerUnitGuildNameplateChanged.cs","",""
"ServerGuildRename","0x04AF","Server","modeled","named","1","ServerGuildRename","1","0","0","1","False","","ServerGuildRename","Source/NexusForever.Network.World/Message/Model/Guild/ServerGuildRename.cs","",""
"ClientGuildOperation","0x04B1","Client","handled","named","1","ClientGuildOperation","1","1","1","0","False","","ClientGuildOperation","Source/NexusForever.Network.World/Message/Model/Guild/ClientGuildOperation.cs","ClientGuildOperationHandler","Source/NexusForever.WorldServer/Network/Message/Handler/Guild/ClientGuildOperationHandler.cs"
"ClientGuildPerkActivate","0x04B2","Client","handled","named","1","ClientGuildPerkActivate","1","1","0","0","False","","ClientGuildPerkActivate","Source/NexusForever.Network.World/Message/Model/Guild/ClientGuildPerkActivate.cs","ClientGuildPerkActivateHandler","Source/NexusForever.WorldServer/Network/Message/Handler/Guild/ClientGuildPerkActivateHandler.cs"
"ClientGuildBankTabRename","0x04B3","Client","handled","named","1","ClientGuildBankTabRename","1","1","0","0","False","","ClientGuildBankTabRename","Source/NexusForever.Network.World/Message/Model/Guild/ClientGuildBankTabRename.cs","ClientGuildBankTabRenameHandler","Source/NexusForever.WorldServer/Network/Message/Handler/Guild/ClientGuildBankTabRenameHandler.cs"
"ServerGuildPerkActivated","0x04B6","Server","modeled","named","1","ServerGuildPerkActivated","1","0","0","1","False","","ServerGuildPerkActivated","Source/NexusForever.Network.World/Message/Model/Guild/ServerGuildPerkActivated.cs","",""
"ServerGuildPerkDeactivated","0x04BA","Server","modeled","named","1","ServerGuildPerkDeactivated","1","0","0","1","False","","ServerGuildPerkDeactivated","Source/NexusForever.Network.World/Message/Model/Guild/ServerGuildPerkDeactivated.cs","",""
"ServerGuildPerkUnlocked","0x04BD","Server","modeled","named","1","ServerGuildPerkUnlocked","1","0","0","1","False","","ServerGuildPerkUnlocked","Source/NexusForever.Network.World/Message/Model/Guild/ServerGuildPerkUnlocked.cs","",""
"ServerGuildPvpStatsUpdate","0x04C1","Server","modeled","named","1","ServerGuildPvpStatsUpdate","1","0","0","1","False","","ServerGuildPvpStatsUpdate","Source/NexusForever.Network.World/Message/Model/Guild/ServerGuildPvpStatsUpdate.cs","",""
"ServerGuildQueueStateChanged","0x04C3","Server","modeled","named","1","ServerGuildQueueStateChanged","1","0","0","1","False","","ServerGuildQueueStateChanged","Source/NexusForever.Network.World/Message/Model/Guild/ServerGuildQueueStateChanged.cs","",""
"ServerGuildRankChange","0x04C5","Server","modeled","named","1","ServerGuildRankChange","1","0","0","1","False","","ServerGuildRankChange","Source/NexusForever.Network.World/Message/Model/Guild/ServerGuildRankChange.cs","",""
"ServerGuildResult","0x04C9","Server","modeled","named","1","ServerGuildResult","1","0","0","1","False","","ServerGuildResult","Source/NexusForever.Network.World/Message/Model/Guild/ServerGuildResult.cs","",""
"ServerGuildResult2","0x04CA","Server","modeled","named","1","ServerGuildResult2","1","0","0","0","False","","ServerGuildResult2","Source/NexusForever.Network.World/Message/Model/Guild/ServerGuildResult2.cs","",""
"ClientGuildSetStandard","0x04CF","Client","handled","named","1","ClientGuildSetStandard","1","1","1","0","False","","ClientGuildSetStandard","Source/NexusForever.Network.World/Message/Model/Guild/ClientGuildSetStandard.cs","ClientGuildSetStandardHandler","Source/NexusForever.WorldServer/Network/Message/Handler/Guild/ClientGuildSetStandardHandler.cs"
"ServerGuildStandard","0x04D0","Server","modeled","named","1","ServerGuildStandard","1","0","0","1","False","","ServerGuildStandard","Source/NexusForever.Network.World/Message/Model/Guild/ServerGuildStandard.cs","",""
"ServerUnitMemberOfGuildChange","0x04D4","Server","modeled","named","1","ServerUnitMemberOfGuildChange","1","0","0","1","False","","ServerUnitMemberOfGuildChange","Source/NexusForever.Network.World/Message/Model/Guild/ServerUnitMemberOfGuildChange.cs","",""
"ServerHealthyGamingUpdate","0x04DA","Server","modeled","named","1","ServerHealthyGamingUpdate","1","0","0","1","False","","ServerHealthyGamingUpdate","Source/NexusForever.Network.World/Message/Model/Info/ServerHealthyGamingUpdate.cs","",""
"ClientCastSpellContinuous","0x04DB","Client","handled","named","1","ClientCastSpellContinuous","1","1","1","0","False","","ClientCastSpellContinuous","Source/NexusForever.Network.World/Message/Model/ClientCastSpellContinuous.cs","ClientCastSpellContinuousHandler","Source/NexusForever.WorldServer/Network/Message/Handler/Spell/ClientCastSpellContinuousHandler.cs"
"ServerHousingPlacedResidencesList","0x04DD","Server","modeled","named","1","ServerHousingPlacedResidencesList","1","0","0","1","False","","ServerHousingPlacedResidencesList","Source/NexusForever.Network.World/Message/Model/ServerHousingPlacedResidencesList.cs","",""
"ServerHousingResidenceDecor","0x04DE","Server","modeled","named","1","ServerHousingResidenceDecor","1","0","0","1","False","","ServerHousingResidenceDecor","Source/NexusForever.Network.World/Message/Model/ServerHousingResidenceDecor.cs","",""
"ServerHousingProperties","0x04DF","Server","modeled","named","1","ServerHousingProperties","1","0","0","1","False","","ServerHousingProperties","Source/NexusForever.Network.World/Message/Model/ServerHousingProperties.cs","",""
"ServerHousingPlots","0x04E1","Server","modeled","named","1","ServerHousingPlots","1","0","0","1","False","","ServerHousingPlots","Source/NexusForever.Network.World/Message/Model/ServerHousingPlots.cs","",""
"ClientItemUseDecor","0x04E7","Client","handled","named","1","ClientItemUseDecor","1","1","1","0","False","","ClientItemUseDecor","Source/NexusForever.Network.World/Message/Model/ClientItemUseDecor.cs","ClientItemUseDecorHandler","Source/NexusForever.WorldServer/Network/Message/Handler/Item/ClientItemUseDecorHandler.cs"
"ClientHousingCommunityRemoval","0x04EA","Client","handled","named","1","ClientHousingCommunityRemoval","1","1","1","0","False","","ClientHousingCommunityRemoval","Source/NexusForever.Network.World/Message/Model/ClientHousingCommunityRemoval.cs","ClientHousingCommunityRemovalHandler","Source/NexusForever.WorldServer/Network/Message/Handler/Housing/ClientHousingCommunityRemovalHandler.cs"
"ClientHousingCrateAllDecor","0x04EC","Client","handled","named","1","ClientHousingCrateAllDecor","1","1","1","0","False","","ClientHousingCrateAllDecor","Source/NexusForever.Network.World/Message/Model/ClientHousingCrateAllDecor.cs","ClientHousingCrateAllDecorHandler","Source/NexusForever.WorldServer/Network/Message/Handler/Housing/ClientHousingCrateAllDecorHandler.cs"
"ClientHousingCommunityDonate","0x04F5","Client","handled","named","1","ClientHousingCommunityDonate","1","1","1","0","False","","ClientHousingCommunityDonate","Source/NexusForever.Network.World/Message/Model/ClientHousingCommunityDonate.cs","ClientHousingCommunityDonateHandler","Source/NexusForever.WorldServer/Network/Message/Handler/Housing/ClientHousingCommunityDonateHandler.cs"
"ServerHousingCommunityDonateUpdate","0x04FE","Server","modeled","named","1","ServerHousingCommunityDonateUpdate","1","0","0","1","False","","ServerHousingCommunityDonateUpdate","Source/NexusForever.Network.World/Message/Model/ServerHousingCommunityDonateUpdate.cs","",""
"ServerHousingNeighborhoodEntry","0x0501","Server","modeled","named","1","ServerHousingNeighborhoodEntry","1","0","0","1","False","","ServerHousingNeighborhoodEntry","Source/NexusForever.Network.World/Message/Model/ServerHousingNeighborhood.cs","",""
"ServerHousingNeighborhoodList","0x0506","Server","modeled","named","1","ServerHousingNeighborhoodList","1","0","0","1","False","","ServerHousingNeighborhoodList","Source/NexusForever.Network.World/Message/Model/ServerHousingNeighborhood.cs","",""
"ServerHousingNeighbors","0x0507","Server","modeled","named","1","ServerHousingNeighbors","1","0","0","1","False","","ServerHousingNeighbors","Source/NexusForever.Network.World/Message/Model/ServerHousingNeighbors.cs","",""
"ServerHousingVendorList","0x0508","Server","modeled","named","1","ServerHousingVendorList","1","0","0","1","False","","ServerHousingVendorList","Source/NexusForever.Network.World/Message/Model/ServerHousingVendorList.cs","",""
"ServerHousingHarvestItemsSentToOwner","0x0509","Server","modeled","named","1","ServerHousingHarvestItemsSentToOwner","1","0","0","1","False","payload @ Harvest_DispatchItemsSentToOwnerEvent (1404bbb80); opcode inferred from housing gap","ServerHousingHarvestItemsSentToOwner","Source/NexusForever.Network.World/Message/Model/ServerHousingHarvestItemsSentToOwner.cs","",""
"ClientHousingRemodel","0x050A","Client","handled","named","1","ClientHousingRemodel","1","1","1","0","False","","ClientHousingRemodel","Source/NexusForever.Network.World/Message/Model/ClientHousingRemodel.cs","ClientHousingRemodelHandler","Source/NexusForever.WorldServer/Network/Message/Handler/Housing/ClientHousingRemodelHandler.cs"
"ClientHousingDecorUpdate","0x050B","Client","handled","named","1","ClientHousingDecorUpdate","1","1","1","0","False","","ClientHousingDecorUpdate","Source/NexusForever.Network.World/Message/Model/ClientHousingDecorUpdate.cs","ClientHousingDecorUpdateHandler","Source/NexusForever.WorldServer/Network/Message/Handler/Housing/ClientHousingDecorUpdateHandler.cs"
"ClientHousingInteriorWallpaperUpdate","0x050D","Client","handled","named","1","ClientHousingInteriorWallpaperUpdate","1","1","1","0","False","Residence.RemoveInteriorWallpaper/PurchaseInteriorWallpaper six-slot plug item update","ClientHousingInteriorWallpaperUpdate","Source/NexusForever.Network.World/Message/Model/ClientHousingInteriorWallpaperUpdate.cs","ClientHousingInteriorWallpaperUpdateHandler","Source/NexusForever.WorldServer/Network/Message/Handler/Housing/ClientHousingNeighborHandlers.cs"
"ClientHousingFlagsUpdate","0x050E","Client","handled","named","1","ClientHousingFlagsUpdate","1","1","1","0","False","","ClientHousingFlagsUpdate","Source/NexusForever.Network.World/Message/Model/ClientHousingFlagsUpdate.cs","ClientHousingFlagsUpdateHandler","Source/NexusForever.WorldServer/Network/Message/Handler/Housing/ClientHousingFlagsUpdateHandler.cs"
"ClientHousingPlugUpdate","0x0510","Client","handled","named","1","ClientHousingPlugUpdate","1","1","1","0","False","","ClientHousingPlugUpdate","Source/NexusForever.Network.World/Message/Model/ClientHousingPlugUpdate.cs","ClientHousingPlugUpdateHander","Source/NexusForever.WorldServer/Network/Message/Handler/Housing/ClientHousingPlugUpdateHander.cs"
"ClientHousingNeighborInvite","0x0512","Client","handled","named","1","ClientHousingNeighborInvite","1","1","1","0","False","","ClientHousingNeighborInvite","Source/NexusForever.Network.World/Message/Model/ClientHousingNeighborInvite.cs","ClientHousingNeighborInviteHandler","Source/NexusForever.WorldServer/Network/Message/Handler/Housing/ClientHousingNeighborHandlers.cs"
"ClientHousingNeighborInviteResponse","0x0513","Client","handled","named","1","ClientHousingNeighborInviteResponse","1","1","1","0","False","","ClientHousingNeighborInviteResponse","Source/NexusForever.Network.World/Message/Model/ClientHousingNeighborInviteResponse.cs","ClientHousingNeighborInviteResponseHandler","Source/NexusForever.WorldServer/Network/Message/Handler/Housing/ClientHousingNeighborHandlers.cs"
"ServerHousingNeighborInvitePrompt","0x0514","Server","modeled","named","1","ServerHousingNeighborInvitePrompt","1","0","0","1","False","","ServerHousingNeighborInvitePrompt","Source/NexusForever.Network.World/Message/Model/ServerHousingNeighborUpdates.cs","",""
"ClientHousingNeighborEvict","0x0515","Client","handled","named","1","ClientHousingNeighborEvict","1","1","1","0","False","","ClientHousingNeighborEvict","Source/NexusForever.Network.World/Message/Model/ClientHousingNeighborEvict.cs","ClientHousingNeighborEvictHandler","Source/NexusForever.WorldServer/Network/Message/Handler/Housing/ClientHousingNeighborHandlers.cs"
"ServerHousingNeighborInviteResult","0x0516","Server","modeled","named","1","ServerHousingNeighborInviteResult","1","0","0","1","False","native row shape mapped; shared neighbor row plus 7-bit HousingResult","ServerHousingNeighborInviteResult","Source/NexusForever.Network.World/Message/Model/ServerHousingNeighborUpdates.cs","",""
"ClientHousingNeighborSetPermission","0x0518","Client","handled","named","1","ClientHousingNeighborSetPermission","1","1","1","0","False","","ClientHousingNeighborSetPermission","Source/NexusForever.Network.World/Message/Model/ClientHousingNeighborSetPermission.cs","ClientHousingNeighborSetPermissionHandler","Source/NexusForever.WorldServer/Network/Message/Handler/Housing/ClientHousingNeighborHandlers.cs"
"ServerHousingNeighborUpdate","0x0519","Server","modeled","named","1","ServerHousingNeighborUpdate","1","0","0","1","False","native row shape mapped; shared neighbor row plus 3-bit update action","ServerHousingNeighborUpdate","Source/NexusForever.Network.World/Message/Model/ServerHousingNeighborUpdates.cs","",""
"ServerHousingCommunityPlotReservation","0x051F","Server","modeled","named","1","ServerHousingCommunityPlotReservation","1","0","0","1","False","","ServerHousingCommunityPlotReservation","Source/NexusForever.Network.World/Message/Model/ServerHousingNeighborUpdates.cs","",""
"ClientHousingVendorList","0x0525","Client","handled","named","1","ClientHousingVendorList","1","1","1","0","False","","ClientHousingVendorList","Source/NexusForever.Network.World/Message/Model/ClientHousingVendorList.cs","ClientHousingVendorListHandler","Source/NexusForever.WorldServer/Network/Message/Handler/Housing/ClientHousingVendorListHandler.cs"
"ServerHousingRandomCommunityList","0x0526","Server","modeled","named","1","ServerHousingRandomCommunityList","1","0","0","1","False","","ServerHousingRandomCommunityList","Source/NexusForever.Network.World/Message/Model/ServerHousingRandomCommunityList.cs","",""
"ServerHousingRandomResidenceList","0x0527","Server","modeled","named","1","ServerHousingRandomResidenceList","1","0","0","1","False","","ServerHousingRandomResidenceList","Source/NexusForever.Network.World/Message/Model/ServerHousingRandomResidenceList.cs","",""
"ClientHousingRenameProperty","0x0529","Client","handled","named","1","ClientHousingRenameProperty","1","1","1","0","False","","ClientHousingRenameProperty","Source/NexusForever.Network.World/Message/Model/ClientHousingRenameProperty.cs","ClientHousingRenamePropertyHandler","Source/NexusForever.WorldServer/Network/Message/Handler/Housing/ClientHousingRenamePropertyHandler.cs"
"ClientHousingPlacedResidencesList","0x052A","Client","handled","named","1","ClientHousingPlacedResidencesList","1","1","1","0","False","","ClientHousingPlacedResidencesList","Source/NexusForever.Network.World/Message/Model/ClientHousingPlacedResidencesList.cs","ClientHousingPlacedResidencesListHandler","Source/NexusForever.WorldServer/Network/Message/Handler/Housing/ClientHousingPlacedResidencesListHandler.cs"
"ClientHousingCommunityPlacement","0x052B","Client","handled","named","1","ClientHousingCommunityPlacement","1","1","1","0","False","","ClientHousingCommunityPlacement","Source/NexusForever.Network.World/Message/Model/ClientHousingCommunityPlacement.cs","ClientHousingCommunityPlacementHandler","Source/NexusForever.WorldServer/Network/Message/Handler/Housing/ClientHousingCommunityPlacementHandler.cs"
"ClientHousingRandomCommunityList","0x052C","Client","handled","named","1","ClientHousingRandomCommunityList","1","1","1","0","False","","ClientHousingRandomCommunityList","Source/NexusForever.Network.World/Message/Model/ClientHousingRandomCommunityList.cs","ClientHousingRandomCommunityListHandler","Source/NexusForever.WorldServer/Network/Message/Handler/Housing/ClientHousingRandomCommunityListHandler.cs"
"ClientHousingRandomResidenceList","0x052D","Client","handled","named","1","ClientHousingRandomResidenceList","1","1","1","0","False","","ClientHousingRandomResidenceList","Source/NexusForever.Network.World/Message/Model/ClientHousingRandomResidenceList.cs","ClientHousingRandomResidenceListHandler","Source/NexusForever.WorldServer/Network/Message/Handler/Housing/ClientHousingRandomResidenceListHandler.cs"
"ClientHousingReturn","0x052E","Client","handled","named","1","ClientHousingReturn","1","1","1","0","False","","ClientHousingReturn","Source/NexusForever.Network.World/Message/Model/ClientHousingReturn.cs","ClientHousingReturnHandler","Source/NexusForever.WorldServer/Network/Message/Handler/Housing/ClientHousingReturnHandler.cs"
"ClientHousingVisitResidence","0x052F","Client","handled","named","1","ClientHousingVisitResidence","1","1","1","0","False","","ClientHousingVisitResidence","Source/NexusForever.Network.World/Message/Model/ClientHousingVisitResidence.cs","ClientHousingVisitResidenceHandler","Source/NexusForever.WorldServer/Network/Message/Handler/Housing/ClientHousingVisitResidenceHandler.cs"
"ClientHousingVisit","0x0531","Client","handled","named","1","ClientHousingVisit","1","1","1","0","False","","ClientHousingVisit","Source/NexusForever.Network.World/Message/Model/ClientHousingVisit.cs","ClientHousingVisitHandler","Source/NexusForever.WorldServer/Network/Message/Handler/Housing/ClientHousingVisitHandler.cs"
"ServerHousingOwnership","0x0533","Server","modeled","named","1","ServerHousingOwnership","1","0","0","1","False","","ServerHousingOwnership","Source/NexusForever.Network.World/Message/Model/ServerHousingOwnership.cs","",""
"ServerHousingResult","0x0536","Server","modeled","named","1","ServerHousingResult","1","0","0","1","False","","ServerHousingResult","Source/NexusForever.Network.World/Message/Model/ServerHousingResult.cs","",""
"ClientHousingCommunityPrivacyLevel","0x0538","Client","handled","named","1","ClientHousingCommunityPrivacyLevel","1","1","1","0","False","","ClientHousingCommunityPrivacyLevel","Source/NexusForever.Network.World/Message/Model/ClientHousingCommunityPrivacyLevel.cs","ClientHousingCommunityPrivacyLevelHandler","Source/NexusForever.WorldServer/Network/Message/Handler/Housing/ClientHousingCommunityPrivacyLevelHandler.cs"
"ServerHousingCommunityPlacement","0x053A","Server","modeled","named","1","ServerHousingCommunityPlacement","1","0","0","1","False","target community residence, placed residence id, property index","ServerHousingCommunityPlacement","Source/NexusForever.Network.World/Message/Model/ServerHousingNeighborhood.cs","",""
"ServerHousingCommunityPrivacyLevelUpdate","0x053B","Server","modeled","named","1","ServerHousingCommunityPrivacyLevelUpdate","1","0","0","1","False","target community residence, type-7 cache flags, 3-bit Lua privacy value","ServerHousingCommunityPrivacyLevelUpdate","Source/NexusForever.Network.World/Message/Model/ServerHousingNeighborhood.cs","",""
"ClientHousingEditMode","0x053C","Client","handled","named","1","ClientHousingEditMode","1","1","1","0","False","","ClientHousingEditMode","Source/NexusForever.Network.World/Message/Model/ClientHousingEditMode.cs","ClientHousingEditModeHandler","Source/NexusForever.WorldServer/Network/Message/Handler/Housing/ClientHousingEditModeHandler.cs"
"ClientICCommChannelJoin","0x0546","Client","handled","named","1","ClientICCommChannelJoin","1","1","1","0","False","","ClientICCommChannelJoin","Source/NexusForever.Network.World/Message/Model/ICComm/ClientICCommChannelJoin.cs","ClientICCommChannelJoinHandler","Source/NexusForever.WorldServer/Network/Message/Handler/ICComm/ClientICCommHandlers.cs"
"ServerICCommChannelJoinResult","0x0547","Server","modeled","named","1","ServerICCommChannelJoinResult","1","0","0","1","False","","ServerICCommChannelJoinResult","Source/NexusForever.Network.World/Message/Model/ICComm/ServerICCommChannelJoinResult.cs","",""
"ServerICCommChannelJoin","0x0548","Server","modeled","named","1","ServerICCommChannelJoin","1","0","0","1","False","","ServerICCommChannelJoin","Source/NexusForever.Network.World/Message/Model/ICComm/ServerICCommChannelJoin.cs","",""
"ClientICCommChannelNotJoined","0x0549","Client","handled","named","1","ClientICCommChannelNotJoined","1","1","1","0","False","","ClientICCommChannelNotJoined","Source/NexusForever.Network.World/Message/Model/ICComm/ClientICCommChannelNotJoined.cs","ClientICCommChannelNotJoinedHandler","Source/NexusForever.WorldServer/Network/Message/Handler/ICComm/ClientICCommHandlers.cs"
"ServerICCommChannelLeft","0x054A","Server","modeled","named","1","ServerICCommChannelLeft","1","0","0","1","False","","ServerICCommChannelLeft","Source/NexusForever.Network.World/Message/Model/ICComm/ServerICCommChannelLeft.cs","",""
"ClientICCommMessage","0x054B","Client","handled","named","1","ClientICCommMessage","1","1","1","0","False","","ClientICCommMessage","Source/NexusForever.Network.World/Message/Model/ICComm/ClientICCommMessage.cs","ClientICCommMessageHandler","Source/NexusForever.WorldServer/Network/Message/Handler/ICComm/ClientICCommHandlers.cs"
"ServerICCommMessageResult","0x054C","Server","modeled","named","1","ServerICCommMessageResult","1","0","0","1","False","","ServerICCommMessageResult","Source/NexusForever.Network.World/Message/Model/ICComm/ServerICCommMessageResult.cs","",""
"ServerICCommOrderedMessage","0x054D","Server","modeled","named","1","ServerICCommOrderedMessage","1","0","0","1","False","","ServerICCommOrderedMessage","Source/NexusForever.Network.World/Message/Model/ICComm/ServerICCommOrderedMessage.cs","",""
"ServerICCommDirectedMessage","0x054E","Server","modeled","named","1","ServerICCommDirectedMessage","1","0","0","1","False","","ServerICCommDirectedMessage","Source/NexusForever.Network.World/Message/Model/ICComm/ServerICCommDirectedMessage.cs","",""
"Client0x0550","0x0550","Client","handled","named","1","Client0x0550","1","1","1","0","False","single 32-bit payload field; semantics unresolved","Client0x0550","Source/NexusForever.Network.World/Message/Model/ClientUnresolvedDiagnosticPackets.cs","Client0x0550Handler","Source/NexusForever.WorldServer/Network/Message/Handler/Misc/ClientUnresolvedDiagnosticHandlers.cs"
"ServerSpellList","0x0551","Server","modeled","named","1","ServerSpellList","1","0","0","1","False","","ServerSpellList","Source/NexusForever.Network.World/Message/Model/Abilities/ServerSpellList.cs","",""
"ClientInspectPlayerRequest","0x0552","Client","handled","named","1","ClientInspectPlayerRequest","1","1","1","0","False","","ClientInspectPlayerRequest","Source/NexusForever.Network.World/Message/Model/Utility/ClientInspectPlayerRequest.cs","ClientInspectPlayerRequestHandler","Source/NexusForever.WorldServer/Network/Message/Handler/Entity/Player/ClientInspectPlayerRequestHandler.cs"
"ServerInspectPlayerResponse","0x0553","Server","modeled","named","1","ServerInspectPlayerResponse","1","0","0","1","False","","ServerInspectPlayerResponse","Source/NexusForever.Network.World/Message/Model/Utility/ServerInspectPlayerResponse.cs","",""
"ServerInstanceBusy","0x0555","Server","modeled","named","1","ServerInstanceBusy","1","0","0","1","False","","ServerInstanceBusy","Source/NexusForever.Network.World/Message/Model/Instance/ServerInstanceBusy.cs","",""
"ClientAuctionBuyOrderSubmit","0x055E","Client","handled","named","1","ClientAuctionBuyOrderSubmit","1","1","1","0","False","","ClientAuctionBuyOrderSubmit","Source/NexusForever.Network.World/Message/Model/Marketplace/ClientAuctionBuyOrderSubmit.cs","ClientAuctionBuyOrderSubmitHandler","Source/NexusForever.WorldServer/Network/Message/Handler/Marketplace/ClientMarketplaceHandlers.cs"
"ServerAuctionBidPosted","0x055F","Server","modeled","named","1","ServerAuctionBidPosted","1","0","0","1","False","","ServerAuctionBidPosted","Source/NexusForever.Network.World/Message/Model/Marketplace/ServerAuctionBidPosted.cs","",""
"ServerAuctionBidResult","0x0560","Server","modeled","named","1","ServerAuctionBidResult","1","0","0","1","False","","ServerAuctionBidResult","Source/NexusForever.Network.World/Message/Model/Marketplace/ServerAuctionBidResult.cs","",""
"ServerAuctionExpired","0x0561","Server","modeled","named","1","ServerAuctionExpired","1","0","0","1","False","","ServerAuctionExpired","Source/NexusForever.Network.World/Message/Model/Marketplace/ServerAuctionExpired.cs","",""
"ServerAuctionOutbid","0x0562","Server","modeled","named","1","ServerAuctionOutbid","1","0","0","1","False","","ServerAuctionOutbid","Source/NexusForever.Network.World/Message/Model/Marketplace/ServerAuctionOutbid.cs","",""
"ServerAuctionSearchResults","0x0563","Server","modeled","named","1","ServerAuctionSearchResults","1","0","0","1","False","","ServerAuctionSearchResults","Source/NexusForever.Network.World/Message/Model/Marketplace/ServerAuctionSearchResults.cs","",""
"ServerAuctionWon","0x0564","Server","modeled","named","1","ServerAuctionWon","1","0","0","1","False","","ServerAuctionWon","Source/NexusForever.Network.World/Message/Model/Marketplace/ServerAuctionWon.cs","",""
"ServerAuctionCancelResult","0x0565","Server","modeled","named","1","ServerAuctionCancelResult","1","0","0","1","False","","ServerAuctionCancelResult","Source/NexusForever.Network.World/Message/Model/Marketplace/ServerAuctionCancelResult.cs","",""
"ServerMailItemDeprecation","0x0566","Server","modeled","named","1","ServerMailItemDeprecation","1","0","0","1","False","","ServerMailItemDeprecation","Source/NexusForever.Network.World/Message/Model/Mail/ServerMailItemDeprecation.cs","",""
"ServerItemSwapAux","0x0567","Server","modeled","named","1","ServerItemSwapAux","1","0","0","0","False","0x10-byte item-swap cluster aux","ServerItemSwapAux","Source/NexusForever.Network.World/Message/Model/ServerClusterAuxPackets.cs","",""
"ServerItemSwap","0x0568","Server","modeled","named","1","ServerItemSwap","1","0","0","1","False","","ServerItemSwap","Source/NexusForever.Network.World/Message/Model/ServerItemSwap.cs","",""
"ServerItemMove","0x0569","Server","modeled","named","1","ServerItemMove","1","0","0","1","False","","ServerItemMove","Source/NexusForever.Network.World/Message/Model/ServerItemMove.cs","",""
"ServerItemError","0x056A","Server","modeled","named","1","ServerItemError","1","0","0","1","False","","ServerItemError","Source/NexusForever.Network.World/Message/Model/ServerItemError.cs","",""
"ServerOptionAuxPayload","0x056B","Server","modeled","named","1","ServerOptionAuxPayload","1","0","0","0","False","0x20-byte options cluster aux","ServerOptionAuxPayload","Source/NexusForever.Network.World/Message/Model/ServerClusterAuxPackets.cs","",""
"ServerOptionAuxPayloadLarge","0x056C","Server","modeled","named","1","ServerOptionAuxPayloadLarge","1","0","0","0","False","0x28-byte options cluster aux","ServerOptionAuxPayloadLarge","Source/NexusForever.Network.World/Message/Model/ServerClusterAuxPackets.cs","",""
"ServerOptionAuxPayloadMedium","0x056D","Server","modeled","named","1","ServerOptionAuxPayloadMedium","1","0","0","0","False","0x18-byte options cluster aux","ServerOptionAuxPayloadMedium","Source/NexusForever.Network.World/Message/Model/ServerClusterAuxPackets.cs","",""
"BiInputKeySet","0x056F","Core","core_modeled","named","1","BiInputKeySet","1","1","1","1","False","","BiInputKeySet","Source/NexusForever.Network.World/Message/Model/Option/BiInputKeySet.cs","BiInputKeySetHandler","Source/NexusForever.WorldServer/Network/Message/Handler/Option/BiInputKeySetHandler.cs"
"ClientRequestInputKeySet","0x0570","Client","handled","named","1","ClientRequestInputKeySet","1","1","1","0","False","","ClientRequestInputKeySet","Source/NexusForever.Network.World/Message/Model/Option/ClientRequestInputKeySet.cs","ClientRequestInputKeySetHandler","Source/NexusForever.WorldServer/Network/Message/Handler/Option/ClientRequestInputKeySetHandler.cs"
"ClientSetInputKeySet","0x0571","Client","handled","named","1","ClientSetInputKeySet","1","1","1","0","False","","ClientSetInputKeySet","Source/NexusForever.Network.World/Message/Model/Option/ClientSetInputKeySet.cs","ClientSetInputKeySetHandler","Source/NexusForever.WorldServer/Network/Message/Handler/Option/ClientSetInputKeySetHandler.cs"
"ServerLeaderboardPve","0x0579","Server","modeled","named","1","ServerLeaderboardPve","1","0","0","1","False","","ServerLeaderboardPve","Source/NexusForever.Network.World/Message/Model/Leaderboard/ServerLeaderboardPve.cs","",""
"ServerLeaderboardPvp","0x057A","Server","modeled","named","1","ServerLeaderboardPvp","1","0","0","1","False","","ServerLeaderboardPvp","Source/NexusForever.Network.World/Message/Model/Leaderboard/ServerLeaderboardPvp.cs","",""
"ClientLeavePendingRemovalInstance","0x057C","Client","handled","named","1","ClientLeavePendingRemovalInstance","1","1","1","0","False","","ClientLeavePendingRemovalInstance","Source/NexusForever.Network.World/Message/Model/Instance/ClientLeavePendingRemovalInstance.cs","ClientLeavePendingRemovalInstanceHandler","Source/NexusForever.WorldServer/Network/Message/Handler/Instance/ClientLeavePendingRemovalInstanceHandler.cs"
"ClientHelloRealm","0x058F","Client","handled","named","1","ClientHelloRealm","1","1","1","0","False","","ClientHelloRealm","Source/NexusForever.Network.World/Message/Model/Pregame/ClientHelloRealm.cs","ClientHelloRealmHandler","Source/NexusForever.WorldServer/Network/Message/Handler/Authentication/ClientHelloRealmHandler.cs"
"ServerAuthAccepted","0x0591","Server","modeled","named","1","ServerAuthAccepted","1","0","0","1","False","","ServerAuthAccepted","Source/NexusForever.Network.Auth/Message/Model/ServerAuthAccepted.cs","",""
"ClientHelloAuth","0x0592","Client","handled","named","1","ClientHelloAuth","1","1","1","0","False","","ClientHelloAuth","Source/NexusForever.Network.Auth/Message/Model/ClientHelloAuth.cs","HelloAuthHandler","Source/NexusForever.AuthServer/Network/Message/Handler/HelloAuthHandler.cs"
"ServerLogout","0x0594","Server","modeled","named","1","ServerLogout","1","0","0","1","False","","ServerLogout","Source/NexusForever.Network.World/Message/Model/ServerLogout.cs","",""
"ClientPlayerInfoRequest","0x0597","Client","handled","named","1","ClientPlayerInfoRequest","1","1","1","0","False","","ClientPlayerInfoRequest","Source/NexusForever.Network.World/Message/Model/Info/ClientPlayerInfoRequest.cs","ClientPlayerInfoRequestHandler","Source/NexusForever.WorldServer/Network/Message/Handler/Info/ClientPlayerInfoRequestHandler.cs"
"ServerPlayerInfoBasicResponse","0x0598","Server","modeled","named","1","ServerPlayerInfoBasicResponse","1","0","0","1","False","","ServerPlayerInfoBasicResponse","Source/NexusForever.Network.World/Message/Model/Info/ServerPlayerInfoBasicResponse.cs","",""
"ServerPlayerInfoFullResponse","0x0599","Server","modeled","named","1","ServerPlayerInfoFullResponse","1","0","0","1","False","","ServerPlayerInfoFullResponse","Source/NexusForever.Network.World/Message/Model/Info/ServerPlayerInfoFullResponse.cs","",""
"ClientRealmInfoRequest","0x059C","Client","handled","named","1","ClientRealmInfoRequest","1","1","1","0","False","","ClientRealmInfoRequest","Source/NexusForever.Network.World/Message/Model/Info/ClientRealmInfoRequest.cs","ClientRealmInfoRequestHandler","Source/NexusForever.WorldServer/Network/Message/Handler/Info/ClientRealmInfoRequestHandler.cs"
"ServerRealmInfoResponse","0x059D","Server","modeled","named","1","ServerRealmInfoResponse","1","0","0","1","False","","ServerRealmInfoResponse","Source/NexusForever.Network.World/Message/Model/Info/ServerRealmInfoResponse.cs","",""
"ServerRealmAuxUInt32TripletList","0x05A1","Server","modeled","named","1","ServerRealmAuxUInt32TripletList","1","0","0","1","False","count + uint32 triplet rows; reader 140080b00","ServerRealmAuxUInt32TripletList","Source/NexusForever.Network.World/Message/Model/Pregame/ServerRealmAuxUInt32TripletList.cs","",""
"ServerMailResult","0x05A2","Server","modeled","named","1","ServerMailResult","1","0","0","1","False","","ServerMailResult","Source/NexusForever.Network.World/Message/Model/Mail/ServerMailResult.cs","",""
"ServerMailAvailable","0x05A3","Server","modeled","named","1","ServerMailAvailable","1","0","0","1","False","","ServerMailAvailable","Source/NexusForever.Network.World/Message/Model/Mail/ServerMailAvailable.cs","",""
"ServerMailUnavailable","0x05A7","Server","modeled","named","1","ServerMailUnavailable","1","0","0","1","False","","ServerMailUnavailable","Source/NexusForever.Network.World/Message/Model/Mail/ServerMailUnavailable.cs","",""
"ServerMailTakeAttachment","0x05A8","Server","modeled","named","1","ServerMailTakeAttachment","1","0","0","1","False","","ServerMailTakeAttachment","Source/NexusForever.Network.World/Message/Model/Mail/ServerMailTakeAttachment.cs","",""
"ServerMatchingManagerFlag","0x05B0","Server","modeled","named","1","ServerMatchingManagerFlag","1","0","0","1","False","matching manager state packet with one boolean flag; no runtime sender/consumer or direct client opcode evidence yet","ServerMatchingManagerFlag","Source/NexusForever.Network.World/Message/Model/ServerMatchingManagerFlag.cs","",""
"ClientMatchingRoleCheckResponse","0x05B2","Client","handled","named","1","ClientMatchingRoleCheckResponse","1","1","1","0","False","","ClientMatchingRoleCheckResponse","Source/NexusForever.Network.World/Message/Model/ClientMatchingRoleCheckResponse.cs","ClientMatchingRoleCheckResponseHandler","Source/NexusForever.WorldServer/Network/Message/Handler/Matching/ClientMatchingRoleCheckResponseHandler.cs"
"ClientMatchingQueueLeaveAll","0x05B4","Client","handled","named","1","ClientMatchingQueueLeaveAll","1","1","1","0","False","","ClientMatchingQueueLeaveAll","Source/NexusForever.Network.World/Message/Model/ClientMatchingQueueLeaveAll.cs","ClientMatchingQueueLeaveAllHandler","Source/NexusForever.WorldServer/Network/Message/Handler/Matching/ClientMatchingQueueLeaveAllHandler.cs"
"ClientMatchingQueueLeave","0x05B5","Client","handled","named","1","ClientMatchingQueueLeave","1","1","1","0","False","","ClientMatchingQueueLeave","Source/NexusForever.Network.World/Message/Model/ClientMatchingQueueLeave.cs","ClientMatchingQueueLeaveHandler","Source/NexusForever.WorldServer/Network/Message/Handler/Matching/ClientMatchingQueueLeaveHandler.cs"
"ClientMatchingQueueLeaveAsGroup","0x05B6","Client","handled","named","1","ClientMatchingQueueLeaveAsGroup","1","1","1","0","False","","ClientMatchingQueueLeaveAsGroup","Source/NexusForever.Network.World/Message/Model/ClientMatchingLeaveQueueAsGroup.cs","ClientMatchingQueueLeaveAsGroupHandler","Source/NexusForever.WorldServer/Network/Message/Handler/Matching/ClientMatchingQueueLeaveAsGroupHandler.cs"
"ServerMatchingEligibilityChanged","0x05B8","Server","modeled","named","1","ServerMatchingEligibilityChanged","1","0","0","1","False","","ServerMatchingEligibilityChanged","Source/NexusForever.Network.World/Message/Model/ServerMatchingEligibilityChanged.cs","",""
"ServerMatchingMatchReadyCancel","0x05BC","Server","modeled","named","1","ServerMatchingMatchReadyCancel","1","0","0","1","False","","ServerMatchingMatchReadyCancel","Source/NexusForever.Network.World/Message/Model/ServerMatchingMatchReadyCancel.cs","",""
"ServerMatchingMatchFinished","0x05BE","Server","modeled","named","1","ServerMatchingMatchFinished","1","0","0","1","False","","ServerMatchingMatchFinished","Source/NexusForever.Network.World/Message/Model/ServerMatchingMatchFinished.cs","",""
"ServerMatchingMatchEntered","0x05BF","Server","modeled","named","1","ServerMatchingMatchEntered","1","0","0","1","False","","ServerMatchingMatchEntered","Source/NexusForever.Network.World/Message/Model/ServerMatchingMatchEntered.cs","",""
"ServerMatchingMatchExited","0x05C0","Server","modeled","named","1","ServerMatchingMatchExited","1","0","0","1","False","","ServerMatchingMatchExited","Source/NexusForever.Network.World/Message/Model/ServerMatchingMatchExited.cs","",""
"ServerMatchingMatchInProgressReady","0x05C4","Server","modeled","named","1","ServerMatchingMatchInProgressReady","1","0","0","1","False","","ServerMatchingMatchInProgressReady","Source/NexusForever.Network.World/Message/Model/ServerMatchingMatchInProgressReady.cs","",""
"ServerMatchingMatchJoined","0x05C6","Server","modeled","named","1","ServerMatchingMatchJoined","1","0","0","1","False","","ServerMatchingMatchJoined","Source/NexusForever.Network.World/Message/Model/ServerMatchingMatchJoined.cs","",""
"ClientMatchingGameReadyResponse","0x05C8","Client","handled","named","1","ClientMatchingGameReadyResponse","1","1","1","0","False","one-bit join-or-decline response to an active match proposal","ClientMatchingGameReadyResponse","Source/NexusForever.Network.World/Message/Model/ClientMatchingGameReadyResponse.cs","ClientMatchingGameReadyResponseHandler","Source/NexusForever.WorldServer/Network/Message/Handler/Matching/ClientMatchingGameReadyResponseHandler.cs"
"ServerMatchingMatchReady","0x05CA","Server","modeled","named","1","ServerMatchingMatchReady","1","0","0","1","False","","ServerMatchingMatchReady","Source/NexusForever.Network.World/Message/Model/ServerMatchingMatchReady.cs","",""
"ServerMatchingMatchParticipantCountUpdate","0x05CC","Server","modeled","named","1","ServerMatchingMatchParticipantCountUpdate","1","0","0","1","False","","ServerMatchingMatchParticipantCountUpdate","Source/NexusForever.Network.World/Message/Model/ServerMatchingMatchParticipantCountUpdate.cs","",""
"ClientMatchingMatchInitiateVoteToKick","0x05D1","Client","handled","named","1","ClientMatchingMatchInitiateVoteToKick","1","1","1","0","False","","ClientMatchingMatchInitiateVoteToKick","Source/NexusForever.Network.World/Message/Model/ClientMatchingMatchInitiateVoteToKick.cs","ClientMatchingMatchInitiateVoteToKickHandler","Source/NexusForever.WorldServer/Network/Message/Handler/Matching/ClientMatchingMatchInitiateVoteToKickHandler.cs"
"ClientMatchingMatchInitiateVoteToSurrender","0x05D3","Client","handled","named","1","ClientMatchingMatchInitiateVoteToSurrender","1","1","1","0","False","","ClientMatchingMatchInitiateVoteToSurrender","Source/NexusForever.Network.World/Message/Model/ClientMatchingMatchInitiateVoteToSurrender.cs","ClientMatchingMatchInitiateVoteToSurrenderHandler","Source/NexusForever.WorldServer/Network/Message/Handler/Matching/ClientMatchingMatchInitiateVoteToSurrenderHandler.cs"
"ClientMatchingMatchInitiateLookingForReplacements","0x05D5","Client","handled","named","1","ClientMatchingMatchInitiateLookingForReplacements","1","1","1","0","False","","ClientMatchingMatchInitiateLookingForReplacements","Source/NexusForever.Network.World/Message/Model/ClientMatchingMatchInitiateLookingForReplacements.cs","ClientMatchingMatchInitiateLookingForReplacementsHandler","Source/NexusForever.WorldServer/Network/Message/Handler/Matching/ClientMatchingMatchInitiateLookingForReplacementsHandler.cs"
"ServerMatchingPenaltyUpdated","0x05D9","Server","modeled","named","1","ServerMatchingPenaltyUpdated","1","0","0","1","False","","ServerMatchingPenaltyUpdated","Source/NexusForever.Network.World/Message/Model/ServerMatchingPenaltyUpdated.cs","",""
"ClientMatchingMatchLeave","0x05DA","Client","handled","named","1","ClientMatchingMatchLeave","1","1","1","0","False","","ClientMatchingMatchLeave","Source/NexusForever.Network.World/Message/Model/ClientMatchingMatchLeave.cs","ClientMatchingMatchLeaveHandler","Source/NexusForever.WorldServer/Network/Message/Handler/Matching/ClientMatchingMatchLeaveHandler.cs"
"ServerMatchingMatchLeft","0x05DC","Server","modeled","named","1","ServerMatchingMatchLeft","1","0","0","1","False","","ServerMatchingMatchLeft","Source/NexusForever.Network.World/Message/Model/ServerMatchingMatchLeft.cs","",""
"ServerMatchingQueueJoin","0x05DF","Server","modeled","named","1","ServerMatchingQueueJoin","1","0","0","1","False","","ServerMatchingQueueJoin","Source/NexusForever.Network.World/Message/Model/ServerMatchingQueueJoin.cs","",""
"ServerMatchingQueueResultAnnounce","0x05E1","Server","modeled","named","1","ServerMatchingQueueResultAnnounce","1","0","0","1","False","","ServerMatchingQueueResultAnnounce","Source/NexusForever.Network.World/Message/Model/ServerMatchingQueueResultAnnounce.cs","",""
"ServerMatchingQueueStatus","0x05E3","Server","modeled","named","1","ServerMatchingQueueStatus","1","0","0","1","False","","ServerMatchingQueueStatus","Source/NexusForever.Network.World/Message/Model/ServerMatchingStatus.cs","",""
"ServerMatchingMatchPvpPoolUpdated","0x05E5","Server","modeled","named","1","ServerMatchingMatchPvpPoolUpdated","1","0","0","1","False","","ServerMatchingMatchPvpPoolUpdated","Source/NexusForever.Network.World/Message/Model/ServerMatchingMatchPvpPoolUpdated.cs","",""
"ServerMatchingPvpInactivityAlert","0x05E6","Server","modeled","named","1","ServerMatchingPvpInactivityAlert","1","0","0","1","False","","ServerMatchingPvpInactivityAlert","Source/NexusForever.Network.World/Message/Model/ServerMatchingPvpInactivityAlert.cs","",""
"ServerMatchingPvpKillNotification","0x05E7","Server","modeled","named","1","ServerMatchingPvpKillNotification","1","0","0","1","False","","ServerMatchingPvpKillNotification","Source/NexusForever.Network.World/Message/Model/ServerMatchingPvpKillNotification.cs","",""
"ServerMatchingMatchPvpStateInitial","0x05E8","Server","modeled","named","1","ServerMatchingMatchPvpStateInitial","1","0","0","1","False","","ServerMatchingMatchPvpStateInitial","Source/NexusForever.Network.World/Message/Model/ServerMatchingMatchPvpStateInitial.cs","",""
"ServerMatchingMatchPvpFinished","0x05E9","Server","modeled","named","1","ServerMatchingMatchPvpFinished","1","0","0","1","False","","ServerMatchingMatchPvpFinished","Source/NexusForever.Network.World/Message/Model/ServerMatchingMatchPvpFinished.cs","",""
"ServerMatchingMatchPvpStateUpdated","0x05EA","Server","modeled","named","1","ServerMatchingMatchPvpStateUpdated","1","0","0","0","False","","ServerMatchingMatchPvpStateUpdated","Source/NexusForever.Network.World/Message/Model/ServerMatchingMatchPvpStateUpdated.cs","",""
"ServerMatchingPvpRatingUpdated","0x05ED","Server","modeled","named","1","ServerMatchingPvpRatingUpdated","1","0","0","1","False","","ServerMatchingPvpRatingUpdated","Source/NexusForever.Network.World/Message/Model/ServerMatchingPvpRatingUpdated.cs","",""
"ServerMatchingPvpTeamInfoUpdate","0x05EE","Server","modeled","named","1","ServerMatchingPvpTeamInfoUpdate","1","0","0","1","False","","ServerMatchingPvpTeamInfoUpdate","Source/NexusForever.Network.World/Message/Model/ServerMatchingPvpTeamInfoUpdate.cs","",""
"ClientMatchingQueue","0x05EF","Client","handled","named","1","ClientMatchingQueue","1","1","1","0","False","","ClientMatchingQueue","Source/NexusForever.Network.World/Message/Model/ClientMatchingQueue.cs","ClientMatchingQueueHandler","Source/NexusForever.WorldServer/Network/Message/Handler/Matching/ClientMatchingQueueHandler.cs"
"ServerMatchingRoleCheckStarted","0x05F1","Server","modeled","named","1","ServerMatchingRoleCheckStarted","1","0","0","1","False","","ServerMatchingRoleCheckStarted","Source/NexusForever.Network.World/Message/Model/ServerMatchingRoleCheckStarted.cs","",""
"ServerMatchingGroupIsQueued","0x05F2","Server","modeled","named","1","ServerMatchingGroupIsQueued","1","0","0","1","False","","ServerMatchingGroupIsQueued","Source/NexusForever.Network.World/Message/Model/ServerMatchingGroupIsQueued.cs","",""
"ClientMatchingQueueParty","0x05F3","Client","handled","named","1","ClientMatchingQueueParty","1","1","1","0","False","","ClientMatchingQueueParty","Source/NexusForever.Network.World/Message/Model/ClientMatchingQueueParty.cs","ClientMatchingQueuePartyHandler","Source/NexusForever.WorldServer/Network/Message/Handler/Matching/ClientMatchingQueuePartyHandler.cs"
"ClientMatchingQueueRandom","0x05F8","Client","handled","named","1","ClientMatchingQueueRandom","1","1","1","0","False","","ClientMatchingQueueRandom","Source/NexusForever.Network.World/Message/Model/ClientMatchingQueueRandom.cs","ClientMatchingQueueRandomHandler","Source/NexusForever.WorldServer/Network/Message/Handler/Matching/ClientMatchingQueueRandomHandler.cs"
"ClientMatchingQueueRandomParty","0x05F9","Client","handled","named","1","ClientMatchingQueueRandomParty","1","1","1","0","False","","ClientMatchingQueueRandomParty","Source/NexusForever.Network.World/Message/Model/ClientMatchingQueueRandomParty.cs","ClientMatchingQueueRandomPartyHandler","Source/NexusForever.WorldServer/Network/Message/Handler/Matching/ClientMatchingQueueRandomPartyHandler.cs"
"ServerMatchingGroupMemberRoleSelection","0x0600","Server","modeled","named","1","ServerMatchingGroupMemberRoleSelection","1","0","0","1","False","","ServerMatchingGroupMemberRoleSelection","Source/NexusForever.Network.World/Message/Model/ServerMatchingGroupMemberRoleSelection.cs","",""
"ClientMatchingStopLookingForReplacements","0x0602","Client","handled","named","1","ClientMatchingStopLookingForReplacements","1","1","1","0","False","","ClientMatchingStopLookingForReplacements","Source/NexusForever.Network.World/Message/Model/ClientMatchingStopLookingForReplacements.cs","ClientMatchingStopLookingForReplacementsHandler","Source/NexusForever.WorldServer/Network/Message/Handler/Matching/ClientMatchingStopLookingForReplacementsHandler.cs"
"ServerMatchingLeftQueue","0x0604","Server","modeled","named","1","ServerMatchingLeftQueue","1","0","0","1","False","","ServerMatchingLeftQueue","Source/NexusForever.Network.World/Message/Model/ServerMatchingLeftQueue.cs","",""
"ClientMatchingTransferIntoMatch","0x0606","Client","handled","named","1","ClientMatchingTransferIntoMatch","1","1","1","0","False","","ClientMatchingTransferIntoMatch","Source/NexusForever.Network.World/Message/Model/ClientMatchingMatchTeleportInstance.cs","ClientMatchingMatchTeleportInstanceHandler","Source/NexusForever.WorldServer/Network/Message/Handler/Matching/ClientMatchingMatchTeleportInstanceHandler.cs"
"ServerMatchingListPlayersQueuedForMap","0x060A","Server","modeled","named","1","ServerMatchingListPlayersQueuedForMap","1","0","0","1","False","","ServerMatchingListPlayersQueuedForMap","Source/NexusForever.Network.World/Message/Model/ServerMatchingListPlayersQueuedForMap.cs","",""
"ServerMatchingMatchVoteKickCancelled","0x060D","Server","modeled","named","1","ServerMatchingMatchVoteKickCancelled","1","0","0","1","False","","ServerMatchingMatchVoteKickCancelled","Source/NexusForever.Network.World/Message/Model/ServerMatchingMatchVoteKickCancelled.cs","",""
"ServerMatchingMatchVoteKickFailed","0x0612","Server","modeled","named","1","ServerMatchingMatchVoteKickFailed","1","0","0","1","False","","ServerMatchingMatchVoteKickFailed","Source/NexusForever.Network.World/Message/Model/ServerMatchingMatchVoteKickFailed.cs","",""
"ServerMatchingMatchVoteKickBegin","0x0614","Server","modeled","named","1","ServerMatchingMatchVoteKickBegin","1","0","0","1","False","","ServerMatchingMatchVoteKickBegin","Source/NexusForever.Network.World/Message/Model/ServerMatchingMatchVoteKickBegin.cs","",""
"ServerMatchingMatchKickCooldownUpdate","0x0616","Server","modeled","named","1","ServerMatchingMatchKickCooldownUpdate","1","0","0","1","False","","ServerMatchingMatchKickCooldownUpdate","Source/NexusForever.Network.World/Message/Model/ServerMatchingMatchKickCooldownUpdate.cs","",""
"ClientMatchingMatchCastVoteKick","0x0617","Client","handled","named","1","ClientMatchingMatchCastVoteKick","1","1","1","0","False","","ClientMatchingMatchCastVoteKick","Source/NexusForever.Network.World/Message/Model/ClientMatchingMatchCastVoteKick.cs","ClientMatchingMatchCastVoteKickHandler","Source/NexusForever.WorldServer/Network/Message/Handler/Matching/ClientMatchingMatchCastVoteKickHandler.cs"
"ServerMatchingMatchVoteKickSucceeded","0x061A","Server","modeled","named","1","ServerMatchingMatchVoteKickSucceeded","1","0","0","1","False","","ServerMatchingMatchVoteKickSucceeded","Source/NexusForever.Network.World/Message/Model/ServerMatchingMatchVoteKickSucceeded.cs","",""
"ServerMatchingMatchVoteSurrenderFailed","0x061F","Server","modeled","named","1","ServerMatchingMatchVoteSurrenderFailed","1","0","0","1","False","","ServerMatchingMatchVoteSurrenderFailed","Source/NexusForever.Network.World/Message/Model/ServerMatchingMatchVoteSurrenderFailed.cs","",""
"ServerMatchingMatchVoteSurrenderBegin","0x0621","Server","modeled","named","1","ServerMatchingMatchVoteSurrenderBegin","1","0","0","1","False","","ServerMatchingMatchVoteSurrenderBegin","Source/NexusForever.Network.World/Message/Model/ServerMatchingVoteSurrenderBegin.cs","",""
"ServerMatchingMatchOperationResult","0x0623","Server","modeled","named","1","ServerMatchingMatchOperationResult","1","0","0","1","False","","ServerMatchingMatchOperationResult","Source/NexusForever.Network.World/Message/Model/ServerMatchingMatchOperationResult.cs","",""
"ClientMatchingMatchCastVoteSurrender","0x0624","Client","handled","named","1","ClientMatchingMatchCastVoteSurrender","1","1","1","0","False","","ClientMatchingMatchCastVoteSurrender","Source/NexusForever.Network.World/Message/Model/ClientMatchingMatchCastVoteSurrender.cs","ClientMatchingMatchCastVoteSurrenderHandler","Source/NexusForever.WorldServer/Network/Message/Handler/Matching/ClientMatchingMatchCastVoteSurrenderHandler.cs"
"ServerMatchingAverageWaitTimeUpdate","0x0628","Server","modeled","named","1","ServerMatchingAverageWaitTimeUpdate","1","0","0","1","False","","ServerMatchingAverageWaitTimeUpdate","Source/NexusForever.Network.World/Message/Model/ServerMatchingAverageWaitTimeUpdate.cs","",""
"Client0x062A","0x062A","Client","handled","named","1","Client0x062A","1","1","1","0","False","registered at 0x1400a8190 as a 4-byte generic uint32; semantics unresolved","Client0x062A","Source/NexusForever.Network.World/Message/Model/ClientUnresolvedDiagnosticPackets.cs","Client0x062AHandler","Source/NexusForever.WorldServer/Network/Message/Handler/Misc/ClientUnresolvedDiagnosticHandlers.cs"
"Client0x0634","0x0634","Client","handled","named","1","Client0x0634","1","1","1","0","False","registered at 0x1400a8190 as a 4-byte generic uint32; semantics unresolved","Client0x0634","Source/NexusForever.Network.World/Message/Model/ClientUnresolvedDiagnosticPackets.cs","Client0x0634Handler","Source/NexusForever.WorldServer/Network/Message/Handler/Misc/ClientUnresolvedDiagnosticHandlers.cs"
"ClientMovementControlAck","0x0635","Client","handled","named","1","ClientMovementControlAck","1","1","1","0","False","","ClientMovementControlAck","Source/NexusForever.Network.World/Message/Model/ClientMovementControlAck.cs","ClientMovementControlAckHandler","Source/NexusForever.WorldServer/Network/Message/Handler/Misc/ClientMovementControlAckHandler.cs"
"ServerMovementControl","0x0636","Server","modeled","named","1","ServerMovementControl","1","0","0","1","False","client acknowledges with 0x0635; zone transfers can follow with 0x063A","ServerMovementControl","Source/NexusForever.Network.World/Message/Model/ServerMovementControl.cs","",""
"ClientEntityCommand","0x0637","Client","handled","named","1","ClientEntityCommand","1","1","1","0","False","bidirectional? packet has both read and write handlers ","ClientEntityCommand","Source/NexusForever.Network.World/Message/Model/ClientEntityCommand.cs","ClientEntityCommandHandler","Source/NexusForever.WorldServer/Network/Message/Handler/Entity/ClientEntityCommandHandler.cs"
"ServerEntityCommand","0x0638","Server","modeled","named","1","ServerEntityCommand","1","0","0","1","False","bidirectional? packet has both read and write handlers","ServerEntityCommand","Source/NexusForever.Network.World/Message/Model/ServerEntityCommand.cs","",""
"ServerMovementControlRemove","0x0639","Server","modeled","named","1","ServerMovementControlRemove","1","0","0","1","False","","ServerMovementControlRemove","Source/NexusForever.Network.World/Message/Model/ServerMovementControlRemove.cs","",""
"ClientZoneChange","0x063A","Client","handled","named","1","ClientZoneChange","1","1","1","0","False","","ClientZoneChange","Source/NexusForever.Network.World/Message/Model/ClientZoneChange.cs","ClientZoneChangeHandler","Source/NexusForever.WorldServer/Network/Message/Handler/Misc/ClientZoneChangeHandler.cs"
"ClientPlayerMovementSpeedUpdate","0x063B","Client","handled","named","1","ClientPlayerMovementSpeedUpdate","1","1","1","0","False","","ClientPlayerMovementSpeedUpdate","Source/NexusForever.Network.World/Message/Model/ClientPlayerMovementSpeedUpdate.cs","ClientPlayerMovementSpeedUpdateHandler","Source/NexusForever.WorldServer/Network/Message/Handler/Misc/ClientPlayerMovementSpeedUpdateHandler.cs"
"ServerAuthDenied","0x063D","Server","modeled","named","1","ServerAuthDenied","1","0","0","1","False","","ServerAuthDenied","Source/NexusForever.Network.Auth/Message/Model/ServerAuthDenied.cs","",""
"Client0x063E","0x063E","Client","handled","named","1","Client0x063E","1","1","1","0","False","one wide-string payload field; semantics unresolved","Client0x063E","Source/NexusForever.Network.World/Message/Model/ClientUnresolvedDiagnosticPackets.cs","Client0x063EHandler","Source/NexusForever.WorldServer/Network/Message/Handler/Misc/ClientUnresolvedDiagnosticHandlers.cs"
"ServerMarketplaceStatus","0x0640","Server","modeled","named","1","ServerMarketplaceStatus","1","0","0","1","False","","ServerMarketplaceStatus","Source/NexusForever.Network.World/Message/Model/Marketplace/ServerMarketplaceStatus.cs","",""
"ServerPrerequisiteFailure","0x0642","Server","modeled","named","1","ServerPrerequisiteFailure","1","0","0","1","False","","ServerPrerequisiteFailure","Source/NexusForever.Network.World/Message/Model/Info/ServerPrerequisiteFailure.cs","",""
"ServerOwnedCommodityOrders","0x064C","Server","modeled","named","1","ServerOwnedCommodityOrders","1","0","0","1","False","","ServerOwnedCommodityOrders","Source/NexusForever.Network.World/Message/Model/Marketplace/ServerOwnedCommodityOrders.cs","",""
"ServerOwnedItemAuctions","0x064D","Server","modeled","named","1","ServerOwnedItemAuctions","1","0","0","1","False","","ServerOwnedItemAuctions","Source/NexusForever.Network.World/Message/Model/Marketplace/ServerOwnedItemAuctions.cs","",""
"ServerPathScientistExperimentationInvoke","0x0667","Server","modeled","named","1","ServerPathScientistExperimentationInvoke","1","0","0","1","False","","ServerPathScientistExperimentationInvoke","Source/NexusForever.Network.World/Message/Model/PlayerPath/ServerPathScientistExperimentationInvoke.cs","",""
"ServerPathScientistScanbotState","0x0669","Server","modeled","named","1","ServerPathScientistScanbotState","1","0","0","1","False","","ServerPathScientistScanbotState","Source/NexusForever.Network.World/Message/Model/PlayerPath/ServerPathScientistScanbotState.cs","",""
"ClientPathMissionAttemptScientistExperimentation","0x066A","Client","handled","named","1","ClientPathMissionAttemptScientistExperimentation","1","1","1","0","False","","ClientPathMissionAttemptScientistExperimentation","Source/NexusForever.Network.World/Message/Model/PlayerPath/ClientPathMissionAttempScientistExperimentation.cs","ClientPathMissionAttemptScientistExperimentationHandler","Source/NexusForever.WorldServer/Network/Message/Handler/Path/ClientPathMissionAttemptScientistExperimentationHandler.cs"
"ServerPathSettlerBuildResult","0x066C","Server","modeled","named","1","ServerPathSettlerBuildResult","1","0","0","1","False","","ServerPathSettlerBuildResult","Source/NexusForever.Network.World/Message/Model/PlayerPath/ServerPathSettlerBuildResult.cs","",""
"ServerPathSettlerBuildInvoke","0x066D","Server","modeled","named","1","ServerPathSettlerBuildInvoke","1","0","0","1","False","","ServerPathSettlerBuildInvoke","Source/NexusForever.Network.World/Message/Model/PlayerPath/ServerPathSettlerBuildInvoke.cs","",""
"ServerPathSettlerBuildStatusList","0x066E","Server","modeled","named","1","ServerPathSettlerBuildStatusList","1","0","0","1","False","","ServerPathSettlerBuildStatusList","Source/NexusForever.Network.World/Message/Model/PlayerPath/ServerPathSettlerBuildStatusList.cs","",""
"ServerPathSettlerHubReward","0x066F","Server","modeled","named","1","ServerPathSettlerHubReward","1","0","0","1","False","","ServerPathSettlerHubReward","Source/NexusForever.Network.World/Message/Model/PlayerPath/ServerPathSettlerHubReward.cs","",""
"ClientPathSettlerImprovementBuildTier","0x0670","Client","handled","named","1","ClientPathSettlerImprovementBuildTier","1","1","1","0","False","","ClientPathSettlerImprovementBuildTier","Source/NexusForever.Network.World/Message/Model/PlayerPath/ClientPathSettlerImprovementBuildTier.cs","ClientPathSettlerImprovementBuildTierHandler","Source/NexusForever.WorldServer/Network/Message/Handler/Path/ClientPathSettlerImprovementBuildTierHandler.cs"
"ServerPathSettlerBuildStatus","0x0671","Server","modeled","named","1","ServerPathSettlerBuildStatus","1","0","0","1","False","","ServerPathSettlerBuildStatus","Source/NexusForever.Network.World/Message/Model/PlayerPath/ServerPathSettlerBuildStatus.cs","",""
"ServerPathSettlerNotifyUse","0x0672","Server","modeled","named","1","ServerPathSettlerNotifyUse","1","0","0","1","False","","ServerPathSettlerNotifyUse","Source/NexusForever.Network.World/Message/Model/PlayerPath/ServerPathSettlerNotifyUse.cs","",""
"ServerPathSettlerInfrastructureComplete","0x0673","Server","modeled","named","1","ServerPathSettlerInfrastructureComplete","1","0","0","1","False","","ServerPathSettlerInfrastructureComplete","Source/NexusForever.Network.World/Message/Model/PlayerPath/ServerPathSettlerInfrastructureComplete.cs","",""
"ServerPathSettlerInfrastructureUpdated","0x0674","Server","modeled","named","1","ServerPathSettlerInfrastructureUpdated","1","0","0","1","False","","ServerPathSettlerInfrastructureUpdated","Source/NexusForever.Network.World/Message/Model/PlayerPath/ServerPathSettlerInfrastructureUpdated.cs","",""
"ServerPathSettlerInfrastructureStarted","0x0675","Server","modeled","named","1","ServerPathSettlerInfrastructureStarted","1","0","0","1","False","","ServerPathSettlerInfrastructureStarted","Source/NexusForever.Network.World/Message/Model/PlayerPath/ServerPathSettlerInfrastructureStarted.cs","",""
"ServerPathSoldierSoldierBuildInvoke","0x0676","Server","modeled","named","1","ServerPathSoldierSoldierBuildInvoke","1","0","0","1","False","","ServerPathSoldierSoldierBuildInvoke","Source/NexusForever.Network.World/Message/Model/PlayerPath/ServerPathSoldierSoldierBuildInvoke.cs","",""
"ServerPathSoldierTriggerOrdersTextOnUnit","0x0677","Server","modeled","named","1","ServerPathSoldierTriggerOrdersTextOnUnit","1","0","0","1","False","","ServerPathSoldierTriggerOrdersTextOnUnit","Source/NexusForever.Network.World/Message/Model/PlayerPath/ServerPathSoldierTriggerOrdersTextOnUnit.cs","",""
"ServerPathSoldierTowerDefenseUnitUpdate","0x0678","Server","modeled","named","1","ServerPathSoldierTowerDefenseUnitUpdate","1","0","0","1","False","","ServerPathSoldierTowerDefenseUnitUpdate","Source/NexusForever.Network.World/Message/Model/PlayerPath/ServerPathSoldierTowerDefenseUnitUpdate.cs","",""
"ServerPathSoldierHoldOutNextWave","0x0679","Server","modeled","named","1","ServerPathSoldierHoldOutNextWave","1","0","0","1","False","","ServerPathSoldierHoldOutNextWave","Source/NexusForever.Network.World/Message/Model/PlayerPath/ServerPathSoldierHoldOutNextWave.cs","",""
"ServerPathSoldierTowerDefenseUnitRemove","0x067A","Server","modeled","named","1","ServerPathSoldierTowerDefenseUnitRemove","1","0","0","1","False","","ServerPathSoldierTowerDefenseUnitRemove","Source/NexusForever.Network.World/Message/Model/PlayerPath/ServerPathSoldierTowerDefenseUnitRemove.cs","",""
"ServerPathSoldierHoldoutStatus","0x067B","Server","modeled","named","1","ServerPathSoldierHoldoutStatus","1","0","0","1","False","","ServerPathSoldierHoldoutStatus","Source/NexusForever.Network.World/Message/Model/PlayerPath/ServerPathSoldierHoldoutStatus.cs","",""
"ServerPathSoldierHoldoutEnd","0x067C","Server","modeled","named","1","ServerPathSoldierHoldoutEnd","1","0","0","1","False","","ServerPathSoldierHoldoutEnd","Source/NexusForever.Network.World/Message/Model/PlayerPath/ServerPathSoldierHoldoutEnd.cs","",""
"ClientPathSoldierImprovementBuild","0x067D","Client","handled","named","1","ClientPathSoldierImprovementBuild","1","1","1","0","False","","ClientPathSoldierImprovementBuild","Source/NexusForever.Network.World/Message/Model/PlayerPath/ClientPathSoldierImprovementBuild.cs","ClientPathSoldierImprovementBuildHandler","Source/NexusForever.WorldServer/Network/Message/Handler/Path/ClientPathSoldierImprovementBuildHandler.cs"
"ServerPathSoldierWhackAMoleBurrows","0x067E","Server","modeled","named","1","ServerPathSoldierWhackAMoleBurrows","1","0","0","1","False","delay-until-pop plus burrow unit id list","ServerPathSoldierWhackAMoleBurrows","Source/NexusForever.Network.World/Message/Model/PlayerPath/ServerPathSoldierWhackAMoleBurrows.cs","",""
"ServerPathSoldierHoldoutDeath","0x067F","Server","modeled","named","1","ServerPathSoldierHoldoutDeath","1","0","0","1","False","","ServerPathSoldierHoldoutDeath","Source/NexusForever.Network.World/Message/Model/PlayerPath/ServerPathSoldierHoldoutDeath.cs","",""
"ServerPathSoldierBuildCredits","0x0680","Server","modeled","named","1","ServerPathSoldierBuildCredits","1","0","0","1","False","","ServerPathSoldierBuildCredits","Source/NexusForever.Network.World/Message/Model/PlayerPath/ServerPathSoldierBuildCredits.cs","",""
"ServerPathSoldierAddTowerDefense","0x0681","Server","modeled","named","1","ServerPathSoldierAddTowerDefense","1","0","0","1","False","","ServerPathSoldierAddTowerDefense","Source/NexusForever.Network.World/Message/Model/PlayerPath/ServerPathSoldierAddTowerDefense.cs","",""
"ServerPendingWorldRemovalCancel","0x0688","Server","modeled","named","1","ServerPendingWorldRemovalCancel","1","0","0","1","False","","ServerPendingWorldRemovalCancel","Source/NexusForever.Network.World/Message/Model/ServerPendingWorldRemovalCancel.cs","",""
"ServerPendingWorldRemoval","0x0689","Server","modeled","named","1","ServerPendingWorldRemoval","1","0","0","1","False","","ServerPendingWorldRemoval","Source/NexusForever.Network.World/Message/Model/ServerPendingWorldRemoval.cs","",""
"ServerPetCustomisationFailed","0x068B","Server","modeled","named","1","ServerPetCustomisationFailed","1","0","0","1","False","","ServerPetCustomisationFailed","Source/NexusForever.Network.World/Message/Model/Pet/ServerPetCustomisationFailed.cs","",""
"ClientPathScientistSetScannerName","0x068C","Client","handled","named","1","ClientPathScientistSetScannerName","1","1","1","0","False","","ClientPathScientistSetScannerName","Source/NexusForever.Network.World/Message/Model/PlayerPath/ClientPathScientistSetScannerName.cs","ClientPathScientistSetScannerNameHandler","Source/NexusForever.WorldServer/Network/Message/Handler/Pet/ClientPathScientistSetScannerNameHandler.cs"
"ServerUnlockPetFlair","0x068D","Server","modeled","named","1","ServerUnlockPetFlair","1","0","0","1","False","","ServerUnlockPetFlair","Source/NexusForever.Network.World/Message/Model/Pet/ServerUnlockPetFlair.cs","",""
"ClientPetSetStance","0x068E","Client","handled","named","1","ClientPetSetStance","1","1","1","0","False","","ClientPetSetStance","Source/NexusForever.Network.World/Message/Model/Pet/ClientPetSetStance.cs","ClientPetSetStanceHandler","Source/NexusForever.WorldServer/Network/Message/Handler/Pet/ClientPetSetStanceHandler.cs"
"ServerPetStanceChanged","0x068F","Server","modeled","named","1","ServerPetStanceChanged","1","0","0","1","False","","ServerPetStanceChanged","Source/NexusForever.Network.World/Message/Model/Pet/ServerPetStanceChanged.cs","",""
"ClientPlayedRequest","0x0693","Client","handled","named","1","ClientPlayedRequest","1","1","1","0","False","","ClientPlayedReqeust","Source/NexusForever.Network.World/Message/Model/Utility/ClientPlayedReqeust.cs","ClientRequestPlayedHandler","Source/NexusForever.WorldServer/Network/Message/Handler/Entity/Player/ClientRequestPlayedHandler.cs"
"ServerPlayedResponse","0x0694","Server","modeled","named","1","ServerPlayedResponse","1","0","0","1","False","","ServerPlayedResponse","Source/NexusForever.Network.World/Message/Model/Utility/ServerPlayedResponse.cs","",""
"ClientPathChangeRequest","0x06B2","Client","handled","named","1","ClientPathChangeRequest","1","1","1","0","False","","ClientPathChangeRequest","Source/NexusForever.Network.World/Message/Model/PlayerPath/ClientPathChangeRequest.cs","ClientPathChangeRequestHandler","Source/NexusForever.WorldServer/Network/Message/Handler/Path/ClientPathChangeRequestHandler.cs"
"ServerPathChangeResult","0x06B3","Server","modeled","named","1","ServerPathChangeResult","1","0","0","1","False","","ServerPathChangeResult","Source/NexusForever.Network.World/Message/Model/PlayerPath/ServerPathChangeResult.cs","",""
"ServerPathRefresh","0x06B4","Server","modeled","named","1","ServerPathRefresh","1","0","0","1","False","","ServerPathRefresh","Source/NexusForever.Network.World/Message/Model/PlayerPath/ServerPathRefresh.cs","",""
"ServerPathEpisodeProgress","0x06B5","Server","modeled","named","1","ServerPathEpisodeProgress","1","0","0","1","False","","ServerPathEpisodeProgress","Source/NexusForever.Network.World/Message/Model/PlayerPath/ServerPathEpisodeProgress.cs","",""
"ServerPathExplorerScavengerHuntClueRemoveByClueIdAndUnitId","0x06B6","Server","modeled","named","1","ServerPathExplorerScavengerHuntClueRemoveByClueIdAndUnitId","1","0","0","1","False","","ServerPathExplorerScavengerHuntClueRemoveByClueIdAndUnitId","Source/NexusForever.Network.World/Message/Model/PlayerPath/ServerPathExplorerScavengerHuntClueRemoveByClueIdAndUnitId.cs","",""
"ServerPathExplorerScavengerHuntClueRemoveByClueId","0x06B7","Server","modeled","named","1","ServerPathExplorerScavengerHuntClueRemoveByClueId","1","0","0","1","False","","ServerPathExplorerScavengerHuntClueRemoveByClueId","Source/NexusForever.Network.World/Message/Model/PlayerPath/ServerPathExplorerScavengerHuntClueRemoveByClueId.cs","",""
"ServerPathExplorerScavengerHuntClueAddWorldLocation","0x06B8","Server","modeled","named","1","ServerPathExplorerScavengerHuntClueAddWorldLocation","1","0","0","1","False","","ServerPathExplorerScavengerHuntClueAddWorldLocation","Source/NexusForever.Network.World/Message/Model/PlayerPath/ServerPathExplorerScavengerHuntClueAddWorldLocation.cs","",""
"ServerPathExplorerScavengerHuntClueAddUnitList","0x06B9","Server","modeled","named","1","ServerPathExplorerScavengerHuntClueAddUnitList","1","0","0","1","False","","ServerPathExplorerScavengerHuntClueAddUnitList","Source/NexusForever.Network.World/Message/Model/PlayerPath/ServerPathExplorerScavengerHuntClueAddUnitList.cs","",""
"ServerPathMissionActivate","0x06BA","Server","modeled","named","1","ServerPathMissionActivate","1","0","0","1","False","","ServerPathMissionActivate","Source/NexusForever.Network.World/Message/Model/PlayerPath/ServerPathMissionActivate.cs","",""
"ServerPathMissionUpdate","0x06BB","Server","modeled","named","1","ServerPathMissionUpdate","1","0","0","1","False","","ServerPathMissionUpdate","Source/NexusForever.Network.World/Message/Model/PlayerPath/ServerPathMissionUpdate.cs","",""
"ServerPathInitialise","0x06BC","Server","modeled","named","1","ServerPathInitialise","1","0","0","1","False","","ServerPathInitialise","Source/NexusForever.Network.World/Message/Model/PlayerPath/ServerPathInitialise.cs","",""
"ClientPathUnlockRequest","0x06BD","Client","handled","named","1","ClientPathUnlockRequest","1","1","1","0","False","","ClientPathUnlockRequest","Source/NexusForever.Network.World/Message/Model/PlayerPath/ClientPathUnlockRequest.cs","ClientPathUnlockHandler","Source/NexusForever.WorldServer/Network/Message/Handler/Path/ClientPathUnlockHandler.cs"
"ServerPathUnlockResult","0x06BE","Server","modeled","named","1","ServerPathUnlockResult","1","0","0","1","False","","ServerPathUnlockResult","Source/NexusForever.Network.World/Message/Model/PlayerPath/ServerPathUnlockResult.cs","",""
"ServerPathSetCurrentEpisode","0x06BF","Server","modeled","named","1","ServerPathSetCurrentEpisode","1","0","0","1","False","","ServerPathSetCurrentEpisode","Source/NexusForever.Network.World/Message/Model/PlayerPath/ServerPathCurrentEpisode.cs","",""
"ClientIncidentReport","0x06C5","Client","handled","named","1","ClientIncidentReport","1","1","1","0","False","","ClientIncidentReport","Source/NexusForever.Network.World/Message/Model/Support/ClientIncidentReport.cs","ClientIncidentReportHandler","Source/NexusForever.WorldServer/Network/Message/Handler/Support/ClientSupportHandlers.cs"
"ClientSupportTicket","0x06D1","Client","handled","named","1","ClientSupportTicket","1","1","1","0","False","","ClientSupportTicket","Source/NexusForever.Network.World/Message/Model/Support/ClientSupportTicket.cs","ClientSupportTicketHandler","Source/NexusForever.WorldServer/Network/Message/Handler/Support/ClientSupportHandlers.cs"
"ClientCommoditySellOrderSubmit","0x06DA","Client","handled","named","1","ClientCommoditySellOrderSubmit","1","1","1","0","False","","ClientCommoditySellOrderSubmit","Source/NexusForever.Network.World/Message/Model/Marketplace/ClientCommoditySellOrderSubmit.cs","ClientCommoditySellOrderSubmitHandler","Source/NexusForever.WorldServer/Network/Message/Handler/Marketplace/ClientMarketplaceHandlers.cs"
"ServerCommodityOrderResult","0x06DB","Server","modeled","named","1","ServerCommodityOrderResult","1","0","0","1","False","","ServerCommodityOrderResult","Source/NexusForever.Network.World/Message/Model/Marketplace/ServerCommodityOrderResult.cs","",""
"ClientAuctionSellOrderSubmit","0x06DC","Client","handled","named","1","ClientAuctionSellOrderSubmit","1","1","1","0","False","","ClientAuctionSellOrderSubmit","Source/NexusForever.Network.World/Message/Model/Marketplace/ClientAuctionSellOrderSubmit.cs","ClientAuctionSellOrderSubmitHandler","Source/NexusForever.WorldServer/Network/Message/Handler/Marketplace/ClientMarketplaceHandlers.cs"
"ServerAuctionPostResult","0x06DD","Server","modeled","named","1","ServerAuctionPostResult","1","0","0","1","False","","ServerAuctionPostResult","Source/NexusForever.Network.World/Message/Model/Marketplace/ServerAuctionPostResult.cs","",""
"ServerAuctionPostAux","0x06DF","Server","modeled","named","1","ServerAuctionPostAux","1","0","0","0","False","0x20-byte auction-post cluster aux","ServerAuctionPostAux","Source/NexusForever.Network.World/Message/Model/ServerClusterAuxPackets.cs","",""
"ClientPtrCopy","0x06E8","Client","handled","named","1","ClientPtrCopy","1","1","1","0","False","","ClientPtrCopy","Source/NexusForever.Network.World/Message/Model/Pregame/ClientPtrCopy.cs","ClientPtrCopyHandler","Source/NexusForever.WorldServer/Network/Message/Handler/Misc/ClientPtrCopyHandler.cs"
"ServerPtrCharacterCopyQueued","0x06EA","Server","modeled","named","1","ServerPtrCharacterCopyQueued","1","0","0","1","False","","ServerPtrCharacterCopyQueued","Source/NexusForever.Network.World/Message/Model/Pregame/ServerPtrCharacterCopyQueued.cs","",""
"ClientPublicEventVote","0x06EE","Client","handled","named","1","ClientPublicEventVote","1","1","1","0","False","","ClientPublicEventVote","Source/NexusForever.Network.World/Message/Model/PublicEvent/ClientPublicEventVote.cs","ClientPublicEventVoteHandler","Source/NexusForever.WorldServer/Network/Message/Handler/Event/ClientPublicEventVoteHandler.cs"
"ServerPublicEventVoteInitiate","0x06F1","Server","modeled","named","1","ServerPublicEventVoteInitiate","1","0","0","1","False","","ServerPublicEventVoteInitiate","Source/NexusForever.Network.World/Message/Model/PublicEvent/ServerPublicEventVoteInitiate.cs","",""
"ServerPublicEventBombDropped","0x06F5","Server","modeled","named","1","ServerPublicEventBombDropped","1","0","0","1","False","","ServerPublicEventBombDropped","Source/NexusForever.Network.World/Message/Model/PublicEvent/ServerPublicEventBombDropped.cs","",""
"ServerPublicEventBombStatus","0x06F6","Server","modeled","named","1","ServerPublicEventBombStatus","1","0","0","1","False","","ServerPublicEventBombStatus","Source/NexusForever.Network.World/Message/Model/PublicEvent/ServerPublicEventBombStatus.cs","",""
"ServerPublicEventVoteAux","0x06F7","Server","modeled","named","1","ServerPublicEventVoteAux","1","0","0","0","False","8-byte public-event vote cluster aux","ServerPublicEventVoteAux","Source/NexusForever.Network.World/Message/Model/ServerClusterAuxPackets.cs","",""
"ServerPublicEventObjectiveStart","0x06F9","Server","modeled","named","1","ServerPublicEventObjectiveStart","1","0","0","1","False","","ServerPublicEventObjectiveStart","Source/NexusForever.Network.World/Message/Model/PublicEvent/ServerPublicEventObjectiveStart.cs","",""
"ClientPublicEventRequestScoreboard","0x06FA","Client","handled","named","1","ClientPublicEventRequestScoreboard","1","1","1","0","False","","ClientPublicEventRequestScoreboard","Source/NexusForever.Network.World/Message/Model/PublicEvent/ClientPublicEventRequestScoreboard.cs","ClientPublicEventRequestScoreboardHandler","Source/NexusForever.WorldServer/Network/Message/Handler/Misc/ClientPublicEventRequestScoreboardHandler.cs"
"ServerPublicEventVoteEnd","0x06FD","Server","modeled","named","1","ServerPublicEventVoteEnd","1","0","0","1","False","","ServerPublicEventVoteEnd","Source/NexusForever.Network.World/Message/Model/PublicEvent/ServerPublicEventVoteEnd.cs","",""
"ServerPublicEventDetailedVoteInitiate","0x06FE","Server","modeled","named","1","ServerPublicEventDetailedVoteInitiate","1","0","0","1","False","","ServerPublicEventDetailedVoteInitiate","Source/NexusForever.Network.World/Message/Model/PublicEvent/ServerPublicEventDetailedVoteInitiate.cs","",""
"ServerPublicEventVoteTally","0x06FF","Server","modeled","named","1","ServerPublicEventVoteTally","1","0","0","1","False","","ServerPublicEventVoteTally","Source/NexusForever.Network.World/Message/Model/PublicEvent/ServerPublicEventVoteTally.cs","",""
"ServerPublicEventTriggerUiUpdates","0x0700","Server","modeled","named","1","ServerPublicEventTriggerUiUpdates","1","0","0","1","False","","ServerPublicEventTriggerUiUpdates","Source/NexusForever.Network.World/Message/Model/PublicEvent/ServerPublicEventTriggerUiUpdates.cs","",""
"Client0x0701","0x0701","Client","handled","named","1","Client0x0701","1","1","1","0","False","0x8-byte payload; semantics unresolved","Client0x0701","Source/NexusForever.Network.World/Message/Model/ClientUnresolvedDiagnosticPackets.cs","Client0x0701Handler","Source/NexusForever.WorldServer/Network/Message/Handler/Misc/ClientUnresolvedDiagnosticHandlers.cs"
"ServerQueueFinish","0x0715","Server","modeled","named","1","ServerQueueFinish","1","0","0","1","False","","ServerQueueFinish","Source/NexusForever.Network.World/Message/Model/Pregame/ServerQueueFinish.cs","",""
"ServerQueueStatus","0x0717","Server","modeled","named","1","ServerQueueStatus","1","0","0","1","False","","ServerQueueStatus","Source/NexusForever.Network.World/Message/Model/Pregame/ServerQueueStatus.cs","",""
"ServerRaidQueueStatus","0x0718","Server","modeled","named","1","ServerRaidQueueStatus","1","0","0","1","False","registered object size 0x20; mapped wire payload is 0x1A bytes.","ServerRaidQueueStatus","Source/NexusForever.Network.World/Message/Model/ServerRaidQueueStatus.cs","",""
"ClientRaidInfoRequest","0x0719","Client","handled","named","1","ClientRaidInfoRequest","1","1","1","0","False","","ClientRaidInfoRequest","Source/NexusForever.Network.World/Message/Model/Instance/ClientRaidInfoRequest.cs","ClientRaidInfoRequestHandler","Source/NexusForever.WorldServer/Network/Message/Handler/Instance/ClientRaidInfoRequestHandler.cs"
"ServerRaidInfoResponse","0x071A","Server","modeled","named","1","ServerRaidInfoResponse","1","0","0","1","False","","ServerRaidInfoResponse","Source/NexusForever.Network.World/Message/Model/Instance/ServerRaidInfoResponse.cs","",""
"ClientRandomRollRequest","0x071B","Client","handled","named","1","ClientRandomRollRequest","1","1","1","0","False","","ClientRandomRollRequest","Source/NexusForever.Network.World/Message/Model/Utility/ClientRandomRollRequest.cs","ClientRandomRollRequestHandler","Source/NexusForever.WorldServer/Network/Message/Handler/Misc/ClientRandomRollRequestHandler.cs"
"ServerRandomRollResponse","0x071C","Server","modeled","named","1","ServerRandomRollResponse","1","0","0","1","False","","ServerRandomRollResponse","Source/NexusForever.Network.World/Message/Model/Utility/ServerRandomRollResponse.cs","",""
"ClientCinematicCameraSubjectPosVel","0x071D","Client","handled","named","1","ClientCinematicCameraSubjectPosVel","1","1","1","0","False","","ClientCinematicCameraSubjectPosVel","Source/NexusForever.Network.World/Message/Model/Cinematic/ClientCinematicCameraSubjectPosVel.cs","ClientCinematicCameraSubjectPosVelHandler","Source/NexusForever.WorldServer/Network/Message/Handler/Misc/ClientCinematicCameraSubjectPosVelHandler.cs"
"ClientCinematicCameraSubjectSpline","0x071E","Client","handled","named","1","ClientCinematicCameraSubjectSpline","1","1","1","0","False","","ClientCinematicCameraSplineSubject","Source/NexusForever.Network.World/Message/Model/Cinematic/ClientCinematicCameraSplineSubject.cs","ClientCinematicCameraSubjectSplineHandler","Source/NexusForever.WorldServer/Network/Message/Handler/Misc/ClientCinematicCameraSubjectSplineHandler.cs"
"ClientCinematicCameraSubjectUnit","0x071F","Client","handled","named","1","ClientCinematicCameraSubjectUnit","1","1","1","0","False","","ClientCinematicCameraSubjectUnit","Source/NexusForever.Network.World/Message/Model/Cinematic/ClientCinematicCameraSubjectUnit.cs","ClientCinematicCameraSubjectUnitHandler","Source/NexusForever.WorldServer/Network/Message/Handler/Misc/ClientCinematicCameraSubjectUnitHandler.cs"
"ClientCinematicState","0x0720","Client","handled","named","1","ClientCinematicState","1","1","1","0","False","","ClientCinematicState","Source/NexusForever.Network.World/Message/Model/Cinematic/ClientCinematicState.cs","ClientCinematicStateHandler","Source/NexusForever.WorldServer/Network/Message/Handler/Misc/ClientCinematicStateHandler.cs"
"ClientCinematicWhiteOutFinished","0x0721","Client","handled","named","1","ClientCinematicWhiteOutFinished","1","1","1","0","False","","ClientCinematicWhiteOutFinished","Source/NexusForever.Network.World/Message/Model/Cinematic/ClientCinematicWhiteOutFinished.cs","ClientCinematicWhiteOutFinishedHandler","Source/NexusForever.WorldServer/Network/Message/Handler/Misc/ClientCinematicWhiteOutFinishedHandler.cs"
"ServerGenericFloaterLocalised","0x0723","Server","modeled","named","1","ServerGenericFloaterLocalised","1","0","0","1","False","","ServerGenericFloaterLocalised","Source/NexusForever.Network.World/Message/Model/Story/ServerGenericFloaterLocalised.cs","",""
"ServerGenericFloaterString","0x0724","Server","modeled","named","1","ServerGenericFloaterString","1","0","0","1","False","","ServerGenericFloaterString","Source/NexusForever.Network.World/Message/Model/Story/ServerGenericFloaterString.cs","",""
"ServerGenericMapNode","0x0737","Server","modeled","named","1","ServerGenericMapNode","1","0","0","1","False","","ServerGenericMapNode","Source/NexusForever.Network.World/Message/Model/Map/ServerGenericMapNode.cs","",""
"ServerGenericFloaterComplex","0x0738","Server","modeled","named","1","ServerGenericFloaterComplex","1","0","0","1","False","","ServerGenericFloaterComplex","Source/NexusForever.Network.World/Message/Model/Story/ServerGenericFloaterComplex.cs","",""
"ServerStoryTextCommunicator","0x073A","Server","modeled","named","1","ServerStoryTextCommunicator","1","0","0","1","False","","ServerStoryTextCommunicator","Source/NexusForever.Network.World/Message/Model/Story/ServerStoryTextCommunicator.cs","",""
"ServerStoryCommunicatorAux","0x074A","Server","modeled","named","1","ServerStoryCommunicatorAux","1","0","0","0","False","0x18-byte story communicator cluster aux","ServerStoryCommunicatorAux","Source/NexusForever.Network.World/Message/Model/ServerClusterAuxPackets.cs","",""
"ServerStoryTextUnit","0x0753","Server","modeled","named","1","ServerStoryTextUnit","1","0","0","1","False","","ServerStoryTextUnit","Source/NexusForever.Network.World/Message/Model/Story/ServerStoryTextUnit.cs","",""
"ClientGenericMapNodeChosen","0x0754","Client","handled","named","1","ClientGenericMapNodeChosen","1","1","1","0","False","","ClientGenericMapNodeChosen","Source/NexusForever.Network.World/Message/Model/Map/ClientGenericMapNodeChosen.cs","ClientGenericMapNodeChosenHandler","Source/NexusForever.WorldServer/Network/Message/Handler/Map/ClientGenericMapHandlers.cs"
"ServerUnitInUse","0x0755","Server","modeled","named","1","ServerUnitInUse","1","0","0","1","False","","ServerUnitInUse","Source/NexusForever.Network.World/Message/Model/ServerUnitInUse.cs","",""
"ServerCommunicatorMessage","0x0757","Server","modeled","named","1","ServerCommunicatorMessage","1","0","0","1","False","","ServerCommunicatorMessage","Source/NexusForever.Network.World/Message/Model/Story/ServerCommunicatorMessage.cs","",""
"ServerGenericMapShow","0x0758","Server","modeled","named","1","ServerGenericMapShow","1","0","0","1","False","","ServerGenericMapShow","Source/NexusForever.Network.World/Message/Model/Map/ServerGenericMapShow.cs","",""
"ServerStoryPanelHide","0x0759","Server","modeled","named","1","ServerStoryPanelHide","1","0","0","1","False","","ServerStoryPanelHide","Source/NexusForever.Network.World/Message/Model/Story/ServerStoryPanelHide.cs","",""
"ServerStoryPanelShow","0x075A","Server","modeled","named","1","ServerStoryPanelShow","1","0","0","1","False","","ServerStoryPanelShow","Source/NexusForever.Network.World/Message/Model/Story/ServerStoryPanelShow.cs","",""
"ServerStoryPanelCustomShow","0x075B","Server","modeled","named","1","ServerStoryPanelCustomShow","1","0","0","1","False","","ServerStoryPanelCustomShow","Source/NexusForever.Network.World/Message/Model/Story/ServerStoryPanelCustomShow.cs","",""
"ServerStoryTextUnitYell","0x075C","Server","modeled","named","1","ServerStoryTextUnitYell","1","0","0","1","False","","ServerStoryTextUnitYell","Source/NexusForever.Network.World/Message/Model/Story/ServerStoryTextUnitYell.cs","",""
"ServerRealmFirstAchievement","0x075F","Server","modeled","named","1","ServerRealmFirstAchievement","1","0","0","1","False","","ServerRealmFirstAchievement","Source/NexusForever.Network.World/Message/Model/Achievement/ServerRealmFirstAchievement.cs","",""
"Client0x0760","0x0760","Client","handled","named","1","Client0x0760","1","1","1","0","False","0x58-byte payload; semantics unresolved","Client0x0760","Source/NexusForever.Network.World/Message/Model/ClientUnresolvedDiagnosticPackets.cs","Client0x0760Handler","Source/NexusForever.WorldServer/Network/Message/Handler/Misc/ClientUnresolvedDiagnosticHandlers.cs"
"ServerRealmList","0x0761","Server","modeled","named","1","ServerRealmList","1","0","0","1","False","","ServerRealmList","Source/NexusForever.Network.World/Message/Model/Pregame/ServerRealmList.cs","",""
"Client0x0762","0x0762","Client","handled","named","1","Client0x0762","1","1","1","0","False","0x10-byte payload; semantics unresolved","Client0x0762","Source/NexusForever.Network.World/Message/Model/ClientUnresolvedDiagnosticPackets.cs","Client0x0762Handler","Source/NexusForever.WorldServer/Network/Message/Handler/Misc/ClientUnresolvedDiagnosticHandlers.cs"
"ServerRealmMessages","0x0763","Server","modeled","named","1","ServerRealmMessages","1","0","0","1","False","","ServerRealmMessages","Source/NexusForever.Network.Auth/Message/Model/ServerRealmMessages.cs","",""
"ServerRealmTransferResult","0x0765","Server","modeled","named","1","ServerRealmTransferResult","1","0","0","1","False","","ServerRealmTransferResult","Source/NexusForever.Network.World/Message/Model/Pregame/ServerRealmTransferResult.cs","",""
"ServerRecruitmentGuildsList","0x0767","Server","modeled","named","1","ServerRecruitmentGuildsList","1","0","0","1","False","","ServerRecruitmentGuildsList","Source/NexusForever.Network.World/Message/Model/Guild/ServerRecruitmentGuildsList.cs","",""
"ServerRecruitmentGuildDemands","0x0768","Server","modeled","named","1","ServerRecruitmentGuildDemands","1","0","0","1","False","","ServerRecruitmentGuildDemands","Source/NexusForever.Network.World/Message/Model/Guild/ServerRecruitmentGuildDemands.cs","",""
"ServerRecruitmentGuildDescription","0x0769","Server","modeled","named","1","ServerRecruitmentGuildDescription","1","0","0","1","False","","ServerRecruitmentGuildDescription","Source/NexusForever.Network.World/Message/Model/Guild/ServerRecruitmentGuildDescription.cs","",""
"ServerRecruitmentGuildDetails","0x076A","Server","modeled","named","1","ServerRecruitmentGuildDetails","1","0","0","1","False","","ServerRecruitmentGuildDetails","Source/NexusForever.Network.World/Message/Model/Guild/ServerRecruitmentGuildDetails.cs","",""
"ServerRecruitmentGuildsUpdate","0x076B","Server","modeled","named","1","ServerRecruitmentGuildsUpdate","1","0","0","1","False","","ServerRecruitmentGuildsUpdate","Source/NexusForever.Network.World/Message/Model/Guild/ServerRecruitmentGuildsUpdate.cs","",""
"ServerRecruitmentGuildMinLevel","0x076C","Server","modeled","named","1","ServerRecruitmentGuildMinLevel","1","0","0","1","False","","ServerRecruitmentGuildMinLevel","Source/NexusForever.Network.World/Message/Model/Guild/ServerRecruitmentGuildMinLevel.cs","",""
"ServerRecruitmentGuildsRecruiters","0x076D","Server","modeled","named","1","ServerRecruitmentGuildsRecruiters","1","0","0","1","False","","ServerRecruitmentGuildsRecruiters","Source/NexusForever.Network.World/Message/Model/Guild/ServerRecruitmentGuildsRecruiters.cs","",""
"ClientRecruitmentGuildGetDetailedGuildInfo","0x076E","Client","handled","named","1","ClientRecruitmentGuildGetDetailedGuildInfo","1","1","1","0","False","","ClientRecruitmentGuildGetDetailedGuildInfo","Source/NexusForever.Network.World/Message/Model/Guild/ClientRecruitmentGuildGetDetailedGuildInfo.cs","ClientRecruitmentGuildGetDetailedGuildInfoHandler","Source/NexusForever.WorldServer/Network/Message/Handler/Guild/ClientRecruitmentGuildGetDetailedGuildInfoHandler.cs"
"ClientRecruitmentGuildSubscribe","0x076F","Client","handled","named","1","ClientRecruitmentGuildSubscribe","1","1","1","0","False","","ClientRecruitmentGuildSubscribe","Source/NexusForever.Network.World/Message/Model/Guild/ClientRecruitmentGuildSubscribe.cs","ClientRecruitmentGuildSubscribeHandler","Source/NexusForever.WorldServer/Network/Message/Handler/Guild/ClientRecruitmentGuildSubscribeHandler.cs"
"ServerRecruitmentAuxFourUInt32","0x077E","Server","modeled","named","1","ServerRecruitmentAuxFourUInt32","1","0","0","1","False","four uint32 fields; recruitment/pet boundary cluster","ServerRecruitmentAuxFourUInt32","Source/NexusForever.Network.World/Message/Model/ServerClusterAuxPackets.cs","",""
"ServerPetDespawned","0x077F","Server","modeled","named","1","ServerPetDespawned","1","0","0","1","False","","ServerPetDespawned","Source/NexusForever.Network.World/Message/Model/Pet/ServerPetDespawned.cs","",""
"ClientCharacterRename","0x0786","Client","handled","named","1","ClientCharacterRename","1","1","1","0","False","","ClientCharacterRename","Source/NexusForever.Network.World/Message/Model/Pregame/ClientCharacterRename.cs","ClientCharacterRenameHandler","Source/NexusForever.WorldServer/Network/Message/Handler/Character/ClientCharacterRenameHandler.cs"
"ClientHousingCommunityRename","0x0788","Client","handled","named","1","ClientHousingCommunityRename","1","1","1","0","False","","ClientHousingCommunityRename","Source/NexusForever.Network.World/Message/Model/ClientHousingCommunityRename.cs","ClientHousingCommunityRenameHandler","Source/NexusForever.WorldServer/Network/Message/Handler/Housing/ClientHousingCommunityRenameHandler.cs"
"ServerHousingCommunityRenameResult","0x078C","Server","modeled","named","1","ServerHousingCommunityRenameResult","1","0","0","1","False","","ServerHousingCommunityRenameResult","Source/NexusForever.Network.World/Message/Model/ServerHousingCommunityRenameResult.cs","",""
"ClientTitleSet","0x078E","Client","handled","named","1","ClientTitleSet","1","1","1","0","False","","ClientTitleSet","Source/NexusForever.Network.World/Message/Model/ClientTitleSet.cs","ClientTitleSetHandler","Source/NexusForever.WorldServer/Network/Message/Handler/Entity/Player/ClientTitleSetHandler.cs"
"ClientDailyLoginClaimReward","0x078F","Client","handled","named","1","ClientDailyLoginClaimReward","1","1","1","0","False","FUN_1400070f0 sends zero-byte payload","ClientDailyLoginClaimReward","Source/NexusForever.Network.World/Message/Model/ClientDailyLoginClaimReward.cs","ClientDailyLoginClaimRewardHandler","Source/NexusForever.WorldServer/Network/Message/Handler/Account/ClientAccountTerminalHandlers.cs"
"ClientAccountRedeemCoupon","0x0790","Client","handled","named","1","ClientAccountRedeemCoupon","1","1","1","0","False","wide-string coupon; wire/handler verified; native client sender still unlabeled","ClientAccountRedeemCoupon","Source/NexusForever.Network.World/Message/Model/ClientAccountRedeemCoupon.cs","ClientAccountRedeemCouponHandler","Source/NexusForever.WorldServer/Network/Message/Handler/Account/ClientAccountTerminalHandlers.cs"
"ClientFortuneNotifyGame","0x0793","Client","handled","named","1","ClientFortuneNotifyGame","1","1","1","0","False","","ClientFortuneNotifyGame","Source/NexusForever.Network.World/Message/Model/Fortune/ClientFortuneNotifyGame.cs","ClientFortuneNotifyGameHandler","Source/NexusForever.WorldServer/Network/Message/Handler/Fortune/ClientFortuneNotifyGameHandler.cs"
"ClientLeaderboardPvpRequest","0x0799","Client","handled","named","1","ClientLeaderboardPvpRequest","1","1","1","0","False","","ClientLeaderboardPvpRequest","Source/NexusForever.Network.World/Message/Model/Leaderboard/ClientLeaderboardPvpRequest.cs","ClientLeaderboardPvpRequestHandler","Source/NexusForever.WorldServer/Network/Message/Handler/Leaderboard/ClientLeaderboardPvpRequestHandler.cs"
"ClientLeaderboardPveRequest","0x079A","Client","handled","named","1","ClientLeaderboardPveRequest","1","1","1","0","False","","ClientLeaderboardPveRequest","Source/NexusForever.Network.World/Message/Model/Leaderboard/ClientLeaderboardPveRequest.cs","ClientLeaderboardPveRequestHandler","Source/NexusForever.WorldServer/Network/Message/Handler/Leaderboard/ClientLeaderboardPveRequestHandler.cs"
"ServerNewRealm","0x07A1","Server","modeled","named","1","ServerNewRealm","1","0","0","1","False","","ServerNewRealm","Source/NexusForever.Network.World/Message/Model/Pregame/ServerNewRealm.cs","",""
"ClientRealmList","0x07A4","Client","handled","named","1","ClientRealmList","1","1","1","0","False","","ClientRealmList","Source/NexusForever.Network.World/Message/Model/Pregame/ClientRealmList.cs","ClientRealmListHandler","Source/NexusForever.WorldServer/Network/Message/Handler/Character/ClientRealmListHandler.cs"
"ClientReplayLevelUp","0x07A5","Client","handled","named","1","ClientReplayLevelUp","1","1","1","0","False","replay-level request carrying the desired level","ClientReplayLevelUp","Source/NexusForever.Network.World/Message/Model/ClientReplayLevelUp.cs","ClientReplayLevelHandler","Source/NexusForever.WorldServer/Network/Message/Handler/Entity/Player/ClientReplayLevelHandler.cs"
"ClientResetInstances","0x07B4","Client","handled","named","1","ClientResetInstances","1","1","1","0","False","","ClientResetInstances","Source/NexusForever.Network.World/Message/Model/Instance/ClientResetInstances.cs","ClientResetInstancesHandler","Source/NexusForever.WorldServer/Network/Message/Handler/Instance/ClientResetInstancesHandler.cs"
"Client0x07B6","0x07B6","Client","handled","named","1","Client0x07B6","1","1","1","0","False","0x20-byte payload; semantics unresolved","Client0x07B6","Source/NexusForever.Network.World/Message/Model/ClientUnresolvedDiagnosticPackets.cs","Client0x07B6Handler","Source/NexusForever.WorldServer/Network/Message/Handler/Misc/ClientUnresolvedDiagnosticHandlers.cs"
"ClientAccountItemReturnPendingItemGroup","0x07C6","Client","handled","named","1","ClientAccountItemReturnPendingItemGroup","1","1","1","0","False","","ClientAccountItemReturnPendingItemGroup","Source/NexusForever.Network.World/Message/Model/ClientAccountItemReturnPendingItemGroup.cs","ClientAccountItemReturnPendingItemGroupHandler","Source/NexusForever.WorldServer/Network/Message/Handler/Account/ClientAccountItemHandlers.cs"
"ServerRewardRotationEntryStateUpsert","0x07C7","Server","modeled","named","1","ServerRewardRotationEntryStateUpsert","1","0","0","1","False","inference: lowest delta opcode → add/upsert entry-state row","ServerRewardRotationEntryStateUpsert","Source/NexusForever.Network.World/Message/Model/ServerRewardRotationEntryStateUpsert.cs","",""
"ServerRewardRotationEntryStateArray","0x07C8","Server","modeled","named","1","ServerRewardRotationEntryStateArray","1","0","0","1","False","","ServerRewardRotationEntryStateArray","Source/NexusForever.Network.World/Message/Model/ServerRewardRotationEntryStateArray.cs","",""
"ServerRewardRotationEntryStateUpdate","0x07C9","Server","modeled","named","1","ServerRewardRotationEntryStateUpdate","1","0","0","1","False","inference: middle delta opcode → update entry-state row","ServerRewardRotationEntryStateUpdate","Source/NexusForever.Network.World/Message/Model/ServerRewardRotationEntryStateUpdate.cs","",""
"ServerRewardRotationScheduleArray","0x07CA","Server","modeled","named","1","ServerRewardRotationScheduleArray","1","0","0","1","False","","ServerRewardRotationScheduleArray","Source/NexusForever.Network.World/Message/Model/ServerRewardRotationScheduleArray.cs","",""
"ServerRewardRotationEntryStateRemove","0x07CB","Server","modeled","named","1","ServerRewardRotationEntryStateRemove","1","0","0","1","False","inference: highest delta opcode → remove entry-state row","ServerRewardRotationEntryStateRemove","Source/NexusForever.Network.World/Message/Model/ServerRewardRotationEntryStateRemove.cs","",""
"ClientRewardUpdateRequest","0x07CC","Client","handled","named","1","ClientRewardUpdateRequest","1","1","1","0","False","","ClientRewardUpdateRequest","Source/NexusForever.Network.World/Message/Model/ClientRewardUpdateRequest.cs","ClientRewardUpdateRequestHandler","Source/NexusForever.WorldServer/Network/Message/Handler/Reward/ClientRewardUpdateRequestHandler.cs"
"ServerRewardRotationContentContext","0x07CD","Server","modeled","named","1","ServerRewardRotationContentContext","1","0","0","1","False","0x28-byte payload; consumer semantics unresolved","ServerRewardRotationContentContext","Source/NexusForever.Network.World/Message/Model/ServerRewardRotationContentContext.cs","",""
"ClientGenericMapNodeRequest","0x07CF","Client","handled","named","1","ClientGenericMapNodeRequest","1","1","1","0","False","GenericMapNodeChoose sends missing node id before local GenericFloater","ClientGenericMapNodeRequest","Source/NexusForever.Network.World/Message/Model/Map/ClientGenericMapNodeRequest.cs","ClientGenericMapNodeRequestHandler","Source/NexusForever.WorldServer/Network/Message/Handler/Map/ClientGenericMapHandlers.cs"
"ServerRewardRotationContentContextArray","0x07D3","Server","modeled","named","1","ServerRewardRotationContentContextArray","1","0","0","1","False","count + count * 0x28-byte content-context rows","ServerRewardRotationContentContextArray","Source/NexusForever.Network.World/Message/Model/ServerRewardRotationContentContextArray.cs","",""
"ServerAuctionsByFilterAux","0x07D5","Server","modeled","named","1","ServerAuctionsByFilterAux","1","0","0","0","False","0x14-byte auctions-by-filter cluster aux","ServerAuctionsByFilterAux","Source/NexusForever.Network.World/Message/Model/ServerClusterAuxPackets.cs","",""
"ClientAuctionsByFilterRequest","0x07DC","Client","handled","named","1","ClientAuctionsByFilterRequest","1","1","1","0","False","","ClientAuctionsByFilterRequest","Source/NexusForever.Network.World/Message/Model/Marketplace/ClientAuctionsByFilterRequest.cs","ClientAuctionsByFilterRequestHandler","Source/NexusForever.WorldServer/Network/Message/Handler/Marketplace/ClientMarketplaceHandlers.cs"
"ClientCharacterSelect","0x07DD","Client","handled","named","1","ClientCharacterSelect","1","1","1","0","False","","ClientCharacterSelect","Source/NexusForever.Network.World/Message/Model/Pregame/ClientCharacterSelect.cs","CharacterSelectHandler","Source/NexusForever.WorldServer/Network/Message/Handler/Character/CharacterSelectHandler.cs"
"ClientSelectRealm","0x07DF","Client","handled","named","1","ClientSelectRealm","1","1","1","0","False","","ClientSelectRealm","Source/NexusForever.Network.World/Message/Model/Pregame/ClientSelectRealm.cs","ClientSelectRealmHandler","Source/NexusForever.WorldServer/Network/Message/Handler/Character/ClientSelectRealmHandler.cs"
"ClientCharacterList","0x07E0","Client","handled","named","1","ClientCharacterList","1","1","1","0","False","","ClientCharacterList","Source/NexusForever.Network.World/Message/Model/Pregame/ClientCharacterList.cs","CharacterListHandler","Source/NexusForever.WorldServer/Network/Message/Handler/Character/CharacterListHandler.cs"
"Client0x07E3","0x07E3","Client","handled","named","1","Client0x07E3","1","1","1","0","False","single 32-bit payload field; semantics unresolved","Client0x07E3","Source/NexusForever.Network.World/Message/Model/ClientUnresolvedDiagnosticPackets.cs","Client0x07E3Handler","Source/NexusForever.WorldServer/Network/Message/Handler/Misc/ClientUnresolvedDiagnosticHandlers.cs"
"ServerDestinationArrowClear","0x07E4","Server","modeled","named","1","ServerDestinationArrowClear","1","0","0","1","False","","ServerDestinationArrowClear","Source/NexusForever.Network.World/Message/Model/Map/ServerDestinationArrowClear.cs","",""
"ServerDestinationArrowSet","0x07E5","Server","modeled","named","1","ServerDestinationArrowSet","1","0","0","1","False","","ServerDestinationArrowSet","Source/NexusForever.Network.World/Message/Model/Map/ServerDestinationArrowSet.cs","",""
"ClientEntityInteract","0x07EA","Client","handled","named","1","ClientEntityInteract","1","1","1","0","False","","ClientEntityInteract","Source/NexusForever.Network.World/Message/Model/ClientEntityInteract.cs","ClientEntityInteractionHandler","Source/NexusForever.WorldServer/Network/Message/Handler/Entity/ClientEntityInteractionHandler.cs"
"ClientPetCustomisation","0x07ED","Client","handled","named","1","ClientPetCustomisation","1","1","1","0","False","","ClientPetCustomisation","Source/NexusForever.Network.World/Message/Model/Pet/ClientPetCustomisation.cs","ClientPetCustomisationHandler","Source/NexusForever.WorldServer/Network/Message/Handler/Pet/ClientPetCustomisationHandler.cs"
"ServerLootNotify","0x07F2","Server","modeled","named","1","ServerLootNotify","1","0","0","1","False","","ServerLootNotify","Source/NexusForever.Network.World/Message/Model/Loot/ServerLootNotify.cs","",""
"ServerSpellGo","0x07F4","Server","modeled","named","1","ServerSpellGo","1","0","0","1","False","","ServerSpellGo","Source/NexusForever.Network.World/Message/Model/ServerSpellGo.cs","",""
"ServerSpellCastTargetUnit","0x07F5","Server","modeled","named","1","ServerSpellCastTargetUnit","1","0","0","1","False","spell broadcast target unit triplet after 0x07F4/0x07FF","ServerSpellCastTargetUnit","Source/NexusForever.Network.World/Message/Model/ServerSpellCastTargetUnit.cs","",""
"ServerSpellEffectDamage","0x07F6","Server","modeled","named","1","ServerSpellEffectDamage","1","0","0","1","False","spell effect damage payload with combat-result detail","ServerSpellEffectDamage","Source/NexusForever.Network.World/Message/Model/ServerSpellEffectDamage.cs","",""
"ServerSpellCastTargetUnit2","0x07F7","Server","modeled","named","1","ServerSpellCastTargetUnit2","1","0","0","1","False","second spell broadcast target unit triplet after 0x07F4/0x07FF","ServerSpellCastTargetUnit2","Source/NexusForever.Network.World/Message/Model/ServerSpellCastTargetUnit2.cs","",""
"ServerSpellEffectNestedTargets","0x07F8","Server","modeled","named","1","ServerSpellEffectNestedTargets","1","0","0","1","False","nested spell effect target-detail broadcast","ServerSpellEffectNestedTargets","Source/NexusForever.Network.World/Message/Model/ServerSpellEffectNestedTargets.cs","",""
"ServerSpellCastCancel","0x07F9","Server","modeled","named","1","ServerSpellCastCancel","1","0","0","1","False","live cast cancel notification","ServerSpellCastCancel","Source/NexusForever.Network.World/Message/Model/ServerSpellCastCancel.cs","",""
"ServerSpellCastTargetStatus","0x07FA","Server","modeled","named","1","ServerSpellCastTargetStatus","1","0","0","1","False","spell cast target status triplet","ServerSpellCastTargetStatus","Source/NexusForever.Network.World/Message/Model/ServerSpellCastTargetStatus.cs","",""
"ServerSpellCastTargetReport","0x07FB","Server","modeled","named","1","ServerSpellCastTargetReport","1","0","0","1","False","spell cast target report list","ServerSpellCastTargetReport","Source/NexusForever.Network.World/Message/Model/ServerSpellCastTargetReport.cs","",""
"ServerSpellCastResult","0x07FC","Server","modeled","named","1","ServerSpellCastResult","1","0","0","1","False","","ServerSpellCastResult","Source/NexusForever.Network.World/Message/Model/ServerSpellCastResult.cs","",""
"ServerSpellCastPositionSync","0x07FD","Server","modeled","named","1","ServerSpellCastPositionSync","1","0","0","1","False","position and telegraph sync follow-up","ServerSpellCastPositionSync","Source/NexusForever.Network.World/Message/Model/ServerSpellCastPositionSync.cs","",""
"ServerSpellFinish","0x07FE","Server","modeled","named","1","ServerSpellFinish","1","0","0","1","False","","ServerSpellFinish","Source/NexusForever.Network.World/Message/Model/ServerSpellFinish.cs","",""
"ServerSpellStart","0x07FF","Server","modeled","named","1","ServerSpellStart","1","0","0","1","False","","ServerSpellStart","Source/NexusForever.Network.World/Message/Model/ServerSpellStart.cs","",""
"ClientSpellStopCast","0x0801","Client","handled","named","1","ClientSpellStopCast","1","1","1","0","False","","ClientSpellStopCast","Source/NexusForever.Network.World/Message/Model/ClientSpellStopCast.cs","ClientSpellStopCastHandler","Source/NexusForever.WorldServer/Network/Message/Handler/Spell/ClientSpellStopCastHandler.cs"
"ClientCancelEffect","0x0802","Client","handled","named","1","ClientCancelEffect","1","1","1","0","False","","ClientCancelEffect","Source/NexusForever.Network.World/Message/Model/ClientCancelEffect.cs","ClientCancelEffectHandler","Source/NexusForever.WorldServer/Network/Message/Handler/Spell/ClientCancelEffectHandler.cs"
"ServerCooldown","0x0804","Server","modeled","named","1","ServerCooldown","1","0","0","1","False","","ServerCooldown","Source/NexusForever.Network.World/Message/Model/ServerCooldown.cs","",""
"ServerSpellUInt32TripletList","0x080F","Server","modeled","named","1","ServerSpellUInt32TripletList","1","0","0","1","False","count + uint32 triplet rows; semantics unresolved","ServerSpellUInt32TripletList","Source/NexusForever.Network.World/Message/Model/ServerSpellUInt32TripletList.cs","",""
"ServerSpellUInt32TripletListVariant","0x0810","Server","modeled","named","1","ServerSpellUInt32TripletListVariant","1","0","0","1","False","shares 0x080F reader; semantics unresolved","ServerSpellUInt32TripletListVariant","Source/NexusForever.Network.World/Message/Model/ServerSpellUInt32TripletList.cs","",""
"ServerSpellCastTargetList","0x0811","Server","modeled","named","1","ServerSpellCastTargetList","1","0","0","1","False","spell broadcast casting-id target list","ServerSpellCastTargetList","Source/NexusForever.Network.World/Message/Model/ServerSpellCastTargetList.cs","",""
"ServerSpellFourUInt32","0x0812","Server","modeled","named","1","ServerSpellFourUInt32","1","0","0","1","False","four uint32 fields; semantics unresolved","ServerSpellFourUInt32","Source/NexusForever.Network.World/Message/Model/ServerSpellFourUInt32.cs","",""
"ServerSpellBuffRemove","0x0813","Server","modeled","named","1","ServerSpellBuffRemove","1","0","0","1","False","","ServerSpellBuffRemove","Source/NexusForever.Network.World/Message/Model/ServerSpellBuffRemove.cs","",""
"ServerSpellThresholdClear","0x0814","Server","modeled","named","1","ServerSpellThresholdClear","1","0","0","1","False","Spell4 id plus one flag; consumer SpellThreshold_HandleClear @ 1403bed60","ServerSpellThresholdClear","Source/NexusForever.Network.World/Message/Model/ServerSpellThresholdClear.cs","",""
"ServerSpellThresholdSpell4","0x0815","Server","modeled","named","1","ServerSpellThresholdSpell4","1","0","0","1","False","single Spell4 id; consumer SpellThreshold_HandleClear @ 1403bed60","ServerSpellThresholdSpell4","Source/NexusForever.Network.World/Message/Model/ServerSpellThresholdSpell4.cs","",""
"ServerSpellThresholdStart","0x0816","Server","modeled","named","1","ServerSpellThresholdStart","1","0","0","1","False","three Spell4 ids plus casting id; consumer SpellThreshold_HandleStart @ 1403be940","ServerSpellThresholdStart","Source/NexusForever.Network.World/Message/Model/ServerSpellThresholdStart.cs","",""
"ServerSpellThresholdUpdate","0x0817","Server","modeled","named","1","ServerSpellThresholdUpdate","1","0","0","1","False","Spell4 id plus threshold stage byte; consumer SpellThreshold_HandleUpdate @ 1403bea90","ServerSpellThresholdUpdate","Source/NexusForever.Network.World/Message/Model/ServerSpellThresholdUpdate.cs","",""
"ServerSpellWrapperTierEntry","0x0818","Server","modeled","named","1","ServerSpellWrapperTierEntry","1","0","0","1","False","slot/index plus spell-list tier entry; wrapper tier-entry apply path @ 1403ee403","ServerSpellWrapperTierEntry","Source/NexusForever.Network.World/Message/Model/ServerSpellWrapperTierEntry.cs","",""
"ServerSpellWrapperNodeRemove","0x0819","Server","modeled","named","1","ServerSpellWrapperNodeRemove","1","0","0","1","False","node entity id plus spell-wrapper id; wrapper prune path @ 1403ee3af","ServerSpellWrapperNodeRemove","Source/NexusForever.Network.World/Message/Model/ServerSpellWrapperNodeRemove.cs","",""
"ClientSpline2NodeData","0x081A","Client","handled","named","1","ClientSpline2NodeData","1","1","1","0","False","client Spline2 node data with counted 10-uint records","ClientSpline2NodeData","Source/NexusForever.Network.World/Message/Model/ClientSpline2NodeData.cs","ClientSpline2NodeDataHandler","Source/NexusForever.WorldServer/Network/Message/Handler/Misc/ClientSpline2DataHandlers.cs"
"ClientSpline2NodePositionData","0x081B","Client","handled","named","1","ClientSpline2NodePositionData","1","1","1","0","False","client Spline2 node position data with counted uint payload","ClientSpline2NodePositionData","Source/NexusForever.Network.World/Message/Model/ClientSpline2NodePositionData.cs","ClientSpline2NodePositionDataHandler","Source/NexusForever.WorldServer/Network/Message/Handler/Misc/ClientSpline2DataHandlers.cs"
"ClientSpline2DataRequest","0x081C","Client","handled","named","1","ClientSpline2DataRequest","1","1","1","0","False","client Spline2 id request","ClientSpline2DataRequest","Source/NexusForever.Network.World/Message/Model/ClientSpline2DataRequest.cs","ClientSpline2DataRequestHandler","Source/NexusForever.WorldServer/Network/Message/Handler/Misc/ClientSpline2DataHandlers.cs"
"ClientSpline2Request","0x081D","Client","handled","named","1","ClientSpline2Request","1","1","1","0","False","periodic stale Spline2 id request","ClientSpline2Request","Source/NexusForever.Network.World/Message/Model/ClientSpline2Request.cs","ClientSpline2RequestHandler","Source/NexusForever.WorldServer/Network/Message/Handler/Misc/ClientSpline2RequestHandler.cs"
"ClientSteamAchievements","0x0823","Client","handled","named","1","ClientSteamAchievements","1","1","1","0","False","","ClientSteamAchievements","Source/NexusForever.Network.World/Message/Model/Achievement/ClientSteamAchievements.cs","ClientSteamAchievementsHandler","Source/NexusForever.WorldServer/Network/Message/Handler/Misc/ClientSteamAchievementsHandler.cs"
"ClientStorefrontPurchaseAccount","0x0828","Client","handled","named","1","ClientStorefrontPurchaseAccount","1","1","1","0","False","","ClientStorefrontPurchaseAccount","Source/NexusForever.Network.World/Message/Model/ClientStorefrontPurchaseAccount.cs","ClientStorefrontPurchaseAccountHandler","Source/NexusForever.WorldServer/Network/Message/Handler/Account/ClientStorefrontPurchaseHandlers.cs"
"ClientStorefrontPurchaseCharacter","0x082A","Client","handled","named","1","ClientStorefrontPurchaseCharacter","1","1","1","0","False","","ClientStorefrontPurchaseCharacter","Source/NexusForever.Network.World/Message/Model/ClientStorefrontPurchaseCharacter.cs","ClientStorefrontPurchaseCharacterHandler","Source/NexusForever.WorldServer/Network/Message/Handler/Account/ClientStorefrontPurchaseHandlers.cs"
"ClientStorefrontRequestCatalog","0x082D","Client","handled","named","1","ClientStorefrontRequestCatalog","1","1","1","0","False","","ClientStorefrontRequestCatalog","Source/NexusForever.Network.World/Message/Model/ClientStorefrontRequestCatalog.cs","ClientStorefrontRequestCatalogHandler","Source/NexusForever.WorldServer/Network/Message/Handler/Account/ClientStorefrontRequestCatalogHandler.cs"
"ClientStorefrontPurchaseVirtualCurrencyPackage","0x082E","Client","handled","named","1","ClientStorefrontPurchaseVirtualCurrencyPackage","1","1","1","0","False","","ClientStorefrontPurchaseVirtualCurrencyPackage","Source/NexusForever.Network.World/Message/Model/ClientStorefrontPurchaseVirtualCurrencyPackage.cs","ClientStorefrontPurchaseVirtualCurrencyPackageHandler","Source/NexusForever.WorldServer/Network/Message/Handler/Account/ClientStorefrontPurchaseVirtualCurrencyPackageHandler.cs"
"ClientSummonVanityPet","0x082F","Client","handled","named","1","ClientSummonVanityPet","1","1","1","0","False","","ClientSummonVanityPet","Source/NexusForever.Network.World/Message/Model/ClientSummonVanityPet.cs","ClientSummonVanityPetHandler","Source/NexusForever.WorldServer/Network/Message/Handler/Pet/ClientSummonVanityPetHandler.cs"
"ClientReportBug","0x0830","Client","handled","named","1","ClientReportBug","1","1","1","0","False","","ClientReportBug","Source/NexusForever.Network.World/Message/Model/Support/ClientReportBug.cs","ClientReportBugHandler","Source/NexusForever.WorldServer/Network/Message/Handler/Support/ClientSupportHandlers.cs"
"ClientStuck","0x0831","Client","handled","named","1","ClientStuck","1","1","1","0","False","","ClientStuck","Source/NexusForever.Network.World/Message/Model/Support/ClientStuck.cs","ClientStuckHandler","Source/NexusForever.WorldServer/Network/Message/Handler/Support/ClientSupportHandlers.cs"
"ClientSuggest","0x0833","Client","handled","named","1","ClientSuggest","1","1","1","0","False","","ClientSuggest","Source/NexusForever.Network.World/Message/Model/Support/ClientSuggest.cs","ClientSuggestHandler","Source/NexusForever.WorldServer/Network/Message/Handler/Support/ClientSupportHandlers.cs"
"ClientAccountItemTake","0x0839","Client","handled","named","1","ClientAccountItemTake","1","1","1","0","False","","ClientAccountItemTake","Source/NexusForever.Network.World/Message/Model/ClientAccountItemTake.cs","ClientAccountItemTakeHandler","Source/NexusForever.WorldServer/Network/Message/Handler/Account/ClientAccountItemHandlers.cs"
"ServerLoadingScreen","0x083C","Server","modeled","named","1","ServerLoadingScreen","1","0","0","1","False","","ServerLoadingScreen","Source/NexusForever.Network.World/Message/Model/ServerLoadingScreen.cs","",""
"ServerTimeOfDay","0x0845","Server","modeled","named","1","ServerTimeOfDay","1","0","0","1","False","","ServerTimeOfDay","Source/NexusForever.Network.World/Message/Model/Info/ServerTimeOfDay.cs","",""
"ServerTimeOfDayAuxUInt32","0x0846","Server","modeled","named","1","ServerTimeOfDayAuxUInt32","1","0","0","0","False","4-byte time-of-day cluster aux","ServerTimeOfDayAuxUInt32","Source/NexusForever.Network.World/Message/Model/ServerClusterAuxPackets.cs","",""
"ServerMapTrackedUnitDisable","0x0848","Server","modeled","named","1","ServerMapTrackedUnitDisable","1","0","0","1","False","","ServerMapTrackedUnitDisable","Source/NexusForever.Network.World/Message/Model/PublicEvent/ServerMapTrackedUnitDisable.cs","",""
"ServerMapTrackedUnitUpdate","0x0849","Server","modeled","named","1","ServerMapTrackedUnitUpdate","1","0","0","1","False","","ServerMapTrackedUnitUpdate","Source/NexusForever.Network.World/Message/Model/PublicEvent/ServerMapTrackedUnitUpdate.cs","",""
"ClientCraftingAdditive","0x084A","Client","handled","named","1","ClientCraftingAdditive","1","1","1","0","False","","ClientCraftingAdditive","Source/NexusForever.Network.World/Message/Model/Crafting/ClientCraftingAdditive.cs","ClientCraftingAdditiveHandler","Source/NexusForever.WorldServer/Network/Message/Handler/Crafting/ClientCraftingRuneHandlers.cs"
"ServerCraftingAuxSixUInt32","0x084B","Server","modeled","named","1","ServerCraftingAuxSixUInt32","1","0","0","1","False","6x uint32; reader 1400a3af0","ServerCraftingAuxSixUInt32","Source/NexusForever.Network.World/Message/Model/Crafting/ServerCraftingAuxPackets.cs","",""
"ServerProfessionModifiers","0x084C","Server","modeled","named","1","ServerProfessionModifiers","1","0","0","1","False","","ServerProfessionModifiers","Source/NexusForever.Network.World/Message/Model/Crafting/ServerProfessionModifiers.cs","",""
"ClientCraftingAbandon","0x084D","Client","handled","named","1","ClientCraftingAbandon","1","1","1","0","False","","ClientCraftingAbandon","Source/NexusForever.Network.World/Message/Model/Crafting/ClientCraftingAbandon.cs","ClientCraftingAbandonHandler","Source/NexusForever.WorldServer/Network/Message/Handler/Crafting/ClientCraftingRuneHandlers.cs"
"ClientTradeskillPickTalent","0x084E","Client","handled","named","1","ClientTradeskillPickTalent","1","1","1","0","False","","ClientTradeskillPickTalent","Source/NexusForever.Network.World/Message/Model/Crafting/ClientTradeskillPickTalent.cs","ClientTradeskillPickTalentHandler","Source/NexusForever.WorldServer/Network/Message/Handler/Crafting/ClientTradeskillHandlers.cs"
"ClientCraftingComplexCraft","0x084F","Client","handled","named","1","ClientCraftingComplexCraft","1","1","1","0","False","","ClientCraftingComplexCraft","Source/NexusForever.Network.World/Message/Model/Crafting/ClientCraftingComplexCraft.cs","ClientCraftingComplexCraftHandler","Source/NexusForever.WorldServer/Network/Message/Handler/Crafting/ClientCraftingCraftHandlers.cs"
"ClientCraftingSimpleCraft","0x0850","Client","handled","named","1","ClientCraftingSimpleCraft","1","1","1","0","False","","ClientCraftingSimpleCraft","Source/NexusForever.Network.World/Message/Model/Crafting/ClientCraftingSimpleCraft.cs","ClientCraftingSimpleCraftHandler","Source/NexusForever.WorldServer/Network/Message/Handler/Crafting/ClientCraftingCraftHandlers.cs"
"ClientCraftingCraftItem","0x0851","Client","handled","named","1","ClientCraftingCraftItem","1","1","1","0","False","","ClientCraftingCraftItem","Source/NexusForever.Network.World/Message/Model/Crafting/ClientCraftingCraftItem.cs","ClientCraftingCraftItemHandler","Source/NexusForever.WorldServer/Network/Message/Handler/Crafting/ClientCraftingCraftHandlers.cs"
"ClientCraftingCraftItemAutoCraft","0x0852","Client","handled","named","1","ClientCraftingCraftItemAutoCraft","1","1","1","0","False","","ClientCraftingCraftItemAutoCraft","Source/NexusForever.Network.World/Message/Model/Crafting/ClientCraftingCraftItemAutoCraft.cs","ClientCraftingCraftItemAutoCraftHandler","Source/NexusForever.WorldServer/Network/Message/Handler/Crafting/ClientCraftingCraftHandlers.cs"
"ServerCraftingFinish","0x0853","Server","modeled","named","1","ServerCraftingFinish","1","0","0","1","False","","ServerCraftingFinish","Source/NexusForever.Network.World/Message/Model/Crafting/ServerCraftingFinish.cs","",""
"ServerCraftingCurrentCraft","0x0854","Server","modeled","named","1","ServerCraftingCurrentCraft","1","0","0","1","False","","ServerCraftingCurrentCraft","Source/NexusForever.Network.World/Message/Model/Crafting/ServerCraftingCurrentCraft.cs","",""
"ServerCraftingAuxThreeUInt32","0x0855","Server","modeled","named","1","ServerCraftingAuxThreeUInt32","1","0","0","1","False","3x uint32; reader 140081df0","ServerCraftingAuxThreeUInt32","Source/NexusForever.Network.World/Message/Model/Crafting/ServerCraftingAuxPackets.cs","",""
"ServerProfessionsLoad","0x0856","Server","modeled","named","1","ServerProfessionsLoad","1","0","0","1","False","","ServerProfessionsLoad","Source/NexusForever.Network.World/Message/Model/Crafting/ServerProfessionsLoad.cs","",""
"ClientTradeskillLearn","0x0857","Client","handled","named","1","ClientTradeskillLearn","1","1","1","0","False","","ClientTradeskillLearn","Source/NexusForever.Network.World/Message/Model/Crafting/ClientTradeskillLearn.cs","ClientTradeskillLearnHandler","Source/NexusForever.WorldServer/Network/Message/Handler/Crafting/ClientTradeskillHandlers.cs"
"ClientTradeskillResetTalents","0x0858","Client","handled","named","1","ClientTradeskillResetTalents","1","1","1","0","False","","ClientTradeskillResetTalents","Source/NexusForever.Network.World/Message/Model/Crafting/ClientTradeskillResetTalents.cs","ClientTradeskillResetTalentsHandler","Source/NexusForever.WorldServer/Network/Message/Handler/Crafting/ClientTradeskillHandlers.cs"
"ClientCraftingRuneSlotAdd","0x0859","Client","handled","named","1","ClientCraftingRuneSlotAdd","1","1","1","0","False","","ClientCraftingRuneSlotAdd","Source/NexusForever.Network.World/Message/Model/Crafting/ClientCraftingRuneSlotAdd.cs","ClientCraftingRuneSlotAddHandler","Source/NexusForever.WorldServer/Network/Message/Handler/Crafting/ClientCraftingRuneHandlers.cs"
"ClientCraftingRuneSlotClear","0x085A","Client","handled","named","1","ClientCraftingRuneSlotClear","1","1","1","0","False","","ClientCraftingRuneSlotClear","Source/NexusForever.Network.World/Message/Model/Crafting/ClientCraftingRuneSlotClear.cs","ClientCraftingRuneSlotClearHandler","Source/NexusForever.WorldServer/Network/Message/Handler/Crafting/ClientCraftingRuneHandlers.cs"
"ClientCraftingRuneInstall","0x085B","Client","handled","named","1","ClientCraftingRuneInstall","1","1","1","0","False","","ClientCraftingRuneInstall","Source/NexusForever.Network.World/Message/Model/Crafting/ClientCraftingRuneInstall.cs","ClientCraftingRuneInstallHandler","Source/NexusForever.WorldServer/Network/Message/Handler/Crafting/ClientCraftingRuneHandlers.cs"
"ClientCraftingRuneSlotReroll","0x085C","Client","handled","named","1","ClientCraftingRuneSlotReroll","1","1","1","0","False","","ClientCraftingRuneSlotReroll","Source/NexusForever.Network.World/Message/Model/Crafting/ClientCraftingRuneSlotReroll.cs","ClientCraftingRuneSlotRerollHandler","Source/NexusForever.WorldServer/Network/Message/Handler/Crafting/ClientCraftingRuneHandlers.cs"
"ServerTradeskillSigilResult","0x085D","Server","modeled","named","1","ServerTradeskillSigilResult","1","0","0","1","False","","ServerTradeskillSigilResult","Source/NexusForever.Network.World/Message/Model/Crafting/ServerTradeSkillSigilResult.cs","",""
"ServerSchematicRemoveLearned","0x085E","Server","modeled","named","1","ServerSchematicRemoveLearned","1","0","0","1","False","","ServerSchematicRemoveLearned","Source/NexusForever.Network.World/Message/Model/Crafting/ServerSchematicRemoveLearned.cs","",""
"ServerSchematicAddLearned","0x085F","Server","modeled","named","1","ServerSchematicAddLearned","1","0","0","1","False","","ServerSchematicAddLearned","Source/NexusForever.Network.World/Message/Model/Crafting/ServerSchematicAddLearned.cs","",""
"ServerProfessionUpdate","0x0860","Server","modeled","named","1","ServerProfessionUpdate","1","0","0","1","False","","ServerProfessionUpdate","Source/NexusForever.Network.World/Message/Model/Crafting/ServerProfessionUpdate.cs","",""
"ServerTradeskillRelearnCooldown","0x0861","Server","modeled","named","1","ServerTradeskillRelearnCooldown","1","0","0","1","False","","ServerTradeskillRelearnCooldown","Source/NexusForever.Network.World/Message/Model/Crafting/ServerTradeskillRelearnCooldown.cs","",""
"ServerTransferDestinationRealmList","0x0862","Server","modeled","named","1","ServerTransferDestinationRealmList","1","0","0","1","False","","ServerTransferDestinationRealmList","Source/NexusForever.Network.World/Message/Model/Pregame/ServerTransferDestinationRealmList.cs","",""
"ServerVehiclePassengerAdd","0x086F","Server","modeled","named","1","ServerVehiclePassengerAdd","1","0","0","1","False","","ServerVehiclePassengerAdd","Source/NexusForever.Network.World/Message/Model/ServerVehiclePassengerAdd.cs","",""
"ServerEntityAggroSwitch","0x0876","Server","modeled","named","1","ServerEntityAggroSwitch","1","0","0","1","False","","ServerEntityAggroSwitch","Source/NexusForever.Network.World/Message/Model/ServerEntityAggroSwitch.cs","",""
"ServerEntityCCStateSet","0x087F","Server","modeled","named","1","ServerEntityCCStateSet","1","0","0","1","False","","ServerEntityCCStateSet","Source/NexusForever.Network.World/Message/Model/Entity/ServerEntityCCStateSet.cs","",""
"ServerEntityCCStateRemove","0x0880","Server","modeled","named","1","ServerEntityCCStateRemove","1","0","0","1","False","","ServerEntityCCStateRemove","Source/NexusForever.Network.World/Message/Model/Entity/ServerEntityCCStateRemove.cs","",""
"ServerEntityCCTetherUnit","0x0881","Server","modeled","named","1","ServerEntityCCTetherUnit","1","0","0","1","False","","ServerEntityCCTetherUnit","Source/NexusForever.Network.World/Message/Model/Entity/ServerEntityCCTetherUnit.cs","",""
"ServerReputationOverrideRemove","0x0885","Server","modeled","named","1","ServerReputationOverrideRemove","1","0","0","1","False","","ServerReputationOverrideRemove","Source/NexusForever.Network.World/Message/Model/Reputation/ServerReputationOverrideRemove.cs","",""
"ServerEntityStatUInt32Triplet","0x0889","Server","modeled","named","1","ServerEntityStatUInt32Triplet","1","0","0","1","False","three uint32 fields; shares threat-update reader shape","ServerEntityStatUInt32Triplet","Source/NexusForever.Network.World/Message/Model/Entity/ServerEntityStatAuxPackets.cs","",""
"ServerEntityDeathState","0x088C","Server","modeled","named","1","ServerEntityDeathState","1","0","0","1","False","","ServerEntityDeathState","Source/NexusForever.Network.World/Message/Model/ServerEntityDeathState.cs","",""
"ServerDuelCountdown","0x0893","Server","modeled","named","1","ServerDuelCountdown","1","0","0","1","False","","ServerDuelCountdown","Source/NexusForever.Network.World/Message/Model/Pvp/ServerDuelCountdown.cs","",""
"ServerDuelResult","0x0894","Server","modeled","named","1","ServerDuelResult","1","0","0","1","False","","ServerDuelResult","Source/NexusForever.Network.World/Message/Model/Pvp/ServerDuelResult.cs","",""
"ServerDuelStart","0x0895","Server","modeled","named","1","ServerDuelStart","1","0","0","1","False","","ServerDuelStart","Source/NexusForever.Network.World/Message/Model/Pvp/ServerDuelStart.cs","",""
"ServerDuelChallenge","0x0896","Server","modeled","named","1","ServerDuelChallenge","1","0","0","1","False","","ServerDuelChallenge","Source/NexusForever.Network.World/Message/Model/Pvp/ServerDuelChallenge.cs","",""
"ServerUnitEnteredCombat","0x089A","Server","modeled","named","1","ServerUnitEnteredCombat","1","0","0","1","False","","ServerUnitEnteredCombat","Source/NexusForever.Network.World/Message/Model/ServerUnitEnteredCombat.cs","",""
"ServerVehiclePassengerSelf","0x089B","Server","modeled","named","1","ServerVehiclePassengerSelf","1","0","0","1","False","local player vehicle/seat assignment","ServerVehiclePassengerSelf","Source/NexusForever.Network.World/Message/Model/ServerVehiclePassengerSelf.cs","",""
"ServerLootCanLoot","0x089F","Server","modeled","named","1","ServerLootCanLoot","1","0","0","1","False","","ServerLootCanLoot","Source/NexusForever.Network.World/Message/Model/Loot/ServerLootCanLoot.cs","",""
"ServerLootItemUpdate","0x08A0","Server","modeled","named","1","ServerLootItemUpdate","1","0","0","1","False","","ServerLootItemUpdate","Source/NexusForever.Network.World/Message/Model/Loot/ServerLootItemUpdate.cs","",""
"ServerLootRemove","0x08A1","Server","modeled","named","1","ServerLootRemove","1","0","0","1","False","","ServerLootRemove","Source/NexusForever.Network.World/Message/Model/Loot/ServerLootRemove.cs","",""
"ServerLootRoll","0x08A2","Server","modeled","named","1","ServerLootRoll","1","0","0","1","False","","ServerLootRoll","Source/NexusForever.Network.World/Message/Model/Loot/ServerLootRoll.cs","",""
"ServerLootWinner","0x08A3","Server","modeled","named","1","ServerLootWinner","1","0","0","1","False","","ServerLootWinner","Source/NexusForever.Network.World/Message/Model/Loot/ServerLootWinner.cs","",""
"ServerLootGrant","0x08A5","Server","modeled","named","1","ServerLootGrant","1","0","0","1","False","","ServerLootGrant","Source/NexusForever.Network.World/Message/Model/Loot/ServerLootGrant.cs","",""
"ServerLootNotification","0x08A6","Server","modeled","named","1","ServerLootNotification","1","0","0","1","False","","ServerLootNotification","Source/NexusForever.Network.World/Message/Model/Loot/ServerLootNotification.cs","",""
"ServerEntityVisualInfoUpdate","0x08A8","Server","modeled","named","1","ServerEntityVisualInfoUpdate","1","0","0","1","False","compact Creature2/display update; flag meanings unresolved","ServerEntityVisualInfoUpdate","Source/NexusForever.Network.World/Message/Model/ServerEntityVisualInfoUpdate.cs","",""
"ServerPathScientistAddCreatureInfoToCreature","0x08B2","Server","modeled","named","1","ServerPathScientistAddCreatureInfoToCreature","1","0","0","1","False","","ServerPathScientistAddCreatureInfoToCreature","Source/NexusForever.Network.World/Message/Model/PlayerPath/ServerPathScientistAddCreatureInfoToCreature.cs","",""
"ServerPathScientistUnitScanParameters","0x08B3","Server","modeled","named","1","ServerPathScientistUnitScanParameters","1","0","0","1","False","","ServerPathScientistUnitScanParameters","Source/NexusForever.Network.World/Message/Model/PlayerPath/ServerPathScientistUnitScanParameters.cs","",""
"ServerPathScientistAddSpecimenSurveyToCreature","0x08B4","Server","modeled","named","1","ServerPathScientistAddSpecimenSurveyToCreature","1","0","0","1","False","","ServerPathScientistAddSpecimenSurveyToCreature","Source/NexusForever.Network.World/Message/Model/PlayerPath/ServerPathScientistAddSpecimenSurveyToCreature.cs","",""
"ServerPathScientistAddFieldStudyToCreature","0x08B5","Server","modeled","named","1","ServerPathScientistAddFieldStudyToCreature","1","0","0","1","False","","ServerPathScientistAddFieldStudyToCreature","Source/NexusForever.Network.World/Message/Model/PlayerPath/ServerPathScientistAddFieldStudyToCreature.cs","",""
"ServerPathSettlerAddImprovementInfoToUnit","0x08B6","Server","modeled","named","1","ServerPathSettlerAddImprovementInfoToUnit","1","0","0","1","False","","ServerPathSettlerAddImprovementInfoToUnit","Source/NexusForever.Network.World/Message/Model/PlayerPath/ServerPathSettlerAddImprovementInfoToUnit.cs","",""
"ServerPathSettlerHubUpdate","0x08B7","Server","modeled","named","1","ServerPathSettlerHubUpdate","1","0","0","1","False","","ServerPathSettlerHubUpdate","Source/NexusForever.Network.World/Message/Model/PlayerPath/ServerPathSettlerHubUpdate.cs","",""
"ServerSetUnitPathType","0x08B8","Server","modeled","named","1","ServerSetUnitPathType","1","0","0","1","False","","ServerSetUnitPathType","Source/NexusForever.Network.World/Message/Model/ServerSetUnitPath.cs","",""
"ServerPublicEventUnitAdd","0x08BB","Server","modeled","named","1","ServerPublicEventUnitAdd","1","0","0","1","False","","ServerPublicEventUnitAdd","Source/NexusForever.Network.World/Message/Model/PublicEvent/ServerPublicEventUnitAdd.cs","",""
"ServerPublicEventUnitUpdate","0x08BC","Server","modeled","named","1","ServerPublicEventUnitUpdate","1","0","0","1","False","","ServerPublicEventUnitUpdate","Source/NexusForever.Network.World/Message/Model/PublicEvent/ServerPublicEventUnitUpdate.cs","",""
"ServerUnitPvpStateChange","0x08BD","Server","modeled","named","1","ServerUnitPvpStateChange","1","0","0","1","False","","ServerUnitPvpStateChange","Source/NexusForever.Network.World/Message/Model/Pvp/ServerUnitPvpStateChange.cs","",""
"ServerVehiclePassengerRemove","0x08C7","Server","modeled","named","1","ServerVehiclePassengerRemove","1","0","0","1","False","","ServerVehiclePassengerRemove","Source/NexusForever.Network.World/Message/Model/ServerVehiclePassengerRemove.cs","",""
"ServerEntityStatUInt32WideString","0x08CC","Server","modeled","named","1","ServerEntityStatUInt32WideString","1","0","0","0","False","uint32 + wide string; reader 1400980f0","ServerEntityStatUInt32WideString","Source/NexusForever.Network.World/Message/Model/Entity/ServerEntityStatAuxPackets.cs","",""
"ServerUnitSetChair","0x08CF","Server","modeled","named","1","ServerUnitSetChair","1","0","0","1","False","","ServerUnitSetChair","Source/NexusForever.Network.World/Message/Model/ServerUnitSetChair.cs","",""
"ServerReputationOverrideAdd","0x08D7","Server","modeled","named","1","ServerReputationOverrideAdd","1","0","0","1","False","","ServerReputationOverrideAdd","Source/NexusForever.Network.World/Message/Model/Reputation/ServerReputationOverrideAdd.cs","",""
"ServerEntityStatUInt32UInt5UInt32","0x08F4","Server","modeled","named","1","ServerEntityStatUInt32UInt5UInt32","1","0","0","1","False","uint32 + 5-bit + uint32; reader 140097620","ServerEntityStatUInt32UInt5UInt32","Source/NexusForever.Network.World/Message/Model/Entity/ServerEntityStatAuxPackets.cs","",""
"ServerEntityVisualUpdate","0x0905","Server","modeled","named","1","ServerEntityVisualUpdate","1","0","0","1","False","","ServerEntityVisualUpdate","Source/NexusForever.Network.World/Message/Model/ServerEntityVisualUpdate.cs","",""
"ServerEntityTargetUnit","0x0908","Server","modeled","named","1","ServerEntityTargetUnit","1","0","0","1","False","","ServerEntityTargetUnit","Source/NexusForever.Network.World/Message/Model/ServerEntityTargetUnit.cs","",""
"ServerEntityThreatListUpdate","0x0909","Server","modeled","named","1","ServerEntityThreatListUpdate","1","0","0","1","False","","ServerEntityThreatListUpdate","Source/NexusForever.Network.World/Message/Model/ServerEntityThreatListUpdate.cs","",""
"ServerEntityThreatUpdate","0x090A","Server","modeled","named","1","ServerEntityThreatUpdate","1","0","0","1","False","","ServerEntityThreatUpdate","Source/NexusForever.Network.World/Message/Model/ServerEntityThreatUpdate.cs","",""
"ServerVendorItemsUpdated","0x090B","Server","modeled","named","1","ServerVendorItemsUpdated","1","0","0","1","False","","ServerVendorItemsUpdated","Source/NexusForever.Network.World/Message/Model/ServerVendorItemsUpdated.cs","",""
"ClientCostumeItemUnlock","0x090F","Client","handled","named","1","ClientCostumeItemUnlock","1","1","1","0","False","","ClientCostumeItemUnlock","Source/NexusForever.Network.World/Message/Model/ClientCostumeItemUnlock.cs","ClientCostumeItemUnlockHandler","Source/NexusForever.WorldServer/Network/Message/Handler/Costume/ClientCostumeItemUnlockHandler.cs"
"ServerSpellAbilityCharges","0x0914","Server","modeled","named","1","ServerSpellAbilityCharges","1","0","0","1","False","","ServerSpellAbilityCharges","Source/NexusForever.Network.World/Message/Model/ServerSpellAbilityCharges.cs","",""
"ServerEntitlement","0x0918","Server","modeled","named","1","ServerEntitlement","1","0","0","1","False","","ServerEntitlement","Source/NexusForever.Network.World/Message/Model/ServerEntitlement.cs","",""
"ServerCombatReward","0x0919","Server","modeled","named","1","ServerCombatReward","1","0","0","1","False","","ServerCombatReward","Source/NexusForever.Network.World/Message/Model/ServerCombatReward.cs","",""
"ServerCooldownList","0x091B","Server","modeled","named","1","ServerCooldownList","1","0","0","1","False","","ServerCooldownList","Source/NexusForever.Network.World/Message/Model/ServerCooldownList.cs","",""
"Client0x0928","0x0928","Client","handled","named","1","Client0x0928","1","1","1","0","False","8-byte payload; semantics unresolved","Client0x0928","Source/NexusForever.Network.World/Message/Model/ClientUnresolvedDiagnosticPackets.cs","Client0x0928Handler","Source/NexusForever.WorldServer/Network/Message/Handler/Misc/ClientUnresolvedDiagnosticHandlers.cs"
"ServerRewardPropertySet","0x092C","Server","modeled","named","1","ServerRewardPropertySet","1","0","0","1","False","","ServerRewardPropertySet","Source/NexusForever.Network.World/Message/Model/ServerRewardPropertySet.cs","",""
"ServerPlayerHealthUpdate","0x092F","Server","modeled","named","1","ServerPlayerHealthUpdate","1","0","0","1","False","","ServerPlayerHealthUpdate","Source/NexusForever.Network.World/Message/Model/ServerPlayerHealthUpdate.cs","",""
"ServerEntityBoneUpdate","0x0931","Server","modeled","named","1","ServerEntityBoneUpdate","1","0","0","1","False","","ServerEntityBoneUpdate","Source/NexusForever.Network.World/Message/Model/ServerEntityBoneUpdate.cs","",""
"ServerItemVisualUpdate","0x0933","Server","modeled","named","1","ServerItemVisualUpdate","1","0","0","1","False","","ServerItemVisualUpdate","Source/NexusForever.Network.World/Message/Model/ServerItemVisualUpdate.cs","",""
"ServerEntityFaction","0x0934","Server","modeled","named","1","ServerEntityFaction","1","0","0","1","False","","ServerEntityFaction","Source/NexusForever.Network.World/Message/Model/ServerEntityFaction.cs","",""
"ServerEntityStatUpdateFloat","0x0935","Server","modeled","named","1","ServerEntityStatUpdateFloat","1","0","0","1","False","","ServerEntityStatUpdateFloat","Source/NexusForever.Network.World/Message/Model/ServerEntityStatUpdateFloat.cs","",""
"ServerEntityGroupAssociation","0x0936","Server","modeled","named","1","ServerEntityGroupAssociation","1","0","0","1","False","","ServerEntityGroupAssociation","Source/NexusForever.Network.World/Message/Model/ServerEntityGroupAssociation.cs","",""
"ServerEntityHealthUpdate","0x0937","Server","modeled","named","1","ServerEntityHealthUpdate","1","0","0","1","False","","ServerEntityHealthUpdate","Source/NexusForever.Network.World/Message/Model/ServerEntityHealthUpdate.cs","",""
"ServerEntityStatUpdateInteger","0x0938","Server","modeled","named","1","ServerEntityStatUpdateInteger","1","0","0","0","False","","ServerEntityStatUpdateInteger","Source/NexusForever.Network.World/Message/Model/ServerEntityStatUpdateInteger.cs","",""
"ServerEntityStatUInt32UInt14UInt18WideString","0x0939","Server","modeled","named","1","ServerEntityStatUInt32UInt14UInt18WideString","1","0","0","1","False","reader 140097ee0","ServerEntityStatUInt32UInt14UInt18WideString","Source/NexusForever.Network.World/Message/Model/Entity/ServerEntityStatAuxPackets.cs","",""
"ServerEntityPropertiesUpdate","0x093A","Server","modeled","named","1","ServerEntityPropertiesUpdate","1","0","0","1","False","","ServerEntityPropertiesUpdate","Source/NexusForever.Network.World/Message/Model/ServerEntityPropertiesUpdate.cs","",""
"ServerUnitUpdateObjectiveIndex","0x093B","Server","modeled","named","1","ServerUnitUpdateObjectiveIndex","1","0","0","1","False","","ServerUnitUpdateObjectiveIndex","Source/NexusForever.Network.World/Message/Model/ServerUnitUpdateObjectiveIndex.cs","",""
"ServerEmote","0x093C","Server","modeled","named","1","ServerEmote","1","0","0","1","False","","ServerEmote","Source/NexusForever.Network.World/Message/Model/ServerEmote.cs","",""
"ServerEntityStatUInt32UInt5Pair","0x093D","Server","modeled","named","1","ServerEntityStatUInt32UInt5Pair","1","0","0","1","False","uint32 + 5-bit + two uint32; reader 140097690","ServerEntityStatUInt32UInt5Pair","Source/NexusForever.Network.World/Message/Model/Entity/ServerEntityStatAuxPackets.cs","",""
"ServerEntityStatTwoUInt32UInt64","0x093E","Server","modeled","named","1","ServerEntityStatTwoUInt32UInt64","1","0","0","1","False","two uint32 + uint64; reader 140097f70","ServerEntityStatTwoUInt32UInt64","Source/NexusForever.Network.World/Message/Model/Entity/ServerEntityStatAuxPackets.cs","",""
"ClientItemUse","0x0943","Client","handled","named","1","ClientItemUse","1","1","1","0","False","","ClientItemUse","Source/NexusForever.Network.World/Message/Model/ClientItemUse.cs","ClientItemUseHandler","Source/NexusForever.WorldServer/Network/Message/Handler/Item/ClientItemUseHandler.cs"
"ClientCastGuildBossToken","0x094F","Client","handled","named","1","ClientCastGuildBossToken","1","1","1","0","False","","ClientCastGuildBossToken","Source/NexusForever.Network.World/Message/Model/Spell/ClientCastGuildBossToken.cs","ClientCastGuildBossTokenHandler","Source/NexusForever.WorldServer/Network/Message/Handler/Spell/ClientCastGuildBossTokenHandler.cs"
"ServerWarPartyBossTokens","0x0951","Server","modeled","named","1","ServerWarPartyBossTokens","1","0","0","1","False","","ServerWarPartyBossTokens","Source/NexusForever.Network.World/Message/Model/Guild/ServerWarPartyBossTokens.cs","",""
"ServerWarPartyMatchResults","0x0954","Server","modeled","named","1","ServerWarPartyMatchResults","1","0","0","1","False","","ServerWarPartyMatchResults","Source/NexusForever.Network.World/Message/Model/MatchingGame/ServerWarPartyMatchResults.cs","",""
"ClientWarPartyBossTokensRequest","0x0956","Client","handled","named","1","ClientWarPartyBossTokensRequest","1","1","1","0","False","","ClientWarPartyBossTokensRequest","Source/NexusForever.Network.World/Message/Model/Guild/ClientWarPartyBossTokensRequest.cs","ClientWarPartyBossTokensRequestHandler","Source/NexusForever.WorldServer/Network/Message/Handler/Guild/ClientWarPartyBossTokensRequestHandler.cs"
"ServerWarPlotPlugState","0x0958","Server","modeled","named","1","ServerWarPlotPlugState","1","0","0","1","False","","ServerWarPlotPlugState","Source/NexusForever.Network.World/Message/Model/Housing/ServerWarPlotPlugState.cs","",""
"ClientWhoRequest","0x0959","Client","handled","named","1","ClientWhoRequest","1","1","1","0","False","","ClientWhoRequest","Source/NexusForever.Network.World/Message/Model/Who/ClientWhoRequest.cs","ClientWhoRequestHandler","Source/NexusForever.WorldServer/Network/Message/Handler/Chat/ClientWhoRequestHandler.cs"
"ServerWhoResponse","0x095A","Server","modeled","named","1","ServerWhoResponse","1","0","0","1","False","","ServerWhoResponse","Source/NexusForever.Network.World/Message/Model/Who/ServerWhoResponse.cs","",""
"ServerMapUpdateHexGroup","0x0965","Server","modeled","named","1","ServerMapUpdateHexGroup","1","0","0","1","False","","ServerMapUpdateHexGroup","Source/NexusForever.Network.World/Message/Model/Map/ServerMapUpdateHexGroup.cs","",""
"ServerAccountCurrencySet","0x0966","Server","modeled","named","1","ServerAccountCurrencySet","1","0","0","1","False","","ServerAccountCurrencySet","Source/NexusForever.Network.World/Message/Model/ServerAccountCurrencySet.cs","",""
"ServerAccountCurrencyGrant","0x0967","Server","modeled","named","1","ServerAccountCurrencyGrant","1","0","0","1","False","","ServerAccountCurrencyGrant","Source/NexusForever.Network.World/Message/Model/ServerAccountCurrencyGrant.cs","",""
"ServerAccountEntitlements","0x0968","Server","modeled","named","1","ServerAccountEntitlements","1","0","0","1","False","","ServerAccountEntitlements","Source/NexusForever.Network.World/Message/Model/ServerAccountEntitlements.cs","",""
"ServerAccountItemCooldowns","0x0969","Server","modeled","named","1","ServerAccountItemCooldowns","1","0","0","1","False","","ServerAccountItemCooldowns","Source/NexusForever.Network.World/Message/Model/ServerUnresolvedOutputPackets.cs","",""
"ServerAccountItemCacheAdd","0x096A","Server","modeled","named","1","ServerAccountItemCacheAdd","1","0","0","1","False","leading uint32 unused by consumer (emit 0)","ServerAccountItemCacheAdd","Source/NexusForever.Network.World/Message/Model/ServerUnresolvedOutputPackets.cs","",""
"ServerAccountItemCacheListAppend","0x096B","Server","modeled","named","1","ServerAccountItemCacheListAppend","1","0","0","1","False","leading uint32 unused by consumer (emit 0)","ServerAccountItemCacheListAppend","Source/NexusForever.Network.World/Message/Model/ServerUnresolvedOutputPackets.cs","",""
"ServerAccountItemCacheRemove","0x096C","Server","modeled","named","1","ServerAccountItemCacheRemove","1","0","0","1","False","leading uint32 unused by consumer (emit 0)","ServerAccountItemCacheRemove","Source/NexusForever.Network.World/Message/Model/ServerUnresolvedOutputPackets.cs","",""
"ServerAccountItems","0x096D","Server","modeled","named","1","ServerAccountItems","1","0","0","1","False","","ServerAccountItems","Source/NexusForever.Network.World/Message/Model/ServerAccountItems.cs","",""
"ServerDailyLoginUpdate","0x096E","Server","modeled","named","1","ServerDailyLoginUpdate","1","0","0","1","False","","ServerDailyLoginUpdate","Source/NexusForever.Network.World/Message/Model/ServerUnresolvedOutputPackets.cs","",""
"ServerAccountOperationResult","0x0970","Server","modeled","named","1","ServerAccountOperationResult","1","0","0","1","False","","ServerAccountOperationResult","Source/NexusForever.Network.World/Message/Model/ServerAccountOperationResult.cs","",""
"ServerAccountPrivilegeRestrictionUpdate","0x0971","Server","modeled","named","1","ServerAccountPrivilegeRestrictionUpdate","1","0","0","1","False","","ServerAccountPrivilegeRestrictionUpdate","Source/NexusForever.Network.World/Message/Model/ServerUnresolvedOutputPackets.cs","",""
"ServerSupportTicketResult","0x0972","Server","modeled","named","1","ServerSupportTicketResult","1","0","0","1","False","","ServerSupportTicketResult","Source/NexusForever.Network.World/Message/Model/Support/ServerSupportTicketResult.cs","",""
"ServerAccountEntitlement","0x0973","Server","modeled","named","1","ServerAccountEntitlement","1","0","0","1","False","","ServerAccountEntitlement","Source/NexusForever.Network.World/Message/Model/ServerAccountEntitlement.cs","",""
"ServerAccountItemCooldownSet","0x0974","Server","modeled","named","1","ServerAccountItemCooldownSet","1","0","0","1","False","","ServerAccountItemCooldownSet","Source/NexusForever.Network.World/Message/Model/ServerAccountItemCooldownSet.cs","",""
"ServerAccountItemAdd","0x0975","Server","modeled","named","1","ServerAccountItemAdd","1","0","0","1","False","","ServerAccountItemAdd","Source/NexusForever.Network.World/Message/Model/ServerAccountItemAdd.cs","",""
"ServerAccountPendingItemAdd","0x0976","Server","modeled","named","1","ServerAccountPendingItemAdd","1","0","0","1","False","","ServerAccountPendingItemAdd","Source/NexusForever.Network.World/Message/Model/ServerUnresolvedOutputPackets.cs","",""
"ServerAccountPendingItemsClear","0x0977","Server","modeled","named","1","ServerAccountPendingItemsClear","1","0","0","1","False","","ServerAccountPendingItemsClear","Source/NexusForever.Network.World/Message/Model/ServerUnresolvedOutputPackets.cs","",""
"ServerCREDDOperationHistory","0x0978","Server","modeled","named","1","ServerCREDDOperationHistory","1","0","0","0","False","","ServerCREDDOperationHistory","Source/NexusForever.Network.World/Message/Model/ServerUnresolvedOutputPackets.cs","",""
"ServerAccountItemsPending","0x0979","Server","modeled","named","1","ServerAccountItemsPending","1","0","0","1","False","","ServerAccountItemsPending","Source/NexusForever.Network.World/Message/Model/ServerAccountItemsPending.cs","",""
"ServerCREDDExchangeOrderCacheRows","0x097A","Server","modeled","named","1","ServerCREDDExchangeOrderCacheRows","1","0","0","1","False","internal cache rows; OrderId/CreditAmount/SideFlag mapped; no client event","ServerCREDDExchangeOrderCacheRows","Source/NexusForever.Network.World/Message/Model/ServerUnresolvedOutputPackets.cs","",""
"ServerCREDDRedeemResult","0x097B","Server","modeled","named","1","ServerCREDDRedeemResult","1","0","0","0","False","","ServerCREDDRedeemResult","Source/NexusForever.Network.World/Message/Model/ServerUnresolvedOutputPackets.cs","",""
"ServerAccountItemDelete","0x097C","Server","modeled","named","1","ServerAccountItemDelete","1","0","0","1","False","","ServerAccountItemDelete","Source/NexusForever.Network.World/Message/Model/ServerAccountItemDelete.cs","",""
"ServerAccountPendingItemGroupDelete","0x097D","Server","modeled","named","1","ServerAccountPendingItemGroupDelete","1","0","0","1","False","","ServerAccountPendingItemGroupDelete","Source/NexusForever.Network.World/Message/Model/ServerUnresolvedOutputPackets.cs","",""
"ServerAccountPendingItemDelete","0x097E","Server","modeled","named","1","ServerAccountPendingItemDelete","1","0","0","1","False","","ServerAccountPendingItemDelete","Source/NexusForever.Network.World/Message/Model/ServerUnresolvedOutputPackets.cs","",""
"ServerAccountTier","0x097F","Server","modeled","named","1","ServerAccountTier","1","0","0","1","False","","ServerAccountTier","Source/NexusForever.Network.World/Message/Model/ServerAccountTier.cs","",""
"ServerWalletUpdate","0x0980","Server","modeled","named","1","ServerWalletUpdate","1","0","0","0","False","","ServerWalletUpdate","Source/NexusForever.Network.World/Message/Model/ServerUnresolvedOutputPackets.cs","",""
"ServerGenericUnlockAccountList","0x0981","Server","modeled","named","1","ServerGenericUnlockAccountList","1","0","0","1","False","","ServerGenericUnlockAccountList","Source/NexusForever.Network.World/Message/Model/GenericUnlock/ServerGenericUnlockAccountList.cs","",""
"ServerGenericUnlockAccount","0x0982","Server","modeled","named","1","ServerGenericUnlockAccount","1","0","0","1","False","","ServerGenericUnlock","Source/NexusForever.Network.World/Message/Model/GenericUnlock/ServerGenericUnlock.cs","",""
"ServerGenericUnlockCharacterList","0x0983","Server","modeled","named","1","ServerGenericUnlockCharacterList","1","0","0","1","False","","ServerGenericUnlockCharacterList","Source/NexusForever.Network.World/Message/Model/GenericUnlock/ServerGenericUnlockCharacterList.cs","",""
"ServerGenericUnlockCharacterRefresh","0x0984","Server","modeled","named","1","ServerGenericUnlockCharacterRefresh","1","0","0","1","False","","ServerGenericUnlockCharacterRefresh","Source/NexusForever.Network.World/Message/Model/GenericUnlock/ServerGenericUnlockCharacterRefresh.cs","",""
"ServerGenericUnlockResult","0x0985","Server","modeled","named","1","ServerGenericUnlockResult","1","0","0","1","False","","ServerGenericUnlockResult","Source/NexusForever.Network.World/Message/Model/GenericUnlock/ServerGenericUnlockResult.cs","",""
"ServerAccountUInt64Payload","0x0986","Server","modeled","named","1","ServerAccountUInt64Payload","1","0","0","1","False","uint64; no mapped client consumer — do not emit live","ServerAccountUInt64Payload","Source/NexusForever.Network.World/Message/Model/ServerAccountUInt64Payload.cs","",""
"ServerStoreFinalise","0x0987","Server","modeled","named","1","ServerStoreFinalise","1","0","0","1","False","","ServerStoreFinalise","Source/NexusForever.Network.World/Message/Model/ServerStoreFinalise.cs","",""
"ServerStoreCategories","0x0988","Server","modeled","named","1","ServerStoreCategories","1","0","0","1","False","","ServerStoreCategories","Source/NexusForever.Network.World/Message/Model/ServerStoreCategories.cs","",""
"ServerStoreCatalogUpdated","0x0989","Server","modeled","named","1","ServerStoreCatalogUpdated","1","0","0","1","False","","ServerStoreCatalogUpdated","Source/NexusForever.Network.World/Message/Model/ServerUnresolvedOutputPackets.cs","",""
"ServerStoreError","0x098A","Server","modeled","named","1","ServerStoreError","1","0","0","1","False","","ServerStoreError","Source/NexusForever.Network.World/Message/Model/ServerUnresolvedOutputPackets.cs","",""
"ServerStoreOffers","0x098B","Server","modeled","named","1","ServerStoreOffers","1","0","0","1","False","","ServerStoreOffers","Source/NexusForever.Network.World/Message/Model/ServerStoreOffers.cs","",""
"ServerStorePurchaseOfferResult","0x098C","Server","modeled","named","1","ServerStorePurchaseOfferResult","1","0","0","1","False","character purchase success (client 0x082A @ 140450720)","ServerStorePurchaseOfferResult","Source/NexusForever.Network.World/Message/Model/ServerStorePurchaseOfferResult.cs","",""
"ServerStorePurchaseOfferResultVariant","0x098D","Server","modeled","named","1","ServerStorePurchaseOfferResultVariant","1","0","0","1","False","account purchase success (client 0x0828 @ 1404507e0)","ServerStorePurchaseOfferResultVariant","Source/NexusForever.Network.World/Message/Model/ServerStorePurchaseOfferResultVariant.cs","",""
"ServerStorePurchaseHistoryReady","0x098E","Server","modeled","named","1","ServerStorePurchaseHistoryReady","1","0","0","0","False","","ServerStorePurchaseHistoryReady","Source/NexusForever.Network.World/Message/Model/ServerUnresolvedOutputPackets.cs","",""
"ServerStoreCurrencyPackageRow","0x098F","Server","modeled","named","1","ServerStoreCurrencyPackageRow","1","0","0","1","False","store currency-package shape; no client event — catalog uses 0x0988","ServerStoreCurrencyPackageRow","Source/NexusForever.Network.World/Message/Model/ServerStoreCurrencyPackageRow.cs","",""
"ServerStoreCompleteOrderVirtualCurrencyPackageResult","0x0990","Server","modeled","named","1","ServerStoreCompleteOrderVirtualCurrencyPackageResult","1","0","0","1","False","","ServerStoreCompleteOrderVirtualCurrencyPackageResult","Source/NexusForever.Network.World/Message/Model/ServerUnresolvedOutputPackets.cs","",""
"ServerStorePurchaseVirtualCurrencyPackageResult","0x0991","Server","modeled","named","1","ServerStorePurchaseVirtualCurrencyPackageResult","1","0","0","1","False","","ServerStorePurchaseVirtualCurrencyPackageResult","Source/NexusForever.Network.World/Message/Model/ServerUnresolvedOutputPackets.cs","",""
